word	freq	pinyin
车展	501000	chezhan
蛋糕	501000	dangao
豆腐	501000	doufu
二手车	501000	ershouche
检查	501000	jiancha
轿车	501000	jiaoche
精神	501000	jingshen
面包	501000	mianbao
模具	501000	moju
摩托车	501000	motuoche
牛奶	501000	niunai
苹果	501000	pingguo
土豆	501000	tudou
新车	501000	xinche
熊猫	501000	xiongmao
医院	501000	yiyuan
用车	501000	yongche
萝卜	495881	luobo
仪表	435898	yibiao
死亡	429687	siwang
一汽	397127	yiqi
字符串	396499	zifuchuan
巧克力	374599	qiaokeli
初始化	373767	chushihua
遥控	364210	yaokong
零部件	361012	lingbujian
数组	358924	shuzu
全保	347211	quanbao
点心	346920	dianxin
恢复	330411	huifu
奥迪	327960	aodi
火锅	325863	huoguo
制动	323143	zhidong
海鲜	310902	haixian
意识	300155	yishi
的	300000	de
一	299999	yi
是	299998	shi
不	299997	bu
了	299996	le
在	299995	zai
人	299994	ren
有	299993	you
我	299992	wo
他	299991	ta
这	299990	zhe
个	299989	ge
们	299988	men
中	299987	zhong
来	299986	lai
上	299985	shang
大	299984	da
为	299983	wei
和	299982	he
国	299981	guo
地	299980	di
到	299979	dao
以	299978	yi
说	299977	shuo
时	299976	shi
要	299975	yao
就	299974	jiu
出	299973	chu
会	299972	hui
可	299971	ke
也	299970	ye
你	299969	ni
对	299968	dui
生	299967	sheng
能	299966	neng
而	299965	er
子	299964	zi
那	299963	na
得	299962	de
于	299961	yu
着	299960	zhe
下	299959	xia
自	299958	zi
之	299957	zhi
年	299956	nian
过	299955	guo
发	299954	fa
后	299953	hou
作	299952	zuo
里	299951	li
的	299950	di
用	299950	yong
道	299949	dao
是	299948	ti
行	299948	xing
不	299947	fou
所	299947	suo
了	299946	liao
然	299946	ran
家	299945	jia
种	299944	zhong
事	299943	shi
成	299942	cheng
方	299941	fang
他	299941	tuo
多	299940	duo
这	299940	zhei
经	299939	jing
么	299938	me
去	299937	qu
法	299936	fa
学	299935	xue
大	299934	dai
如	299934	ru
都	299933	dou
同	299932	tong
现	299931	xian
当	299930	dang
地	299930	de
没	299929	mei
动	299928	dong
以	299928	si
面	299927	mian
说	299927	shui
起	299926	qi
看	299925	kan
定	299924	ding
天	299923	tian
分	299922	fen
会	299922	kuai
还	299921	hai
进	299920	jin
也	299920	yi
好	299919	hao
小	299918	xiao
部	299917	bu
其	299916	qi
能	299916	tai
而	299915	neng
些	299915	xie
主	299914	zhu
样	299913	yang
理	299912	li
于	299911	wei
心	299911	xin
她	299910	ta
着	299910	zhao
本	299909	ben
前	299908	qian
开	299907	kai
之	299907	zhu
但	299906	dan
年	299906	ning
因	299905	yin
只	299904	zhi
从	299903	cong
想	299902	xiang
实	299901	shi
行	299898	hang
种	299894	chong
有	299893	wei
事	299893	zi
个	299889	gan
么	299888	yao
大	299884	tai
都	299883	du
和	299882	hu
没	299879	mo
说	299877	yue
可	299871	ge
还	299871	huan
部	299867	pou
其	299866	ji
能	299866	nai
些	299865	suo
那	299863	nuo
得	299862	dei
她	299860	jie
前	299858	jian
但	299856	tan
从	299853	zong
葡萄酒	299849	putaojiu
行	299848	heng
不	299847	fu
么	299838	mo
和	299832	huo
没	299829	me
还	299821	fu
于	299811	xu
她	299810	chi
着	299810	zhuo
但	299806	yan
日	299800	ri
军	299799	jun
者	299798	zhe
意	299797	yi
无	299796	wu
家	299795	jie
力	299795	li
它	299794	ta
与	299793	yu
长	299792	zhang
把	299791	ba
方	299791	pang
机	299790	ji
十	299789	shi
么	299788	ma
民	299788	min
第	299787	di
公	299786	gong
此	299785	ci
已	299784	yi
工	299783	gong
使	299782	shi
情	299781	qing
明	299780	ming
性	299779	xing
知	299778	zhi
全	299777	quan
三	299776	san
又	299775	you
关	299774	guan
点	299773	dian
正	299772	zheng
业	299771	ye
外	299770	wai
将	299769	jiang
两	299768	liang
高	299767	gao
间	299766	jian
能	299766	xiong
由	299765	you
问	299764	wen
很	299763	hen
那	299763	nei
最	299762	zui
重	299761	zhong
并	299760	bing
物	299759	wu
手	299758	shou
应	299757	ying
战	299756	zhan
向	299755	xiang
头	299754	tou
文	299753	wen
体	299752	ti
政	299751	zheng
美	299750	mei
相	299749	xiang
见	299748	jian
被	299747	bei
利	299746	li
无	299746	mo
家	299745	gu
什	299745	shen
二	299744	er
它	299744	tuo
等	299743	deng
产	299742	chan
长	299742	chang
或	299741	huo
方	299741	wang
机	299740	wei
新	299740	xin
己	299739	ji
制	299738	zhi
身	299737	shen
果	299736	guo
加	299735	jia
已	299734	si
西	299734	xi
斯	299733	si
月	299732	yue
话	299731	hua
合	299730	he
明	299730	meng
回	299729	hui
特	299728	te
代	299727	dai
内	299726	nei
信	299725	xin
表	299724	biao
化	299723	hua
老	299722	lao
给	299721	gei
世	299720	shi
位	299719	wei
次	299718	ci
度	299717	du
门	299716	men
任	299715	ren
由	299715	yao
常	299714	chang
先	299713	xian
最	299712	cuo
海	299712	hai
重	299711	chong
通	299711	tong
教	299710	jiao
儿	299709	er
原	299708	yuan
东	299707	dong
声	299706	sheng
提	299705	ti
立	299704	li
及	299703	ji
比	299702	bi
员	299701	yuan
解	299700	jie
水	299699	shui
名	299698	ming
见	299698	xian
被	299697	bi
真	299697	zhen
论	299696	lun
处	299695	chu
什	299695	shi
它	299694	yi
走	299694	zou
义	299693	yi
各	299692	ge
方	299691	feng
把	299691	pa
入	299691	ru
或	299691	yu
几	299690	ji
口	299689	kou
己	299689	qi
认	299688	ren
身	299687	juan
条	299687	tiao
果	299686	luo
平	299686	ping
系	299685	xi
气	299684	qi
斯	299683	shi
题	299683	ti
活	299682	huo
月	299682	ru
尔	299681	er
合	299680	ge
更	299680	geng
别	299679	bie
打	299678	da
女	299677	nv
变	299676	bian
内	299676	na
信	299675	shen
四	299675	si
神	299674	shen
总	299673	zong
何	299672	he
电	299671	dian
给	299671	ji
数	299670	shu
安	299669	an
位	299669	li
将	299669	qiang
少	299668	shao
次	299668	zi
报	299667	bao
度	299667	duo
才	299666	cai
结	299665	jie
反	299664	fan
受	299663	shou
目	299662	mu
太	299661	tai
重	299661	tong
量	299660	liang
再	299659	zai
感	299658	gan
建	299657	jian
声	299656	qing
务	299656	wu
提	299655	di
做	299655	zuo
接	299654	jie
立	299654	wei
必	299653	bi
体	299652	ben
场	299652	chang
件	299651	jian
员	299651	yun
计	299650	ji
管	299649	guan
期	299648	qi
被	299647	pi
市	299647	shi
直	299646	zhi
德	299645	de
资	299644	zi
命	299643	ming
山	299642	shan
金	299641	jin
指	299640	zhi
克	299639	ke
许	299638	xu
统	299637	tong
果	299636	guan
平	299636	pian
区	299636	qu
保	299635	bao
系	299635	ji
至	299634	zhi
队	299633	dui
活	299632	guo
形	299632	xing
社	299631	she
便	299630	bian
空	299629	kong
决	299628	jue
治	299627	zhi
内	299626	rui
展	299626	zhan
马	299625	ma
科	299624	ke
化	299623	huo
司	299623	si
五	299622	wu
基	299621	ji
眼	299620	yan
书	299619	shu
非	299618	fei
则	299617	ze
度	299617	zhai
听	299616	ting
才	299616	zai
白	299615	bai
任	299615	lin
却	299614	que
受	299613	dao
界	299613	jie
那	299613	ne
达	299612	da
光	299611	guang
太	299611	ta
放	299610	fang
强	299609	qiang
儿	299609	ren
感	299608	han
即	299608	ji
像	299607	xiang
难	299606	nan
提	299605	chi
且	299605	qie
权	299604	quan
接	299604	xie
思	299603	si
体	299602	cui
比	299602	pi
王	299602	wang
件	299601	mou
象	299601	xiang
完	299600	wan
解	299600	xie
设	299599	she
期	299598	ji
式	299598	shi
市	299597	fu
色	299597	se
路	299596	lu
记	299595	ji
南	299594	nan
品	299593	pin
住	299592	zhu
告	299591	gao
类	299590	lei
求	299589	qiu
许	299588	hu
据	299588	ju
程	299587	cheng
北	299586	bei
平	299586	bing
区	299586	ou
边	299585	bian
至	299584	die
死	299584	si
张	299583	zhang
该	299582	gai
交	299581	jiao
规	299580	gui
便	299580	pian
万	299579	wan
取	299578	qu
治	299577	chi
拉	299577	la
女	299577	ru
格	299576	ge
望	299575	wang
觉	299574	jue
司	299573	ci
术	299573	shu
领	299572	ling
共	299571	gong
确	299570	que
数	299570	shuo
眼	299570	wen
传	299569	chuan
师	299568	shi
观	299567	guan
清	299566	qing
听	299566	yin
白	299565	bo
今	299565	jin
切	299564	qie
那	299563	nai
院	299563	yuan
让	299562	rang
达	299562	ti
识	299561	shi
候	299560	hou
带	299559	dai
强	299559	jiang
导	299558	dao
争	299557	zheng
运	299556	yun
且	299555	ju
提	299555	shi
笑	299555	xiao
飞	299554	fei
接	299554	sha
风	299553	feng
思	299553	sai
步	299552	bu
改	299551	gai
完	299550	kuan
收	299550	shou
根	299549	gen
干	299548	gan
式	299548	te
色	299547	shai
造	299547	zao
路	299546	luo
言	299546	yan
联	299545	lian
持	299544	chi
南	299544	na
组	299543	zu
每	299542	mei
济	299541	ji
告	299541	ju
车	299540	che
亲	299539	qin
极	299538	ji
林	299537	lin
平	299536	beng
服	299536	fu
快	299535	kuai
办	299534	ban
议	299533	yi
往	299532	wang
元	299531	yuan
英	299530	ying
万	299529	mo
士	299529	shi
证	299528	zheng
近	299527	jin
格	299526	luo
失	299526	shi
转	299525	zhuan
夫	299524	fu
觉	299524	jiao
令	299523	ling
术	299523	zhu
准	299522	zhun
布	299521	bu
始	299520	shi
怎	299519	zen
传	299519	zhuan
呢	299518	ne
存	299517	cun
未	299516	wei
听	299516	yi
远	299515	yuan
叫	299514	jiao
台	299513	tai
单	299512	dan
达	299512	ta
影	299511	ying
具	299510	ju
罗	299509	luo
字	299508	zi
爱	299507	ai
击	299506	ji
且	299505	cu
流	299505	liu
备	299504	bei
接	299504	cha
兵	299503	bing
连	299502	lian
王	299502	yu
调	299501	diao
深	299500	shen
商	299499	shang
算	299498	suan
造	299497	cao
质	299497	zhi
团	299496	tuan
集	299495	ji
百	299494	bai
需	299493	xu
价	299492	jia
告	299491	gu
花	299491	hua
党	299490	dang
车	299490	ju
华	299489	hua
亲	299489	qing
城	299488	cheng
石	299487	shi
级	299486	ji
整	299485	zheng
府	299484	fu
离	299483	li
况	299482	kuang
亚	299481	ya
请	299480	qing
英	299480	yang
技	299479	ji
际	299478	ji
约	299477	yue
格	299476	he
示	299476	shi
失	299476	yi
复	299475	fu
病	299474	bing
息	299473	xi
究	299472	jiu
线	299471	xian
似	299470	shi
官	299469	guan
火	299468	huo
呢	299468	ni
断	299467	duan
精	299466	jing
满	299465	man
切	299464	qi
支	299464	zhi
视	299463	shi
单	299462	chan
消	299462	xiao
越	299461	yue
识	299461	zhi
器	299460	qi
容	299459	rong
照	299458	zhao
须	299457	xu
九	299456	jiu
增	299455	zeng
研	299454	yan
写	299453	xie
称	299452	cheng
企	299451	qi
调	299451	tiao
八	299450	ba
功	299449	gong
干	299448	an
吗	299448	ma
包	299447	bao
片	299446	pian
团	299446	qiu
言	299446	yin
史	299445	shi
百	299444	bo
委	299444	wei
乎	299443	hu
需	299443	nuo
查	299442	cha
价	299442	jie
轻	299441	qing
易	299440	yi
早	299439	zao
曾	299438	ceng
除	299437	chu
石	299437	dan
服	299436	bi
农	299436	nong
找	299435	zhao
装	299434	zhuang
离	299433	chi
广	299433	guang
显	299432	xian
吧	299431	ba
阿	299430	a
李	299429	li
技	299429	qi
标	299428	biao
谈	299427	tan
约	299427	yao
吃	299426	chi
示	299426	qi
图	299425	tu
转	299425	zhuai
念	299424	nian
六	299423	liu
引	299422	yin
共	299421	hong
历	299421	li
首	299420	shou
似	299420	si
医	299419	yi
局	299418	ju
突	299417	tu
精	299416	qing
专	299416	zhuan
费	299415	fei
号	299414	hao
尽	299413	jin
台	299413	yi
另	299412	ling
单	299412	shan
越	299411	huo
周	299411	zhou
较	299410	jiao
容	299409	yong
注	299409	zhu
语	299408	yu
仅	299407	jin
考	299406	kao
落	299405	luo
青	299404	qing
随	299403	sui
称	299402	chen
选	299402	xuan
列	299401	lie
武	299400	wu
红	299399	hong
响	299398	xiang
包	299397	pao
虽	299397	sui
推	299396	tui
势	299395	shi
参	299394	can
百	299394	mo
需	299393	ru
希	299393	xi
古	299392	gu
查	299392	zha
众	299391	zhong
构	299390	gou
房	299389	fang
半	299388	ban
曾	299388	zeng
节	299387	jie
除	299387	zhu
服	299386	bo
土	299386	tu
找	299385	hua
投	299385	tou
某	299384	mou
案	299383	an
广	299383	yan
黑	299382	hei
维	299381	wei
阿	299380	e
革	299380	ge
划	299379	hua
敌	299378	di
致	299377	zhi
陈	299376	chen
吃	299376	qi
示	299376	zhi
律	299375	lv
足	299374	zu
令	299373	lian
六	299373	lu
态	299373	tai
护	299372	hu
七	299371	qi
兴	299370	xing
派	299369	pai
孩	299368	hai
验	299367	yan
责	299366	ze
营	299365	ying
支	299364	qi
星	299364	xing
够	299363	gou
台	299363	si
章	299362	zhang
音	299361	yin
跟	299360	gen
志	299359	zhi
注	299359	zhou
底	299358	di
仅	299357	fu
站	299357	zhan
严	299356	yan
巴	299355	ba
增	299355	ceng
落	299355	la
青	299354	jing
例	299354	li
研	299354	xing
防	299353	fang
族	299352	zu
供	299351	gong
列	299351	li
效	299350	xiao
红	299349	gong
续	299349	xu
施	299348	shi
包	299347	fu
留	299347	liu
讲	299346	jiang
片	299346	pan
型	299345	xing
参	299344	cen
料	299344	liao
需	299343	ruan
终	299343	zhong
查	299342	chai
答	299342	da
紧	299341	jin
众	299341	yin
黄	299340	huang
绝	299339	jue
房	299339	pang
半	299338	pan
奇	299338	qi
察	299337	cha
除	299337	shu
土	299336	du
母	299336	mu
投	299335	dou
京	299335	jing
段	299334	duan
某	299334	mei
广	299333	an
依	299333	yi
批	299332	pi
吧	299331	pa
群	299331	qun
革	299330	ji
项	299330	xiang
故	299329	gu
按	299328	an
敌	299328	hua
河	299327	he
致	299327	zhui
米	299326	mi
围	299325	wei
江	299324	jiang
足	299324	ju
织	299323	zhi
害	299322	hai
斗	299321	dou
双	299320	shuang
境	299319	jing
派	299319	mai
客	299318	ke
纪	299317	ji
采	299316	cai
举	299315	ju
杀	299314	sha
号	299314	xiao
攻	299313	gong
父	299312	fu
苏	299311	su
密	299310	mi
低	299309	di
朝	299308	chao
底	299308	de
仅	299307	nu
友	299307	you
诉	299306	su
落	299305	lao
止	299305	zhi
例	299304	lie
细	299304	xi
愿	299303	yuan
千	299302	qian
族	299302	sou
值	299301	zhi
仍	299300	reng
男	299299	nan
钱	299298	qian
施	299298	yi
破	299297	po
网	299296	wang
热	299295	re
参	299294	shen
助	299294	zhu
倒	299293	dao
古	299292	ku
育	299292	yu
属	299291	shu
坐	299290	zuo
帝	299289	di
奇	299288	ji
限	299288	xian
船	299287	chuan
察	299287	cui
土	299286	cha
脸	299286	lian
职	299285	zhi
速	299284	su
刻	299283	ke
乐	299282	le
否	299281	fou
刚	299280	gang
划	299279	guo
威	299279	wei
毛	299278	mao
状	299277	zhuang
率	299276	lv
甚	299275	shen
独	299274	du
球	299273	qiu
般	299272	ban
害	299272	he
普	299271	pu
怕	299270	pa
派	299269	bai
弹	299269	dan
客	299268	qia
校	299268	xiao
苦	299267	ku
创	299266	chuang
假	299265	jia
久	299264	jiu
错	299263	cuo
承	299262	cheng
印	299261	yin
晚	299260	wan
兰	299259	lan
试	299258	shi
朝	299258	zhao
股	299257	gu
拿	299256	na
脑	299255	nao
预	299254	yu
谁	299253	shui
族	299252	cou
益	299252	yi
阳	299251	yang
若	299250	ruo
哪	299249	na
微	299248	wei
尼	299247	ni
继	299246	ji
送	299245	song
助	299244	chu
急	299244	ji
血	299243	xue
惊	299242	jing
育	299242	zhou
伤	299241	shang
属	299241	zhu
素	299240	su
药	299239	yao
奇	299238	ai
适	299238	shi
限	299238	wen
波	299237	bo
母	299236	wu
夜	299236	ye
省	299235	sheng
初	299234	chu
刻	299233	kei
喜	299233	xi
卫	299232	wei
乐	299232	yue
否	299231	pi
源	299231	yuan
食	299230	shi
险	299229	xian
待	299228	dai
述	299227	shu
陆	299226	lu
率	299226	shuai
习	299225	xi
置	299224	zhi
居	299223	ju
劳	299222	lao
般	299222	pan
财	299221	cai
斗	299221	zhu
怕	299220	bo
环	299220	huan
派	299219	pa
排	299219	pai
弹	299219	tan
福	299218	fu
校	299218	jiao
苦	299217	gu
纳	299217	na
欢	299216	huan
雷	299215	lei
警	299214	jing
获	299213	huo
模	299212	mo
承	299212	zheng
充	299211	chong
印	299211	yi
负	299210	fu
云	299209	yun
停	299208	ting
朝	299208	zhu
木	299207	mu
游	299206	you
龙	299205	long
树	299204	shu
谁	299203	shei
疑	299203	yi
层	299202	ceng
族	299202	zou
冷	299201	leng
若	299200	re
洲	299200	zhou
冲	299199	chong
射	299198	she
略	299197	lve
范	299196	fan
竟	299195	jing
句	299194	ju
室	299193	shi
血	299193	xie
惊	299192	liang
异	299192	yi
育	299192	yo
激	299191	ji
汉	299190	han
村	299189	cun
哈	299188	ha
适	299188	kuo
奇	299188	yi
波	299187	bei
策	299187	ce
演	299186	yan
简	299185	jian
省	299185	xing
卡	299184	ka
罪	299183	zui
判	299182	pan
担	299181	dan
食	299180	si
州	299180	zhou
划	299179	huai
静	299179	jing
退	299178	tui
既	299177	ji
陆	299176	liu
率	299176	lve
衣	299176	yi
您	299175	nin
宗	299174	zong
居	299173	ji
积	299173	ji
余	299172	yu
痛	299171	tong
检	299170	jian
差	299169	cha
富	299168	fu
苦	299167	hu
灵	299167	ling
协	299166	xie
角	299165	jiao
假	299165	jie
占	299164	zhan
配	299163	pei
模	299162	mu
征	299162	zheng
修	299161	xiu
皮	299160	pi
挥	299159	hui
胜	299158	sheng
降	299157	jiang
阶	299156	jie
游	299156	liu
审	299155	shen
沉	299154	chen
坚	299153	jian
疑	299153	ning
善	299152	shan
冷	299151	ling
妈	299151	ma
刘	299150	liu
读	299149	du
哪	299149	ne
啊	299148	a
射	299148	ye
超	299147	chao
免	299146	mian
压	299145	ya
句	299144	gou
银	299144	yin
买	299143	mai
皇	299142	huang
激	299141	jiao
养	299141	yang
伊	299140	yi
怀	299139	huai
执	299138	zhi
波	299137	bi
副	299137	fu
乱	299136	luan
抗	299135	kang
省	299135	xian
犯	299134	fan
卡	299134	qia
喜	299133	chi
追	299133	zhui
帮	299132	bang
宣	299131	xuan
佛	299130	fu
食	299130	yi
岁	299129	sui
航	299128	hang
既	299127	xi
优	299127	you
怪	299126	guai
香	299125	xiang
著	299124	zhu
田	299123	tian
积	299123	zhi
般	299122	bo
铁	299122	tie
余	299122	tu
控	299121	kong
税	299120	shui
排	299119	bai
左	299119	zuo
校	299118	qiao
右	299118	you
份	299117	fen
穿	299116	chuan
角	299115	jue
假	299115	xia
艺	299115	yi
背	299114	bei
阵	299113	zhen
草	299112	cao
脚	299111	jiao
概	299110	gai
恶	299109	e
块	299108	kuai
胜	299108	xing
顿	299107	dun
降	299107	xiang
敢	299106	gan
守	299105	shou
酒	299104	jiu
岛	299103	dao
托	299102	tuo
央	299101	yang
户	299100	hu
读	299099	dou
烈	299099	lie
哪	299099	nuo
洋	299098	yang
射	299098	yi
哥	299097	ge
索	299096	suo
免	299096	wen
胡	299095	hu
款	299094	kuan
靠	299093	kao
评	299092	ping
皇	299092	wang
版	299091	ban
宝	299090	bao
怀	299089	fu
座	299089	zuo
释	299088	shi
景	299087	jing
副	299087	pi
顾	299086	gu
弟	299085	di
抗	299085	gang
登	299084	deng
追	299083	dui
货	299083	huo
互	299082	hu
付	299081	fu
伯	299080	bo
佛	299080	fo
慢	299079	man
欧	299078	ou
换	299077	huan
闻	299076	wen
危	299075	wei
忙	299074	mang
著	299074	zhe
核	299073	he
暗	299072	an
余	299072	xu
姐	299071	jie
介	299070	jie
税	299070	tuo
差	299069	chai
坏	299069	huai
讨	299068	tao
份	299067	bin
丽	299067	li
良	299066	liang
角	299065	lu
序	299065	xu
升	299064	sheng
占	299064	tie
监	299063	jian
临	299062	lin
草	299062	zao
脚	299061	jue
亮	299061	liang
概	299060	gui
露	299060	lu
永	299059	yong
呼	299058	hu
胜	299058	qing
块	299058	yue
顿	299057	du
味	299057	wei
野	299056	ye
架	299055	jia
域	299054	yu
沙	299053	sha
掉	299052	diao
括	299051	kuo
央	299051	ying
舰	299050	jian
哪	299049	nai
鱼	299049	yu
洋	299048	xiang
杂	299048	za
误	299047	wu
免	299046	wan
湾	299046	wan
吉	299045	ji
减	299044	jian
句	299044	qu
款	299044	xin
编	299043	bian
楚	299042	chu
肯	299041	ken
测	299040	ce
败	299039	bai
哈	299038	he
屋	299038	wu
跑	299037	pao
景	299037	ying
梦	299036	meng
散	299035	san
弟	299035	ti
登	299034	de
温	299034	wen
困	299033	kun
追	299033	tui
剑	299032	jian
渐	299031	jian
担	299031	jie
伯	299030	bai
佛	299030	bo
封	299030	feng
救	299029	jiu
贵	299028	gui
枪	299027	qiang
缺	299026	que
楼	299025	lou
县	299024	xian
著	299024	zhuo
核	299023	hu
尚	299023	shang
毫	299022	hao
姐	299021	ju
控	299021	qiang
移	299021	yi
介	299020	ge
娘	299020	niang
税	299020	tui
差	299019	ci
朋	299019	peng
坏	299019	pi
画	299018	hua
班	299017	ban
穿	299016	yuan
智	299016	zhi
假	299015	ge
角	299015	gu
亦	299015	yi
耳	299014	er
恩	299013	en
短	299012	duan
掌	299011	zhang
概	299010	jie
恐	299010	kong
露	299010	lou
恶	299009	wu
遗	299009	yi
固	299008	gu
呼	299008	xiao
味	299007	mei
席	299007	xi
野	299006	shu
松	299006	song
秘	299005	mi
谢	299004	xie
鲁	299003	lu
掉	299002	nuo
遇	299002	yu
括	299001	gua
康	299001	kang
虑	299000	lv
幸	298999	xing
杂	298998	duo
均	298998	jun
超	298997	tiao
销	298997	xiao
钟	298996	zhong
诗	298995	shi
藏	298994	cang
赶	298993	gan
剧	298992	ju
票	298991	piao
损	298990	sun
忽	298989	hu
巨	298988	ju
炮	298987	pao
旧	298986	jiu
端	298985	duan
弟	298985	tui
探	298984	tan
温	298984	yun
湖	298983	hu
录	298982	lu
叶	298981	ye
佛	298980	bi
封	298980	bian
春	298980	chun
伯	298980	mo
乡	298979	xiang
附	298978	fu
吸	298977	xi
缺	298976	kui
予	298976	yu
礼	298975	li
著	298974	chu
港	298974	gang
尚	298973	chang
核	298973	gai
雨	298973	yu
呀	298972	ya
板	298971	ban
移	298971	chi
姐	298971	xu
庭	298970	ting
税	298970	tuan
妇	298969	fu
坏	298969	pei
归	298968	gui
睛	298967	jing
饭	298966	fan
额	298965	e
含	298964	han
耳	298964	reng
顺	298963	shun
输	298962	shu
摇	298961	yao
招	298960	zhao
婚	298959	hun
遗	298959	wei
脱	298958	tuo
呼	298958	xu
补	298957	bu
谓	298956	wei
秘	298955	bi
督	298955	du
毒	298954	du
沙	298953	suo
油	298953	you
疗	298952	liao
遇	298952	yong
旅	298951	lv
虑	298950	bi
泽	298950	ze
材	298949	cai
哪	298949	nie
幸	298949	nie
灭	298948	mie
均	298948	yun
逐	298947	zhu
莫	298946	mo
笔	298945	bi
亡	298944	wang
藏	298944	zang
赶	298943	qian
鲜	298943	xian
词	298942	ci
圣	298941	sheng
择	298940	ze
寻	298939	xun
厂	298938	chang
巨	298938	qu
哈	298938	ta
炮	298937	bao
跑	298937	bo
睡	298937	shui
博	298936	bo
勒	298935	lei
探	298934	xian
烟	298934	yan
授	298933	shou
诺	298932	nuo
伦	298931	lun
叶	298931	xie
岸	298930	an
伯	298930	ba
奥	298929	ao
附	298928	bu
唐	298928	tang
卖	298927	mai
俄	298926	e
炸	298925	zha
港	298924	hong
载	298924	zai
著	298924	zhao
核	298923	kai
洛	298923	luo
健	298922	jian
堂	298921	tang
姐	298921	zu
旁	298920	pang
差	298919	cuo
宫	298919	gong
喝	298918	he
借	298917	jie
君	298916	jun
禁	298915	jin
阴	298914	yin
园	298913	yuan
谋	298912	mou
宋	298911	song
避	298910	bi
招	298910	qiao
抓	298909	zhua
呼	298908	he
荣	298908	rong
脱	298908	tui
姑	298907	gu
孙	298906	sun
秘	298905	bie
逃	298905	tao
毒	298904	dai
牙	298904	ya
束	298903	shu
遇	298902	ou
跳	298902	tiao
顶	298901	ding
玉	298900	yu
哪	298899	nei
镇	298899	zhen
啊	298898	e
雪	298898	xue
逐	298897	di
午	298897	wu
练	298896	lian
莫	298896	mu
迫	298895	po
亡	298894	wu
爷	298894	ye
篇	298893	pian
肉	298892	rou
圣	298891	ku
嘴	298891	zui
馆	298890	guan
择	298890	zhai
遍	298889	bian
寻	298889	xin
凡	298888	fan
厂	298888	han
哈	298888	sha
础	298887	chu
洞	298886	dong
卷	298885	juan
勒	298885	le
坦	298884	tan
烟	298884	yin
牛	298883	niu
宁	298882	ning
纸	298881	zhi
诸	298880	zhu
训	298879	xun
奥	298879	yu
私	298878	si
庄	298877	zhuang
予	298876	zhu
祖	298876	zu
丝	298875	si
翻	298874	fan
暴	298873	bao
森	298872	sen
呀	298872	xia
塔	298871	ta
默	298870	mo
旁	298870	peng
差	298869	jie
握	298869	wo
戏	298868	xi
隐	298867	yin
熟	298866	shu
骨	298865	gu
访	298864	fang
弱	298863	ruo
园	298863	wan
蒙	298862	meng
歌	298861	ge
店	298860	dian
招	298860	shao
鬼	298859	gui
软	298858	ruan
呼	298858	xia
典	298857	dian
欲	298856	yu
萨	298855	sa
伙	298854	huo
遭	298853	zao
跳	298852	diao
盘	298852	pan
爸	298851	ba
扩	298850	kuo
盖	298849	gai
弄	298848	nong
雄	298847	xiong
逐	298847	zhou
稳	298846	wen
迫	298845	pai
忘	298845	wang
亿	298844	yi
刺	298843	ci
肉	298842	ru
拥	298842	yong
徒	298841	tu
姆	298840	mu
杨	298839	yang
齐	298838	qi
厂	298838	yan
赛	298837	sai
趣	298836	qu
洞	298836	tong
曲	298835	qu
刀	298834	dao
床	298833	chuang
迎	298832	ying
冰	298831	bing
虚	298830	xu
玩	298829	wan
奥	298829	you
析	298828	xi
窗	298827	chuang
庄	298827	peng
祖	298826	jie
醒	298826	xing
妻	298825	qi
透	298824	tou
购	298823	gou
暴	298823	pu
替	298822	ti
塔	298821	da
塞	298821	sai
旁	298820	beng
努	298820	nu
握	298819	ou
休	298819	xiu
戏	298818	hu
虎	298818	hu
喝	298818	ye
扬	298817	yang
熟	298816	shou
途	298816	tu
侵	298815	qin
刑	298814	xing
绿	298813	lv
兄	298812	xiong
迅	298811	xun
套	298810	tao
贸	298809	mao
毕	298808	bi
典	298807	tian
唯	298807	wei
谷	298806	gu
轮	298805	lun
库	298804	ku
迹	298803	ji
跳	298802	tao
尤	298802	you
竞	298801	jing
街	298800	jie
促	298799	cu
盖	298799	ge
弄	298798	long
延	298798	yan
逐	298797	tun
震	298797	zhen
弃	298796	qi
甲	298795	jia
伟	298794	wei
麻	298793	ma
川	298792	chuan
申	298791	shen
缓	298790	huan
潜	298789	qian
厂	298788	an
齐	298788	ji
闪	298788	shan
售	298787	shou
趣	298786	cu
灯	298786	deng
卷	298785	quan
针	298785	zhen
刀	298784	diao
哲	298784	zhe
络	298783	luo
抵	298782	di
宁	298782	zhu
冰	298781	ning
朱	298781	zhu
埃	298780	ai
抱	298779	bao
鼓	298778	gu
析	298778	si
窗	298777	cong
植	298777	zhi
醒	298776	cheng
纯	298776	chun
夏	298775	xia
忍	298774	ren
透	298774	shu
暴	298773	bo
页	298773	ye
杰	298772	jie
筑	298771	zhu
旁	298770	bang
折	298770	zhe
休	298769	xu
郑	298769	zheng
贝	298768	bei
喝	298768	kai
尊	298767	zun
吴	298766	wu
秀	298765	xiu
混	298764	hun
臣	298763	chen
绿	298763	lu
兄	298762	kuang
雅	298762	ya
振	298761	zhen
染	298760	ran
盛	298759	sheng
怒	298758	nu
舞	298757	wu
谷	298756	lu
圆	298756	yuan
搞	298755	gao
狂	298754	kuang
措	298753	cuo
姓	298752	xing
残	298751	can
秋	298750	qiu
促	298749	chuo
培	298749	pei
迷	298748	mi
诚	298747	cheng
震	298747	shen
宽	298746	kuan
宇	298745	yu
猛	298744	meng
摆	298743	bai
刺	298743	qi
梅	298742	mei
毁	298741	hui
伸	298740	shen
摩	298739	mo
盟	298738	meng
末	298737	mo
售	298737	shu
灯	298736	ding
乃	298736	nai
悲	298735	bei
拍	298734	pai
丁	298733	ding
络	298733	lao
赵	298732	zhao
抵	298732	zhi
朱	298731	shu
硬	298731	ying
麦	298730	mai
埃	298730	zhi
蒋	298729	jiang
抱	298729	pao
操	298728	cao
耶	298727	ye
醒	298726	jing
阻	298726	zu
订	298725	ding
夏	298725	jia
彩	298724	cai
抽	298723	chou
赞	298722	zan
魔	298721	mo
塞	298721	se
纷	298720	fen
折	298720	she
沿	298719	yan
喊	298718	han
违	298717	wei
妹	298716	mei
吴	298716	tun
浪	298715	lang
混	298714	gun
汇	298714	hui
币	298713	bi
丰	298712	feng
蓝	298711	lan
殊	298710	shu
盛	298709	cheng
献	298709	xian
桌	298708	zhuo
啦	298707	la
瓦	298706	wa
谷	298706	yu
莱	298705	lai
搞	298705	qiao
狂	298704	jue
援	298704	yuan
译	298703	yi
措	298703	ze
夺	298702	duo
姓	298702	sheng
汽	298701	qi
烧	298700	shao
距	298699	ju
培	298699	pou
裁	298698	cai
偏	298697	pian
符	298696	fu
勇	298695	yong
触	298694	chu
课	298693	ke
敬	298692	jing
哭	298691	ku
懂	298690	dong
摩	298689	ma
墙	298689	qiang
袭	298688	xi
末	298687	me
召	298687	zhao
乃	298686	ai
趣	298686	cou
罚	298686	fa
卷	298685	gun
侠	298685	xia
拍	298684	bo
厅	298684	ting
拜	298683	bai
丁	298683	zheng
抵	298682	qi
巧	298682	qiao
侧	298681	ce
硬	298681	geng
韩	298680	han
冒	298679	mao
抱	298679	pou
债	298678	zhai
曼	298677	man
融	298676	rong
阻	298676	zhu
惯	298675	guan
享	298674	xiang
戴	298673	dai
童	298672	tong
犹	298671	you
乘	298670	cheng
挂	298669	gua
奖	298668	jiang
喊	298668	kan
绍	298667	shao
厚	298666	hou
纵	298665	zong
障	298664	zhang
讯	298663	xun
币	298663	yin
涉	298662	she
彻	298661	che
蓝	298661	la
刊	298660	kan
丈	298659	zhang
爆	298658	bao
乌	298657	wu
役	298656	yi
搞	298655	kao
描	298655	miao
援	298654	huan
洗	298654	xi
措	298653	ci
玛	298653	ma
患	298652	huan
汽	298651	gai
妙	298651	miao
镜	298650	jing
唱	298649	chang
培	298649	pi
烦	298648	fan
签	298647	qian
仙	298646	xian
彼	298645	bi
弗	298644	fu
症	298643	zheng
仿	298642	fang
倾	298641	qing
牌	298640	pai
摩	298639	mi
陷	298639	xian
盟	298638	ming
鸟	298638	niao
轰	298637	hong
召	298637	shao
咱	298636	zan
趣	298636	zou
菜	298635	cai
卷	298635	jun
闭	298634	bi
奋	298633	fen
庆	298632	qing
撤	298631	che
侧	298631	ze
泪	298630	lei
茶	298629	cha
冒	298629	mo
疾	298628	ji
耶	298627	xie
缘	298627	yuan
播	298626	bo
朗	298625	lang
杜	298624	du
奶	298623	nai
季	298622	ji
童	298622	zhong
丹	298621	dan
狗	298620	gou
乘	298620	sheng
折	298620	ti
尾	298619	wei
喊	298618	jian
仪	298618	yi
偷	298617	tou
奔	298616	ben
珠	298615	zhu
虫	298614	chong
混	298614	kun
驻	298613	zhu
涉	298612	die
孔	298612	kong
宜	298611	yi
艾	298610	ai
桥	298609	qiao
爆	298608	bo
淡	298608	dan
翼	298607	yi
恨	298606	hen
繁	298605	fan
描	298605	mao
寒	298604	han
洗	298604	xian
伴	298603	ban
叹	298602	tan
旦	298601	dan
汽	298601	yi
愈	298600	yu
潮	298599	chao
粮	298598	liang
缩	298597	suo
罢	298596	ba
聚	298595	ju
径	298594	jing
恰	298593	qia
仿	298592	pang
挑	298592	tiao
袋	298591	dai
灰	298590	hui
捕	298589	bu
鸟	298588	diao
徐	298588	xu
珍	298587	zhen
幕	298586	mu
咱	298586	za
映	298585	ying
裂	298584	lie
奋	298583	kang
泰	298583	tai
隔	298582	ge
启	298581	qi
侧	298581	zhai
尖	298580	jian
忠	298579	zhong
累	298578	lei
炎	298577	yan
暂	298576	zan
估	298575	gu
泛	298574	fan
荒	298573	huang
偿	298572	chang
横	298571	heng
拒	298570	ju
瑞	298569	rui
尾	298569	yi
忆	298568	yi
孤	298567	gu
鼻	298566	bi
闹	298565	nao
虫	298564	hui
羊	298564	yang
呆	298563	dai
厉	298562	li
衡	298561	heng
胞	298560	bao
艾	298560	yi
零	298559	ling
穷	298558	qiong
淡	298558	yan
舍	298557	she
码	298556	ma
赫	298555	he
繁	298555	po
婆	298554	po
魂	298553	hun
伴	298553	pan
叹	298552	yi
灾	298552	zai
洪	298551	hong
腿	298550	tui
胆	298549	dan
津	298548	jin
俗	298547	su
缩	298547	su
辩	298546	bian
胸	298545	xiong
晓	298544	xiao
劲	298543	jin
贫	298542	pin
仁	298541	ren
偶	298540	ou
辑	298539	ji
邦	298538	bang
恢	298537	hui
赖	298536	lai
幕	298536	man
圈	298535	quan
映	298535	yang
摸	298534	mo
仰	298533	yang
隔	298532	rong
润	298532	run
堆	298531	dui
碰	298530	peng
艇	298529	ting
稍	298528	shao
迟	298527	chi
辆	298526	liang
废	298525	fei
泛	298524	feng
净	298524	jing
杜	298524	tu
凶	298523	xiong
署	298522	shu
壁	298521	bi
御	298520	yu
奉	298519	feng
旋	298518	xuan
冬	298517	dong
奔	298516	fen
矿	298516	kuang
抬	298515	tai
蛋	298514	dan
呆	298513	bao
晨	298513	chen
伏	298512	fu
吹	298511	chui
鸡	298510	ji
胞	298510	pao
倍	298509	bei
零	298509	lian
糊	298508	hu
淡	298508	tan
秦	298507	qin
盾	298506	dun
杯	298505	bei
繁	298505	pan
赫	298505	shi
租	298504	zu
骑	298503	qi
乏	298502	fa
叹	298502	you
隆	298501	long
诊	298500	zhen
奴	298499	nu
胆	298499	tan
摄	298498	she
丧	298497	sang
污	298496	wu
渡	298495	du
旗	298494	qi
甘	298493	gan
劲	298493	jing
耐	298492	nai
挑	298492	tao
凭	298491	ping
扎	298490	zha
抢	298489	qiang
绪	298488	xu
粗	298487	cu
肩	298486	jian
圈	298485	juan
梁	298485	liang
幻	298484	huan
仰	298483	ang
菲	298483	fei
隔	298482	ji
皆	298482	jie
碎	298481	sui
堆	298481	zui
宙	298480	zhou
叔	298479	shu
岩	298478	yan
荡	298477	dang
炎	298477	tan
综	298476	zong
爬	298475	pa
净	298474	cheng
泛	298474	fa
荷	298474	he
荒	298473	kang
悉	298473	xi
蒂	298472	di
返	298471	fan
横	298471	guang
井	298470	jing
御	298470	ya
壮	298469	zhuang
薄	298468	bao
悄	298467	qiao
扫	298466	sao
抬	298465	chi
敏	298465	min
碍	298464	ai
呆	298463	ai
殖	298463	zhi
详	298462	xiang
迪	298461	di
矛	298460	mao
霍	298459	huo
倍	298459	pei
允	298458	yun
幅	298457	fu
舍	298457	shi
撒	298456	sa
盾	298456	shun
剩	298455	sheng
租	298454	ju
凯	298454	kai
颗	298453	ke
骂	298452	ma
赏	298451	shang
液	298450	ye
番	298449	fan
箱	298448	xiang
贴	298447	tie
漫	298446	man
酸	298445	suan
郎	298444	lang
甘	298443	han
腰	298443	yao
挑	298442	diao
耐	298442	neng
舒	298442	shu
眉	298441	mei
忧	298440	you
扎	298440	za
浮	298439	fu
辛	298438	xin
恋	298437	lian
餐	298436	can
肩	298436	xian
吓	298435	xia
挺	298434	ting
励	298433	li
辞	298432	ci
艘	298431	sou
键	298430	jian
伍	298429	wu
峰	298428	feng
累	298428	lv
尺	298427	chi
综	298426	zeng
昨	298426	zuo
黎	298425	li
辈	298424	bei
贯	298423	guan
侦	298422	zhen
滑	298421	hua
券	298420	quan
崇	298419	chong
薄	298418	bo
扰	298418	rao
宪	298417	xian
绕	298416	rao
趋	298415	qu
慈	298414	ci
乔	298413	qiao
殖	298413	shi
阅	298412	yue
汗	298411	han
枝	298410	zhi
霍	298409	he
拖	298409	tuo
墨	298408	mo
允	298408	yuan
幅	298407	bi
胁	298407	xie
插	298406	cha
盾	298406	yun
箭	298405	jian
腊	298404	la
粉	298403	fen
泥	298402	ni
氏	298401	shi
彭	298400	peng
液	298400	shi
拔	298399	ba
胆	298399	da
番	298399	pan
骗	298398	pian
凤	298397	feng
慧	298396	hui
媒	298395	mei
佩	298394	pei
愤	298393	fen
扑	298392	pu
舒	298392	yu
龄	298391	ling
驱	298390	qu
惜	298389	xi
豪	298388	hao
掩	298387	yan
兼	298386	jian
餐	298386	sun
吓	298385	he
跃	298385	yue
尸	298384	shi
肃	298383	su
帕	298382	pa
驶	298381	shi
堡	298380	bao
届	298379	jie
累	298378	lie
欣	298378	xin
尺	298377	che
惠	298377	hui
册	298376	ce
储	298375	chu
飘	298374	piao
桑	298373	sang
闲	298372	xian
惨	298371	can
滑	298371	gu
横	298371	huang
洁	298370	jie
券	298370	xuan
踪	298369	zong
勃	298368	bo
扰	298368	you
宾	298367	bin
宪	298367	xiong
频	298366	pin
仇	298365	chou
磨	298364	mo
递	298363	di
邪	298362	xie
撞	298361	zhuang
拟	298360	ni
枝	298360	qi
拖	298359	chi
滚	298359	gun
霍	298359	suo
墨	298358	mei
奏	298358	zou
巡	298357	xun
颜	298356	yan
插	298356	zha
剂	298355	ji
绩	298354	ji
腊	298354	xi
贡	298353	gong
疯	298352	feng
坡	298351	po
氏	298351	zhi
彭	298350	pang
瞧	298350	qiao
拔	298349	bo
截	298349	jie
燃	298348	ran
焦	298347	jiao
殿	298346	dian
伪	298345	wei
柳	298344	liu
锁	298343	suo
逼	298342	bi
扑	298342	pi
颇	298341	po
昏	298340	hun
劝	298339	quan
呈	298338	cheng
搜	298337	sou
勤	298336	qin
吓	298335	ha
戒	298335	jie
驾	298334	jia
漂	298333	piao
帕	298332	mo
饮	298332	yin
曹	298331	cao
堡	298330	bu
朵	298330	duo
仔	298329	zai
柔	298328	rou
俩	298327	lia
孟	298326	meng
册	298326	zha
腐	298325	fu
幼	298324	you
践	298323	jian
籍	298322	ji
牧	298321	mu
洁	298320	ji
凉	298320	liang
牲	298319	sheng
薄	298318	bu
佳	298318	jia
娜	298317	na
浓	298316	nong
芳	298315	fang
仇	298315	qiu
稿	298314	gao
竹	298313	zhu
腹	298312	fu
邪	298312	ya
跌	298311	die
汗	298311	gan
逻	298310	luo
垂	298309	chui
奏	298308	cou
遵	298308	zun
脉	298307	mai
巡	298307	yan
貌	298306	mao
柏	298305	bai
狱	298304	yu
猜	298303	cai
怜	298302	lian
惑	298301	huo
氏	298301	jing
彭	298300	bang
陶	298300	tao
拔	298299	bie
番	298299	bo
兽	298299	shou
帐	298298	zhang
焦	298297	qiao
饰	298297	shi
贷	298296	dai
昌	298295	chang
叙	298294	xu
躺	298293	tang
钢	298292	gang
沟	298291	gou
寄	298290	ji
扶	298289	fu
呈	298288	kuang
铺	298288	pu
邓	298287	deng
搜	298287	xiao
勤	298286	qi
寿	298286	shou
惧	298285	ju
询	298284	xun
汤	298283	tang
盗	298282	dao
肥	298281	fei
尝	298280	chang
堡	298280	pu
匆	298279	cong
仔	298279	zi
辉	298278	hui
俩	298277	liang
奈	298277	nai
扣	298276	kou
廷	298275	ting
澳	298274	ao
幼	298274	yao
嘛	298273	ma
董	298272	dong
籍	298272	jie
迁	298271	qian
凝	298270	ning
慰	298269	wei
厌	298268	yan
娜	298267	nuo
脏	298267	zang
腾	298266	teng
仇	298265	ju
幽	298265	you
怨	298264	yuan
鞋	298263	xie
丢	298262	diu
邪	298262	ye
埋	298261	mai
泉	298260	quan
涌	298259	yong
垂	298259	zhui
辖	298258	xia
躲	298257	duo
脉	298257	mo
巡	298257	shun
晋	298256	jin
貌	298256	mo
柏	298255	bo
紫	298255	zi
艰	298254	jian
魏	298253	wei
怜	298252	ling
泥	298252	nie
吾	298252	wu
慌	298251	huang
陶	298250	yao
祝	298250	zhu
拔	298249	fa
番	298249	po
邮	298249	you
吐	298248	tu
狠	298247	hen
鉴	298246	jian
曰	298245	yue
械	298244	xie
咬	298243	yao
邻	298242	lin
赤	298241	chi
挤	298240	ji
扶	298239	pu
弯	298239	wan
椅	298238	yi
陪	298237	pei
邓	298237	shan
割	298236	ge
揭	298235	jie
韦	298234	wei
汤	298233	shang
悟	298233	wu
聪	298232	cong
肥	298231	bi
雾	298231	wu
锋	298230	feng
梯	298229	ti
猫	298228	mao
祥	298227	xiang
阔	298226	kuo
誉	298225	yu
筹	298224	chou
澳	298224	yu
丛	298223	cong
牵	298222	qian
董	298222	zhong
鸣	298221	ming
沈	298220	shen
阁	298219	ge
穆	298218	mu
屈	298217	qu
旨	298216	zhi
袖	298215	xiu
猎	298214	lie
怨	298214	yun
臂	298213	bi
鞋	298213	wa
蛇	298212	she
邪	298212	xu
贺	298211	he
埋	298211	man
跌	298211	tu
柱	298210	zhu
涌	298209	chong
抛	298209	pao
鼠	298208	shu
瑟	298207	se
戈	298206	ge
牢	298205	lao
逊	298204	xun
迈	298203	mai
泥	298202	ning
欺	298202	qi
吾	298202	yu
吨	298201	dun
陶	298200	dao
琴	298200	qin
祝	298200	zhou
拔	298199	bei
衰	298199	shuai
瓶	298198	ping
恼	298197	nao
狠	298197	yan
燕	298196	yan
仲	298195	zhong
诱	298194	you
咬	298193	jiao
狼	298193	lang
池	298192	chi
疼	298191	teng
卢	298190	lu
仗	298189	zhang
冠	298188	guan
粒	298187	li
搜	298187	shao
遥	298186	yao
吕	298185	lv
揭	298185	qi
玄	298184	xuan
漂	298183	biao
尘	298183	chen
冯	298182	feng
抚	298181	fu
浅	298180	qian
敦	298179	dun
纠	298178	jiu
猫	298178	miao
钻	298177	zuan
晶	298176	jing
岂	298175	qi
峡	298174	xia
苍	298173	cang
喷	298172	pen
耗	298171	hao
沈	298170	chen
凌	298170	ling
敲	298169	qiao
菌	298168	jun
屈	298167	jue
赔	298167	pei
涂	298166	tu
粹	298165	cui
扁	298164	bian
猎	298164	xi
臂	298163	bei
亏	298163	kui
寂	298162	ji
邪	298162	she
蛇	298162	yi
煤	298161	mei
熊	298160	xiong
恭	298159	gong
湿	298158	shi
循	298157	xun
暖	298156	nuan
糖	298155	tang
赋	298154	fu
抑	298153	yi
吾	298152	ya
秩	298152	zhi
帽	298151	mao
吨	298151	tun
哀	298150	ai
祝	298150	chu
宿	298149	su
衰	298149	suo
踏	298148	ta
狠	298147	ken
烂	298147	lan
袁	298146	yuan
侯	298145	hou
抖	298144	dou
夹	298143	jia
昆	298142	kun
池	298142	tuo
肝	298141	gan
擦	298140	ca
猪	298139	zhu
炼	298138	lian
恒	298137	heng
慎	298136	shen
搬	298135	ban
揭	298135	he
纽	298134	niu
纹	298133	wen
玻	298132	bo
冯	298132	ping
渔	298131	yu
磁	298130	ci
浅	298130	jian
敦	298129	dui
铜	298129	tong
齿	298128	chi
跨	298127	kua
押	298126	ya
怖	298125	bu
岂	298125	kai
漠	298124	mo
疲	298123	pi
叛	298122	pan
耗	298121	mao
遣	298121	qian
沈	298120	tan
兹	298120	zi
祭	298119	ji
醉	298118	zui
拳	298117	quan
屈	298117	que
涂	298116	chu
弥	298116	mi
粹	298115	sui
斜	298115	xie
档	298114	dang
扁	298114	pian
猎	298114	que
稀	298113	xi
亏	298113	yu
捷	298112	jie
蛇	298112	tuo
肤	298111	fu
疫	298110	yi
肿	298109	zhong
豆	298108	dou
削	298107	xue
岗	298106	gang
暖	298106	xuan
晃	298105	huang
牢	298105	lou
吞	298104	tun
宏	298103	hong
癌	298102	ai
肚	298101	du
隶	298100	li
衰	298099	cui
履	298099	lv
番	298099	pi
宿	298099	xiu
涨	298098	zhang
狠	298097	hang
耀	298097	yao
扭	298096	niu
坛	298095	tan
拨	298094	bo
夹	298093	ga
沃	298093	wo
池	298092	che
绘	298092	hui
昆	298092	hun
伐	298091	fa
堪	298090	kan
仆	298089	pu
郭	298088	guo
牺	298087	xi
歼	298086	jian
慎	298086	zhen
墓	298085	mu
搬	298085	su
雇	298084	gu
廉	298083	lian
契	298082	qi
拼	298081	pin
惩	298080	cheng
敦	298079	tuan
捉	298079	zhuo
覆	298078	fu
跨	298077	ku
刷	298077	shua
劫	298076	jie
押	298076	xia
嫌	298075	xian
瓜	298074	gua
歇	298073	xie
雕	298072	diao
闷	298071	men
兹	298070	ci
乳	298070	ru
串	298069	chuan
祭	298069	zhai
娃	298068	wa
缴	298067	jiao
屈	298067	ju
唤	298066	huan
涂	298066	ye
斜	298065	xia
赢	298065	ying
莲	298064	lian
霸	298063	ba
蛇	298062	chi
捷	298062	qie
桃	298062	tao
妥	298061	tuo
瘦	298060	shou
搭	298059	da
赴	298058	fu
削	298057	xiao
岳	298057	yue
嘉	298056	jia
舱	298055	cang
俊	298054	jun
吞	298054	tian
址	298053	zhi
庞	298052	pang
癌	298052	yan
耕	298051	geng
隶	298050	dai
锐	298050	rui
缝	298049	feng
悔	298048	hui
邀	298047	yao
扭	298046	chou
玲	298046	ling
惟	298045	wei
斥	298044	chi
狼	298043	hang
宅	298043	zhai
添	298042	tian
挖	298041	wa
堪	298040	chen
呵	298040	he
讼	298039	song
氧	298038	yang
浩	298037	hao
羽	298036	yu
斤	298035	jin
雇	298034	hu
酷	298034	ku
掠	298033	lve
契	298032	xie
妖	298032	yao
拼	298031	bing
祸	298031	huo
侍	298030	shi
敦	298029	diao
乙	298029	yi
妨	298028	fang
贪	298027	tan
押	298026	jia
挣	298026	zheng
汪	298025	wang
尿	298024	niao
莉	298023	li
歇	298023	ya
悬	298022	xuan
唇	298021	chun
翰	298020	han
仓	298019	cang
串	298019	guan
轨	298018	gui
枚	298017	mei
缴	298017	zhuo
盐	298016	yan
斜	298015	cha
览	298015	lan
傅	298014	fu
霸	298013	po
帅	298013	shuai
捷	298012	cha
庙	298012	miao
桃	298012	tiao
芬	298011	fen
屏	298010	ping
寺	298009	si
搭	298009	ta
胖	298008	pang
璃	298007	li
削	298007	qiao
愚	298006	yu
滴	298005	di
疏	298004	shu
俊	298004	shun
萧	298003	xiao
姿	298002	zi
颤	298001	chan
丑	298000	chou
隶	298000	yi
劣	297999	lie
宿	297999	qi
柯	297998	ke
寸	297997	cun
扔	297996	reng
扭	297996	zhou
盯	297995	ding
斥	297994	che
辱	297994	ru
宅	297993	che
匹	297993	pi
俱	297992	ju
辨	297991	bian
饿	297990	e
呵	297990	ha
蜂	297989	feng
哦	297988	o
浩	297987	gao
腔	297987	qiang
羽	297986	hu
郁	297986	yu
溃	297985	kui
谨	297984	jin
糟	297983	zao
葛	297982	ge
妖	297982	jiao
契	297982	qie
苗	297981	miao
肠	297980	chang
忌	297979	ji
溜	297978	liu
鸿	297977	hong
爵	297976	jue
鹏	297975	peng
尿	297974	sui
鹰	297974	ying
笼	297973	long
丘	297972	qiu
桂	297971	gui
唇	297971	zhen
滋	297970	zi
聊	297969	liao
串	297969	quan
挡	297968	dang
娃	297968	gui
纲	297967	gang
肌	297966	ji
茨	297965	ci
斜	297965	ye
壳	297964	ke
痕	297963	hen
碗	297962	wan
桃	297962	zhao
穴	297961	xue
膀	297960	bang
屏	297960	bing
寺	297959	shi
卓	297959	zhuo
胖	297958	pan
贤	297958	xian
削	297957	shao
卧	297957	wo
膜	297956	mo
毅	297955	yi
俊	297954	dun
锦	297954	jin
欠	297953	qian
哩	297952	li
函	297951	han
颤	297951	zhan
隶	297950	di
茫	297950	mang
昂	297949	ang
薛	297948	xue
皱	297947	zhou
夸	297946	kua
盯	297945	cheng
豫	297945	yu
胃	297944	wei
斥	297944	zhe
宅	297943	du
舌	297943	she
剥	297942	bo
傲	297941	ao
呵	297940	a
拾	297940	shi
窝	297939	wo
哦	297938	e
睁	297938	zheng
浩	297937	ge
腔	297937	kong
携	297937	xie
陵	297936	ling
哼	297935	heng
溃	297935	hui
棉	297934	mian
晴	297933	qing
契	297932	jie
铃	297932	ling
填	297931	tian
饲	297930	si
敦	297929	dao
乙	297929	jue
渴	297929	ke
吻	297928	wen
扮	297927	ban
逆	297926	ni
脆	297925	cui
汪	297925	hong
喘	297924	chuan
莉	297923	chi
罩	297923	zhao
卜	297922	bo
炉	297921	lu
柴	297920	chai
滋	297920	ci
聊	297919	liu
愉	297919	yu
绳	297918	sheng
胎	297917	tai
蓄	297916	xu
眠	297915	mian
竭	297914	jie
壳	297914	qiao
痕	297913	gen
喂	297913	wei
傻	297912	sha
穴	297911	jue
慕	297911	mu
浑	297910	hun
膀	297910	pang
奸	297909	jian
扇	297908	shan
柜	297907	gui
悦	297906	yue
拦	297905	lan
诞	297904	dan
饱	297903	bao
泡	297901	pao
茫	297900	huang
贼	297900	zei
亭	297899	ting
昂	297899	yang
夕	297898	xi
爹	297897	die
酬	297896	chou
儒	297895	ru
豫	297895	xie
姻	297894	yin
舌	297893	gua
卵	297893	luan
剥	297892	bao
氛	297892	fen
辨	297891	ban
泄	297891	xie
杆	297890	gan
拾	297890	she
挨	297889	ai
僧	297888	seng
蜜	297887	mi
吟	297886	yin
哼	297885	hng
猩	297885	xing
遂	297884	sui
狭	297883	xia
肖	297882	xiao
甜	297881	tian
霞	297880	xia
驳	297879	bo
渴	297879	jie
敦	297879	zhun
裕	297878	yu
扮	297877	fen
顽	297877	wan
摘	297875	zhai
矮	297874	ai
秒	297873	miao
卜	297872	bu
卿	297872	qing
畜	297871	chu
柴	297870	ci
滋	297870	xuan
咽	297870	yan
披	297869	pi
愉	297869	tou
辅	297868	fu
勾	297867	gou
盆	297866	pen
疆	297865	jiang
赌	297864	du
塑	297863	su
畏	297862	wei
吵	297861	chao
囊	297860	nang
嗯	297859	g
奸	297859	gan
泊	297858	po
肺	297857	fei
柜	297857	ju
骤	297856	zhou
缠	297855	chan
冈	297854	gang
羞	297853	xiu
瞪	297852	deng
吊	297851	diao
贾	297850	jia
漏	297849	lou
斑	297848	ban
夕	297848	yi
涛	297847	tao
悠	297846	you
鹿	297845	lu
豫	297845	shu
俘	297844	fu
卵	297843	kun
锡	297843	xi
卑	297842	bei
剥	297842	pu
辨	297841	pian
泄	297841	yi
葬	297841	zang
拾	297840	jie
呵	297840	ke
铭	297840	ming
滩	297839	tan
僧	297838	ceng
嫁	297838	jia
催	297837	cui
璇	297836	xuan
翅	297835	chi
盒	297834	he
蛮	297833	man
矣	297832	yi
填	297831	chen
潘	297831	pan
歧	297830	qi
赐	297829	ci
渴	297829	kai
敦	297829	tun
鲍	297828	bao
锅	297827	guo
廊	297826	lang
拆	297825	chai
灌	297824	guan
勉	297823	mian
盲	297822	mang
卜	297822	pu
畜	297821	xu
宰	297821	zai
柴	297820	zhai
佐	297820	zuo
啥	297819	sha
胀	297818	zhang
扯	297817	che
禧	297816	xi
辽	297815	liao
眠	297815	min
抹	297814	mo
筒	297813	tong
棋	297812	qi
裤	297811	ku
唉	297810	ai
朴	297809	pu
泊	297808	bo
咐	297808	fu
肺	297807	pei
孕	297807	yun
誓	297806	shi
喉	297805	hou
妄	297804	wang
拘	297803	ju
链	297802	lian
驰	297801	chi
贾	297800	gu
栏	297800	lan
逝	297799	shi
窃	297798	qie
艳	297797	yan
臭	297796	chou
鹿	297795	lv
纤	297795	xian
玑	297794	ji
棵	297793	ke
卑	297792	bi
趁	297792	chen
匠	297791	jiang
呵	297790	huo
盈	297790	ying
翁	297789	weng
愁	297788	chou
瞬	297787	shun
吟	297786	jin
婴	297786	ying
孝	297785	xiao
盒	297784	an
颈	297784	jing
倘	297783	tang
矣	297782	xian
浙	297782	zhe
谅	297781	liang
填	297781	zhen
蔽	297780	bi
畅	297779	chang
渴	297779	he
赠	297778	zeng
扮	297777	huo
妮	297777	ni
莎	297776	sha
拆	297775	che
尉	297775	wei
冻	297774	dong
灌	297774	huan
跪	297773	gui
闯	297772	chuang
葡	297771	pu
咽	297770	ye
柴	297770	zi
厨	297769	chu
鸭	297768	ya
颠	297767	dian
遮	297766	zhe
谊	297765	yi
抹	297764	ma
圳	297764	zhen
筒	297763	dong
吁	297763	xu
棋	297762	ji
仑	297762	lun
吵	297761	miao
辟	297761	pi
瘤	297760	liu
朴	297759	piao
嫂	297759	sao
陀	297758	tuo
框	297757	kuang
谭	297756	tan
亨	297755	heng
钦	297754	qin
拘	297753	gou
庸	297753	yong
哩	297752	mai
歉	297752	qian
芝	297751	zhi
吼	297750	hou
甫	297749	fu
衫	297748	shan
摊	297747	tan
臭	297746	xiu
宴	297746	yan
纤	297745	qian
嘱	297745	zhu
衷	297744	zhong
娇	297743	jiao
棵	297743	kuan
陕	297742	shan
趁	297742	zhen
矩	297741	ju
浦	297740	pu
讶	297739	ya
愁	297738	qiao
耸	297738	song
裸	297737	luo
碧	297736	bi
摧	297735	cui
颈	297734	geng
薪	297734	xin
倘	297733	chang
淋	297733	lin
耻	297732	chi
潘	297731	bo
胶	297731	jiao
蔽	297730	bie
屠	297730	tu
鹅	297729	e
饥	297728	ji
盼	297727	pan
脖	297726	bo
莎	297726	suo
拆	297725	chi
虹	297725	hong
尉	297725	yu
翠	297724	cui
崩	297723	beng
账	297722	zhang
葡	297721	bei
萍	297721	ping
逢	297720	feng
咽	297720	yuan
赚	297719	zhuan
撑	297718	cheng
翔	297717	xiang
倡	297716	chang
绵	297715	mian
猴	297714	hou
圳	297714	quan
枯	297713	ku
吁	297713	yu
巫	297712	wu
辟	297711	bi
昭	297711	zhao
怔	297710	zheng
朴	297709	po
渊	297709	yuan
凑	297708	cou
陀	297708	duo
溪	297707	xi
蠢	297706	chun
禅	297705	chan
亨	297705	xiang
阐	297704	chan
旺	297703	wang
哩	297702	ying
寓	297702	yu
藤	297701	teng
匪	297700	fei
伞	297699	san
碑	297698	bei
挪	297697	nuo
琼	297696	qiong
脂	297695	zhi
谎	297694	huang
慨	297693	kai
卑	297692	pi
菩	297692	pu
萄	297691	tao
狮	297690	shi
掘	297689	jue
抄	297688	chao
愁	297688	jiu
岭	297687	ling
晕	297686	yun
逮	297685	dai
摧	297685	zui
砍	297684	kan
掏	297683	tao
狄	297682	di
晰	297681	xi
胶	297681	xiao
罕	297680	han
蔽	297680	pie
挽	297679	wan
脾	297678	pi
盼	297677	fen
舟	297677	zhou
痴	297676	chi
莎	297676	sui
拆	297675	ca
蔡	297675	cai
虹	297675	jiang
尉	297675	yun
剪	297674	jian
脊	297673	ji
弓	297672	gong
懒	297671	lan
叉	297670	cha
逢	297670	peng
拐	297669	guai
赚	297669	zuan
喃	297668	nan
僚	297667	liao
捐	297666	juan
姊	297665	zi
圳	297664	chou
骚	297664	sao
枯	297663	gu
拓	297663	tuo
歪	297662	wai
辟	297661	mi
粘	297661	zhan
柄	297660	bing
坑	297659	keng
陌	297658	mo
溪	297657	qi
窄	297657	zhai
湘	297656	xiang
亨	297655	peng
禅	297655	shan
兆	297655	zhao
崖	297654	ya
骄	297653	jiao
刹	297652	sha
鞭	297651	bian
芒	297650	mang
筋	297649	jin
甫	297649	pu
聘	297648	pin
钩	297647	gou
棍	297646	gun
嚷	297645	rang
腺	297644	xian
弦	297643	xian
卑	297642	ban
菩	297642	bei
趁	297642	nian
焰	297642	yan
耍	297641	shua
俯	297640	fu
掘	297639	ku
厘	297639	li
愣	297638	leng
抄	297638	suo
厦	297637	sha
恳	297636	ken
摧	297635	cuo
饶	297635	rao
钉	297634	ding
寡	297633	gua
憾	297632	han
狄	297632	ti
潘	297631	fan
摔	297631	shuai
叠	297630	die
惹	297629	re
脾	297628	pai
喻	297628	yu
谱	297627	pu
愧	297626	kui
煌	297625	huang
蔡	297625	sa
徽	297624	hui
溶	297623	rong
坠	297622	zhui
煞	297621	sha
巾	297620	jin
逢	297620	pang
滥	297619	lan
洒	297618	sa
堵	297617	du
瓷	297616	ci
捐	297616	yuan
咒	297615	zhou
圳	297614	huai
姨	297614	yi
棒	297613	bang
拓	297613	ta
郡	297612	jun
粘	297611	nian
浴	297611	yu
媚	297610	mei
坑	297609	kang
稣	297609	su
淮	297608	huai
哎	297607	ai
屁	297606	pi
漆	297605	qi
淫	297604	yin
巢	297603	chao
刹	297602	cha
吩	297602	fen
撰	297601	zhuan
匪	297600	fen
芒	297600	huang
啸	297600	xiao
筋	297599	qian
滞	297599	zhi
玫	297598	mei
聘	297598	ping
硕	297597	shuo
钓	297596	diao
棍	297596	hun
蝶	297595	die
膝	297594	xi
姚	297593	yao
菩	297592	bo
茂	297592	mao
躯	297591	qu
吏	297590	li
厘	297589	chan
猿	297589	yuan
寨	297588	zhai
恕	297587	shu
厦	297587	xia
渠	297586	qu
逮	297585	di
戚	297585	qi
辰	297584	chen
舶	297583	bo
颁	297582	ban
憾	297582	dan
惶	297581	huang
狐	297580	hu
讽	297579	feng
惹	297579	ruo
笨	297578	ben
脾	297578	bi
袍	297577	pao
嘲	297576	chao
蔡	297575	ca
啡	297575	fei
虹	297575	gong
泼	297574	po
衔	297573	xian
倦	297572	juan
涵	297571	han
雀	297570	que
旬	297569	xun
僵	297568	jiang
洒	297568	xi
僚	297567	lao
撕	297567	si
堵	297567	zhe
肢	297566	zhi
垄	297565	long
夷	297564	yi
逸	297563	yi
拓	297563	zhi
茅	297562	mao
侨	297561	qiao
舆	297560	yu
窑	297559	yao
涅	297558	nie
蒲	297557	pu
谦	297556	qian
杭	297555	hang
漆	297555	qie
噢	297554	o
淫	297554	yan
弊	297553	bi
吩	297552	pen
勋	297552	xun
刮	297551	gua
撰	297551	xuan
郊	297550	jiao
凄	297549	qi
捧	297548	peng
浸	297547	jin
棍	297546	ao
砖	297546	zhuan
鼎	297545	ding
蝶	297545	tie
篮	297544	lan
姚	297543	tiao
蒸	297543	zheng
饼	297542	bing
亩	297541	mu
肾	297540	shen
陡	297539	dou
寨	297538	se
爪	297538	zhao
兔	297537	tu
渠	297536	ju
殷	297536	yin
戚	297535	cu
贞	297535	zhen
荐	297534	jian
哑	297533	ya
炭	297532	tan
坟	297531	fen
眨	297530	zha
搏	297529	bo
咳	297528	ke
袍	297527	bao
拢	297527	long
舅	297526	jiu
嘲	297526	zhao
昧	297525	mei
啡	297525	pei
擅	297524	shan
爽	297523	shuang
咖	297522	ka
搁	297521	ge
禄	297520	lu
雀	297520	qiao
雌	297519	ci
旬	297519	jun
哨	297518	shao
洒	297518	xian
巩	297517	gong
撕	297517	xi
绢	297516	juan
肢	297516	shi
螺	297515	luo
裹	297514	guo
昔	297513	xi
轩	297512	xuan
谬	297511	miu
谍	297510	die
龟	297509	gui
媳	297508	xi
蒲	297507	bo
姜	297507	jiang
瞎	297506	xia
杭	297505	kang
冤	297505	yuan
鸦	297504	ya
淫	297504	yao
噢	297504	yu
蓬	297503	peng
巷	297502	xiang
琳	297501	lin
撰	297501	suan
芒	297500	wang
栽	297500	zai
沾	297499	zhan
捧	297498	feng
诈	297498	zha
浸	297497	qin
斋	297497	zhai
瞒	297496	man
彪	297495	biao
鼎	297495	zhen
厄	297494	e
姚	297493	tao
咨	297493	zi
纺	297492	fang
罐	297491	guan
桶	297490	tong
壤	297489	rang
糕	297488	gao
寨	297488	qian
爪	297488	zhua
颂	297487	song
膨	297486	peng
殷	297486	yan
谐	297485	xie
垒	297484	lei
咕	297483	gu
隙	297482	xi
辣	297481	la
绑	297480	bang
宠	297479	chong
咳	297478	hai
嘿	297478	hei
兑	297477	dui
霉	297476	mei
挫	297475	cuo
啡	297475	pai
昧	297475	wen
稽	297474	ji
辐	297473	fu
咖	297472	ga
乞	297472	qi
纱	297471	sha
裙	297470	qun
嘻	297469	xi
哨	297468	sao
洒	297468	sen
哇	297468	wa
绣	297467	xiu
杖	297466	zhang
塘	297465	tang
衍	297464	yan
昔	297463	cuo
轴	297463	zhou
攀	297462	pan
膊	297461	bo
譬	297460	pi
斌	297459	bin
龟	297459	jun
祈	297458	qi
踢	297457	ti
肆	297456	si
坎	297455	kan
轿	297454	jiao
棚	297453	peng
巷	297452	hang
泣	297452	qi
屡	297451	lv
躁	297450	zao
邱	297449	qiu
沾	297449	tian
凰	297448	huang
溢	297447	yi
椎	297446	chui
砸	297445	za
趟	297444	tang
帘	297443	lian
帆	297442	fan
栖	297441	qi
窜	297440	cuan
丸	297439	wan
斩	297438	zhan
兔	297437	chan
堤	297437	di
塌	297436	ta
贩	297435	fan
厢	297434	xiang
掀	297433	xian
喀	297432	ka
乖	297431	guai
谜	297430	mi
捏	297429	nie
嘿	297428	mo
阎	297428	yan
滨	297427	bin
兑	297427	rui
虏	297426	lu
昧	297425	mo
匙	297425	shi
挫	297425	zuo
芦	297424	lu
稽	297424	qi
苹	297423	ping
咖	297422	jia
卸	297422	xie
沼	297421	zhao
钥	297420	yao
株	297419	zhu
洒	297418	cui
祷	297418	dao
哨	297418	xiao
剖	297417	pou
熙	297416	xi
哗	297415	hua
劈	297414	pi
怯	297413	qie
棠	297412	tang
胳	297411	ge
膊	297411	po
桩	297410	zhuang
瑰	297409	gui
龟	297409	qiu
祈	297408	gui
娱	297408	yu
踢	297407	die
娶	297407	qu
沫	297406	mo
肆	297406	ti
嗓	297405	sang
噢	297404	ao
蹲	297404	dun
焚	297403	fen
泣	297402	li
淘	297402	tao
嫩	297401	nen
韵	297400	yun
衬	297399	chen
沾	297399	dian
匈	297398	xiong
钧	297397	jun
竖	297396	shu
椎	297396	zhui
峻	297395	jun
豹	297394	bao
趟	297394	zheng
帘	297393	chen
捞	297393	lao
菊	297392	ju
鄙	297391	bi
栖	297391	xi
魄	297390	po
兜	297389	dou
哄	297388	hong
堤	297387	ti
颖	297387	ying
镑	297386	bang
塌	297386	da
屑	297385	xie
蚁	297384	yi
掀	297383	hen
壶	297383	hu
喀	297382	ke
怡	297382	yi
渗	297381	shen
谜	297380	mei
秃	297380	tu
迦	297379	jia
咳	297378	gai
旱	297378	han
嘿	297378	mu
兑	297377	duo
哟	297377	yo
咸	297376	xian
啡	297375	bai
匙	297375	chi
焉	297375	yan
谴	297374	qian
苹	297373	peng
宛	297373	wan
稻	297372	dao
铸	297371	zhu
锻	297370	duan
钥	297370	yue
伽	297369	ga
哇	297368	gui
洒	297368	xun
詹	297368	zhan
毙	297367	bi
剖	297367	po
恍	297366	huang
熙	297366	yi
贬	297365	bian
烛	297364	zhu
骇	297363	hai
芯	297362	xin
膊	297361	lie
汁	297361	zhi
桓	297360	huan
坊	297359	fang
驴	297358	lv
娶	297357	ju
朽	297357	xiu
靖	297356	jing
佣	297355	yong
汝	297354	ru
蹲	297354	zun
碌	297353	lu
迄	297352	qi
泣	297352	se
冀	297351	ji
荆	297350	jing
沾	297349	chan
崔	297349	cui
雁	297348	yan
绅	297347	shen
珊	297346	shan
榜	297345	bang
诵	297344	song
傍	297343	bang
彦	297342	yan
醇	297341	chun
魄	297340	bo
笛	297340	di
禽	297339	qin
勿	297338	wu
娟	297337	juan
瞄	297336	miao
幢	297335	chuang
寇	297334	kou
睹	297333	du
贿	297332	hui
踩	297331	cai
霆	297330	ting
呜	297329	wu
迦	297329	xie
拱	297328	gong
妃	297327	fei
咸	297326	jian
蔑	297326	mie
焉	297325	yi
谕	297325	yu
缚	297324	fu
芦	297324	hu
诡	297323	gui
宛	297323	yuan
篷	297322	peng
淹	297321	yan
腕	297320	wan
伽	297319	jia
煮	297319	zhu
詹	297318	dan
哇	297318	hua
倩	297318	qian
卒	297317	zu
恍	297316	guang
勘	297316	kan
馨	297315	xin
烛	297314	chong
逗	297314	dou
甸	297313	dian
贱	297312	jian
炒	297311	chao
胳	297311	ga
汁	297311	xie
灿	297310	can
敞	297309	chang
蜡	297308	la
囚	297307	qiu
娶	297307	shu
栗	297306	li
辜	297305	gu
蹲	297304	cun
垫	297304	dian
妒	297303	du
碌	297303	liu
魁	297302	kui
谣	297301	yao
寞	297300	mo
蜀	297299	shu
甩	297298	shuai
涯	297297	ya
枕	297296	zhen
榜	297295	beng
丐	297295	gai
趟	297294	cheng
泳	297294	yong
奎	297293	kui
傍	297293	pang
泌	297292	mi
彦	297292	pan
逾	297291	yu
叮	297290	ding
魄	297290	tuo
黛	297289	dai
勿	297288	mo
燥	297288	zao
堤	297287	shi
掷	297287	zhi
藉	297286	ji
枢	297285	shu
幢	297285	zhuang
憎	297284	zeng
鲸	297283	jing
弘	297282	hong
踩	297281	kui
倚	297281	yi
侮	297280	wu
藩	297279	fan
拂	297278	fu
拱	297278	ju
鹤	297277	he
妃	297277	pei
蚀	297276	shi
浆	297275	jiang
芙	297274	fu
垃	297273	la
宛	297273	yun
烤	297272	kao
晒	297271	shai
霜	297270	shuang
剿	297269	jiao
伽	297269	qie
倩	297268	qing
蕴	297268	yun
卒	297267	cu
圾	297267	ji
绸	297266	chou
屿	297265	yu
氢	297264	qing
逗	297264	zhu
驼	297263	tuo
妆	297262	zhuang
捆	297261	kun
汁	297261	shi
铅	297260	qian
敞	297259	cheng
逛	297259	guang
蜡	297258	qu
淑	297258	shu
榴	297257	liu
丙	297256	bing
栗	297256	lie
痒	297255	yang
钞	297254	chao
碌	297253	luo
蹄	297253	ti
犬	297252	quan
躬	297251	gong
昼	297250	zhou
藻	297249	zao
蛛	297248	zhu
褐	297247	he
枕	297246	chen
颊	297246	jia
奠	297245	dian
募	297244	mu
傍	297243	beng
耽	297243	dan
泌	297242	bi
蹈	297242	dao
逾	297241	dou
陋	297241	lou
侣	297240	lv
魅	297239	mei
岚	297238	lan
燥	297238	sao
堤	297237	wei
侄	297237	zhi
藉	297236	jie
虐	297236	nve
堕	297235	duo
陛	297234	bi
莹	297233	ying
荫	297232	yin
倚	297231	ji
狡	297231	jiao
阀	297230	fa
绞	297229	jiao
拂	297228	bi
膏	297228	gao
垮	297227	kua
茎	297226	jing
缅	297225	mian
喇	297224	la
绒	297223	rong
宛	297223	yu
搅	297222	jiao
凳	297221	deng
梭	297220	suo
剿	297219	chao
丫	297219	ya
姬	297218	ji
卒	297217	cui
诏	297217	zhao
钮	297216	niu
棺	297215	guan
耿	297214	geng
逗	297214	tou
缔	297213	di
甸	297213	tian
懈	297212	xie
捆	297211	hun
嫉	297211	ji
铅	297210	yan
灶	297210	zao
逛	297209	kuang
匀	297209	yun
敞	297209	zheng
淑	297208	chu
嗣	297208	si
蜡	297208	zha
鸽	297207	ge
澡	297206	zao
凿	297205	zao
纬	297204	wei
蹄	297203	di
沸	297203	fei
畴	297202	chou
魁	297202	kuai
刃	297201	ren
遏	297200	e
烁	297199	shuo
嗅	297198	xiu
叭	297197	ba
熬	297196	ao
榜	297195	pang
瞥	297195	pie
奠	297195	ting
募	297194	bo
骸	297194	hai
傍	297193	peng
奢	297193	she
拙	297192	zhuo
栋	297191	dong
毯	297190	tan
桐	297189	tong
砂	297188	sha
莽	297187	mang
泻	297186	xie
堕	297185	hui
坪	297185	ping
梳	297184	shu
杉	297183	shan
晤	297182	wu
狡	297181	xiao
稚	297181	zhi
蔬	297180	shu
蝇	297179	ying
捣	297178	dao
拂	297178	pi
顷	297177	qing
尴	297175	gan
镖	297174	biao
诧	297173	cha
尬	297172	ga
硫	297171	liu
嚼	297170	jue
梭	297170	xun
羡	297169	xian
沦	297168	lun
姬	297168	yi
沪	297167	hu
圾	297167	jie
旷	297166	kuang
彬	297165	bin
逗	297164	qi
芽	297164	ya
狸	297163	li
甸	297163	sheng
冥	297162	ming
碳	297161	tan
咧	297160	lie
匀	297159	jun
惕	297159	ti
蜡	297158	ji
暑	297158	shu
咯	297157	ge
澡	297156	cao
萝	297156	luo
汹	297155	xiong
凿	297155	zuo
蹲	297154	cuan
腥	297154	xing
沸	297153	fu
窥	297153	kui
俺	297152	an
潭	297151	tan
崎	297150	qi
麟	297149	lin
捡	297148	jian
叭	297147	pa
拯	297147	zheng
厥	297146	jue
瞥	297145	bi
澄	297145	cheng
奠	297145	ding
榜	297145	peng
骸	297144	gai
萎	297144	wei
哉	297143	zai
涡	297142	wo
滔	297141	tao
暇	297140	xia
溯	297139	su
鳞	297138	lin
酿	297137	niang
茵	297136	yin
愕	297135	e
瞅	297134	chou
暮	297133	mu
杉	297133	sha
衙	297132	ya
诫	297131	jie
斧	297130	fu
兮	297129	xi
拂	297128	fei
焕	297128	huan
棕	297127	zong
佑	297126	you
嘶	297125	si
妓	297124	ji
喧	297123	xuan
蓉	297122	rong
硫	297121	chu
删	297121	shan
嚼	297120	jiao
樱	297120	ying
伺	297119	ci
羡	297119	yan
嗡	297118	weng
娥	297117	e
梢	297116	shao
坝	297115	ba
彬	297115	ban
蚕	297114	can
敷	297113	fu
甸	297113	ying
澜	297112	lan
冥	297112	mian
杏	297111	xing
绥	297110	sui
冶	297109	ye
庇	297108	bi
咯	297107	ka
挠	297107	nao
搂	297106	lou
倏	297105	shu
聂	297104	nie
蹲	297104	qun
婉	297103	wan
俺	297102	yan
噪	297102	zao
稼	297101	jia
潭	297101	xun
鳍	297100	qi
菱	297099	ling
盏	297098	zhan
匿	297097	ni
吱	297096	zhi
澄	297095	deng
寝	297095	qin
奠	297095	zheng
揽	297094	lan
髓	297093	sui
秉	297092	bing
涡	297092	guo
哺	297091	bu
矢	297090	shi
桐	297089	dong
啪	297089	pa
溯	297089	shuo
帜	297088	zhi
邵	297087	shao
嗽	297086	sou
挟	297085	xie
缸	297084	gang
揉	297083	rou
腻	297082	ni
衙	297082	yu
驯	297081	xun
缆	297080	lan
晌	297079	shang
瘫	297078	tan
贮	297077	zhu
觅	297076	mi
朦	297075	meng
僻	297074	pi
隋	297073	sui
蔓	297072	man
咋	297071	za
嵌	297070	qian
虔	297069	qian
伺	297069	si
羡	297069	yi
畔	297068	pan
琐	297067	suo
碟	297066	die
涩	297065	se
胧	297064	long
蚕	297064	tian
嘟	297063	du
蹦	297062	beng
冢	297061	zhong
浏	297060	liu
裔	297059	yi
襟	297058	jin
庇	297058	pi
叨	297057	dao
咯	297057	lo
诀	297056	jue
旭	297055	xu
虾	297054	xia
簿	297053	bu
啤	297052	pi
擒	297051	qin
潭	297051	yin
崎	297050	yi
枣	297050	zao
嘎	297049	ga
苑	297048	yuan
牟	297047	mou
匿	297047	te
呕	297046	ou
吱	297046	zi
骆	297045	luo
奠	297045	zun
凸	297044	tu
熄	297043	xi
兀	297042	wu
喔	297041	o
暇	297040	jia
裳	297040	shang
凹	297039	ao
赎	297038	shu
屯	297037	tun
嗽	297036	shuo
膛	297036	tang
挟	297035	jia
浇	297035	jiao
灼	297034	zhuo
裘	297033	qiu
砰	297032	peng
棘	297031	ji
橡	297030	xiang
碱	297029	jian
聋	297028	long
姥	297027	lao
瑜	297026	yu
朦	297025	mang
毋	297025	wu
娅	297024	ya
隋	297023	duo
沮	297023	ju
萌	297022	meng
俏	297021	qiao
咋	297021	ze
黯	297020	an
嵌	297020	han
撇	297019	pie
粟	297018	su
粪	297017	fen
碟	297016	she
梢	297016	xiao
尹	297016	yin
苟	297015	gou
癫	297014	dian
蚂	297013	ma
禹	297012	yu
廖	297011	liao
俭	297010	jian
帖	297009	tie
煎	297008	jian
咯	297007	luo
缕	297007	lv
窦	297006	dou
簇	297005	cu
虾	297004	ha
棱	297004	leng
簿	297003	bo
叩	297003	kou
呐	297002	na
潭	297001	dan
瑶	297001	yao
墅	297000	shu
莺	296999	ying
烫	296998	tang
牟	296997	mu
蛙	296997	wa
歹	296996	dai
吱	296996	qi
伶	296995	ling
葱	296994	cong
哮	296993	xiao
眩	296992	xuan
哺	296991	fu
坤	296991	kun
喔	296991	wo
裳	296990	chang
廓	296990	kuo
讳	296989	hui
凹	296989	wa
啼	296988	ti
乍	296987	zha
屯	296987	zhun
瓣	296986	ban
嗽	296986	shu
矫	296985	jiao
跋	296984	ba
枉	296983	wang
梗	296982	geng
砰	296982	ping
厕	296981	ce
琢	296980	zuo
讥	296979	ji
碱	296979	xian
釉	296978	you
窟	296977	ku
姥	296977	mu
敛	296976	lian
毋	296975	mou
轼	296975	shi
庐	296974	lu
胚	296973	pei
隋	296973	tuo
萌	296972	ming
呻	296972	shen
蔓	296972	wan
绰	296971	chuo
俏	296971	xiao
咋	296971	zha
扼	296970	e
嵌	296970	kan
懿	296969	yi
炯	296968	jiong
竿	296967	gan
慷	296966	kang
梢	296966	sao
尹	296966	yun
虞	296965	yu
锤	296964	chui
栓	296963	shuan
桨	296962	jiang
蚊	296961	wen
磅	296960	bang
孽	296959	nie
惭	296958	can
戳	296957	chuo
叨	296957	tao
禀	296956	bing
簇	296955	chuo
鄂	296955	e
馈	296954	kui
垣	296953	yuan
溅	296952	jian
呐	296952	ne
咚	296951	dong
钙	296950	gai
墅	296950	ye
礁	296949	jiao
苑	296948	yu
彰	296948	zhang
豁	296947	huo
蛙	296947	jue
牟	296947	mao
歹	296946	e
眯	296946	mi
磷	296945	lin
葱	296944	chuang
雯	296944	wen
墟	296943	xu
眩	296942	huan
迂	296942	yu
喔	296941	wu
瞻	296941	zhan
颅	296940	lu
琉	296939	liu
悼	296938	dao
蝴	296937	hu
乍	296937	zuo
拣	296936	jian
渺	296935	miao
跋	296934	bei
眷	296934	juan
枉	296933	kuang
悯	296933	min
汰	296932	tai
慑	296931	she
厕	296931	si
婶	296930	shen
琢	296930	zhuo
斐	296929	fei
嘘	296928	xu
镶	296927	xiang
炕	296926	kang
宦	296925	huan
趴	296924	pa
绷	296923	beng
窘	296922	jiong
绰	296921	chao
襄	296921	xiang
珀	296920	po
撇	296919	bie
嚣	296919	xiao
酌	296917	zhuo
浊	296916	zhuo
毓	296915	yu
撼	296914	han
嗜	296913	shi
扛	296912	kang
峭	296911	qiao
磕	296910	ke
磅	296910	pang
翘	296909	qiao
槽	296908	cao
淌	296907	tang
栅	296906	zha
簇	296905	cou
颓	296905	tui
棱	296904	ling
熏	296904	xun
瑛	296903	ying
颐	296902	yi
忖	296901	cun
牡	296900	mu
缀	296899	zhui
徊	296898	huai
苑	296898	yun
梨	296897	li
肪	296896	fang
涕	296895	ti
惫	296894	bei
摹	296893	mo
哮	296893	xue
踱	296892	duo
眩	296892	juan
肘	296891	zhou
熔	296890	rong
挚	296889	zhi
氯	296888	lv
凛	296887	lin
绎	296886	yi
庶	296885	shu
脯	296884	pu
迭	296883	die
睦	296882	mu
窍	296881	qiao
粥	296880	zhou
庵	296879	an
沧	296878	cang
嘘	296878	shi
怠	296877	dai
炕	296876	hang
沁	296876	qin
奕	296875	yi
咙	296874	long
氨	296873	an
沮	296873	jian
矗	296872	chu
盔	296871	kui
拇	296870	mu
嚣	296869	ao
沛	296869	pei
榻	296868	ta
揣	296867	chuai
崭	296866	zhan
鞘	296865	qiao
鞠	296864	ju
垦	296863	ken
栓	296863	quan
扛	296862	gang
洽	296862	qia
唾	296861	tuo
橱	296860	chu
仕	296859	shi
槽	296858	zao
蜘	296858	zhi
淌	296857	chang
痰	296857	tan
栅	296856	shan
袜	296856	wa
峙	296855	zhi
柬	296854	jian
蝉	296853	chan
呐	296852	nuo
蟹	296852	xie
谏	296851	jian
鹃	296850	juan
擎	296849	qing
皓	296848	hao
徊	296848	hui
豁	296847	hua
朕	296847	zhen
疤	296846	ba
禺	296845	yu
铲	296844	chan
酶	296843	mei
踱	296842	chuo
钝	296842	dun
氓	296841	mang
匣	296840	xia
弧	296839	hu
峨	296838	e
锥	296837	zhui
揪	296836	jiu
杠	296835	gang
庶	296835	zhu
脯	296834	fu
吭	296834	keng
崛	296833	jue
迭	296833	yi
诬	296832	wu
冉	296831	ran
抒	296830	shu
粥	296830	yu
庚	296829	geng
庵	296829	yan
悍	296828	han
靡	296827	mi
怠	296827	yi
晦	296826	hui
醋	296825	cu
壕	296824	hao
锯	296823	ju
沮	296823	zu
夭	296822	yao
咦	296821	yi
侈	296820	chi
婢	296819	bi
猾	296818	hua
徘	296817	pai
硝	296816	xiao
煽	296815	shan
鞘	296815	shao
鞠	296814	qu
皂	296814	zao
舵	296813	duo
垦	296813	yin
洽	296812	he
嗦	296812	suo
狈	296811	bei
靴	296810	xue
捂	296809	wu
疮	296808	chuang
郝	296807	hao
栅	296806	ce
苛	296806	ke
袜	296806	mo
秽	296805	hui
峙	296805	shi
棱	296804	cheng
茜	296804	qian
搓	296803	cuo
芸	296802	yun
酱	296801	jiang
赁	296800	lin
檐	296799	yan
皓	296798	hui
饷	296798	xiang
蕉	296797	jiao
铀	296796	you
磷	296795	ling
苔	296795	tai
赦	296794	she
缎	296793	duan
舷	296792	xian
筷	296791	kuai
氓	296791	meng
朔	296790	shuo
婪	296789	lan
紊	296788	wen
厮	296787	si
婿	296786	xu
寥	296785	liao
庶	296785	zhe
吭	296784	hang
兢	296784	jing
糙	296783	cao
迭	296783	da
崛	296783	yu
卦	296782	gua
槐	296781	huai
冉	296781	nan
扒	296780	ba
庵	296779	e
裴	296779	pei
祀	296778	si
埔	296777	pu
絮	296776	xu
芭	296775	ba
醋	296775	zuo
屉	296774	ti
痪	296773	huan
夭	296772	wo
霄	296772	xiao
咦	296771	xi
绽	296771	zhan
宵	296770	xiao
邑	296769	yi
霖	296768	lin
岔	296767	cha
饵	296766	er
硝	296766	qiao
茄	296765	jia
鞠	296764	qiong
韧	296764	ren
琪	296763	qi
邹	296762	zou
瑚	296761	hu
憋	296760	bie
殆	296759	dai
噜	296758	lu
郝	296757	shi
忒	296757	te
忿	296756	fen
苛	296756	he
衅	296755	xin
淳	296754	chun
茜	296754	xi
悖	296753	bei
髦	296752	mao
孜	296751	zi
粤	296750	yue
隘	296749	ai
檐	296749	dan
濒	296748	bin
蕉	296747	qiao
铮	296747	zheng
畸	296746	ji
剔	296745	ti
赦	296744	ce
坞	296744	wu
篱	296743	li
淀	296742	dian
蓦	296741	mo
唬	296740	hu
锣	296739	luo
汀	296738	ting
趾	296737	zhi
缉	296736	ji
嫦	296735	chang
杠	296735	gong
斟	296734	zhen
鞍	296733	an
扳	296732	ban
冉	296731	dan
拴	296731	shuan
扒	296730	pa
诅	296730	zu
裴	296729	fei
谟	296729	mo
呃	296728	e
埔	296727	bu
靡	296727	ma
懦	296727	nuo
逞	296726	cheng
絮	296726	chu
犁	296725	li
芭	296725	pa
忏	296724	chan
拧	296723	ning
痪	296723	tuan
亥	296722	hai
夭	296722	wai
佟	296721	tong
叱	296720	chi
邑	296719	e
舜	296719	shun
绊	296718	ban
揣	296717	duo
龚	296717	gong
腮	296716	sai
邸	296715	di
茄	296715	qie
椒	296714	jiao
蔚	296713	wei
湛	296712	zhan
狩	296711	shou
眶	296710	kuang
栈	296709	zhan
薇	296708	wei
肮	296707	ang
忒	296707	tui
瀑	296706	pu
渣	296705	zha
褂	296704	gua
淳	296704	zhun
搓	296703	chai
叽	296703	ji
臀	296702	tun
妞	296701	niu
巍	296700	wei
隘	296699	e
唔	296699	wu
疚	296698	jiu
鲤	296697	li
畸	296696	qi
戎	296696	rong
肇	296695	zhao
笃	296694	du
辙	296693	zhe
娴	296692	xian
阮	296691	ruan
唬	296690	xiao
札	296690	zha
懊	296689	ao
焘	296688	dao
恤	296687	xu
缉	296686	qi
疹	296686	zhen
潇	296685	xiao
铝	296684	lv
涤	296683	di
扳	296682	pan
恃	296682	shi
喽	296681	lou
拴	296681	quan
扒	296680	bai
砌	296680	qi
遁	296679	dun
楞	296678	leng
阱	296677	jing
咎	296676	jiu
絮	296676	nv
逞	296676	ying
洼	296675	wa
炳	296674	bing
忏	296674	qian
噬	296673	shi
枫	296672	feng
亥	296672	jie
拷	296671	kao
哆	296670	duo
叱	296670	hua
矶	296669	ji
苇	296668	wei
翩	296667	pian
揣	296667	zhui
窒	296666	zhi
侬	296665	nong
靶	296664	ba
胰	296663	yi
蔚	296663	yu
湛	296662	chen
芜	296662	wu
辫	296661	bian
嚎	296660	hao
妾	296659	qie
幌	296658	huang
肮	296657	hang
踉	296657	liang
忒	296657	tei
瀑	296656	bao
佃	296656	dian
葫	296655	hu
皖	296654	wan
叽	296653	jiao
拽	296653	zhuai
滤	296652	lv
睬	296651	cai
妞	296651	hao
俞	296650	yu
匕	296649	bi
谤	296648	bang
嗤	296647	chi
捍	296646	han
戎	296646	reng
孵	296645	fu
倪	296644	ni
瘾	296643	yin
敝	296642	bi
匡	296641	kuang
阮	296641	yuan
磋	296640	cuo
唬	296640	guo
札	296640	ya
绫	296639	ling
懊	296639	yu
汀	296638	ding
焘	296638	tao
淆	296638	xiao
尧	296637	yao
疹	296636	chen
蕊	296636	rui
烘	296635	hong
璋	296634	zhang
亢	296633	kang
轧	296632	ya
恃	296632	zhi
赂	296631	lu
扒	296630	bie
蝗	296630	huang
砌	296630	qie
遁	296629	qun
榆	296629	yu
呃	296628	ai
骏	296628	jun
诛	296627	zhu
咎	296626	gao
絮	296626	na
勺	296626	shao
梵	296625	fan
洼	296625	gui
炽	296624	chi
笠	296623	li
颌	296622	he
闸	296621	zha
哆	296620	chi
叱	296620	e
狒	296620	fei
樊	296619	fan
镕	296618	rong
垢	296617	gou
揣	296617	tuan
窒	296616	die
瘟	296616	wen
缪	296615	mou
菇	296614	gu
琦	296613	qi
湛	296612	dan
剃	296612	ti
迸	296611	beng
溺	296610	ni
炫	296609	xuan
惚	296608	hu
肮	296607	gang
嗨	296607	hai
瀑	296606	bo
佃	296606	tian
陨	296606	yun
赃	296605	zang
皖	296604	huan
羁	296604	ji
臻	296603	zhen
嘀	296602	di
膳	296601	shan
赣	296600	gan
俞	296600	shu
踌	296599	chou
唔	296599	g
匕	296599	pin
殉	296598	xun
桔	296597	ju
瞿	296596	qu
捍	296596	xian
闽	296595	min
豚	296594	tun
掺	296593	can
沌	296592	dun
惰	296591	duo
匡	296591	wang
唬	296590	xia
喳	296590	zha
椭	296589	tuo
咪	296588	mi
霎	296587	sha
蕊	296586	juan
侃	296586	kan
猝	296585	cu
窖	296584	jiao
亢	296583	gang
戮	296583	lu
祠	296582	ci
轧	296582	zha
瞩	296581	zhu
菁	296580	jing
躇	296579	chu
遁	296579	xun
佬	296578	lao
肋	296577	le
咄	296576	duo
勺	296576	shuo
忡	296575	chong
雍	296574	yong
忱	296573	chen
颌	296572	ge
蕾	296572	lei
跄	296571	qiang
硅	296570	gui
哆	296570	zha
伎	296569	ji
炊	296568	chui
钊	296567	zhao
蝠	296566	fu
瘟	296566	wo
缪	296565	miao
屎	296565	shi
拭	296564	shi
谛	296563	di
湛	296562	tan
褪	296562	tui
丞	296561	cheng
卉	296560	hui
溺	296560	ruo
隧	296559	sui
茸	296558	rong
嗨	296557	hei
踉	296557	lang
钳	296557	qian
啃	296556	ken
伢	296555	ya
闺	296554	gui
舔	296553	tian
拽	296553	ye
蹬	296552	deng
嘀	296552	zhe
挛	296551	luan
眺	296550	tiao
袱	296549	fu
陇	296548	long
桔	296547	jie
殴	296547	ou
捍	296546	gan
瞿	296546	ju
柿	296546	shi
梧	296545	wu
豚	296544	dun
倪	296544	nie
惺	296544	xing
掺	296543	chan
弛	296543	chi
侥	296542	jiao
沌	296542	zhuan
琛	296541	chen
惰	296541	tuo
喳	296540	cha
唬	296540	hao
捅	296540	tong
酝	296539	yun
薯	296538	shu
曳	296537	ye
澈	296536	che
锈	296535	xiu
稠	296534	chou
窖	296534	zao
亢	296533	geng
眸	296533	mou
轧	296532	ga
咆	296532	pao
祠	296532	si
簧	296531	huang
鸥	296530	ou
躇	296529	chuo
疡	296529	yang
渎	296528	du
佬	296528	liao
汲	296527	ji
肋	296527	lei
嬉	296526	xi
勺	296526	zhuo
脓	296525	nong
骡	296524	luo
忱	296523	dan
穗	296523	sui
槛	296522	kan
拎	296521	lin
硅	296520	he
巳	296520	si
邢	296519	xing
伎	296519	zhi
廿	296518	nian
搀	296517	chan
曙	296516	shu
瘟	296516	yun
缪	296515	miu
樵	296515	qiao
屎	296515	xi
隅	296514	yu
筛	296513	shai
湛	296512	jin
褪	296512	tun
谒	296512	ye
丞	296511	sheng
倭	296511	wo
痹	296510	bi
溺	296510	niao
猖	296509	chang
隧	296509	zhui
佯	296508	yang
肛	296507	gang
奚	296506	xi
甭	296505	beng
抨	296504	peng
蛾	296503	e
舔	296503	tan
唠	296502	lao
荧	296501	ying
嵩	296500	song
漱	296499	shu
酋	296498	qiu
攘	296497	rang
桔	296497	xie
瞿	296496	ji
诘	296496	ji
篡	296495	cuan
睿	296494	rui
噩	296493	e
掺	296493	shan
怅	296492	chang
沌	296492	tun
侥	296492	yao
盎	296491	ang
徙	296490	xi
鞅	296489	yang
漓	296488	li
咪	296488	mie
祟	296487	sui
睫	296486	jie
攸	296485	you
翎	296484	ling
稠	296484	tiao
呛	296483	qiang
筐	296482	kuang
堑	296481	qian
檀	296480	tan
寅	296479	yin
磊	296478	lei
驭	296477	yu
勺	296476	di
惘	296476	wang
吠	296475	fei
驮	296474	tuo
瑙	296473	nao
槛	296472	jian
炬	296472	ju
痉	296471	jing
拎	296471	ling
曝	296470	pu
巳	296470	yi
邢	296469	geng
恺	296469	kai
伎	296469	qi
胺	296468	an
萤	296467	ying
敕	296466	chi
筝	296465	zheng
幡	296464	fan
霹	296463	pi
湛	296462	yin
竺	296462	zhu
烙	296461	lao
倭	296461	wei
丞	296461	zheng
毗	296460	pi
鸠	296459	jiu
埠	296458	bu
蒜	296457	suan
阜	296456	fu
嘈	296455	cao
甭	296455	qi
抨	296454	beng
乒	296454	ping
帷	296453	wei
蛾	296453	yi
啄	296452	zhuo
鳌	296451	ao
毡	296450	zhan
阙	296449	que
褥	296448	ru
搔	296447	sao
诘	296446	jie
笋	296446	sun
冕	296445	mian
梧	296445	yu
狞	296444	ning
韶	296443	shao
沌	296442	chun
骼	296442	ge
蔼	296441	ai
烹	296440	peng
徙	296440	si
奄	296439	yan
咪	296438	mai
嫖	296438	piao
沐	296437	mu
噗	296436	pu
睫	296436	she
岑	296435	cen
稠	296434	diao
蛟	296434	jiao
掳	296433	lu
咏	296432	yong
弩	296431	nu
捻	296430	nian
檀	296430	shan
圃	296429	pu
孚	296428	fu
悴	296427	cui
肋	296427	jin
诣	296426	yi
呱	296425	gu
驮	296424	duo
祁	296424	qi
捶	296423	chui
钠	296422	na
袄	296421	ao
曝	296420	bao
哆	296420	die
澎	296420	peng
氮	296419	dan
胺	296418	e
恪	296418	ke
雏	296417	chu
撮	296416	cuo
敕	296416	sou
堰	296415	yan
彷	296414	pang
鹦	296413	ying
竺	296412	du
晖	296412	hui
烙	296411	luo
犀	296411	xi
腑	296410	fu
沽	296409	gu
橄	296408	gan
掐	296407	qia
亵	296406	xie
龋	296405	qu
嗒	296404	da
咀	296403	ju
祺	296402	qi
啄	296402	zhou
锚	296401	mao
匾	296400	bian
乓	296399	pang
萃	296398	cui
褥	296398	nu
攘	296397	ning
贻	296397	yi
揖	296396	yi
觑	296395	qu
吝	296394	lin
憔	296393	qiao
羌	296392	qiang
诲	296391	hui
砾	296390	li
蠕	296389	ru
肴	296388	yao
撩	296387	liao
坍	296386	tan
酥	296385	su
袅	296384	niao
黝	296383	you
俾	296382	bi
嫣	296381	yan
捻	296380	nie
穹	296380	qiong
秧	296379	yang
妊	296378	ren
溉	296377	gai
鹊	296376	que
呱	296375	gua
聿	296375	yu
疙	296374	ge
祁	296374	zhi
捶	296373	duo
蘑	296373	mo
睾	296372	gao
楷	296371	kai
酵	296370	jiao
茹	296369	ru
锌	296368	xin
滇	296367	dian
辗	296366	nian
撮	296366	zuo
纂	296365	zuan
彷	296364	fang
圭	296364	gui
幔	296363	man
褒	296362	bao
揍	296361	zou
诽	296360	fei
倔	296359	jue
腓	296358	fei
颉	296357	jie
锄	296356	chu
嗔	296355	chen
磺	296354	huang
嗒	296354	ta
攒	296353	zan
咀	296353	zui
瘩	296352	da
雳	296351	li
吆	296350	yao
悚	296349	song
墩	296348	dun
攘	296347	xiang
彝	296347	yi
囱	296346	cong
揖	296346	ji
逍	296345	xiao
辄	296344	zhe
桅	296343	wei
俨	296342	yan
纶	296341	lun
悸	296340	ji
殃	296339	yang
嫖	296338	biao
帧	296338	zhen
俐	296337	li
绮	296336	qi
袒	296335	tan
籽	296334	zi
孰	296333	shu
黝	296333	yi
愫	296332	su
拌	296331	ban
橙	296330	cheng
暨	296329	ji
敖	296328	ao
溉	296327	xie
赘	296327	zhui
抉	296326	jue
淤	296325	yu
剌	296324	la
疙	296324	yi
娼	296323	chang
睾	296322	hao
顼	296322	xu
楷	296321	jie
葵	296321	kui
哝	296320	nong
酣	296319	han
麓	296318	lu
钵	296317	bo
滇	296317	tian
琅	296316	lang
辗	296316	zhan
撮	296316	zui
簸	296315	bo
禾	296314	he
铢	296313	zhu
璧	296312	bi
湛	296312	shen
揍	296311	cou
娠	296311	shen
彗	296310	hui
惋	296309	wan
腋	296308	ye
螂	296307	lang
颉	296307	xie
阪	296306	ban
掣	296305	che
嗔	296305	tian
劾	296304	he
磺	296304	kuang
攒	296303	cuan
沥	296303	li
粱	296302	liang
嚓	296301	ca
惮	296300	dan
氖	296299	nai
捎	296298	shao
羔	296297	gao
囱	296296	chuang
俟	296296	qi
渲	296295	xuan
榄	296294	lan
桅	296293	gui
茧	296293	jian
霓	296292	ni
纶	296291	guan
鹉	296291	wu
胥	296290	xu
琶	296289	pa
撬	296288	qiao
帧	296288	zheng
橘	296287	ju
拈	296285	nian
袒	296285	zhan
笆	296284	ba
痊	296283	quan
俾	296282	bei
亟	296282	ji
拌	296281	pan
渭	296281	wei
橙	296280	deng
狙	296280	ju
穹	296280	kong
暨	296279	jie
珂	296279	ke
刨	296278	pao
蜕	296277	tui
谚	296276	yan
憧	296275	chong
瞟	296274	piao
馒	296273	man
拗	296272	ao
帚	296271	zhou
钗	296270	chai
哧	296269	chi
喋	296268	die
箫	296267	xiao
滇	296267	zhen
刁	296266	diao
撮	296266	zuan
怦	296265	peng
缭	296264	liao
迥	296263	jiong
湄	296262	mei
磐	296261	pan
彗	296260	sui
渝	296260	yu
冗	296259	rong
闵	296258	min
噶	296257	ga
黏	296256	nian
蕃	296255	fan
弼	296254	bi
磺	296254	gong
劾	296254	kai
驿	296253	yi
淄	296252	zi
嚓	296251	cha
饺	296251	jiao
踞	296250	ju
韬	296249	tao
婷	296248	ting
唆	296247	suo
俟	296246	si
蜒	296246	yan
偎	296245	wei
榨	296244	zha
茧	296243	chong
漉	296243	lu
碉	296242	diao
皈	296241	gui
矜	296240	jin
笈	296239	ji
枷	296238	jia
撩	296237	lao
鲨	296237	sha
蹑	296236	nie
瀚	296235	han
酪	296234	lao
谑	296233	xue
俾	296232	pi
癖	296232	pi
亟	296232	qi
烬	296231	jin
橙	296230	chen
揩	296230	kai
炙	296229	zhi
刨	296228	bao
蜷	296228	quan
蜕	296227	yue
侏	296227	zhu
凋	296226	diao
漪	296225	yi
憧	296225	zhuang
悻	296224	xing
蹋	296223	ta
讪	296222	shan
搐	296221	chu
碘	296220	dian
帛	296219	bo
哧	296219	xia
诠	296218	quan
喋	296218	zha
碾	296217	nian
撮	296216	chua
擂	296216	lei
苯	296215	ben
诃	296214	he
铎	296213	duo
戊	296212	wu
荀	296211	xun
驹	296210	ju
攫	296209	jue
憬	296208	jing
噶	296207	ge
哽	296207	geng
踵	296206	zhong
蕃	296205	bo
蟒	296205	mang
漾	296204	yang
啧	296203	ze
吮	296202	shun
楠	296201	nan
氟	296200	fu
怂	296199	song
叼	296198	diao
竣	296197	jun
唆	296197	shua
偕	296196	xie
漩	296195	xuan
蹭	296194	ceng
翌	296193	yi
臆	296192	yi
挝	296191	wo
矜	296190	qin
绚	296190	xuan
崽	296189	zai
糜	296188	mi
瘢	296187	ban
跤	296186	jiao
拈	296185	dian
阑	296185	lan
酪	296184	luo
恬	296184	tian
豢	296183	huan
汶	296182	wen
跷	296181	qiao
揩	296180	jia
琵	296180	pi
憨	296179	han
蜷	296178	juan
蜗	296178	wo
螅	296177	xi
侏	296177	zhou
惴	296176	zhui
戟	296175	ji
匮	296174	kui
恙	296173	yang
抿	296172	min
拗	296172	niu
桢	296171	zhen
笺	296170	jian
蛤	296169	ha
哧	296169	he
喋	296168	qie
瞳	296168	tong
瓢	296166	piao
衹	296165	zhi
秤	296164	cheng
跺	296163	duo
潦	296162	lao
芹	296161	qin
哒	296160	da
饬	296159	chi
栩	296158	xu
曦	296157	xi
哽	296157	ying
骷	296156	ku
嫡	296155	di
蟒	296155	meng
卤	296154	lu
丕	296153	pi
鬓	296152	bin
梓	296151	zi
嗖	296150	sou
惦	296149	dian
浚	296148	jun
捎	296148	xiao
咔	296147	ka
蜒	296146	dan
偕	296146	jie
藐	296146	miao
荃	296145	quan
唧	296144	ji
玺	296143	xi
汛	296142	xun
铐	296141	kao
挝	296141	zhua
矜	296140	guan
髅	296140	lou
渤	296139	bo
糜	296138	mei
皿	296138	min
箍	296137	gu
跤	296136	qiao
馅	296136	xian
汾	296135	fen
酪	296134	lu
戍	296134	shu
痔	296133	zhi
褶	296132	zhe
聆	296131	ling
涎	296130	xian
汞	296129	gong
渍	296128	zi
螅	296127	ci
奂	296127	huan
惴	296126	chuan
巅	296126	dian
疣	296125	you
匮	296124	gui
傩	296124	nuo
逵	296123	kui
耆	296122	qi
拗	296122	yu
蟋	296121	xi
鳄	296120	e
讹	296119	e
蛤	296119	ge
膺	296118	ying
蹿	296117	cuan
筏	296116	fa
釜	296115	fu
衹	296115	ti
沂	296114	yi
坯	296113	pi
潦	296112	liao
峦	296112	luan
茬	296111	cha
摒	296110	bing
蟀	296109	shuai
撵	296108	nian
栩	296108	yu
浒	296107	hu
缤	296106	bin
嵋	296105	mei
蕃	296105	pi
珑	296104	long
卤	296104	xi
苞	296103	bao
瑾	296102	jin
泵	296101	beng
钾	296100	jia
嗖	296100	su
暧	296099	ai
赓	296098	geng
捎	296098	qiao
浚	296098	xun
叟	296097	sou
藐	296096	mo
佚	296096	yi
荃	296095	chuo
沓	296095	da
唧	296094	jie
撂	296094	liao
蛊	296093	gu
甥	296092	sheng
璐	296091	lu
晏	296090	yan
瘪	296089	bie
皿	296088	ming
漳	296088	zhang
阉	296087	yan
蹂	296086	rou
汾	296085	pen
鳃	296085	sai
琏	296084	lian
湃	296083	pai
褶	296082	die
辘	296082	lu
汶	296082	min
僭	296081	jian
躏	296080	lin
涎	296080	yan
鼾	296079	han
懵	296078	meng
镰	296077	lian
惴	296076	gua
寐	296076	mei
褚	296075	chu
攥	296074	zuan
涧	296073	jian
蝙	296072	bian
耆	296072	zhi
脐	296071	qi
辕	296070	yuan
涣	296069	huan
杞	296068	qi
煜	296067	yu
骥	296066	ji
傣	296065	dai
嗳	296064	ai
秤	296064	ping
沂	296064	yin
坯	296063	huai
祯	296063	zhen
酉	296062	you
茬	296061	chi
秸	296061	jie
捺	296060	na
瑕	296059	xia
鑫	296058	xin
馋	296057	chan
哽	296057	g
浒	296057	xu
窿	296056	long
楔	296055	xie
胱	296054	guang
荔	296053	li
苞	296053	pao
蟆	296052	ma
泵	296051	pin
湍	296051	tuan
屹	296050	yi
暧	296049	nuan
遐	296049	xia
浚	296048	cun
轲	296048	ke
咔	296047	nong
镯	296047	zhuo
佚	296046	die
缰	296046	jiang
桦	296045	hua
沓	296045	ta
炖	296044	dun
钡	296043	bei
羚	296042	ling
啬	296041	se
诩	296040	xu
绯	296039	fei
掖	296038	ye
箓	296037	lu
涸	296036	he
鸳	296035	yuan
塾	296034	shu
湃	296033	ba
呸	296033	pei
抡	296032	lun
汶	296032	men
褶	296032	xi
擞	296031	sou
僭	296031	zen
涎	296030	dian
熹	296030	xi
坷	296029	ke
瓮	296028	weng
亘	296027	gen
嗟	296026	jie
筵	296025	yan
褚	296025	zhe
跛	296024	bo
汕	296023	shan
蝙	296022	pian
耆	296022	shi
欤	296022	yu
壑	296021	he
颍	296020	ying
蛤	296019	e
涣	296019	hui
溥	296019	pu
姗	296018	shan
踊	296017	yong
枭	296016	xiao
衹	296015	qi
暄	296015	xuan
稷	296014	ji
跚	296013	shan
涟	296012	lian
秸	296011	ji
瀛	296011	ying
笙	296010	sheng
滕	296009	teng
踝	296008	huai
鑫	296008	xun
贰	296007	er
瞰	296006	kan
恻	296005	ce
嚏	296004	ti
苞	296003	biao
迢	296003	tiao
獗	296002	jue
蟆	296002	mo
邯	296001	han
泵	296001	liu
湍	296001	zhuan
屹	296000	ge
睑	296000	jian
赡	295999	shan
萦	295998	ying
珥	295997	er
叟	295997	xiao
酮	295996	tong
璞	295995	pu
羹	295994	geng
炖	295994	tun
缄	295993	jian
晾	295992	liang
俸	295991	feng
媲	295990	pi
鸾	295989	luan
恿	295988	yong
蜿	295987	wan
犊	295986	du
讷	295985	ne
扈	295984	hu
蜈	295983	wu
翟	295982	di
藕	295981	ou
戌	295980	xu
蓓	295979	bei
鋆	295978	yun
谩	295977	man
亘	295977	xuan
谀	295976	yu
卯	295975	mao
褚	295975	zhu
谙	295974	an
跛	295974	bi
岐	295973	qi
汕	295973	shuan
蝎	295972	xie
壑	295971	huo
荼	295971	tu
镀	295970	du
溥	295969	fu
椰	295969	ye
甄	295968	zhen
蟾	295967	chan
蹊	295966	qi
泞	295965	ning
撸	295964	lu
稷	295964	ze
螃	295963	pang
檬	295962	meng
猓	295961	guo
蔷	295960	qiang
羲	295959	xi
瘸	295958	que
蘸	295957	zhan
蔗	295956	zhe
傀	295955	gui
蚌	295954	bang
锢	295953	gu
遽	295952	ju
邃	295951	sui
恚	295950	hui
皑	295949	ai
锵	295948	qiang
簌	295947	su
焙	295946	bei
酮	295946	dong
昊	295945	hao
鹳	295944	guan
羹	295944	lang
睽	295943	kui
刽	295942	gui
俸	295941	beng
鳖	295941	bie
媲	295940	bi
噎	295940	ye
呗	295939	bei
寰	295938	huan
恿	295938	tong
唷	295937	yo
殡	295936	bin
淖	295935	nao
诰	295934	gao
恣	295933	zi
睐	295932	lai
翟	295932	zhai
婵	295931	chan
榈	295930	lv
戌	295930	qu
氦	295929	hai
坷	295929	jiong
靳	295928	jin
鋆	295928	jun
亘	295927	geng
蛹	295927	yong
嗟	295926	jue
鸯	295926	yang
惬	295925	qie
蹙	295924	cu
跛	295924	po
诙	295923	hui
眈	295922	dan
蝎	295922	he
荼	295921	cha
罡	295921	gang
缮	295920	shan
溥	295919	bu
胤	295919	yin
皋	295918	gao
蛀	295917	zhu
偌	295916	ruo
蹊	295916	xi
疵	295915	ci
泞	295915	zhu
绛	295914	jiang
螃	295913	bang
葆	295913	bao
黔	295912	qian
喙	295911	hui
猓	295911	luo
烽	295910	feng
儡	295909	lei
佼	295908	jiao
斓	295907	lan
嫔	295906	pin
颚	295905	e
傀	295905	kui
蚌	295904	beng
龈	295904	ken
盅	295903	zhong
遽	295902	qu
娓	295902	wei
坂	295901	ban
町	295900	ting
芥	295899	jie
瘠	295898	ji
阂	295897	he
酮	295896	chong
挎	295896	kua
橇	295895	qiao
荟	295894	hui
啜	295893	chuai
垛	295892	duo
淇	295891	qi
噎	295890	yi
瓒	295890	zan
呗	295889	bai
篓	295889	lou
虱	295888	shi
寰	295888	xian
跻	295887	ji
唷	295887	yu
龛	295886	kan
蹒	295885	pan
淖	295885	zhao
髯	295884	ran
瞠	295883	cheng
痫	295882	xian
掂	295881	dian
潼	295880	tong
酰	295879	xian
镁	295878	mei
灸	295877	jiu
腆	295876	tian
筱	295875	xiao
谆	295874	zhun
骋	295873	cheng
眈	295872	chen
壬	295872	ren
茗	295871	ming
荼	295871	ye
椋	295870	liang
溥	295869	bo
蛔	295869	hui
潺	295868	chan
皋	295868	hao
甄	295868	juan
扉	295867	fei
偌	295866	re
耘	295866	yun
槟	295865	bin
疵	295865	zi
雹	295864	bao
甬	295863	yong
谥	295862	shi
淞	295861	song
喙	295861	zhou
燎	295860	liao
蕙	295859	hui
蚪	295858	dou
蜻	295857	qing
郸	295856	dan
傀	295855	kuai
轶	295855	yi
蚌	295854	pi
龈	295854	yin
狰	295854	zheng
盅	295853	chong
楣	295853	mei
捋	295852	lv
涓	295851	juan
荪	295850	sun
芥	295849	gai
娄	295849	lou
麝	295848	she
蚤	295847	zao
挎	295846	ku
薰	295846	xun
醮	295845	jiao
搪	295844	tang
啜	295843	chuo
睽	295843	ji
谧	295843	mi
湮	295842	yan
辍	295841	chuo
瞌	295840	ke
噎	295840	sha
梆	295839	bang
樟	295838	zhang
茉	295837	mo
岖	295836	qu
臼	295835	jiu
淖	295835	zhuo
癣	295834	xuan
穑	295833	se
瞠	295833	zheng
玷	295832	dian
馍	295831	mo
潼	295830	chong
呷	295830	ga
萼	295829	e
妩	295828	wu
伫	295827	zhu
彤	295826	tong
莓	295825	mei
岬	295824	jia
媛	295823	yuan
惆	295822	chou
荼	295821	shu
鳎	295821	ta
啾	295820	jiu
囔	295819	nang
溥	295819	po
皋	295818	gu
蜓	295818	ting
孺	295817	ru
徇	295816	xun
槟	295815	bing
疵	295815	zhai
焊	295814	han
岱	295813	dai
甬	295813	dong
昵	295812	ni
卅	295811	sa
飙	295810	biao
邙	295809	mang
痞	295808	pi
佼	295808	xiao
蜻	295807	jing
隼	295807	sun
恫	295806	dong
怆	295805	chuang
蚌	295804	feng
桀	295804	jie
绶	295803	shou
裆	295802	dang
捋	295802	luo
盂	295801	yu
涓	295801	yuan
町	295800	ding
桧	295800	gui
蚓	295799	yin
抠	295798	kou
嗷	295797	ao
蚤	295797	zhao
槌	295796	chui
挎	295796	kou
痘	295795	dou
醮	295795	qiao
痢	295794	li
芮	295793	rui
啜	295793	zhuo
蚣	295792	gong
湮	295792	yin
闩	295791	shuan
铿	295790	keng
飓	295789	ju
疱	295788	pao
蝌	295787	ke
撅	295786	jue
淖	295785	chuo
蚯	295785	qiu
斡	295784	wo
窠	295783	ke
荚	295782	jia
耷	295781	da
呷	295780	xia
砚	295780	yan
潼	295780	zhong
牒	295779	die
赈	295778	zhen
煦	295777	xu
嗫	295776	nie
耙	295775	ba
榕	295774	rong
鞑	295773	da
袤	295772	mao
惆	295772	qiu
谌	295771	chen
醺	295770	xun
秆	295769	gan
蜓	295768	dian
徨	295768	huang
橹	295767	lu
翡	295766	fei
疵	295765	ji
缨	295765	ying
锹	295764	qiao
嵇	295763	ji
圪	295762	ge
髻	295761	ji
嗬	295760	he
辎	295759	zi
痣	295758	zhi
娩	295757	mian
谄	295756	chan
恫	295756	tong
蛐	295755	qu
鹞	295754	yao
翱	295753	ao
庖	295752	pao
籁	295751	lai
涓	295751	xuan
桧	295750	hui
蓿	295750	xu
町	295750	zheng
鳗	295749	man
疟	295748	nve
鲇	295747	nian
槌	295746	zhui
嚅	295745	ru
醮	295745	zhan
瘀	295744	yu
颔	295743	han
芮	295743	ruo
黜	295742	chu
蚣	295742	zhong
黠	295741	xia
濑	295740	lai
馁	295739	nei
洵	295738	xun
忐	295737	tan
忑	295736	te
砥	295735	di
斡	295734	guan
咂	295734	za
罹	295733	li
糠	295732	kang
匝	295731	za
耷	295731	zhe
偃	295730	yan
淙	295729	cong
纫	295728	ren
喏	295727	nuo
煦	295727	xiu
闾	295726	lv
耙	295725	pa
祛	295725	qu
蛰	295724	zhe
腼	295723	mian
惆	295722	dao
涝	295722	lao
袤	295722	mou
曜	295721	yao
厩	295720	jiu
疽	295719	ju
闰	295718	run
洄	295717	hui
煊	295716	xuan
汐	295715	xi
藓	295714	xian
璜	295713	huang
嵇	295713	xi
铬	295712	ge
圪	295712	yi
昵	295712	zhi
髻	295711	jie
渥	295710	wo
靼	295709	da
酗	295708	xu
苓	295707	ling
娩	295707	wan
噤	295706	jin
咫	295705	zhi
椿	295704	chun
鲫	295703	ji
锭	295702	ding
罔	295701	wang
蓿	295700	su
町	295700	tian
锺	295700	zhong
匍	295699	pu
疟	295698	yao
祗	295698	zhi
锰	295697	meng
槌	295696	dui
岌	295696	ji
馀	295695	yu
畹	295694	wan
糯	295693	nuo
胫	295692	jing
熠	295691	yi
銮	295690	luan
沅	295689	yuan
棣	295688	di
洵	295688	xuan
旌	295687	jing
忐	295687	keng
忑	295686	dao
豌	295686	wan
孢	295685	bao
砥	295685	zhi
镭	295684	lei
驸	295683	fu
腌	295682	yan
盹	295681	dun
呷	295680	jia
熵	295680	shang
镐	295679	gao
淙	295679	shuang
馐	295678	xiu
喏	295677	re
嘤	295677	ying
癞	295676	lai
骰	295675	tou
韭	295674	jiu
阖	295673	he
瞑	295672	ming
裨	295671	bi
宕	295670	dang
戾	295669	li
镌	295668	juan
溟	295667	ming
牍	295666	du
隽	295665	juan
婊	295664	biao
鹄	295663	gu
埂	295662	geng
拄	295661	zhu
渥	295660	ou
娲	295660	wa
虬	295659	qiu
萱	295658	xuan
啵	295657	bo
苓	295657	lian
娩	295657	wen
蠡	295656	li
芋	295655	yu
胭	295654	yan
豺	295653	chai
啻	295652	chi
褛	295651	lv
蛆	295650	qu
柠	295649	ning
掰	295648	bai
篆	295647	zhuan
倌	295646	guan
咛	295645	ning
畹	295644	yuan
蛭	295644	zhi
谡	295643	su
荨	295642	xun
莞	295641	guan
澹	295640	dan
纭	295639	yun
潞	295638	lu
棣	295638	ti
郅	295637	zhi
撅	295636	gui
弋	295636	yi
飕	295635	sou
螳	295634	tang
胄	295633	zhou
腌	295632	a
蟑	295632	zhang
猥	295631	wei
盹	295631	zhun
宓	295630	mi
镐	295629	hao
昙	295629	tan
锏	295628	jian
蟠	295627	pan
柑	295625	gan
骰	295625	gu
烯	295624	xi
匐	295623	fu
瞑	295622	meng
濮	295622	pu
裨	295621	pi
蟮	295621	shan
祐	295620	you
仄	295619	ze
偈	295618	ji
蜃	295617	shen
箴	295616	zhen
隽	295615	jun
粼	295615	lin
嗥	295614	hao
鹄	295613	hu
褴	295613	lan
蕨	295612	jue
蓟	295611	ji
圩	295610	wei
渥	295610	wu
孪	295609	luan
杳	295608	yao
魇	295607	yan
荤	295606	hun
诿	295605	wei
簪	295604	zan
氲	295603	yun
啻	295602	di
摞	295602	luo
飒	295601	sa
蛆	295600	ju
镂	295600	lou
柠	295599	chu
舀	295599	yao
夙	295598	su
臧	295597	zang
蒿	295596	hao
貂	295595	diao
蜥	295594	xi
蹩	295593	bie
噼	295592	pi
荨	295592	qian
钛	295591	tai
莞	295591	wan
钚	295590	bu
澹	295590	tan
獾	295589	huan
棣	295588	dai
濂	295588	lian
郅	295587	ji
铠	295587	kai
皙	295586	xi
霭	295585	ai
鲈	295584	lu
叵	295583	po
腌	295582	ang
霾	295582	mai
泯	295581	min
碴	295580	cha
宓	295580	fu
鸵	295579	tuo
昙	295579	yu
峪	295578	yu
蟠	295577	fan
饕	295577	tao
瘁	295576	cui
柑	295575	qian
睢	295575	sui
鬃	295574	zong
迩	295573	er
瞑	295572	mian
纣	295572	zhou
夔	295571	kui
垠	295570	yin
饨	295569	tun
偈	295568	jie
榭	295568	xie
隍	295567	huang
溟	295567	mi
箴	295566	jian
娑	295566	suo
篝	295565	gou
榔	295564	lang
洌	295563	lie
浜	295562	bang
鲑	295561	gui
谔	295560	e
圩	295560	xu
汩	295559	gu
浣	295558	huan
舐	295557	shi
瞭	295556	liao
蠡	295556	luo
荤	295556	xun
忻	295555	xin
芋	295555	xu
咻	295554	xiu
鹑	295553	chun
唑	295552	zuo
懋	295551	mao
皎	295550	jiao
诒	295549	yi
柠	295549	zhu
麾	295548	hui
臧	295547	cang
辏	295547	cou
氐	295546	di
蒿	295546	gao
冽	295545	lie
箕	295544	ji
俚	295543	li
汴	295542	bian
宸	295541	chen
芍	295540	shao
獾	295539	quan
摈	295538	bin
濂	295538	xian
簦	295536	deng
箔	295535	bo
咝	295534	si
孀	295533	shuang
霾	295532	li
怏	295532	yang
泯	295531	mian
谝	295531	pian
砧	295530	zhen
馕	295529	nang
耄	295528	mao
罂	295527	ying
漕	295526	cao
沣	295525	feng
睢	295525	hui
栾	295524	luan
烷	295522	wan
榷	295521	que
垠	295520	ken
俑	295520	yong
沱	295519	tuo
偈	295518	qi
缜	295518	zhen
鹫	295517	jiu
蛳	295516	si
剽	295515	piao
衢	295514	qu
泗	295513	si
浜	295512	bin
臊	295512	sao
鲑	295511	xie
瘴	295511	zhang
酚	295510	fen
圩	295510	yu
纾	295509	shu
汩	295509	yu
晁	295508	chao
孛	295507	bei
炀	295506	yang
叁	295505	san
憩	295504	qi
咻	295504	xu
掬	295503	ju
椤	295502	luo
唑	295502	shi
啮	295501	nie
畿	295500	ji
掸	295499	dan
镣	295498	liao
骁	295497	xiao
椽	295496	chuan
侗	295495	dong
滦	295494	luan
荩	295493	jin
泓	295492	hong
蚱	295491	zha
癜	295490	dian
澹	295490	shan
芍	295490	xiao
酯	295489	zhi
癸	295487	gui
蚜	295486	ya
扪	295485	men
庑	295484	wu
歆	295483	xin
蝮	295482	fu
蹶	295481	jue
弈	295480	yi
庋	295479	gui
喟	295478	kui
滂	295477	pang
啕	295476	tao
蛎	295475	li
睢	295475	wei
獭	295474	ta
槁	295473	gao
翊	295472	yi
龊	295471	chuo
邺	295470	ye
沱	295469	duo
莘	295469	shen
燮	295468	xie
剁	295467	duo
觐	295466	jin
铛	295465	dang
谗	295464	chan
镍	295463	nie
臃	295462	yong
墒	295461	shang
晔	295460	ye
燔	295459	fan
汩	295459	hu
嘭	295458	peng
晁	295458	zhao
孛	295457	bo
涿	295457	zhuo
醯	295456	xi
箩	295455	luo
鄱	295454	po
咻	295454	xiao
睨	295453	ni
诤	295452	zheng
坳	295451	ao
鹭	295450	lu
掸	295449	shan
砷	295449	shen
唏	295448	xi
伲	295447	ni
猬	295446	wei
氐	295446	zhi
琥	295445	hu
侗	295445	tong
殁	295444	mo
蚩	295443	chi
泾	295442	jing
缥	295441	piao
殓	295440	lian
芍	295440	que
鳅	295439	qiu
氰	295438	qing
诋	295437	di
刍	295436	chu
芷	295435	zhi
嶙	295434	lin
逅	295433	hou
舫	295432	fang
呓	295431	yi
唰	295430	shua
茁	295429	zhuo
喟	295428	huai
馑	295428	jin
妫	295427	gui
滂	295427	peng
骧	295426	xiang
苷	295425	gan
擢	295424	zhuo
槁	295423	kao
峋	295423	xun
袂	295422	mei
懑	295421	men
邺	295420	qiu
蓑	295420	suo
沱	295419	chi
莘	295419	xin
涞	295418	lai
祉	295417	zhi
踹	295416	chuai
铛	295415	cheng
掇	295415	duo
沏	295414	qi
诳	295413	kuang
噫	295412	yi
饽	295411	bo
饪	295410	ren
燔	295409	fen
绺	295409	liu
谘	295408	zi
飧	295407	sun
迳	295406	jing
铡	295405	zha
枞	295404	cong
鄱	295404	pi
熨	295403	yun
鋈	295402	wu
荭	295401	hong
赊	295400	she
俦	295399	chou
戛	295398	jia
唏	295398	xie
湎	295397	mian
幺	295396	yao
凇	295395	song
芪	295394	qi
殁	295394	wen
觯	295393	zhi
龌	295392	wo
挞	295391	ta
芍	295390	di
嬴	295390	ying
苻	295389	fu
嘁	295388	qi
鞯	295387	jian
肽	295386	tai
恸	295385	tong
迨	295384	dai
钰	295383	yu
儆	295382	jing
蹶	295381	gui
觎	295381	yu
讫	295380	qi
茁	295379	zhu
滓	295379	zi
僮	295378	tong
媾	295377	gou
龇	295376	zi
胯	295375	kua
涮	295374	shuan
绾	295373	wan
杈	295372	cha
袂	295372	yi
赳	295371	jiu
斛	295370	hu
蓑	295370	sui
觥	295369	gong
疸	295368	dan
卞	295367	bian
踹	295366	shuan
愠	295366	yun
剽	295365	biao
拮	295365	jie
沏	295364	qie
庠	295364	xiang
烨	295363	ye
噫	295362	ai
龢	295362	he
菠	295361	bo
窈	295360	yao
罄	295359	qing
囤	295358	dun
弁	295357	bian
奘	295356	zang
咣	295355	guang
鄱	295354	pan
缫	295354	sao
枞	295354	zong
熨	295353	yu
腴	295353	yu
缈	295352	miao
喵	295351	miao
坳	295351	you
潢	295350	huang
遛	295349	liu
戛	295348	ga
柚	295348	you
郏	295347	jia
荻	295346	di
幺	295346	mi
藜	295345	li
芪	295344	chi
琨	295344	kun
镳	295343	biao
雉	295342	zhi
橐	295341	tuo
骈	295339	pian
苻	295339	pu
蛉	295338	ling
嘁	295338	zu
艮	295337	gen
搽	295336	cha
濡	295335	ru
寮	295334	liao
柩	295333	jiu
佗	295332	tuo
啷	295331	lang
诜	295330	shen
偻	295328	lou
僮	295328	zhuang
夯	295327	hang
闱	295326	wei
谖	295325	xuan
涮	295324	shua
枸	295323	gou
膑	295322	bin
虻	295321	meng
筠	295320	yun
埽	295319	sao
笞	295318	chi
疸	295318	da
卞	295317	pan
臾	295317	yu
踹	295316	duan
婀	295316	e
拮	295315	jia
珞	295315	luo
掇	295315	zhuo
粑	295314	ba
怵	295313	chu
绻	295312	quan
殒	295311	yun
觊	295310	ji
崂	295309	lao
颧	295308	quan
囤	295308	tun
嗑	295307	ke
弁	295307	pan
榛	295306	zhen
奘	295306	zhuang
咣	295305	gong
昱	295305	yu
蜴	295304	yi
鳝	295303	shan
熨	295303	wei
噙	295302	qin
淼	295301	miao
矾	295300	fan
硼	295299	peng
囿	295298	you
泅	295297	qiu
邂	295296	xie
钜	295295	ju
蠹	295294	du
垩	295293	e
乩	295292	ji
雉	295292	kai
橐	295291	du
嗝	295291	ge
淦	295290	gan
樽	295289	zun
诮	295288	qiao
嘁	295288	za
揆	295287	kui
啐	295286	cui
濡	295285	ruan
淅	295285	xi
榉	295284	ju
馗	295283	kui
辔	295282	pei
暹	295281	xian
骛	295280	wu
鱿	295279	you
僮	295278	chong
偻	295278	lv
苫	295278	shan
夯	295277	ben
犷	295277	guang
獠	295276	liao
詈	295275	li
竦	295274	song
篙	295273	gao
诨	295272	hun
铰	295271	jiao
馄	295270	hun
筠	295270	jun
蜚	295269	fei
峒	295268	dong
滢	295267	ying
踹	295266	chuan
琬	295266	wan
愠	295266	wen
靓	295265	jing
珞	295265	li
狻	295264	suan
璨	295263	can
怵	295263	xu
犟	295262	jiang
鸬	295261	lu
螨	295260	man
芩	295259	qin
嘹	295258	liao
锟	295257	kun
蜇	295256	zhe
洹	295255	huan
蜴	295254	xi
栉	295254	zhi
俪	295253	li
钍	295252	tu
锨	295251	xian
潢	295250	guang
瑁	295250	mao
壹	295249	yi
痿	295248	wei
柚	295248	zhou
竑	295247	hong
泅	295247	you
粕	295246	po
犄	295245	ji
瘙	295244	sao
饯	295243	jian
垩	295243	sheng
抟	295242	tuan
雉	295242	yi
橐	295241	luo
衲	295241	na
踮	295240	dian
淦	295240	han
龅	295239	bao
愎	295238	bi
馥	295237	fu
艮	295237	hen
梏	295236	gu
啐	295236	zu
濡	295235	er
讣	295235	fu
邝	295234	kuang
艿	295233	nai
馗	295233	qiu
趺	295232	fu
鲟	295231	xun
剜	295230	wan
绉	295229	zhou
罅	295228	xia
笥	295227	si
衩	295226	cha
獠	295226	lao
姣	295225	jiao
斫	295224	zhuo
鹗	295223	e
枸	295223	ju
爻	295221	yao
猕	295220	mi
晗	295219	han
铩	295218	sha
峒	295218	tong
窕	295217	tiao
臾	295217	yong
仨	295216	sa
靓	295215	liang
搡	295215	sang
崴	295214	wai
狻	295214	xun
酢	295213	cu
檄	295212	xi
佞	295211	ning
孑	295210	jie
璀	295209	cui
芩	295209	yin
岷	295208	min
舛	295207	chuan
嗑	295207	he
邕	295206	yong
闿	295205	kai
铂	295204	bo
霁	295203	ji
犒	295202	kao
馏	295201	liu
阈	295200	yu
麋	295199	mi
壹	295199	yin
麒	295198	qi
苁	295197	cong
摁	295196	en
涔	295195	cen
犄	295195	yi
宥	295194	you
妍	295193	yan
铤	295192	ding
雉	295192	si
锷	295191	e
嗲	295190	die
恽	295189	yun
麂	295188	ji
馥	295187	bi
赝	295187	yan
胛	295186	jia
梏	295186	jue
啐	295186	za
濡	295185	nuan
哂	295185	shen
撷	295184	xie
呶	295183	nao
艿	295183	reng
噘	295182	jue
佗	295182	yi
懔	295181	lin
栎	295180	li
桎	295179	zhi
苫	295178	tian
霰	295178	xian
飨	295177	xiang
揄	295176	yu
噔	295175	deng
斫	295174	chuo
娣	295174	di
枸	295173	qu
薏	295173	yi
忝	295172	tian
爻	295171	xiao
咤	295171	zha
嗵	295170	tong
蜚	295169	pei
迤	295169	yi
贲	295168	ben
臾	295167	kui
胪	295167	lu
鍪	295166	mou
泸	295165	lu
狻	295164	jun
蔫	295164	nian
崴	295164	wei
刈	295163	yi
酢	295163	zuo
僖	295162	xi
咿	295161	yi
鹌	295160	an
嗪	295159	qin
茏	295158	long
茯	295157	fu
嗑	295157	xia
岫	295156	xiu
嵘	295155	rong
轱	295154	gu
怼	295153	dui
铨	295152	quan
昕	295151	xin
郢	295150	ying
咩	295149	mie
馊	295148	sou
髡	295147	kun
澧	295146	li
苣	295145	ju
涔	295145	qian
濯	295144	zhuo
盥	295143	guan
囡	295142	nan
铤	295142	ting
砺	295141	li
嗲	295140	dia
佘	295140	she
谶	295139	chen
弑	295138	shi
楂	295137	zha
啐	295136	e
翦	295136	jian
怩	295135	ni
濡	295135	nuo
蠼	295134	qu
霏	295133	fei
呶	295133	na
楹	295132	ying
懔	295131	lan
讴	295131	ou
锲	295130	qie
栎	295130	yue
慵	295129	yong
苫	295128	chan
霰	295128	san
胝	295128	zhi
砭	295127	bian
揄	295126	chou
潍	295126	wei
杵	295125	chu
姣	295125	xiao
樾	295124	yue
帼	295123	guo
碣	295122	jie
诌	295121	zhou
徕	295120	lai
蜚	295119	bei
胴	295119	dong
贲	295118	bi
钴	295118	gu
裟	295117	sha
啶	295116	ding
铣	295115	xi
蔫	295114	yan
铱	295114	yi
楫	295113	ji
赭	295112	zhe
碛	295111	qi
酊	295110	ding
魑	295109	chi
醛	295108	quan
剐	295107	gua
畦	295106	qi
陂	295105	bei
闶	295104	kang
阄	295103	jiu
祚	295102	zuo
鹘	295101	gu
昕	295101	xuan
郢	295100	cheng
泱	295100	yang
趄	295099	ju
骅	295098	hua
陲	295097	chui
郧	295096	yun
苣	295095	qu
倜	295095	ti
涔	295095	zan
呤	295094	ling
濯	295094	shuo
燧	295093	sui
囡	295092	nie
铉	295092	xuan
粲	295091	can
骶	295090	di
峁	295089	mao
忸	295088	niu
楂	295087	cha
渌	295087	lu
啐	295086	chuai
骞	295086	qian
髭	295085	zi
蠼	295084	jue
戡	295084	kan
呶	295083	nu
钨	295083	wu
谲	295082	jue
苋	295081	xian
锃	295080	zeng
蜊	295079	li
胝	295078	chi
幄	295078	wo
闼	295077	ta
戕	295076	qiang
揄	295076	you
骊	295075	li
虢	295074	guo
烩	295073	hui
碣	295072	ke
傥	295072	tang
妲	295071	da
绌	295070	chu
迤	295069	tuo
桠	295069	ya
袈	295068	jia
鎗	295067	qiang
薮	295066	sou
揿	295065	qin
铣	295065	xian
杲	295064	gao
肓	295063	huang
厝	295062	cuo
莅	295061	li
氤	295060	yin
缙	295059	jin
醛	295058	chuo
衮	295058	gun
诟	295057	gou
旖	295056	yi
陂	295055	pi
硒	295055	xi
唁	295054	yan
嬗	295053	shan
硎	295052	xing
裱	295051	biao
鹘	295051	hu
颦	295050	pin
趄	295049	qie
靥	295048	ye
纥	295047	ge
煨	295046	wei
礴	295045	bo
倜	295045	diao
鏖	295044	ao
濯	295044	zhao
蝈	295043	guo
笏	295042	hu
羿	295041	yi
鼐	295040	nai
湟	295039	huang
甑	295038	zeng
炜	295037	wei
煲	295036	bao
锉	295035	cuo
笕	295034	jian
戡	295034	zhen
喑	295033	yin
嶂	295032	zhang
浔	295031	xun
弭	295030	mi
妪	295029	yu
胝	295028	di
锂	295028	li
苡	295027	yi
揄	295026	shu
戕	295026	zang
孳	295026	zi
颏	295025	ke
醴	295024	li
碣	295022	ya
渚	295022	zhu
轭	295021	e
鹬	295020	yu
蚝	295019	hao
膘	295017	biao
鎗	295017	cheng
邛	295016	qiong
痨	295015	lao
褡	295014	da
耦	295013	ou
厝	295012	ji
覃	295012	tan
氤	295010	yan
馔	295010	zhuan
篾	295009	mie
兖	295008	yan
阋	295007	xi
遨	295006	ao
陂	295005	bi
爰	295005	yuan
痂	295004	jia
嬗	295003	chan
艄	295003	shao
硎	295002	keng
耨	295002	nou
沤	295001	ou
邋	295000	la
焓	294999	han
秣	294998	mo
昶	294997	chang
纥	294997	he
煨	294996	yu
倜	294995	zhou
鏖	294994	biao
窣	294994	su
绦	294993	tao
笏	294992	wen
俎	294992	zu
榫	294991	sun
蟪	294990	hui
稗	294989	bai
湟	294989	kuang
謇	294988	jian
氩	294987	ya
锴	294985	kai
龉	294984	yu
烃	294983	ting
俣	294982	yu
嬷	294981	ma
肱	294980	gong
鸢	294979	yuan
笫	294978	zi
痤	294977	cuo
揄	294976	yao
菏	294975	he
莆	294974	pu
芨	294973	ji
阕	294972	que
砣	294971	tuo
碜	294970	chen
蚝	294969	ci
鼹	294969	yan
膘	294967	piao
猷	294967	you
竽	294966	yu
舸	294965	ge
诓	294964	kuang
錾	294963	zan
淬	294962	cui
覃	294962	qin
隗	294961	kui
悌	294960	ti
姘	294959	pin
槭	294958	qi
邈	294957	miao
婕	294956	jie
陂	294955	po
歙	294955	she
稹	294954	zhen
蹴	294953	cu
砒	294952	pi
痈	294951	yong
邋	294950	lie
镏	294950	liu
羯	294949	jie
豕	294948	shi
鲂	294947	fang
蓖	294946	bi
匦	294945	gui
笤	294944	tiao
峥	294943	zheng
笏	294942	wu
徭	294942	yao
浃	294941	jia
烊	294940	yang
窸	294938	xi
酆	294937	feng
缢	294936	yi
褓	294935	bao
蚨	294934	fu
翳	294933	yi
趔	294932	lie
炔	294931	gui
嬷	294931	mo
誊	294930	teng
赜	294929	ze
仃	294928	ding
勖	294927	xu
葺	294926	qi
菏	294925	ge
蚴	294925	you
莆	294924	fu
泷	294924	long
蛴	294923	qi
媸	294921	chi
俳	294920	pai
诖	294919	gua
茑	294918	niao
逡	294917	qun
孱	294916	can
砦	294915	zhai
跸	294914	bi
祜	294913	hu
伉	294912	kang
覃	294912	yan
淬	294912	zu
隗	294911	wei
溴	294911	xiu
屐	294910	ji
飚	294909	biao
蛞	294908	kuo
掮	294906	qian
婕	294906	qie
崆	294905	kong
歙	294905	xi
庾	294904	yu
橛	294903	jue
蹴	294903	zu
矸	294902	gan
鸨	294901	bao
圻	294900	qi
缂	294899	ke
蒯	294898	kuai
诹	294897	zou
啭	294896	zhuan
饧	294895	tang
镉	294894	ge
笤	294894	shao
鸪	294893	gu
蛩	294892	qiong
蠖	294891	huo
劭	294889	shao
哐	294888	kuang
崧	294887	song
杼	294886	zhu
棂	294885	ling
螫	294884	shi
龃	294883	ju
饔	294882	yong
遑	294881	huang
炔	294881	que
颢	294880	hao
腱	294879	jian
襁	294878	qiang
忾	294877	kai
勖	294877	mao
濠	294876	hao
牝	294875	pin
蛄	294874	gu
泷	294874	shuang
鲆	294873	ping
嗄	294872	a
灏	294871	hao
疥	294870	jie
苜	294869	mu
荞	294868	qiao
嘣	294867	beng
逡	294867	xun
孱	294866	chan
夤	294866	yin
砝	294865	fa
颞	294864	nie
伉	294862	gang
忤	294862	wu
溴	294861	chou
隗	294861	gui
遢	294861	ta
旎	294860	ni
瘛	294859	chi
槭	294858	cu
魉	294858	liang
蛞	294858	she
辇	294857	nian
瓤	294855	rang
歙	294855	xie
稹	294854	bian
荥	294854	xing
涫	294853	guan
蹴	294853	jiu
娌	294852	li
氚	294851	chuan
臁	294850	lian
圻	294850	yin
毂	294849	gu
碇	294848	ding
毖	294847	bi
壅	294846	yong
吡	294845	bi
饧	294845	xing
缛	294844	ru
玮	294843	wei
蛩	294842	gong
羟	294842	qiang
蠖	294841	yue
珈	294840	jia
颀	294839	qi
虼	294838	ge
哐	294838	qiang
祇	294837	qi
佝	294836	gou
杼	294836	shu
翕	294835	xi
遴	294834	lin
螫	294834	zhe
珏	294833	jue
郛	294832	fu
炔	294831	xue
玖	294829	jiu
腱	294829	qian
蹇	294828	jian
逋	294827	bu
忾	294827	qi
氅	294826	chang
蚴	294825	niu
粽	294825	zong
诂	294824	gu
岢	294823	ke
聒	294822	gua
嗄	294822	sha
髁	294821	ke
黍	294820	shu
芾	294819	fei
淝	294818	fei
鲎	294817	hou
逡	294817	suo
孱	294816	jian
鞣	294816	rou
髋	294815	kuan
闳	294814	hong
潆	294813	ying
汨	294812	mi
胍	294811	gua
阏	294810	e
钤	294809	qian
鹜	294808	wu
槭	294808	zu
鬈	294807	quan
铵	294806	an
戬	294805	jian
荥	294804	ying
崮	294803	gu
枰	294802	ping
樯	294801	qiang
脍	294800	kuai
畲	294799	she
衾	294798	qin
蹼	294797	pu
壅	294796	weng
劬	294795	qu
咭	294794	ji
囫	294793	hu
洱	294792	er
刎	294791	wen
芏	294790	du
琊	294789	ya
碚	294788	bei
祇	294787	chi
鳕	294787	xue
佝	294786	kou
谪	294786	zhe
芎	294785	qiong
恂	294784	xun
槿	294783	jin
鲢	294782	lian
鲧	294781	gun
嘧	294780	mi
绀	294779	gan
郦	294778	li
噱	294777	jue
浠	294776	xi
潸	294775	shan
跏	294774	jia
鲶	294773	nian
聒	294772	guo
矍	294772	jue
苌	294771	chang
髁	294771	kua
抻	294770	chen
芾	294769	fu
琰	294769	yan
鹚	294768	ci
龆	294767	tiao
臬	294766	nie
孱	294766	zhan
砝	294765	jie
芄	294765	wan
呔	294764	dai
雒	294763	luo
觞	294762	shang
钒	294761	fan
胍	294761	gu
阏	294760	yan
饫	294760	yu
阒	294759	qu
槎	294758	cha
槭	294758	se
鸩	294757	zhen
舂	294756	chong
谠	294755	dang
阡	294754	qian
莒	294753	ju
矸	294752	han
萸	294752	yu
妗	294751	jin
稔	294750	ren
穰	294749	rang
蚧	294748	jie
餍	294747	yan
谯	294746	qiao
吡	294745	pi
芗	294745	xiang
咭	294744	xi
葩	294743	pa
踔	294742	chuo
厣	294741	yan
佻	294740	tiao
嘌	294739	piao
饩	294738	xi
钏	294737	chuan
祇	294737	zhi
佝	294736	ju
蠓	294736	meng
黩	294735	du
芎	294735	xiong
倨	294734	ju
恂	294734	shun
槿	294733	qin
缬	294732	xie
殚	294731	dan
钿	294730	dian
鎏	294729	liu
恁	294728	nen
藿	294727	huo
噱	294727	xue
囟	294726	xin
鄣	294725	zhang
呋	294724	fu
婺	294723	wu
绱	294722	shang
嗄	294722	xia
瓯	294721	ou
抻	294720	shen
旃	294720	zhan
锶	294719	si
酩	294718	ming
恹	294717	yan
逶	294716	wei
砝	294715	ge
缦	294715	man
鸹	294714	gua
呔	294714	tai
螟	294713	ming
菟	294712	tu
胍	294711	hu
阗	294711	tian
濉	294710	sui
篑	294709	kui
醪	294708	lao
鲛	294707	jiao
舂	294706	chuang
讦	294706	jie
媪	294705	ao
邬	294704	wu
殇	294703	shang
鄯	294702	shan
芡	294701	qian
妗	294701	xian
嫠	294700	li
肼	294699	jing
峤	294698	jiao
矽	294697	xi
讧	294696	hong
掼	294695	guan
焖	294694	men
咭	294694	qia
愆	294693	qian
踔	294692	diao
聩	294692	kui
岘	294691	xian
靛	294690	dian
菖	294689	chang
卟	294688	bu
姒	294687	si
杷	294686	pa
砉	294685	huo
袢	294684	pan
蚋	294683	rui
笳	294682	jia
挈	294681	qie
钿	294680	tian
踽	294679	ju
黾	294678	min
恁	294678	ren
藿	294677	he
侩	294676	kuai
凫	294675	fu
诔	294674	lei
婺	294673	mou
郯	294673	tan
韪	294672	wei
挲	294671	sa
笪	294670	da
鼋	294669	yuan
莜	294668	you
菅	294666	jian
嵊	294665	sheng
裢	294664	lian
趿	294663	ta
箸	294662	zhu
莴	294661	wo
莠	294660	you
阌	294659	wen
旯	294658	la
圜	294657	huan
涪	294656	fu
舂	294656	zhong
赍	294655	ji
媪	294655	yun
柞	294654	zha
嗍	294653	suo
囵	294652	lun
榧	294651	fei
裰	294650	duo
笾	294649	bian
穰	294649	reng
簟	294648	dian
峤	294648	qiao
跎	294647	tuo
巽	294646	xun
曷	294645	he
逖	294644	ti
骓	294643	zhui
绔	294642	ku
踔	294642	zhuo
枋	294641	fang
镒	294640	yi
魃	294639	ba
卟	294638	ji
餮	294638	tie
讵	294637	ju
杷	294636	ba
乜	294636	mie
砉	294635	hua
鄢	294635	yan
袢	294634	fan
瑭	294634	tang
踅	294633	xue
馓	294632	san
蟛	294631	peng
挈	294631	qi
鳟	294630	zun
荛	294629	rao
黾	294628	mian
恁	294628	nin
菬	294628	qiao
忪	294627	song
阍	294626	hun
姹	294625	cha
纰	294624	pi
桉	294623	an
婺	294623	mu
氪	294622	ke
氘	294621	dao
挲	294621	suo
垅	294620	long
郃	294619	he
汊	294618	cha
莜	294618	diao
娉	294617	ping
菅	294616	guan
纡	294616	yu
嵊	294615	cheng
缟	294615	gao
旮	294614	ga
裢	294614	shao
镢	294613	jue
趿	294613	sa
傈	294612	li
箸	294612	zhuo
堋	294611	peng
蔺	294610	lin
莠	294610	xiu
庥	294609	xiu
枥	294608	li
腭	294607	e
圜	294607	yuan
鹕	294606	hu
涪	294606	pou
媪	294605	wo
笮	294605	ze
髂	294604	qia
柞	294604	zuo
嗍	294603	shuo
魍	294603	wang
缁	294602	zi
槊	294601	shuo
跞	294600	li
醚	294599	mi
枳	294597	zhi
搿	294596	ge
巽	294596	zhuan
曷	294595	e
鹧	294595	zhe
蜍	294594	chu
舻	294593	lu
鏊	294592	ao
踔	294592	tiao
禳	294591	rang
佻	294590	diao
蒺	294590	ji
钹	294589	bo
蜢	294588	meng
鬻	294587	yu
珩	294586	hang
乜	294586	nie
砉	294585	xu
卮	294585	zhi
垭	294584	ya
苄	294583	bian
踅	294583	chi
苕	294582	shao
挈	294581	jia
菀	294581	wan
骠	294580	biao
黾	294578	meng
跹	294578	xian
菬	294578	zhao
瘘	294577	lou
忪	294577	zhong
騔	294576	ge
磬	294574	qing
缶	294573	fou
笸	294572	po
挲	294571	sha
鸷	294571	zhi
芰	294569	ji
郃	294569	xia
莜	294568	di
蕲	294568	qi
阆	294567	lang
娉	294567	pin
纨	294566	wan
琮	294565	cong
牦	294564	mao
旮	294564	xu
砩	294563	fu
趿	294563	qi
蠲	294562	juan
堋	294561	beng
锒	294561	lang
锕	294560	a
郓	294559	yun
妯	294558	zhou
驷	294557	si
鹩	294556	liao
舢	294555	shan
笮	294555	zuo
趸	294554	dun
髂	294554	ge
柞	294554	ze
芫	294551	yan
跞	294550	luo
嗉	294550	su
蠊	294549	lian
笊	294548	zhao
莸	294547	you
饴	294546	yi
阃	294545	kun
浯	294544	wu
蜍	294544	yu
枇	294543	pi
焱	294542	yan
枋	294541	bing
铆	294541	mao
擤	294540	xing
佻	294540	yao
柢	294539	di
醢	294538	hai
呲	294537	ci
鬻	294537	zhou
珩	294536	heng
崾	294536	yao
溆	294535	xu
潴	294534	zhu
牖	294533	you
苕	294532	tiao
硪	294532	wo
碓	294531	dui
挈	294531	qia
菀	294531	yu
骠	294530	piao
鹆	294530	yu
鬣	294529	lie
堀	294528	ku
帙	294527	zhi
雱	294526	pang
诎	294523	qu
獐	294522	zhang
桁	294521	heng
蛱	294520	jia
鳏	294519	guan
郴	294518	chen
幂	294517	mi
箝	294516	qian
僳	294515	su
疝	294514	shan
砩	294513	fei
茴	294513	hui
揶	294512	ye
呦	294511	you
嗌	294510	ai
囹	294509	ling
妯	294508	chou
螈	294508	yuan
脲	294507	niao
镊	294506	nie
锑	294505	ti
笮	294505	zha
胨	294504	dong
膈	294503	ge
痼	294502	gu
鳊	294501	bian
芫	294501	yuan
赅	294500	gai
贽	294499	zhi
苤	294497	pie
峄	294496	yi
桡	294495	rao
雎	294494	ju
枇	294493	bi
鲋	294493	fu
鞫	294492	ju
焱	294492	yi
鼬	294491	you
佻	294490	dao
獯	294490	xun
昀	294489	yun
痍	294488	yi
鬻	294487	ju
蟊	294487	mao
鞴	294486	bei
疖	294485	jie
熘	294484	liu
乇	294483	tuo
硪	294482	e
羸	294482	lei
嵴	294481	ji
挈	294481	shi
菀	294481	yun
栀	294480	zhi
槲	294479	hu
炝	294478	qiang
炷	294477	zhu
硐	294476	dong
锸	294475	cha
鹂	294474	li
裾	294473	ju
侪	294472	chai
桁	294471	hang
珐	294469	fa
郴	294468	lan
哔	294467	bi
屙	294466	e
旆	294465	pei
佰	294464	bai
僦	294463	jiu
牯	294462	gu
钪	294461	kang
堋	294461	ping
嗌	294460	yi
掾	294460	yuan
仟	294458	qian
圮	294457	pi
芟	294456	shan
崃	294455	lai
廪	294454	lin
擘	294453	bai
笱	294452	gou
跗	294451	fu
鲅	294450	ba
硷	294449	jian
苎	294448	zhu
匏	294447	pao
苤	294447	pi
嗾	294446	sou
圄	294445	yu
彀	294444	gou
粳	294443	jing
鞫	294442	qu
卣	294442	you
勐	294441	meng
掴	294440	guai
佻	294440	zhao
柢	294439	chi
涑	294439	su
浞	294438	zhuo
玳	294437	dai
蟊	294437	meng
呲	294437	zi
鞴	294436	fu
愍	294436	min
畛	294435	zhen
赧	294434	nan
貉	294433	hao
乇	294433	zhe
擀	294432	gan
羸	294432	lian
硪	294432	yi
湫	294431	jiao
逦	294430	li
椴	294429	duan
铄	294428	shuo
箧	294427	qie
雱	294426	fang
硐	294426	tong
刖	294426	yue
鲮	294425	ling
訇	294424	hong
茱	294423	zhu
啖	294422	dan
悭	294421	qian
愀	294420	qiao
朐	294419	qu
畈	294418	fan
鹨	294417	liu
蛘	294416	yang
佶	294415	ji
佰	294414	mo
缃	294414	xiang
晟	294413	cheng
鲱	294412	fei
凼	294411	dang
掾	294410	chuan
苴	294410	ju
嗌	294410	wo
颛	294409	zhuan
厍	294408	she
匚	294407	fang
芟	294406	wei
徉	294406	yang
洙	294405	zhu
氡	294404	dong
擘	294403	bo
胗	294403	zhen
癯	294402	qu
鞒	294401	qiao
鲅	294400	bo
锆	294400	gao
佤	294399	wa
勰	294395	xie
彀	294394	kou
钺	294394	yue
繇	294393	yao
螭	294392	chi
嵬	294391	wei
掴	294390	guo
轸	294390	zhen
涑	294389	sou
肟	294389	wo
肫	294388	zhun
邨	294387	cun
鞴	294386	bu
愍	294386	fen
瘿	294386	ying
仞	294385	ren
奁	294384	lian
宄	294383	gui
貉	294383	he
轳	294382	lu
熳	294381	man
湫	294381	qiu
睇	294380	di
钼	294379	mu
蝼	294378	lou
跆	294377	tai
樗	294376	chu
硐	294376	liu
鲰	294375	zou
訇	294374	jun
诶	294373	ei
薜	294372	bi
铧	294371	hua
裥	294370	jian
愀	294370	qiu
榇	294369	chen
朐	294369	xu
馃	294368	guo
蹚	294366	tang
怄	294365	ou
寤	294364	wu
缗	294363	min
晟	294363	sheng
硗	294362	qiao
碡	294361	du
苴	294360	cha
矬	294360	cuo
鸱	294359	chi
虺	294358	hui
糅	294357	rou
雠	294356	chou
帑	294355	tang
镧	294354	lan
埙	294353	xun
啁	294352	zhao
悒	294351	yi
犍	294350	jian
硌	294349	ge
锩	294348	juan
虿	294347	chai
蛑	294346	mou
艉	294345	wei
钅	294344	jin
咴	294343	hui
繇	294343	you
筮	294342	shi
艏	294341	shou
糁	294340	san
涑	294339	shu
鼍	294339	tuo
肫	294338	chun
肄	294338	yi
籴	294337	di
骜	294336	ao
鞴	294336	bai
砻	294335	long
蜮	294334	yu
龀	294333	chen
貉	294333	mo
黢	294332	qu
湫	294331	jiu
劢	294331	mai
睇	294330	ti
耪	294329	pang
鬯	294328	chang
畚	294327	ben
觳	294326	hu
稞	294325	ke
鹁	294324	bo
訇	294324	heng
鲲	294323	kun
薜	294322	bo
捌	294321	ba
菔	294320	fu
獬	294319	xie
柘	294318	zhe
娆	294317	rao
篪	294316	chi
鲀	294315	tun
谰	294314	lan
晟	294313	jing
孬	294313	nao
伥	294312	chang
谇	294311	sui
碡	294311	zhou
鄄	294310	juan
苴	294310	zha
狎	294309	xia
闫	294308	yan
滟	294307	yan
齑	294306	ji
帑	294305	nu
遒	294305	qiu
磔	294304	zhe
聃	294303	dan
胗	294303	zhun
綦	294302	qi
啁	294302	zhou
鲡	294301	li
蔻	294300	kou
犍	294300	qian
泠	294299	ling
硌	294299	luo
砗	294298	che
钕	294297	nv
镫	294296	deng
蛑	294296	mao
菹	294295	ju
胂	294294	shen
煅	294293	duan
咴	294293	hai
繇	294293	zhou
煸	294292	bian
螯	294291	ao
糁	294290	shen
躅	294290	zhu
鲠	294289	geng
佥	294288	qian
肄	294288	si
肫	294288	tun
罘	294287	fu
籴	294287	za
嶝	294286	deng
蜮	294284	guo
坨	294284	tuo
貉	294283	ma
菽	294283	shu
哞	294282	mou
徜	294281	chang
慊	294280	qian
洳	294279	ru
渑	294278	mian
灞	294277	ba
盍	294276	he
觳	294276	que
稞	294275	hua
钋	294275	po
鸫	294274	dong
踯	294273	zhi
縻	294272	mi
捌	294271	bie
萘	294271	nai
褫	294270	chi
朐	294269	chun
獬	294269	ha
羰	294269	tang
俅	294267	qiu
蹚	294266	cheng
芤	294266	kou
隳	294265	hui
洮	294264	tao
胼	294263	pian
罴	294262	pi
镛	294261	yong
怛	294260	da
苴	294260	zu
芊	294259	qian
啉	294258	lin
噌	294257	ceng
嫱	294256	qiang
绲	294255	gun
膻	294254	shan
焐	294253	wu
啁	294252	dao
葎	294251	lv
亓	294250	qi
硌	294249	li
倮	294249	luo
莼	294248	chun
蘅	294247	heng
嘞	294246	lei
缒	294245	zhui
菹	294245	zu
镆	294244	mo
伧	294242	cang
荏	294241	ren
唳	294240	li
躅	294240	zhuo
檩	294239	lin
鸶	294238	si
肫	294238	zhuo
蚬	294237	xian
骱	294236	jie
蘖	294235	nie
澍	294234	shu
坨	294234	yi
菽	294233	jiao
韫	294233	yun
颎	294232	jiong
嘏	294231	gu
垡	294230	fa
慊	294230	qie
腚	294229	ding
焯	294228	chao
渑	294228	sheng
怙	294226	hu
觳	294226	jue
盍	294226	ke
羧	294225	suo
鼙	294224	pi
倥	294223	kong
薜	294222	bai
亳	294222	bo
艽	294221	jiao
荠	294220	ji
獬	294219	jie
昴	294219	mao
舨	294218	ban
魈	294217	xiao
枵	294215	xiao
粜	294214	tiao
洮	294214	yao
甙	294213	dai
珲	294212	hui
杓	294211	biao
怛	294210	dan
苴	294210	jie
楸	294210	qiu
楦	294209	xuan
啉	294208	lan
疃	294208	tuan
噌	294207	cheng
蛏	294207	cheng
蠛	294206	mie
髌	294205	bin
膻	294204	dan
茔	294204	ying
啁	294202	tiao
诼	294202	zhuo
嬖	294201	bi
耒	294200	lei
蜣	294199	qiang
笄	294198	ji
跣	294197	xian
钣	294196	ban
嘞	294196	le
戆	294195	gang
胂	294194	chen
蜉	294194	fu
喾	294193	ku
伧	294192	chen
铍	294192	pi
陉	294191	xing
肷	294189	qian
岵	294188	hu
瓴	294187	ling
骱	294186	jia
荽	294186	sui
蘖	294185	bo
怫	294185	fu
钭	294184	tou
澍	294184	zhu
窀	294183	zhun
缯	294182	zeng
嘏	294181	jia
倬	294181	zhuo
慊	294180	xian
摭	294180	zhi
帔	294179	pei
楝	294178	lian
焯	294178	zhuo
痱	294177	fei
蚶	294176	han
怙	294176	tie
螬	294175	cao
羧	294175	zui
髑	294174	du
薜	294172	pi
鼗	294172	tao
狷	294171	juan
艽	294171	qiu
殛	294170	ji
荠	294170	qi
裉	294169	ken
粝	294168	li
萋	294167	qi
葭	294166	jia
衽	294165	ren
洮	294164	dao
鳢	294164	li
傧	294163	bin
珲	294162	hun
喁	294162	yong
嫘	294161	lei
杓	294161	shao
苴	294160	bao
罟	294160	gu
钌	294159	liao
啉	294158	len
裼	294158	ti
愦	294157	kui
蝽	294156	chun
锗	294154	zhe
衿	294153	jin
啁	294152	diao
粢	294152	zi
醵	294151	ju
跫	294150	qiong
鐾	294149	bei
廛	294148	chan
墉	294147	yong
哌	294146	pai
戆	294145	zhuang
扦	294144	qian
堇	294143	jin
婧	294142	jing
暌	294141	kui
罱	294140	lan
肷	294139	xu
镞	294139	zu
蹰	294138	chu
陟	294137	zhi
鳔	294136	biao
荽	294136	wei
骱	294136	xie
怫	294135	fei
脘	294135	wan
钭	294134	dou
岿	294133	kui
窀	294133	tun
侔	294132	mou
郾	294131	yan
唿	294130	hu
砹	294129	ai
帔	294129	pi
疴	294128	ke
麸	294127	fu
薨	294126	hong
滁	294124	chu
偾	294123	fen
拊	294122	fu
撺	294121	cuan
呒	294120	wu
狯	294119	kuai
猢	294118	hu
椁	294117	guo
榱	294116	cui
葭	294116	xia
罾	294115	zeng
铳	294114	chong
裎	294113	cheng
鳚	294112	wei
喁	294112	yu
杓	294111	shuo
眦	294111	zi
苴	294110	xie
璎	294110	ying
崞	294108	guo
裼	294108	xi
缇	294107	ti
蝣	294106	you
萑	294105	huan
狲	294104	sun
缱	294103	qian
衿	294103	qin
粢	294102	ci
晷	294102	gui
冼	294101	xian
跫	294100	qiang
痧	294100	sha
蕖	294098	qu
狍	294097	pao
跣	294097	sun
憷	294096	chu
哌	294096	gu
锛	294095	ben
窨	294094	xun
袼	294093	ge
堇	294093	qin
帏	294092	wei
儋	294091	dan
罱	294090	nan
绨	294090	ti
疠	294089	li
蘩	294088	fan
陟	294087	de
嵝	294087	lou
庀	294086	pi
怫	294085	bei
脘	294085	huan
汜	294085	si
炅	294084	jiong
煳	294083	hu
侔	294082	mao
泶	294082	xue
瓠	294081	hu
窳	294080	yu
虮	294079	ji
焯	294078	chuo
疴	294078	e
蚰	294078	you
邰	294077	tai
苊	294076	e
砀	294075	dang
捩	294074	lie
蹉	294073	cuo
莪	294072	e
螽	294071	zhong
蘼	294069	mi
槔	294068	gao
曛	294067	xun
蛲	294066	nao
鹾	294065	cuo
隹	294064	zhui
犸	294063	ma
衄	294062	nv
杓	294061	di
銎	294059	qiong
泫	294058	xuan
玢	294057	bin
辊	294056	gun
瞋	294055	chen
萑	294055	zhui
墀	294054	chi
酐	294053	gan
粢	294052	ji
堞	294051	die
冼	294051	sheng
尥	294050	liao
嚯	294049	huo
猗	294048	yi
逑	294047	qiu
逯	294046	lu
硖	294045	xia
噻	294044	sai
窨	294044	yin
袼	294043	luo
嵛	294043	yu
畀	294042	bi
鲃	294040	ba
偬	294039	zong
鄞	294038	yin
呖	294037	li
溧	294036	li
嬲	294035	niao
炅	294034	gui
肭	294034	na
鹈	294033	ti
鹱	294032	hu
窭	294031	ju
黧	294030	li
谵	294029	zhan
沆	294028	hang
疴	294028	qia
蚰	294028	zhu
嫒	294027	ai
塬	294026	yuan
缣	294025	jian
篯	294024	jian
捩	294024	li
酃	294023	ling
拊	294022	bu
喱	294022	li
泔	294021	gan
溘	294020	ke
迕	294019	wu
肀	294018	yu
秫	294017	shu
裣	294016	lian
铋	294015	bi
隹	294014	cui
蒌	294014	lou
曩	294013	nang
赀	294012	zi
箪	294011	dan
杓	294011	zhuo
朊	294010	ruan
鳙	294009	yong
仫	294008	mu
玢	294007	fen
钎	294007	qian
芑	294006	qi
瞋	294005	tian
胙	294005	zuo
盱	294004	xu
酐	294003	hang
糇	294003	hou
挹	294002	yi
捭	294001	bai
悱	294000	fei
尥	294000	niao
鬟	293999	huan
嚯	293999	xue
逯	293996	dai
崤	293996	xiao
澶	293995	chan
甾	293994	zai
欹	293993	yi
瞽	293992	gu
儋	293991	shan
钇	293991	yi
鹪	293990	jiao
偬	293989	cong
鞔	293989	man
缡	293988	li
铯	293987	se
鲚	293986	ji
嘬	293984	chuai
肭	293984	nu
庹	293983	tuo
渖	293982	shen
瓠	293981	huo
湔	293981	jian
玎	293980	ding
黧	293980	lai
锜	293979	qi
锊	293978	lve
舾	293977	xi
籼	293976	xian
阊	293975	chang
猊	293973	ni
燹	293972	xian
葑	293971	feng
泔	293971	han
溘	293970	kai
蓼	293970	liao
幛	293969	zhang
岣	293968	gou
浼	293967	mei
甯	293966	ning
瑷	293965	ai
敫	293964	jiao
隹	293964	wei
钔	293963	men
钫	293962	fang
安全	50000	anquan
北京	50000	beijing
标准	50000	biaozhun
部署	50000	bushu
餐厅	50000	canting
操作系统	50000	caozuoxitong
测试	50000	ceshi
产品	50000	chanpin
程序	50000	chengxu
处理	50000	chuli
春节	50000	chunjie
春天	50000	chuntian
登录	50000	denglu
电脑	50000	diannao
地理	50000	dili
订单	50000	dingdan
冬天	50000	dongtian
法律	50000	falv
方法	50000	fangfa
方式	50000	fangshi
发展	50000	fazhan
粉丝	50000	fensi
分析	50000	fenxi
分享	50000	fenxiang
分钟	50000	fenzhong
父母	50000	fumu
服务器	50000	fuwuqi
公司	50000	gongsi
工作	50000	gongzuo
管理	50000	guanli
关注	50000	guanzhu
规则	50000	guize
过程	50000	guocheng
国家	50000	guojia
国庆	50000	guoqing
孩子	50000	haizi
行业	50000	hangye
环境	50000	huanjing
化学	50000	huaxue
价格	50000	jiage
健康	50000	jiankang
交通	50000	jiaotong
教育	50000	jiaoyu
家人	50000	jiaren
结果	50000	jieguo
节日	50000	jieri
计划	50000	jihua
经济	50000	jingji
今天	50000	jintian
机器学习	50000	jiqixuexi
技术	50000	jishu
酒店	50000	jiudian
咖啡	50000	kafei
开发	50000	kaifa
客户	50000	kehu
客户端	50000	kehuduan
科学	50000	kexue
老师	50000	laoshi
凌晨	50000	lingchen
领导	50000	lingdao
历史	50000	lishi
浏览器	50000	liulanqi
礼物	50000	liwu
旅游	50000	lvyou
美食	50000	meishi
秒钟	50000	miaozhong
密码	50000	mima
明天	50000	mingtian
目标	50000	mubiao
能源	50000	nengyuan
年份	50000	nianfen
你好	50000	nihao
你好啊	50000	nihaoa
你好吗	50000	nihaoma
朋友	50000	pengyou
评论	50000	pinglun
情况	50000	qingkuang
晴天	50000	qingtian
秋天	50000	qiutian
企业	50000	qiye
人工智能	50000	rengongzhineng
人民	50000	renmin
任务	50000	renwu
日期	50000	riqi
软件	50000	ruanjian
上海	50000	shanghai
商品	50000	shangpin
社会	50000	shehui
设计	50000	sheji
深度学习	50000	shenduxuexi
生活	50000	shenghuo
生日	50000	shengri
生物	50000	shengwu
市场	50000	shichang
时间	50000	shijian
世界	50000	shijie
视频	50000	shipin
收藏	50000	shoucang
手机	50000	shouji
蔬菜	50000	shucai
水果	50000	shuiguo
数据库	50000	shujuku
输入	50000	shuru
输入法	50000	shurufa
数学	50000	shuxue
天气	50000	tianqi
条件	50000	tiaojian
同事	50000	tongshi
同学	50000	tongxue
团队	50000	tuandui
网络	50000	wangluo
晚上	50000	wanshang
维护	50000	weihu
温度	50000	wendu
文化	50000	wenhua
问题	50000	wenti
文学	50000	wenxue
我们	50000	women
物理	50000	wuli
项目	50000	xiangmu
小时	50000	xiaoshi
夏天	50000	xiatian
下雨	50000	xiayu
谢谢	50000	xiexie
性能	50000	xingneng
星期	50000	xingqi
系统	50000	xitong
学生	50000	xuesheng
学习	50000	xuexi
要求	50000	yaoqiu
医疗	50000	yiliao
硬件	50000	yingjian
隐私	50000	yinsi
音乐	50000	yinyue
一人	50000	yiren
艺术	50000	yishu
用户	50000	yonghu
优化	50000	youhua
优惠	50000	youhui
游戏	50000	youxi
元旦	50000	yuandan
原因	50000	yuanyin
月份	50000	yuefen
运动	50000	yundong
再见	50000	zaijian
早上	50000	zaoshang
账户	50000	zhanghu
政策	50000	zhengce
政府	50000	zhengfu
哲学	50000	zhexue
支付	50000	zhifu
中国	50000	zhongguo
中秋	50000	zhongqiu
中午	50000	zhongwu
周末	50000	zhoumo
注册	50000	zhuce
自然语言	50000	ziranyuyan
组织	50000	zuzhi