word	freq	romanized
không	49999	khong
là	49998	la
tôi	49997	toi
có	49996	co
của	49995	cua
và	49994	va
anh	49993	anh
được	49992	duoc
đã	49991	da
cho	49990	cho
sẽ	49989	se
đó	49988	do
các	49987	cac
người	49986	nguoi
trong	49985	trong
với	49984	voi
này	49983	nay
đi	49982	di
phải	49981	phai
gì	49980	gi
những	49979	nhung
ở	49978	o
để	49977	de
cô	49976	co
làm	49975	lam
rồi	49974	roi
ta	49973	ta
đây	49972	day
em	49971	em
biết	49970	biet
ông	49969	ong
đến	49968	den
khi	49967	khi
ra	49966	ra
lại	49965	lai
về	49964	ve
nó	49963	no
cũng	49962	cung
con	49961	con
nhưng	49960	nhung
nói	49959	noi
có thể	49958	cothe
vào	49957	vao
mà	49956	ma
đang	49955	dang
như	49954	nhu
cậu	49953	cau
còn	49952	con
thì	49951	thi
cái	49950	cai
chúng ta	49949	chungta
ấy	49948	ay
chỉ	49947	chi
bạn	49946	ban
nhiều	49945	nhieu
muốn	49944	muon
từ	49943	tu
sao	49942	sao
rất	49941	rat
nào	49940	nao
trên	49939	tren
mình	49938	minh
họ	49937	ho
năm	49936	nam
hơn	49935	hon
bị	49934	bi
vậy	49933	vay
thấy	49932	thay
nếu	49931	neu
thế	49930	the
việc	49929	viec
cần	49928	can
đâu	49927	dau
nhà	49926	nha
tới	49925	toi
lên	49924	len
sau	49923	sau
thôi	49922	thoi
cả	49921	ca
ai	49920	ai
theo	49919	theo
nên	49918	nen
chuyện	49917	chuyen
sự	49916	su
chưa	49915	chua
nghĩ	49914	nghi
vì	49913	vi
nữa	49912	nua
đấy	49911	day
hắn	49910	han
điều	49909	dieu
ngày	49908	ngay
mới	49907	moi
trước	49906	truoc
tại	49905	tai
thứ	49904	thu
khác	49903	khac
mọi	49902	moi
hay	49901	hay
nhất	49900	nhat
chứ	49899	chu
vẫn	49898	van
thật	49897	that
tốt	49896	tot
à	49895	a
nghe	49894	nghe
qua	49893	qua
đúng	49892	dung
mẹ	49891	me
tìm	49890	tim
hãy	49889	hay
chúng	49888	chung
rằng	49887	rang
cùng	49886	cung
lần	49885	lan
quá	49884	qua
bà	49883	ba
nước	49882	nuoc
cách	49881	cach
không thể	49880	khongthe
đừng	49879	dung
tên	49878	ten
giờ	49877	gio
đưa	49876	dua
ngay	49875	ngay
mày	49874	may
giúp	49873	giup
tớ	49872	to
nhìn	49871	nhin
nhau	49870	nhau
chết	49869	chet
lúc	49868	luc
xem	49867	xem
gặp	49866	gap
bằng	49865	bang
tất cả	49864	tatca
tin	49863	tin
bên	49862	ben
lấy	49861	lay
đều	49860	deu
cháu	49859	chau
gọi	49858	goi
chính	49857	chinh
tao	49856	tao
cao	49855	cao
nơi	49854	noi
do	49853	do
thời gian	49852	thoigian
từng	49851	tung
đường	49850	duong
lớn	49849	lon
tháng	49848	thang
tiền	49847	tien
lắm	49846	lam
sống	49845	song
dùng	49844	dung
hoặc	49843	hoac
xe	49842	xe
ăn	49841	an
bố	49840	bo
hết	49839	het
đầu	49838	dau
ngoài	49837	ngoai
chị	49836	chi
hiểu	49835	hieu
số	49834	so
bọn	49833	bon
Việt Nam	49832	vietnam
mất	49831	mat
luôn	49830	luon
hàng	49829	hang
thêm	49828	them
thích	49827	thich
bộ	49826	bo
bé	49825	be
giết	49824	giet
khỏi	49823	khoi
xin	49822	xin
sử dụng	49821	sudung
mang	49820	mang
tay	49819	tay
nhận	49818	nhan
phòng	49817	phong
học	49816	hoc
xin lỗi	49815	xinloi
vừa	49814	vua
gần	49813	gan
trường	49812	truong
xuống	49811	xuong
chiếc	49810	chiec
cứ	49809	cu
ngài	49808	ngai
nay	49807	nay
yêu	49806	yeu
nhé	49805	nhe
mấy	49804	may
cuộc	49803	cuoc
chắc	49802	chac
hỏi	49801	hoi
bỏ	49800	bo
chào	49799	chao
loại	49798	loai
bao giờ	49797	baogio
hả	49796	ha
tổ chức	49795	tochuc
nhanh	49794	nhanh
giống	49793	giong
gia đình	49792	giadinh
nhớ	49791	nho
chỗ	49790	cho
nhỏ	49789	nho
chẳng	49788	chang
tiếng	49787	tieng
bây giờ	49786	baygio
vấn đề	49785	vande
ngươi	49784	nguoi
xảy	49783	xay
làm việc	49782	lamviec
thế giới	49781	thegioi
công ty	49780	congty
tạo	49779	tao
lời	49778	loi
phát triển	49777	phattrien
giữ	49776	giu
thực hiện	49775	thuchien
trẻ	49774	tre
cha	49773	cha
đủ	49772	du
quay	49771	quay
vụ	49770	vu
đẹp	49769	dep
câu	49768	cau
dưới	49767	duoi
thằng	49766	thang
hoạt động	49765	hoatdong
tỉnh	49764	tinh
tự	49763	tu
giữa	49762	giua
chơi	49761	choi
mua	49760	mua
vâng	49759	vang
thưa	49758	thua
kẻ	49757	ke
đồng	49756	dong
vài	49755	vai
bài	49754	bai
phần	49753	phan
tăng	49752	tang
tuổi	49751	tuoi
giá	49750	gia
cảm ơn	49749	camon
xây dựng	49748	xaydung
đồ	49747	do
khoảng	49746	khoang
khiến	49745	khien
bán	49744	ban
sáng	49743	sang
phía	49742	phia
điểm	49741	diem
ý	49740	y
đầu tiên	49739	dautien
chạy	49738	chay
thành	49737	thanh
bởi	49736	boi
bắt đầu	49735	batdau
gây	49734	gay
một số	49733	motso
đặc biệt	49732	dacbiet
kia	49731	kia
bắt	49730	bat
đối với	49729	doivoi
chú	49728	chu
thông tin	49727	thongtin
thành phố	49726	thanhpho
máy	49725	may
ơi	49724	oi
thường	49723	thuong
gái	49722	gai
khá	49721	kha
quan trọng	49720	quantrong
dân	49719	dan
tối	49718	toi
ổn	49717	on
mỹ	49716	my
chương trình	49715	chuongtrinh
sản phẩm	49714	sanpham
thế nào	49713	thenao
đứng	49712	dung
nói chuyện	49711	noichuyen
đứa	49710	dua
giảm	49709	giam
mặt	49708	mat
buổi	49707	buoi
rõ	49706	ro
bệnh	49705	benh
đặt	49704	dat
tính	49703	tinh
tiếp tục	49702	tieptuc
ừ	49701	u
đêm	49700	dem
vui	49699	vui
đầu tư	49698	dautu
kể	49697	ke
chờ	49696	cho
ngủ	49695	ngu
viết	49694	viet
tham gia	49693	thamgia
thi	49692	thi
ngồi	49691	ngoi
uống	49690	uong
chọn	49689	chon
tuy nhiên	49688	tuynhien
đội	49687	doi
thuốc	49686	thuoc
bảo	49685	bao
đạt	49684	dat
hệ thống	49683	hethong
bảo vệ	49682	baove
đánh	49681	danh
cây	49680	cay
thay đổi	49679	thaydoi
đáng	49678	dang
trở thành	49677	trothanh
da	49676	da
đất	49675	dat
chúa	49674	chua
khả năng	49673	khanang
cấp	49672	cap
màu	49671	mau
tuần	49670	tuan
lâu	49669	lau
công việc	49668	congviec
cám ơn	49667	camon
thị trường	49666	thitruong
mức	49665	muc
ảnh	49664	anh
doanh nghiệp	49663	doanhnghiep
phụ nữ	49662	phunu
quan tâm	49661	quantam
quyết định	49660	quyetdinh
khó	49659	kho
bước	49658	buoc
khu	49657	khu
bắn	49656	ban
kiểm tra	49655	kiemtra
phút	49654	phut
xa	49653	xa
nằm	49652	nam
trả	49651	tra
sợ	49650	so
thuộc	49649	thuoc
kinh tế	49648	kinhte
sản xuất	49647	sanxuat
vợ	49646	vo
ít	49645	it
hôm nay	49644	homnay
xong	49643	xong
cảnh sát	49642	canhsat
chân	49641	chan
kế hoạch	49640	kehoach
nghiên cứu	49639	nghiencuu
mắt	49638	mat
an toàn	49637	antoan
cố	49636	co
quản lý	49635	quanly
chút	49634	chut
so	49633	so
cuối cùng	49632	cuoicung
cổ	49631	co
dù	49630	du
biển	49629	bien
dành	49628	danh
ôi	49627	oi
cuộc sống	49626	cuocsong
mở	49625	mo
món	49624	mon
dừng	49623	dung
thực sự	49622	thucsu
phim	49621	phim
cuối	49620	cuoi
lo	49619	lo
Hà Nội	49618	hanoi
xã hội	49617	xahoi
ngành	49616	nganh
con người	49615	connguoi
chịu	49614	chiu
riêng	49613	rieng
lớp	49612	lop
yêu cầu	49611	yeucau
nhóm	49610	nhom
gửi	49609	gui
huyện	49608	huyen
vàng	49607	vang
càng	49606	cang
coi	49605	coi
ạ	49604	a
phép	49603	phep
cứu	49602	cuu
chắc chắn	49601	chacchan
mùa	49600	mua
nhỉ	49599	nhi
đọc	49598	doc
khó khăn	49597	khokhan
vùng	49596	vung
vị	49595	vi
cơ hội	49594	cohoi
hoàn toàn	49593	hoantoan
diễn	49592	dien
dự án	49591	duan
bất cứ	49590	batcu
khu vực	49589	khuvuc
kết quả	49588	ketqua
sớm	49587	som
thầy	49586	thay
báo	49585	bao
tránh	49584	tranh
tàu	49583	tau
thử	49582	thu
bác sĩ	49581	bacsi
trông	49580	trong
người ta	49579	nguoita
lòng	49578	long
thiết kế	49577	thietke
c	49576	c
cảm thấy	49575	camthay
quên	49574	quen
chủ	49573	chu
công tác	49572	congtac
chống	49571	chong
ban	49570	ban
trung tâm	49569	trungtam
tuyệt	49568	tuyet
khách hàng	49567	khachhang
dài	49566	dai
nguồn	49565	nguon
điện thoại	49564	dienthoai
trở lại	49563	trolai
chuyển	49562	chuyen
sẵn sàng	49561	sansang
sang	49560	sang
hướng	49559	huong
sắp	49558	sap
xã	49557	xa
chuẩn bị	49556	chuanbi
dịch vụ	49555	dichvu
hiệu quả	49554	hieuqua
đại học	49553	daihoc
độ	49552	do
vòng	49551	vong
máu	49550	mau
hơi	49549	hoi
dễ	49548	de
bay	49547	bay
vốn	49546	von
đời	49545	doi
sách	49544	sach
kiểu	49543	kieu
súng	49542	sung
hiện nay	49541	hiennay
khoa học	49540	khoahoc
khách	49539	khach
trời	49538	troi
chất lượng	49537	chatluong
thành công	49536	thanhcong
hỗ trợ	49534	hotro
t	49533	t
chồng	49532	chong
điện	49531	dien
liên quan	49530	lienquan
trả lời	49529	traloi
đợi	49528	doi
nhờ	49527	nho
đàn ông	49526	danong
lựa chọn	49525	luachon
duy nhất	49524	duynhat
chung	49523	chung
đầy	49522	day
biến	49521	bien
làm ơn	49520	lamon
gã	49519	ga
mời	49518	moi
bởi vì	49517	boivi
quyền	49516	quyen
một cách	49515	motcach
giải	49514	giai
đá	49513	da
con trai	49512	contrai
một chút	49511	motchut
học sinh	49510	hocsinh
cung cấp	49509	cungcap
vị trí	49508	vitri
đau	49507	dau
cạnh	49506	canh
mạnh	49505	manh
sinh viên	49504	sinhvien
vẻ	49503	ve
a	49502	a
khoá	49501	khoa
mạng	49500	mang
xin chào	49500	xinchao
sinh	49499	sinh
đem	49498	dem
kết thúc	49497	ketthuc
định	49496	dinh
quốc gia	49495	quocgia
bàn	49494	ban
chiều	49493	chieu
nhiệm vụ	49492	nhiemvu
công nghệ	49491	congnghe
dẫn	49490	dan
kinh doanh	49489	kinhdoanh
con gái	49488	congai
lý do	49487	lydo
hiện	49486	hien
cơ sở	49485	coso
bao nhiêu	49484	baonhieu
thật sự	49483	thatsu
trường hợp	49482	truonghop
bóng	49481	bong
hội	49480	hoi
hoa	49479	hoa
quy định	49478	quydinh
to	49477	to
cửa	49476	cua
nàng	49475	nang
kiếm	49474	kiem
đơn vị	49473	donvi
ồ	49472	o
văn hoá	49471	vanhoa
Trung Quốc	49470	trungquoc
cơ	49469	co
xuất hiện	49468	xuathien
hình	49467	hinh
suốt	49466	suot
giỏi	49465	gioi
cơ quan	49464	coquan
thậm chí	49463	thamchi
rời	49462	roi
thiếu	49461	thieu
đánh giá	49460	danhgia
ngân hàng	49459	nganhang
quả	49458	qua
bức	49457	buc
dòng	49456	dong
hát	49455	hat
vượt	49454	vuot
ngon	49453	ngon
dạy	49452	day
du lịch	49451	dulich
tuyệt vời	49450	tuyetvoi
trận	49449	tran
cá	49448	ca
quân	49447	quan
giải quyết	49446	giaiquyet
đào tạo	49445	daotao
toàn	49444	toan
chuyến	49443	chuyen
lễ	49442	le
cười	49441	cuoi
quan hệ	49440	quanhe
nhằm	49439	nham
hề	49438	he
cũ	49437	cu
rượu	49436	ruou
thiết bị	49435	thietbi
mặc	49434	mac
m	49433	m
giáo dục	49432	giaoduc
kìa	49431	kia
đông	49430	dong
ảnh hưởng	49429	anhhuong
chính phủ	49428	chinhphu
xử lý	49427	xuly
ngôi	49426	ngoi
quá trình	49425	quatrinh
phát hiện	49424	phathien
nâng	49423	nang
thu	49422	thu
môi trường	49421	moitruong
điều kiện	49420	dieukien
giá trị	49419	giatri
sông	49418	song
dậy	49417	day
địa phương	49416	diaphuong
quý	49415	quy
trở	49414	tro
hình ảnh	49413	hinhanh
đơn giản	49412	dongian
báo cáo	49411	baocao
cố gắng	49410	cogang
bản thân	49409	banthan
nổi	49408	noi
quốc tế	49407	quocte
bác	49406	bac
chàng	49405	chang
xanh	49404	xanh
trách nhiệm	49403	trachnhiem
máy bay	49402	maybay
tấn công	49401	tancong
phù hợp	49400	phuhop
tập trung	49399	taptrung
hy vọng	49398	hyvong
chính xác	49397	chinhxac
tất nhiên	49396	tatnhien
thoát	49395	thoat
chất	49394	chat
bản	49393	ban
thấp	49392	thap
lỗi	49391	loi
áo	49390	ao
bữa	49389	bua
sai	49388	sai
đảm bảo	49387	dambao
trắng	49386	trang
ổng	49385	ong
tiếp	49384	tiep
nhà nước	49383	nhanuoc
mối	49382	moi
tưởng	49381	tuong
cảm giác	49380	camgiac
chó	49379	cho
sếp	49378	sep
thực tế	49377	thucte
lao động	49376	laodong
đóng	49375	dong
lãnh đạo	49374	lanhdao
tấm	49373	tam
cá nhân	49372	canhan
cán bộ	49371	canbo
câu chuyện	49370	cauchuyen
mục tiêu	49369	muctieu
loài	49368	loai
nền	49367	nen
thắng	49366	thang
phục vụ	49365	phucvu
ư	49364	u
hạnh phúc	49363	hanhphuc
mau	49362	mau
mẫu	49361	mau
điên	49360	dien
nội dung	49359	noidung
nhân viên	49358	nhanvien
nữ	49357	nu
chia sẻ	49356	chiase
thịt	49355	thit
nặng	49354	nang
bình thường	49353	binhthuong
vua	49352	vua
giới thiệu	49351	gioithieu
nhu cầu	49350	nhucau
cắt	49349	cat
kỳ	49348	ky
đỏ	49347	do
nhân dân	49346	nhandan
thành viên	49345	thanhvien
niềm	49344	niem
rõ ràng	49343	rorang
miền	49342	mien
giao	49341	giao
pháp	49340	phap
game	49339	game
cơ thể	49338	cothe
chết tiệt	49337	chettiet
luật	49336	luat
chúc	49335	chuc
tình trạng	49334	tinhtrang
bệnh viện	49333	benhvien
đoàn	49332	doan
thư	49331	thu
thời điểm	49330	thoidiem
hứa	49329	hua
may mắn	49328	mayman
trang	49327	trang
trở nên	49326	tronen
sở	49325	so
tình yêu	49324	tinhyeu
toàn bộ	49323	toanbo
trai	49322	trai
lũ	49321	lu
giấy	49320	giay
vô	49319	vo
nghề	49318	nghe
dễ dàng	49317	dedang
thuê	49316	thue
tìm kiếm	49315	timkiem
tóc	49314	toc
tặng	49313	tang
trái	49312	trai
nguy hiểm	49311	nguyhiem
cuốn	49310	cuon
sự thật	49309	suthat
bánh	49308	banh
trải	49307	trai
cánh	49306	canh
quà	49305	qua
chăm sóc	49304	chamsoc
lịch sử	49303	lichsu
văn phòng	49302	vanphong
nuôi	49301	nuoi
hồ sơ	49300	hoso
căn	49299	can
nghỉ	49298	nghi
thân	49297	than
rừng	49296	rung
nhạc	49295	nhac
lượng	49294	luong
xấu	49293	xau
việt	49292	viet
chú ý	49291	chuy
trực tiếp	49290	tructiep
lá	49289	la
thay	49288	thay
tệ	49287	te
đen	49286	den
hãng	49285	hang
viên	49284	vien
phát	49283	phat
trốn	49282	tron
tim	49281	tim
thăm	49280	tham
hành động	49279	hanhdong
núi	49278	nui
tự nhiên	49277	tunhien
dám	49276	dam
cầu	49275	cau
làng	49274	lang
nổi tiếng	49273	noitieng
chụp	49272	chup
tụi	49271	tui
thời	49270	thoi
nhảy	49269	nhay
lĩnh vực	49268	linhvuc
sâu	49267	sau
quận	49266	quan
kỹ thuật	49265	kythuat
kinh nghiệm	49264	kinhnghiem
kiểm soát	49263	kiemsoat
máy tính	49262	maytinh
y	49261	y
hẳn	49260	han
đoán	49259	doan
tương lai	49258	tuonglai
hôm	49257	hom
đồng ý	49256	dongy
thể hiện	49255	thehien
triển khai	49254	trienkhai
nhóc	49253	nhoc
hoàn thành	49252	hoanthanh
yên	49251	yen
tổng thống	49250	tongthong
in	49249	in
sức khoẻ	49248	suckhoe
nga	49247	nga
ý kiến	49246	ykien
suy nghĩ	49245	suynghi
quái	49244	quai
hoà	49243	hoa
tự do	49242	tudo
cần thiết	49241	canthiet
đồng thời	49240	dongthoi
chữ	49239	chu
cẩn thận	49238	canthan
điều trị	49237	dieutri
ghi	49236	ghi
đề nghị	49235	denghi
đất nước	49234	datnuoc
tầng	49233	tang
chả	49232	cha
nè	49231	ne
tập	49230	tap
ứng dụng	49229	ungdung
lối	49228	loi
nóng	49227	nong
rộng	49226	rong
chủ tịch	49225	chutich
mong	49224	mong
cuộc đời	49223	cuocdoi
tiếc	49222	tiec
nam	49221	nam
cầm	49220	cam
xác định	49219	xacdinh
dây	49218	day
khắp	49217	khap
quán	49216	quan
bệnh nhân	49215	benhnhan
băng	49214	bang
đức	49213	duc
điều tra	49212	dieutra
chính sách	49211	chinhsach
hiện tại	49210	hientai
giúp đỡ	49209	giupdo
theo dõi	49208	theodoi
bình tĩnh	49207	binhtinh
hồi	49206	hoi
nợ	49205	no
khách sạn	49204	khachsan
đối tượng	49203	doituong
gồm	49202	gom
bảng	49201	bang
thường xuyên	49200	thuongxuyen
tạm biệt	49199	tambiet
cơn	49198	con
đảo	49197	dao
kéo	49196	keo
tiến hành	49195	tienhanh
tài chính	49194	taichinh
đổi	49193	doi
vé	49192	ve
chiến đấu	49191	chiendau
thần	49190	than
đám	49189	dam
lo lắng	49188	lolang
giải thích	49187	giaithich
mặc dù	49186	macdu
i	49185	i
thông qua	49184	thongqua
ý nghĩa	49183	ynghia
sở hữu	49182	sohuu
công trình	49181	congtrinh
thông báo	49180	thongbao
đoạn	49179	doan
giai đoạn	49178	giaidoan
hướng dẫn	49177	huongdan
toà	49176	toa
đăng ký	49175	dangky
v	49174	v
nước ngoài	49173	nuocngoai
hộ	49172	ho
chiếm	49171	chiem
phá	49170	pha
sức	49169	suc
không gian	49168	khonggian
phương pháp	49167	phuongphap
tiến	49166	tien
nắm	49165	nam
lính	49164	linh
chấp nhận	49163	chapnhan
lệnh	49162	lenh
vũ khí	49161	vukhi
già	49160	gia
thả	49159	tha
khoan	49158	khoan
chính thức	49157	chinhthuc
lạnh	49156	lanh
thú vị	49155	thuvi
đại diện	49154	daidien
cụ thể	49153	cuthe
tình hình	49152	tinhhinh
anh em	49151	anhem
sạch	49150	sach
nỗi	49149	noi
the	49148	the
tiệc	49147	tiec
hấp dẫn	49146	hapdan
nhân	49145	nhan
lực lượng	49144	lucluong
phụ	49143	phu
bao	49142	bao
lửa	49141	lua
nguyên nhân	49140	nguyennhan
lão	49139	lao
buồn	49137	buon
hợp tác	49136	hoptac
bình	49135	binh
dựa	49134	dua
cưới	49133	cuoi
tầm	49132	tam
mùi	49131	mui
bí mật	49130	bimat
tinh thần	49129	tinhthan
ngựa	49128	ngua
môn	49127	mon
tình	49126	tinh
vô cùng	49125	vocung
nghệ thuật	49124	nghethuat
may	49123	may
công	49122	cong
đổ	49121	do
túi	49120	tui
tiếp theo	49119	tieptheo
lạ	49118	la
tường	49117	tuong
quanh	49116	quanh
tranh	49115	tranh
tác dụng	49114	tacdung
đầy đủ	49113	daydu
chia	49112	chia
rơi	49111	roi
dần	49110	dan
thông minh	49109	thongminh
khẳng định	49108	khangdinh
dầu	49107	dau
công nghiệp	49106	congnghiep
cảnh	49105	canh
bao gồm	49104	baogom
ngừng	49103	ngung
kết hợp	49102	kethop
ca	49101	ca
đón	49100	don
cháy	49099	chay
giao thông	49098	giaothong
mưa	49097	mua
lập	49096	lap
đô	49095	do
họp	49094	hop
chuyên gia	49093	chuyengia
chi tiết	49092	chitiet
rút	49091	rut
diện tích	49090	dientich
danh sách	49089	danhsach
mơ	49088	mo
trò	49087	tro
ngày mai	49086	ngaymai
truyền thống	49085	truyenthong
trưởng	49084	truong
ấn tượng	49083	antuong
ghét	49082	ghet
chứa	49081	chua
sân	49080	san
nổ	49079	no
chi phí	49078	chiphi
bạn bè	49077	banbe
thương mại	49076	thuongmai
sức mạnh	49075	sucmanh
tồn tại	49074	tontai
hiện đại	49073	hiendai
nhắc	49072	nhac
nói dối	49071	noidoi
khoẻ	49070	khoe
tìm hiểu	49069	timhieu
dự	49068	du
bất kỳ	49067	batky
đùa	49066	dua
hẹn	49065	hen
y tế	49064	yte
chức năng	49063	chucnang
mục đích	49062	mucdich
quen	49061	quen
nhanh chóng	49060	nhanhchong
học tập	49059	hoctap
chính trị	49058	chinhtri
giả	49057	gia
thuế	49056	thue
gió	49055	gio
đảng	49054	dang
chiến thắng	49053	chienthang
áp dụng	49052	apdung
giải pháp	49051	giaiphap
vui vẻ	49050	vuive
việc làm	49049	vieclam
liệu	49048	lieu
tội	49047	toi
giới	49046	gioi
ổn định	49045	ondinh
bố mẹ	49044	bome
thẻ	49043	the
đằng	49042	dang
hạ	49041	ha
trừ	49040	tru
sự kiện	49039	sukien
cộng đồng	49038	congdong
bất ngờ	49037	batngo
năng lượng	49036	nangluong
thành lập	49035	thanhlap
chiến tranh	49034	chientranh
vai	49033	vai
chậm	49032	cham
số lượng	49031	soluong
thở	49030	tho
hội nghị	49029	hoinghi
có mặt	49028	comat
sữa	49027	sua
một vài	49026	motvai
dân tộc	49025	dantoc
đèn	49024	den
chế độ	49023	chedo
hút	49021	hut
mạnh mẽ	49020	manhme
đơn	49019	don
thoải mái	49018	thoaimai
khoản	49017	khoan
giáo viên	49016	giaovien
tốc độ	49015	tocdo
đạn	49014	dan
cướp	49013	cuop
thị trấn	49012	thitran
thực phẩm	49011	thucpham
thẳng	49010	thang
giám đốc	49009	giamdoc
khóc	49008	khoc
phần mềm	49007	phanmem
quân đội	49006	quandoi
an ninh	49005	anninh
nguyễn	49004	nguyen
vai trò	49003	vaitro
thức ăn	49002	thucan
viện	49001	vien
chào bạn	49000	chaoban
địa chỉ	49000	diachi
nạn nhân	48999	nannhan
di chuyển	48998	dichuyen
cơ bản	48997	coban
cục	48996	cuc
vì vậy	48995	vivay
bờ	48994	bo
hợp đồng	48993	hopdong
giành	48992	gianh
trồng	48991	trong
địa bàn	48990	diaban
màn hình	48989	manhinh
nét	48988	net
bắc	48987	bac
dạng	48986	dang
yếu tố	48985	yeuto
chặt	48984	chat
gà	48983	ga
khối	48982	khoi
đồng chí	48981	dongchi
Nhật Bản	48980	nhatban
án	48979	an
giường	48978	giuong
giọng	48977	giong
cưng	48976	cung
liên lạc	48975	lienlac
phố	48974	pho
cà phê	48973	caphe
nghèo	48972	ngheo
chim	48971	chim
gấp	48970	gap
miệng	48969	mieng
hệ	48968	he
phối hợp	48967	phoihop
thuyền	48966	thuyen
trẻ em	48965	treem
chủ yếu	48964	chuyeu
thu hút	48963	thuhut
b	48962	b
đáp ứng	48961	dapung
nhẹ	48960	nhe
tư vấn	48959	tuvan
hôn	48958	hon
chữa	48957	chua
đẩy	48956	day
dữ liệu	48955	dulieu
liền	48954	lien
cửa hàng	48953	cuahang
rắc rối	48952	racroi
pháp luật	48951	phapluat
ý tưởng	48950	ytuong
lưng	48949	lung
đuổi	48947	duoi
bom	48946	bom
ghế	48945	ghe
điều khiển	48944	dieukhien
vay	48943	vay
tắm	48942	tam
ha	48941	ha
hại	48940	hai
thoả thuận	48939	thoathuan
hoàn hảo	48938	hoanhao
hội đồng	48937	hoidong
mắc	48936	mac
giây	48935	giay
thương hiệu	48934	thuonghieu
gỗ	48933	go
phường	48932	phuong
không khí	48931	khongkhi
liên tục	48930	lientuc
bò	48929	bo
tuyến	48928	tuyen
trò chơi	48927	trochoi
tích cực	48926	tichcuc
đập	48925	dap
ly	48924	ly
căn hộ	48923	canho
tài sản	48922	taisan
vật	48921	vat
điều hành	48920	dieuhanh
vẽ	48919	ve
phiên bản	48918	phienban
kiến thức	48917	kienthuc
kính	48916	kinh
cổng	48915	cong
trao	48914	trao
công an	48913	congan
hồ	48912	ho
chợ	48911	cho
phong cách	48910	phongcach
hạn chế	48909	hanche
ánh sáng	48908	anhsang
công bố	48907	congbo
lái	48906	lai
xác	48905	xac
xung quanh	48904	xungquanh
mở rộng	48903	morong
hạt	48902	hat
sáng tạo	48901	sangtao
hình thức	48900	hinhthuc
nguyên	48899	nguyen
song	48898	song
tác phẩm	48897	tacpham
ủng hộ	48896	ungho
giao dịch	48895	giaodich
mũi	48894	mui
hết sức	48893	hetsuc
thanh	48892	thanh
chỉ đạo	48891	chidao
tỷ	48890	ty
mừng	48889	mung
mãi	48888	mai
tai nạn	48887	tainan
hộp	48886	hop
thanh niên	48885	thanhnien
dịp	48884	dip
góc	48883	goc
tài liệu	48882	tailieu
cân	48881	can
nhắn	48880	nhan
thể	48879	the
bao lâu	48878	baolau
tù	48877	tu
tin tưởng	48876	tintuong
chúc mừng	48875	chucmung
thí sinh	48874	thisinh
nửa	48873	nua
quảng cáo	48872	quangcao
dấu	48871	dau
kèm	48870	kem
tờ	48869	to
chi	48868	chi
ký	48867	ky
tỷ lệ	48866	tyle
quần áo	48865	quanao
xuất khẩu	48864	xuatkhau
tăng cường	48863	tangcuong
thua	48862	thua
trao đổi	48861	traodoi
tiết kiệm	48860	tietkiem
lẫn	48859	lan
phân	48858	phan
sai lầm	48857	sailam
não	48856	nao
bổ sung	48855	bosung
tắt	48854	tat
chỉ huy	48853	chihuy
e	48852	e
trái tim	48851	traitim
quê	48850	que
kết nối	48849	ketnoi
thất bại	48848	thatbai
khai thác	48847	khaithac
tập đoàn	48846	tapdoan
hè	48845	he
ngạc nhiên	48844	ngacnhien
mong muốn	48843	mongmuon
vết	48842	vet
chuyên nghiệp	48841	chuyennghiep
bãi	48840	bai
bụng	48839	bung
khô	48838	kho
ngắn	48837	ngan
chuẩn	48836	chuan
tốt nghiệp	48835	totnghiep
mô hình	48834	mohinh
rẻ	48833	re
tham dự	48832	thamdu
đôi khi	48831	doikhi
góp phần	48830	gopphan
chứng minh	48829	chungminh
thể thao	48828	thethao
sàn	48827	san
quỷ	48826	quy
phân tích	48825	phantich
lượt	48824	luot
cha mẹ	48823	chame
thơ	48822	tho
liên hệ	48821	lienhe
khán giả	48820	khangia
điện tử	48819	dientu
vệ sinh	48818	vesinh
nhân vật	48817	nhanvat
ngăn	48816	ngan
kéo dài	48815	keodai
bộ phận	48814	bophan
trưa	48813	trua
viêm	48812	viem
ví dụ	48811	vidu
tướng	48810	tuong
tiến sĩ	48809	tiensi
Hồ Chí Minh	48808	hochiminh
tuy	48807	tuy
dĩ nhiên	48806	dinhien
khí	48805	khi
bậc	48804	bac
xương	48803	xuong
chính quyền	48802	chinhquyen
dịch	48801	dich
chào anh	48800	chaoanh
chào chị	48800	chaochi
chuyên	48800	chuyen
quý khách	48799	quykhach
đồng hồ	48798	dongho
ước	48797	uoc
ung thư	48796	ungthu
vận động	48795	vandong
kém	48794	kem
trang bị	48793	trangbi
siêu	48792	sieu
tung	48791	tung
vườn	48790	vuon
luật sư	48789	luatsu
thủ tục	48788	thutuc
đống	48787	dong
buộc	48786	buoc
tấn	48785	tan
tình cảm	48784	tinhcam
khuyên	48783	khuyen
tương tự	48782	tuongtu
sửa	48781	sua
tốt đẹp	48780	totdep
lương	48779	luong
ngang	48778	ngang
nắng	48777	nang
chiến lược	48776	chienluoc
hôm qua	48775	homqua
quỹ	48774	quy
cơm	48773	com
ném	48772	nem
vỡ	48771	vo
xuất sắc	48770	xuatsac
mảnh	48769	manh
bếp	48768	bep
dấu hiệu	48767	dauhieu
muộn	48766	muon
nhà trường	48765	nhatruong
biện pháp	48764	bienphap
thanh tra	48763	thanhtra
điều chỉnh	48762	dieuchinh
nộp	48761	nop
du khách	48760	dukhach
tai	48759	tai
tận	48758	tan
nỗ lực	48757	noluc
cảm nhận	48756	camnhan
nguy cơ	48755	nguyco
bầu	48754	bau
nhà hàng	48753	nhahang
mã	48752	ma
hỏng	48751	hong
kịp	48750	kip
trận đấu	48749	trandau
đàn	48748	dan
khác biệt	48747	khacbiet
phí	48746	phi
nghiêm túc	48745	nghiemtuc
gắn	48744	gan
hợp lý	48743	hoply
đốt	48742	dot
duy trì	48741	duytri
xây	48740	xay
tác động	48739	tacdong
giày	48738	giay
sẵn	48737	san
giám sát	48736	giamsat
tiêu chuẩn	48735	tieuchuan
kỹ năng	48734	kynang
trứng	48733	trung
nông nghiệp	48732	nongnghiep
thế thì	48731	thethi
yếu	48730	yeu
đói	48729	doi
phổ biến	48728	phobien
năng lực	48727	nangluc
nông dân	48726	nongdan
la	48725	la
ngọn	48724	ngon
vợ chồng	48723	vochong
ánh	48722	anh
thích hợp	48721	thichhop
hợp	48720	hop
đợt	48719	dot
ngực	48718	nguc
Hàn Quốc	48717	hanquoc
răng	48716	rang
phản ứng	48715	phanung
truyền	48714	truyen
ma	48713	ma
cú	48712	cu
thề	48711	the
xem xét	48710	xemxet
miếng	48709	mieng
tính năng	48708	tinhnang
hay là	48707	hayla
nhật	48706	nhat
cung	48705	cung
sát	48704	sat
tết	48703	tet
rửa	48702	rua
thời trang	48701	thoitrang
nhà máy	48700	nhamay
diễn viên	48699	dienvien
ô	48698	o
trộm	48697	trom
màu sắc	48696	mausac
đô thị	48695	dothi
tự hào	48694	tuhao
cao cấp	48693	caocap
con số	48692	conso
lập tức	48691	laptuc
hàng hoá	48690	hanghoa
pha	48689	pha
kho	48688	kho
tác giả	48687	tacgia
đề	48686	de
ê	48685	e
hàng đầu	48684	hangdau
ngã	48683	nga
giàu	48682	giau
anh chàng	48681	anhchang
quan	48680	quan
khỉ	48679	khi
cạnh tranh	48678	canhtranh
vì thế	48677	vithe
cực	48676	cuc
miễn phí	48675	mienphi
xứng đáng	48674	xungdang
văn bản	48673	vanban
chào mừng	48672	chaomung
khám	48671	kham
anh hùng	48670	anhhung
quốc hội	48669	quochoi
uỷ ban	48668	uyban
cảm xúc	48667	camxuc
trại	48666	trai
mỗi	48665	moi
trung ương	48664	trunguong
cầu thủ	48663	cauthu
gia	48662	gia
giấu	48661	giau
ngày nay	48660	ngaynay
tiêu dùng	48659	tieudung
địa điểm	48658	diadiem
tăng trưởng	48657	tangtruong
động	48656	dong
lái xe	48655	laixe
thai	48654	thai
tưởng tượng	48653	tuongtuong
tổ	48652	to
đua	48651	dua
đời sống	48650	doisong
hành vi	48649	hanhvi
mở cửa	48648	mocua
tuỳ	48647	tuy
ấm	48646	am
nêu	48645	neu
rau	48644	rau
bộ trưởng	48643	botruong
kêu	48642	keu
sư	48641	su
trà	48640	tra
vỏ	48639	vo
đại biểu	48638	daibieu
gốc	48637	goc
đóng góp	48636	donggop
chạm	48635	cham
sóng	48634	song
dự kiến	48633	dukien
xinh đẹp	48632	xinhdep
phương tiện	48631	phuongtien
sự nghiệp	48630	sunghiep
thương	48629	thuong
nhất định	48628	nhatdinh
dính	48627	dinh
thi đấu	48626	thidau
phong trào	48625	phongtrao
hành tinh	48624	hanhtinh
ban đầu	48623	bandau
chùa	48622	chua
phức tạp	48621	phuctap
thu nhập	48620	thunhap
bảo hiểm	48619	baohiem
bám	48618	bam
tiếp cận	48617	tiepcan
đạo	48616	dao
bão	48615	bao
giáo sư	48614	giaosu
phẫu thuật	48613	phauthuat
trạm	48612	tram
thay thế	48611	thaythe
lợi ích	48610	loiich
ngốc	48609	ngoc
Đà Nẵng	48608	danang
thú	48607	thu
màn	48606	man
khẩu	48605	khau
ống	48604	ong
đeo	48603	deo
no	48602	no
tội phạm	48601	toipham
mái	48600	mai
lỗ	48599	lo
nghi ngờ	48598	nghingo
bảo đảm	48597	baodam
u	48596	u
từ chối	48595	tuchoi
khám phá	48594	khampha
kỹ	48593	ky
cuộc chiến	48592	cuocchien
thức	48591	thuc
khai	48590	khai
dao	48589	dao
dễ thương	48588	dethuong
thế hệ	48587	thehe
nút	48586	nut
h	48585	h
gói	48584	goi
châu	48583	chau
o	48582	o
nghiêm trọng	48581	nghiemtrong
say	48580	say
cách mạng	48579	cachmang
nội	48578	noi
thủ tướng	48577	thutuong
chủ đề	48576	chude
chuyên môn	48575	chuyenmon
giấc	48574	giac
xếp	48573	xep
bia	48572	bia
chuột	48571	chuot
cặp	48570	cap
phát biểu	48569	phatbieu
ôm	48568	om
chảy	48567	chay
gan	48566	gan
đòi hỏi	48565	doihoi
nhập	48564	nhap
tài khoản	48563	taikhoan
đại	48562	dai
hạng	48561	hang
kem	48560	kem
tín hiệu	48559	tinhieu
sân bay	48558	sanbay
ba	48557	ba
liên kết	48556	lienket
tiêu	48555	tieu
nông thôn	48554	nongthon
váy	48553	vay
lợi	48552	loi
cửa sổ	48551	cuaso
ngoại	48550	ngoai
đối mặt	48549	doimat
ma tuý	48548	matuy
truyền hình	48547	truyenhinh
xác nhận	48546	xacnhan
đài	48545	dai
cụ	48544	cu
tổn thương	48543	tonthuong
cho nên	48542	chonen
vui lòng	48541	vuilong
kênh	48540	kenh
ngu ngốc	48539	ngungoc
tình dục	48538	tinhduc
quy hoạch	48537	quyhoach
tuyên bố	48536	tuyenbo
nấu	48535	nau
trễ	48534	tre
dân số	48533	danso
sắt	48532	sat
đe doạ	48531	dedoa
nhầm	48530	nham
vi phạm	48529	vipham
luôn luôn	48528	luonluon
bằng chứng	48527	bangchung
cấm	48526	cam
tươi	48525	tuoi
đặc vụ	48524	dacvu
quan sát	48523	quansat
đội ngũ	48522	doingu
quần	48521	quan
âm nhạc	48520	amnhac
căn cứ	48519	cancu
công cụ	48518	congcu
lúa	48517	lua
trống	48516	trong
tạm	48515	tam
cho dù	48514	chodu
tự tin	48513	tutin
cảnh báo	48512	canhbao
để ý	48511	dey
thông thường	48510	thongthuong
chán	48509	chan
New York	48508	newyork
xuân	48507	xuan
đối thủ	48506	doithu
ờ	48505	o
mức độ	48504	mucdo
hoá	48503	hoa
làn	48502	lan
phương	48501	phuong
cảm ơn bạn	48500	camonban
đào	48500	dao
tây	48499	tay
quan điểm	48498	quandiem
căng thẳng	48497	cangthang
ra mắt	48496	ramat
bỏ qua	48495	boqua
cập nhật	48494	capnhat
hầm	48493	ham
trung bình	48492	trungbinh
ngu	48491	ngu
cải thiện	48490	caithien
cát	48489	cat
sắp xếp	48488	sapxep
ngón	48487	ngon
nghiệm	48486	nghiem
xu hướng	48485	xuhuong
tỏ	48484	to
dặm	48483	dam
tí	48482	ti
đâm	48481	dam
chị em	48480	chiem
xưa	48479	xua
gạo	48478	gao
mông	48477	mong
chở	48476	cho
nhẹ nhàng	48475	nhenhang
truyền thông	48474	truyenthong
sinh hoạt	48473	sinhhoat
tế bào	48472	tebao
săn	48471	san
thuyết phục	48470	thuyetphuc
khoa	48469	khoa
chờ đợi	48468	chodoi
kết hôn	48467	kethon
bông	48466	bong
bật	48465	bat
hình thành	48464	hinhthanh
nhiệt độ	48463	nhietdo
xét	48462	xet
thế kỷ	48461	theky
kẻ thù	48460	kethu
dạo	48459	dao
hành chính	48458	hanhchinh
Hoa Kỳ	48457	hoaky
chứng kiến	48456	chungkien
kỷ niệm	48455	kyniem
tâm lý	48454	tamly
nổi bật	48453	noibat
tự động	48452	tudong
tình huống	48451	tinhhuong
g	48450	g
thanh toán	48449	thanhtoan
tôn trọng	48448	tontrong
thưởng	48447	thuong
tách	48446	tach
tâm	48445	tam
nghỉ ngơi	48444	nghingoi
đấu	48443	dau
nhập khẩu	48442	nhapkhau
đỉnh	48441	dinh
á	48440	a
âm thanh	48439	amthanh
lùi	48438	lui
xăng	48437	xang
hành	48436	hanh
sợ hãi	48435	sohai
thuận lợi	48434	thuanloi
ngắm	48433	ngam
thôn	48432	thon
tồi tệ	48431	toite
treo	48430	treo
thừa nhận	48429	thuanhan
độc đáo	48428	docdao
bàn tay	48427	bantay
lạc	48426	lac
nụ	48425	nu
hiện tượng	48424	hientuong
tối đa	48423	toida
báo chí	48422	baochi
sam	48421	sam
động cơ	48420	dongco
hoàn cảnh	48419	hoancanh
đạo đức	48418	daoduc
đỡ	48417	do
ả	48416	a
bớt	48415	bot
lỡ	48414	lo
bơi	48413	boi
thành phần	48412	thanhphan
thảo luận	48411	thaoluan
mèo	48410	meo
quá khứ	48409	quakhu
mi	48408	mi
giải thưởng	48407	giaithuong
trúng	48406	trung
làm ăn	48405	laman
chiến	48404	chien
hài lòng	48403	hailong
khó chịu	48402	khochiu
thống nhất	48400	thongnhat
phiên	48399	phien
thực ra	48398	thucra
thủ	48397	thu
cử	48395	cu
nha	48394	nha
mẹ kiếp	48393	mekiep
chừng	48392	chung
gương	48391	guong
bạc	48390	bac
tham quan	48389	thamquan
tải	48388	tai
mát	48387	mat
đám cưới	48386	damcuoi
sống sót	48385	songsot
hồng	48384	hong
quý vị	48383	quyvi
huế	48382	hue
bột	48381	bot
tiết	48380	tiet
chà	48379	cha
đàn bà	48378	danba
sợi	48377	soi
im lặng	48376	imlang
tuyển	48375	tuyen
Sài Gòn	48374	saigon
cổ phần	48373	cophan
ngôn ngữ	48372	ngonngu
thơm	48371	thom
tan	48370	tan
em gái	48369	emgai
đậu	48368	dau
bụi	48367	bui
năm học	48366	namhoc
bất động sản	48365	batdongsan
thành tích	48364	thanhtich
lợi nhuận	48363	loinhuan
vĩ đại	48362	vidai
vô địch	48361	vodich
tài	48360	tai
bang	48359	bang
đổi mới	48358	doimoi
chiến dịch	48357	chiendich
xử	48356	xu
chai	48355	chai
ép	48354	ep
thử nghiệm	48353	thunghiem
nhấn	48352	nhan
ra đời	48351	radoi
ừm	48350	um
lừa	48349	lua
thất vọng	48348	thatvong
thùng	48347	thung
ngân sách	48346	ngansach
chế biến	48345	chebien
lễ hội	48344	lehoi
tài năng	48343	tainang
đóng cửa	48342	dongcua
hưởng	48341	huong
sắc	48340	sac
dì	48339	di
hoàn thiện	48338	hoanthien
dọn	48337	don
ghé	48336	ghe
hòn	48335	hon
thiên nhiên	48334	thiennhien
truy cập	48333	truycap
trang trí	48332	trangtri
im	48331	im
bản đồ	48330	bando
trang phục	48329	trangphuc
công nhân	48328	congnhan
nhận thức	48327	nhanthuc
sinh nhật	48326	sinhnhat
lộ	48325	lo
tạp chí	48324	tapchi
mệt mỏi	48323	metmoi
nối	48322	noi
quản trị	48321	quantri
tổng hợp	48320	tonghop
khốn kiếp	48319	khonkiep
leo	48318	leo
phần lớn	48317	phanlon
tập thể	48316	tapthe
kiến trúc	48315	kientruc
chiếu	48314	chieu
kích thước	48313	kichthuoc
thưởng thức	48312	thuongthuc
hành trình	48311	hanhtrinh
đòi	48310	doi
lưu ý	48309	luuy
cổ phiếu	48308	cophieu
phạm	48307	pham
ca sĩ	48306	casi
cỡ	48305	co
phiền	48304	phien
anh trai	48303	anhtrai
thuyền trưởng	48302	thuyentruong
tóm	48301	tom
giải trí	48300	giaitri
khổng lồ	48299	khonglo
ngăn chặn	48298	nganchan
áp lực	48297	apluc
đại hội	48296	daihoi
động vật	48295	dongvat
chứng	48294	chung
quân sự	48293	quansu
công bằng	48292	congbang
tín dụng	48291	tindung
đăng	48290	dang
nghệ sĩ	48289	nghesi
đa dạng	48288	dadang
đĩa	48287	dia
cờ	48286	co
cột	48285	cot
yêu thương	48284	yeuthuong
xứ	48283	xu
thời tiết	48282	thoitiet
mãi mãi	48281	maimai
biểu diễn	48280	bieudien
năm ngoái	48278	namngoai
hội thảo	48277	hoithao
toàn cầu	48276	toancau
lông	48275	long
tha thứ	48274	thathu
thông	48273	thong
cảng	48272	cang
thép	48271	thep
độc	48270	doc
người yêu	48269	nguoiyeu
khớp	48268	khop
nhà thờ	48267	nhatho
học viên	48266	hocvien
thổi	48265	thoi
phát huy	48264	phathuy
trang web	48263	trangweb
bóng đá	48262	bongda
lực	48261	luc
chặn	48260	chan
dựng	48259	dung
lịch	48258	lich
vi	48257	vi
ga	48256	ga
kịp thời	48255	kipthoi
phạt	48254	phat
thời kỳ	48253	thoiky
Ấn Độ	48252	ando
bận	48251	ban
hương	48250	huong
đối tác	48249	doitac
pin	48248	pin
trôi	48247	troi
quy mô	48246	quymo
đáp	48245	dap
hằng	48244	hang
chủ động	48243	chudong
di động	48242	didong
xuyên	48241	xuyen
lát	48240	lat
thần kinh	48239	thankinh
thống kê	48238	thongke
dinh dưỡng	48237	dinhduong
hẹn hò	48236	henho
đền	48235	den
nguyên tắc	48233	nguyentac
nướng	48232	nuong
thí nghiệm	48231	thinghiem
khủng bố	48230	khungbo
công nhận	48229	congnhan
giới hạn	48228	gioihan
mai	48227	mai
công viên	48225	congvien
kín	48224	kin
google	48223	google
mượn	48222	muon
trình độ	48221	trinhdo
cộng	48220	cong
sang trọng	48219	sangtrong
tủ	48218	tu
chia tay	48217	chiatay
ưu tiên	48216	uutien
bài học	48215	baihoc
sửa chữa	48214	suachua
hùng	48213	hung
phỏng vấn	48212	phongvan
tôm	48211	tom
vùng đất	48210	vungdat
thực	48209	thuc
công chúa	48208	congchua
muối	48207	muoi
vận chuyển	48206	vanchuyen
đáng kể	48205	dangke
huấn luyện	48204	huanluyen
chìa khoá	48203	chiakhoa
kinh	48202	kinh
xoay	48201	xoay
độc lập	48200	doclap
rác	48199	rac
phủ	48198	phu
tiếp xúc	48196	tiepxuc
quyền lực	48195	quyenluc
béo	48194	beo
tốn	48193	ton
đếm	48192	dem
phụ thuộc	48191	phuthuoc
bả	48190	ba
linh hồn	48189	linhhon
khuôn mặt	48188	khuonmat
quái vật	48187	quaivat
thiệt	48186	thiet
gương mặt	48185	guongmat
web	48184	web
tượng	48183	tuong
phản bội	48182	phanboi
giận	48181	gian
lô	48180	lo
từ bỏ	48179	tubo
giấy tờ	48178	giayto
địch	48177	dich
phát hành	48176	phathanh
thủ đô	48175	thudo
khung	48174	khung
khắc phục	48173	khacphuc
hậu quả	48172	hauqua
coi chừng	48171	coichung
ruột	48170	ruot
rồng	48169	rong
hàng loạt	48168	hangloat
mua sắm	48167	muasam
tuyên truyền	48166	tuyentruyen
dọc	48165	doc
lưu	48164	luu
mộ	48163	mo
sân khấu	48162	sankhau
tổng số	48161	tongso
cỏ	48160	co
đề tài	48159	detai
mạch	48158	mach
uy tín	48157	uytin
Thái Lan	48156	thailan
bà con	48155	bacon
cam kết	48154	camket
chấm dứt	48153	chamdut
lao	48152	lao
mét	48151	met
đa	48150	da
nhiễm	48149	nhiem
triệu chứng	48148	trieuchung
người thân	48147	nguoithan
vải	48146	vai
trình bày	48145	trinhbay
đâu đó	48144	daudo
ăn uống	48143	anuong
kích thích	48142	kichthich
vừa mới	48141	vuamoi
mệt	48140	met
cơ chế	48139	coche
môi	48138	moi
tin tức	48137	tintuc
hầu hết	48136	hauhet
quyến rũ	48135	quyenru
diện	48134	dien
ý thức	48133	ythuc
mô tả	48132	mota
sơn	48131	son
đề xuất	48130	dexuat
vũ trụ	48129	vutru
huynh	48128	huynh
nguyên liệu	48127	nguyenlieu
thừa	48126	thua
đệ	48125	de
trường học	48124	truonghoc
ghi nhận	48123	ghinhan
thói quen	48122	thoiquen
trưởng thành	48121	truongthanh
gia tăng	48120	giatang
thúc đẩy	48118	thucday
đồng nghiệp	48117	dongnghiep
cứng	48116	cung
trẻ con	48115	trecon
vật liệu	48114	vatlieu
miêu tả	48113	mieuta
thèm	48112	them
tiêu thụ	48111	tieuthu
văn	48110	van
chớ	48109	cho
thợ	48108	tho
xét nghiệm	48107	xetnghiem
ngược	48106	nguoc
tiêu diệt	48105	tieudiet
em trai	48104	emtrai
giải phóng	48103	giaiphong
phân phối	48102	phanphoi
tròn	48101	tron
vật chất	48100	vatchat
đau đớn	48099	daudon
lạy	48098	lay
phóng viên	48097	phongvien
trực tuyến	48096	tructuyen
dày	48095	day
phiếu	48094	phieu
đại tá	48093	daita
bi	48092	bi
sĩ quan	48091	siquan
hôn nhân	48090	honnhan
tiêm	48089	tiem
tính toán	48088	tinhtoan
thế mà	48087	thema
phương án	48086	phuongan
xoá	48085	xoa
cởi	48084	coi
sốt	48083	sot
ra lệnh	48082	ralenh
tham khảo	48081	thamkhao
lãi suất	48080	laisuat
bắt cóc	48079	batcoc
mềm	48078	mem
ca khúc	48077	cakhuc
xuất	48076	xuat
trung	48075	trung
đuôi	48074	duoi
điên rồ	48073	dienro
công đoàn	48072	congdoan
chỉ số	48071	chiso
chứng khoán	48070	chungkhoan
mặt hàng	48069	mathang
mọc	48068	moc
quyển	48067	quyen
nội thất	48066	noithat
loại bỏ	48065	loaibo
tiệm	48064	tiem
bố trí	48063	botri
canh	48062	canh
đụng	48061	dung
nhịp	48060	nhip
hiếm	48059	hiem
kim	48058	kim
giờ đây	48057	gioday
khuyến khích	48056	khuyenkhich
khởi động	48055	khoidong
cao đẳng	48054	caodang
phóng	48053	phong
đồi	48052	doi
lợn	48051	lon
đại uý	48050	daiuy
hoàng	48049	hoang
biên giới	48048	biengioi
rủi ro	48047	ruiro
vết thương	48046	vetthuong
mất tích	48045	mattich
hy sinh	48044	hysinh
kế toán	48043	ketoan
mũ	48042	mu
phó chủ tịch	48041	phochutich
phật	48040	phat
rắn	48039	ran
tiềm năng	48038	tiemnang
đam mê	48037	damme
chất liệu	48036	chatlieu
chịu đựng	48035	chiudung
thiệt hại	48034	thiethai
thắc mắc	48033	thacmac
khúc	48032	khuc
chức	48031	chuc
đánh bại	48030	danhbai
biểu tượng	48029	bieutuong
triển lãm	48028	trienlam
truyện	48027	truyen
bẫy	48026	bay
lắng nghe	48025	langnghe
nhựa	48024	nhua
thiết lập	48023	thietlap
cực kỳ	48022	cucky
hi	48021	hi
ben	48020	ben
so sánh	48019	sosanh
giảng dạy	48018	giangday
địa ngục	48017	dianguc
thư viện	48016	thuvien
toán	48015	toan
cầu nguyện	48014	caunguyen
ý định	48013	ydinh
chủ nghĩa	48012	chunghia
tư tưởng	48011	tutuong
nhấn mạnh	48010	nhanmanh
cắm	48009	cam
ngoan	48008	ngoan
phân biệt	48007	phanbiet
khăn	48006	khan
thử thách	48005	thuthach
âm	48004	am
một ít	48003	motit
xấu hổ	48002	xauho
quy trình	48001	quytrinh
hẹn gặp lại	48000	hengaplai
khẩn cấp	48000	khancap
lò	47999	lo
vững	47998	vung
chìm	47997	chim
nâng cấp	47996	nangcap
phong phú	47995	phongphu
hạt nhân	47994	hatnhan
hầu như	47993	haunhu
ông già	47992	onggia
mục	47991	muc
phụ huynh	47990	phuhuynh
dự báo	47989	dubao
thách thức	47988	thachthuc
trần	47987	tran
xu	47986	xu
con cái	47985	concai
đa số	47984	daso
lầu	47983	lau
ngờ	47982	ngo
mỏng	47981	mong
me	47980	me
phục hồi	47979	phuchoi
giao tiếp	47978	giaotiep
khảo sát	47977	khaosat
toà án	47976	toaan
OK	47975	ok
đẩy mạnh	47974	daymanh
nghi	47973	nghi
trình	47972	trinh
tuyệt đối	47971	tuyetdoi
cam	47970	cam
liều	47969	lieu
vậy mà	47968	vayma
trật tự	47967	trattu
biểu hiện	47966	bieuhien
chế	47965	che
hiện trường	47964	hientruong
lành	47963	lanh
than	47962	than
kế	47961	ke
lưỡi	47960	luoi
bền vững	47959	benvung
nữ hoàng	47958	nuhoang
chôn	47957	chon
khoảng cách	47956	khoangcach
phổi	47955	phoi
thận	47954	than
Tây Ban Nha	47953	taybannha
quyết tâm	47952	quyettam
cắn	47951	can
kẹt	47950	ket
công dân	47949	congdan
mây	47948	may
kết luận	47947	ketluan
thái độ	47946	thaido
quê hương	47945	quehuong
tương đương	47944	tuongduong
định hướng	47943	dinhhuong
huỷ	47942	huy
ngọt	47941	ngot
vớ vẩn	47940	vovan
gãy	47939	gay
kết	47938	ket
trượt	47937	truot
che	47936	che
diễn đàn	47935	diendan
trung học	47934	trunghoc
tài nguyên	47933	tainguyen
thi công	47932	thicong
tài trợ	47931	taitro
gọn	47930	gon
nhận định	47929	nhandinh
tổng	47928	tong
trước hết	47927	truochet
đặc trưng	47926	dactrung
sơ	47925	so
cân bằng	47924	canbang
chỉ tiêu	47923	chitieu
mực	47922	muc
lãng mạn	47921	langman
phá huỷ	47920	phahuy
giao lưu	47919	giaoluu
số phận	47918	sophan
lâu dài	47917	laudai
vận tải	47916	vantai
đo	47915	do
chuông	47914	chuong
chấm	47913	cham
trị	47912	tri
đỗ	47911	do
trời ơi	47910	troioi
dân chủ	47909	danchu
chặt chẽ	47908	chatche
má	47907	ma
ngoại giao	47906	ngoaigiao
đấu tranh	47905	dautranh
thân thiện	47904	thanthien
chứng nhận	47903	chungnhan
trung thành	47902	trungthanh
nhà văn	47901	nhavan
nhận xét	47900	nhanxet
bấm	47899	bam
gác	47898	gac
heo	47897	heo
nhẫn	47896	nhan
bảo tàng	47895	baotang
doanh thu	47894	doanhthu
hoàng tử	47893	hoangtu
chuỗi	47892	chuoi
nước mắt	47891	nuocmat
trình diễn	47890	trinhdien
khủng khiếp	47889	khungkhiep
nhắm	47888	nham
danh hiệu	47887	danhhieu
học bổng	47886	hocbong
ban hành	47885	banhanh
minh	47884	minh
kinh phí	47883	kinhphi
cấp cứu	47882	capcuu
giam	47881	giam
nằm xuống	47880	namxuong
kỳ lạ	47879	kyla
tha	47878	tha
khâu	47877	khau
dân cư	47876	dancu
nấm	47875	nam
vận hành	47874	vanhanh
đế	47873	de
tia	47872	tia
cô giáo	47871	cogiao
tình nguyện	47870	tinhnguyen
xe tải	47869	xetai
sinh học	47868	sinhhoc
liên bang	47867	lienbang
phạm vi	47866	phamvi
sâu sắc	47865	sausac
tiêu chí	47864	tieuchi
đéo	47863	deo
tiếp nhận	47862	tiepnhan
tiết lộ	47861	tietlo
cài đặt	47860	caidat
nghị quyết	47859	nghiquyet
hạ tầng	47858	hatang
giáng sinh	47857	giangsinh
nền tảng	47856	nentang
co	47855	co
nhân lực	47854	nhanluc
phu nhân	47853	phunhan
sự việc	47852	suviec
ho	47851	ho
chiến binh	47850	chienbinh
đồn	47849	don
hư	47848	hu
xe máy	47847	xemay
hâm mộ	47846	hammo
phụ trách	47845	phutrach
huy động	47844	huydong
vất vả	47842	vatva
thông điệp	47841	thongdiep
đi lại	47840	dilai
tiểu học	47839	tieuhoc
yên tâm	47838	yentam
giãn	47837	gian
giá cả	47836	giaca
khen	47835	khen
trị giá	47834	trigia
chứng tỏ	47833	chungto
cô đơn	47832	codon
đặc điểm	47831	dacdiem
khổ	47830	kho
rối loạn	47829	roiloan
sốc	47828	soc
dãy	47827	day
người lớn	47826	nguoilon
đương nhiên	47825	duongnhien
biến đổi	47824	biendoi
khói	47823	khoi
gấu	47822	gau
văn học	47821	vanhoc
lưới	47820	luoi
an	47819	an
đồ chơi	47818	dochoi
lôi	47817	loi
tháo	47816	thao
tâm sự	47815	tamsu
lọc	47814	loc
gởi	47813	goi
phong	47812	phong
thay vì	47811	thayvi
vụ việc	47810	vuviec
móng	47809	mong
đáy	47808	day
mỏ	47807	mo
thỉnh thoảng	47806	thinhthoang
ơn	47805	on
cụm	47803	cum
thờ	47802	tho
xuất bản	47801	xuatban
loạt	47800	loat
kinh khủng	47799	kinhkhung
tội lỗi	47798	toiloi
tên lửa	47797	tenlua
toàn quốc	47796	toanquoc
lý tưởng	47795	lytuong
nghĩa	47794	nghia
ngoại trừ	47793	ngoaitru
phản đối	47792	phandoi
đau khổ	47791	daukho
xuất phát	47790	xuatphat
phe	47789	phe
mua bán	47788	muaban
đối xử	47787	doixu
rộng rãi	47786	rongrai
cao su	47785	caosu
khủng hoảng	47784	khunghoang
đắt	47783	dat
quốc phòng	47781	quocphong
tâm hồn	47780	tamhon
dũng cảm	47779	dungcam
trò chuyện	47778	trochuyen
tuyển sinh	47777	tuyensinh
kệ	47776	ke
quen thuộc	47775	quenthuoc
thi đua	47774	thidua
chuyên ngành	47773	chuyennganh
gạch	47772	gach
hân hạnh	47771	hanhanh
nhiệt	47770	nhiet
lợi dụng	47769	loidung
hiểu biết	47768	hieubiet
tương đối	47767	tuongdoi
nhiệt tình	47766	nhiettinh
cốc	47765	coc
lợi thế	47764	loithe
lưu trữ	47763	luutru
mô	47762	mo
đề cập	47761	decap
hàng xóm	47760	hangxom
tu	47759	tu
trước đây	47758	truocday
bẩn	47757	ban
gánh	47756	ganh
vội	47755	voi
cấu trúc	47754	cautruc
tâm thần	47753	tamthan
lê	47752	le
can	47751	can
công khai	47750	congkhai
đoàn kết	47749	doanket
vươn	47748	vuon
ưu đãi	47747	uudai
giảng viên	47746	giangvien
nghiện	47745	nghien
ước mơ	47744	uocmo
tuyết	47743	tuyet
hoàn tất	47742	hoantat
đậm	47741	dam
sự cố	47740	suco
nguồn gốc	47739	nguongoc
giấy phép	47738	giayphep
như thể	47737	nhuthe
nô lệ	47736	nole
thực hành	47735	thuchanh
đại tướng	47734	daituong
dạ	47733	da
ghép	47732	ghep
trộn	47731	tron
khởi đầu	47730	khoidau
thuỷ	47729	thuy
Hải Phòng	47728	haiphong
siêu thị	47727	sieuthi
chuyển đổi	47726	chuyendoi
đạo diễn	47725	daodien
chiến sĩ	47724	chiensi
chế tạo	47723	chetao
vinh dự	47722	vinhdu
to lớn	47720	tolon
vương quốc	47719	vuongquoc
thuỷ sản	47718	thuysan
buông	47717	buong
mụ	47716	mu
dán	47715	dan
mỡ	47714	mo
tính chất	47713	tinhchat
hiển thị	47712	hienthi
lầm	47711	lam
lan	47710	lan
tổ quốc	47709	toquoc
thời hạn	47708	thoihan
bến	47707	ben
làm phiền	47706	lamphien
phun	47705	phun
khối lượng	47704	khoiluong
kim loại	47703	kimloai
thiên thần	47702	thienthan
thị xã	47701	thixa
tận hưởng	47700	tanhuong
nát	47699	nat
chín	47698	chin
mặt nạ	47697	matna
gia nhập	47696	gianhap
nạn	47695	nan
vô tội	47694	votoi
tận dụng	47693	tandung
mồi	47692	moi
trạng thái	47691	trangthai
chủ trương	47690	chutruong
bối cảnh	47689	boicanh
hứng thú	47688	hungthu
mổ	47687	mo
ngọt ngào	47686	ngotngao
hiệp hội	47685	hiephoi
khoảnh khắc	47684	khoanhkhac
sổ	47683	so
tư cách	47682	tucach
tập luyện	47681	tapluyen
bắt buộc	47680	batbuoc
phấn đấu	47679	phandau
giảm giá	47678	giamgia
vịnh	47677	vinh
học trò	47676	hoctro
trụ sở	47675	truso
bầu cử	47674	baucu
đảng viên	47673	dangvien
hành khách	47672	hanhkhach
khốn nạn	47671	khonnan
tông	47670	tong
hiệu	47669	hieu
mong đợi	47668	mongdoi
toàn diện	47667	toandien
úc	47666	uc
gặp gỡ	47665	gapgo
kiện	47664	kien
báo động	47663	baodong
sinh vật	47662	sinhvat
vứt	47661	vut
ngại	47660	ngai
tiến bộ	47659	tienbo
tử tế	47658	tute
thực vật	47657	thucvat
bí ẩn	47656	bian
thi hành	47655	thihanh
bắt giữ	47654	batgiu
liên tiếp	47653	lientiep
dũng	47652	dung
sát nhân	47651	satnhan
giàu có	47650	giauco
số liệu	47649	solieu
hiệu trưởng	47648	hieutruong
phù thuỷ	47647	phuthuy
bát	47646	bat
không những	47645	khongnhung
theo đuổi	47644	theoduoi
dữ	47642	du
bí thư	47641	bithu
can thiệp	47640	canthiep
hải quân	47639	haiquan
trung sĩ	47638	trungsi
tội nghiệp	47637	toinghiep
Cần Thơ	47636	cantho
gần gũi	47635	gangui
thám tử	47634	thamtu
đánh dấu	47633	danhdau
đề án	47632	dean
học viện	47631	hocvien
bài tập	47630	baitap
lãng phí	47629	langphi
vân	47628	van
dự đoán	47627	dudoan
thoáng	47626	thoang
hiến	47625	hien
nhà tù	47624	nhatu
tuyển dụng	47623	tuyendung
cài	47622	cai
bất thường	47621	batthuong
nhạy cảm	47620	nhaycam
mụn	47619	mun
bóng tối	47618	bongtoi
diệt	47617	diet
chú trọng	47616	chutrong
bề mặt	47615	bemat
cỗ	47614	co
thẩm quyền	47613	thamquyen
chung kết	47612	chungket
luyện	47611	luyen
động viên	47610	dongvien
bày tỏ	47609	bayto
công suất	47608	congsuat
hít	47607	hit
hang	47606	hang
nghề nghiệp	47605	nghenghiep
lớp học	47604	lophoc
phổ thông	47603	phothong
hơn nữa	47602	honnua
lý thuyết	47601	lythuyet
phòng chống	47600	phongchong
bạo lực	47599	baoluc
chủ nhân	47598	chunhan
di tích	47597	ditich
hiệp	47596	hiep
chung cư	47595	chungcu
tử vong	47594	tuvong
cô dâu	47593	codau
phi	47592	phi
ác	47591	ac
tù nhân	47590	tunhan
khoẻ mạnh	47589	khoemanh
ấm áp	47588	amap
dâng	47587	dang
tinh tế	47586	tinhte
tích hợp	47585	tichhop
khắc	47583	khac
suy	47582	suy
lào	47581	lao
lau	47580	lau
nhiên liệu	47579	nhienlieu
tôn giáo	47578	tongiao
ô nhiễm	47577	onhiem
tuấn	47576	tuan
ngày xưa	47575	ngayxua
vở	47574	vo
người mẫu	47573	nguoimau
thu hồi	47572	thuhoi
đường phố	47571	duongpho
kêu gọi	47570	keugoi
dáng	47569	dang
trước mắt	47568	truocmat
đại lý	47567	daily
kịch	47566	kich
phản ánh	47565	phananh
bọc	47564	boc
khoe	47563	khoe
thái	47562	thai
bốc	47561	boc
cớm	47560	com
đoạt	47559	doat
danh	47558	danh
trả giá	47557	tragia
vi khuẩn	47556	vikhuan
đình	47555	dinh
gắn bó	47554	ganbo
huyền thoại	47553	huyenthoai
dư luận	47552	duluan
học hỏi	47551	hochoi
tin cậy	47550	tincay
khái niệm	47549	khainiem
thuốc lá	47548	thuocla
giảng	47547	giang
pháp lý	47546	phaply
don	47545	don
đúng đắn	47544	dungdan
tập hợp	47543	taphop
chấn thương	47542	chanthuong
cựu	47541	cuu
khí hậu	47540	khihau
gối	47539	goi
hưu	47538	huu
trân trọng	47537	trantrong
cuộn	47536	cuon
phương thức	47535	phuongthuc
thời đại	47534	thoidai
có ích	47533	coich
hạn	47532	han
đầm	47531	dam
dụng cụ	47530	dungcu
giả vờ	47529	giavo
mồm	47528	mom
ông bà	47527	ongba
nạp	47526	nap
sạch sẽ	47525	sachse
công thức	47524	congthuc
cúi	47523	cui
góp	47522	gop
sáng tác	47521	sangtac
xe đạp	47520	xedap
cất	47519	cat
cua	47518	cua
chăn nuôi	47517	channuoi
tháp	47516	thap
sửa đổi	47515	suadoi
biết ơn	47514	bieton
fan	47513	fan
đất đai	47512	datdai
mặt đất	47511	matdat
tiểu	47510	tieu
tạm thời	47509	tamthoi
đồng bào	47508	dongbao
động lực	47507	dongluc
buôn bán	47506	buonban
bản chất	47505	banchat
cánh tay	47504	canhtay
cân nhắc	47503	cannhac
công chúng	47502	congchung
sói	47501	soi
tiến độ	47500	tiendo
thẩm mỹ	47499	thammy
trung uý	47498	trunguy
ngưng	47497	ngung
tức	47496	tuc
sưu tập	47495	suutap
thoả mãn	47494	thoaman
biết đâu	47493	bietdau
cãi	47492	cai
trí tuệ	47491	tritue
ốm	47490	om
quét	47489	quet
cút	47488	cut
đấm	47487	dam
trả thù	47486	trathu
tư	47485	tu
đàm phán	47484	damphan
bận rộn	47483	banron
cản	47482	can
đồng đội	47481	dongdoi
nghiệp vụ	47480	nghiepvu
nhân chứng	47479	nhanchung
nhốt	47478	nhot
chân thành	47477	chanthanh
loa	47476	loa
trợ giúp	47475	trogiup
giơ	47474	gio
giao diện	47473	giaodien
suối	47472	suoi
ám ảnh	47471	amanh
lặn	47470	lan
hài hước	47469	haihuoc
album	47468	album
du học	47467	duhoc
nhiệm kỳ	47466	nhiemky
doanh nhân	47465	doanhnhan
kích hoạt	47464	kichhoat
bồi dưỡng	47463	boiduong
chúng mày	47462	chungmay
ghê	47461	ghe
quyền lợi	47460	quyenloi
giọt	47459	giot
lãnh	47458	lanh
xe buýt	47457	xebuyt
chăn	47456	chan
tui	47455	tui
thang	47454	thang
điếm	47453	diem
tò mò	47452	tomo
biệt thự	47451	bietthu
công cộng	47450	congcong
huyết áp	47448	huyetap
rèn luyện	47447	renluyen
tuân	47446	tuan
tức giận	47445	tucgian
di sản	47444	disan
thiên đường	47443	thienduong
thắt	47442	that
xếp hạng	47441	xephang
dự thảo	47440	duthao
cơ cấu	47439	cocau
qua đời	47438	quadoi
vãi	47437	vai
vệ tinh	47436	vetinh
đựng	47435	dung
đối diện	47434	doidien
mồ hôi	47433	mohoi
phê	47432	phe
dẫn đầu	47431	dandau
kẹo	47430	keo
lãnh thổ	47429	lanhtho
nick	47428	nick
làm chủ	47426	lamchu
phái	47425	phai
chương	47423	chuong
mật	47422	mat
tinh	47421	tinh
luyện tập	47420	luyentap
cứt	47419	cut
trừng phạt	47418	trungphat
đột nhập	47417	dotnhap
bể	47416	be
trái cây	47415	traicay
cập	47414	cap
buồn cười	47413	buoncuoi
nâu	47412	nau
tựa	47411	tua
lo ngại	47410	longai
dấu vết	47409	dauvet
liên	47408	lien
đội trưởng	47407	doitruong
thu thập	47406	thuthap
danh dự	47405	danhdu
hợp pháp	47404	hopphap
non	47403	non
Bình Dương	47402	binhduong
chìa	47401	chia
chẩn đoán	47400	chandoan
diễn biến	47399	dienbien
xấu xa	47398	xauxa
chi nhánh	47396	chinhanh
cá tính	47395	catinh
riêng tư	47394	riengtu
đẻ	47393	de
xâm nhập	47392	xamnhap
kiểu dáng	47391	kieudang
lai	47390	lai
chủ nhật	47389	chunhat
làm quen	47388	lamquen
ngược lại	47387	nguoclai
trang điểm	47386	trangdiem
ẩn	47385	an
dọn dẹp	47384	dondep
mù	47383	mu
tư duy	47382	tuduy
đẹp trai	47381	deptrai
cộng hoà	47380	conghoa
từ thiện	47379	tuthien
ký ức	47378	kyuc
nở	47377	no
hung thủ	47376	hungthu
liên minh	47375	lienminh
đòn	47374	don
clip	47373	clip
công chức	47372	congchuc
tâm trí	47371	tamtri
bảo mật	47369	baomat
căng	47368	cang
thuận	47367	thuan
điển hình	47366	dienhinh
nồi	47365	noi
tin đồn	47364	tindon
bạn đọc	47363	bandoc
cải tiến	47362	caitien
hứa hẹn	47361	huahen
ví	47360	vi
doạ	47359	doa
tím	47358	tim
dễ chịu	47357	dechiu
sát thủ	47356	satthu
chào đón	47355	chaodon
pháo	47354	phao
thích thú	47353	thichthu
đành	47352	danh
buôn	47351	buon
lời nói	47350	loinoi
tiền bạc	47349	tienbac
tiền mặt	47348	tienmat
tử	47347	tu
quỳ	47346	quy
hành lang	47345	hanhlang
dối trá	47344	doitra
áo khoác	47343	aokhoac
chiêu	47342	chieu
dự định	47341	dudinh
làm tình	47340	lamtinh
mạng lưới	47339	mangluoi
ven	47338	ven
xinh	47337	xinh
cúp	47336	cup
ăn cắp	47335	ancap
củ	47334	cu
hữu ích	47333	huuich
tràn	47332	tran
múa	47331	mua
gi	47329	gi
nghĩa vụ	47328	nghiavu
chén	47327	chen
đông đảo	47326	dongdao
cu	47325	cu
k	47324	k
điện ảnh	47323	dienanh
chỉ định	47322	chidinh
lý	47321	ly
cách thức	47320	cachthuc
thành thật	47319	thanhthat
dạ dày	47318	daday
kim cương	47317	kimcuong
loài người	47316	loainguoi
nặng nề	47315	nangne
lọt	47314	lot
sẹo	47313	seo
văn minh	47312	vanminh
cộng sản	47311	congsan
dừa	47310	dua
quãng	47309	quang
ngầm	47308	ngam
giáp	47307	giap
tiêu biểu	47306	tieubieu
bán lẻ	47305	banle
mạo hiểm	47304	maohiem
cơ quan chức năng	47303	coquanchucnang
hải quan	47302	haiquan
tiên tiến	47301	tientien
tổng kết	47300	tongket
hiệu lực	47299	hieuluc
lắp đặt	47298	lapdat
men	47297	men
bút	47296	but
thể loại	47295	theloai
chặng	47294	chang
dâu	47293	dau
nhỏ bé	47292	nhobe
sản lượng	47291	sanluong
chip	47290	chip
tiện	47289	tien
van	47288	van
móc	47287	moc
tài xế	47286	taixe
uỷ viên	47285	uyvien
trùm	47284	trum
phát sinh	47283	phatsinh
bầu trời	47282	bautroi
thuận tiện	47281	thuantien
tối thiểu	47280	toithieu
vú	47279	vu
bơm	47278	bom
năng động	47277	nangdong
nói riêng	47276	noirieng
dưỡng	47275	duong
lãi	47274	lai
tranh cãi	47273	tranhcai
cạn	47272	can
mặt bằng	47271	matbang
kỷ lục	47270	kyluc
kỹ sư	47269	kysu
vang	47268	vang
nhạc sĩ	47267	nhacsi
giây phút	47266	giayphut
hét	47265	het
tiêu cực	47264	tieucuc
xả	47263	xa
chọn lựa	47262	chonlua
linh hoạt	47261	linhhoat
phê duyệt	47260	pheduyet
chui	47259	chui
mảng	47258	mang
Trái Đất	47257	traidat
lần lượt	47256	lanluot
ngoài ra	47255	ngoaira
mê	47254	me
thu hoạch	47253	thuhoach
hồn	47252	hon
dạy học	47251	dayhoc
bảo tồn	47250	baoton
chuyển động	47249	chuyendong
xông	47248	xong
nhắc nhở	47247	nhacnho
chúng nó	47246	chungno
tranh chấp	47245	tranhchap
trưng bày	47244	trungbay
rẽ	47243	re
hội viên	47242	hoivien
phần nào	47241	phannao
ổ	47240	o
tình cờ	47239	tinhco
tương ứng	47238	tuongung
cộng sự	47237	congsu
thường trực	47236	thuongtruc
tiên	47235	tien
trẻ trung	47234	tretrung
đứt	47233	dut
suất	47232	suat
thứ trưởng	47231	thutruong
vui chơi	47230	vuichoi
xưởng	47229	xuong
gậy	47228	gay
go	47227	go
trước tiên	47226	truoctien
củng cố	47225	cungco
cư xử	47224	cuxu
máy móc	47223	maymoc
viễn thông	47222	vienthong
áp	47221	ap
can đảm	47220	candam
bình luận	47219	binhluan
bắt tay	47218	battay
thấm	47217	tham
trụ	47216	tru
yêu quý	47215	yeuquy
bảo quản	47214	baoquan
cảm	47213	cam
nhãn	47212	nhan
tô	47211	to
uỷ	47210	uy
vịt	47209	vit
cải cách	47208	caicach
thiết thực	47207	thietthuc
tuổi trẻ	47206	tuoitre
điệu	47205	dieu
đại sứ	47204	daisu
thảm	47203	tham
tốt lành	47202	totlanh
lừa đảo	47201	luadao
đội tuyển	47200	doituyen
râu	47199	rau
lịch sự	47198	lichsu
chắc hẳn	47197	chachan
hiệp sĩ	47196	hiepsi
hương vị	47194	huongvi
nhân dịp	47193	nhandip
loại hình	47192	loaihinh
luật pháp	47191	luatphap
tham nhũng	47190	thamnhung
trâu	47189	trau
máy chủ	47188	maychu
y tá	47187	yta
chảy máu	47185	chaymau
hoá chất	47184	hoachat
kiến nghị	47183	kiennghi
thực tiễn	47182	thuctien
cư dân	47181	cudan
đột nhiên	47180	dotnhien
tiểu thuyết	47179	tieuthuyet
bận tâm	47178	bantam
cứu mạng	47177	cuumang
gỡ	47176	go
va	47175	va
be	47174	be
phân giải	47173	phangiai
thư giãn	47172	thugian
trực thăng	47171	tructhang
tăng giá	47170	tanggia
bỏ rơi	47169	boroi
gục	47168	guc
khai mạc	47167	khaimac
tính cách	47166	tinhcach
lẽ	47165	le
gen	47163	gen
nội bộ	47162	noibo
sinh sống	47161	sinhsong
trách	47160	trach
đối phó	47159	doipho
rực rỡ	47158	rucro
chinh phục	47157	chinhphuc
vật lý	47156	vatly
dân gian	47155	dangian
cà	47154	ca
làm nên	47153	lamnen
ngửi	47152	ngui
nhà báo	47151	nhabao
thiên tài	47150	thientai
trực thuộc	47149	tructhuoc
voi	47148	voi
đầu hàng	47147	dauhang
có thai	47146	cothai
dị ứng	47145	diung
lạp	47144	lap
suýt	47143	suyt
xe hơi	47142	xehoi
quy chế	47141	quyche
võ	47140	vo
đồng bộ	47139	dongbo
phần thưởng	47138	phanthuong
quảng bá	47137	quangba
ruộng	47136	ruong
bày	47135	bay
hiến pháp	47134	hienphap
khoang	47133	khoang
quan niệm	47132	quanniem
tâm trạng	47131	tamtrang
âm mưu	47130	ammuu
kịch bản	47129	kichban
ngâm	47128	ngam
tổng công ty	47127	tongcongty
xóm	47126	xom
thánh	47124	thanh
chém	47123	chem
xúc động	47122	xucdong
lui	47121	lui
tiêu hoá	47120	tieuhoa
cáp	47119	cap
vô tình	47118	votinh
hầu	47117	hau
nếp	47116	nep
trói	47115	troi
đà	47114	da
ngăn cản	47112	ngancan
nốt	47111	not
thiếu tá	47110	thieuta
đại ca	47109	daica
dương	47108	duong
tồi	47107	toi
đô la	47106	dola
đối phương	47105	doiphuong
bồi thường	47104	boithuong
chốt	47103	chot
thận trọng	47102	thantrong
tán	47101	tan
tư nhân	47100	tunhan
đồng hành	47099	donghanh
cong	47098	cong
hài	47097	hai
nọ	47096	no
sở thích	47095	sothich
tên tuổi	47094	tentuoi
Triều Tiên	47093	trieutien
bị cáo	47092	bicao
lít	47091	lit
bánh mì	47090	banhmi
ngọc	47089	ngoc
Thanh Hoá	47088	thanhhoa
cống hiến	47087	conghien
hổ	47086	ho
hỗn hợp	47085	honhop
khơi	47084	khoi
kiên nhẫn	47083	kiennhan
nãy	47082	nay
sa thải	47081	sathai
nhân sự	47080	nhansu
Quảng Nam	47079	quangnam
lắp	47078	lap
chuối	47077	chuoi
công thương	47076	congthuong
ra tay	47075	ratay
chiến trường	47074	chientruong
giặt	47073	giat
lồng	47072	long
sư phạm	47071	supham
danh tiếng	47070	danhtieng
phím	47069	phim
ao	47068	ao
nhân loại	47067	nhanloai
bự	47066	bu
khiêu vũ	47065	khieuvu
ấp	47064	ap
lương thực	47063	luongthuc
độc giả	47062	docgia
nam giới	47061	namgioi
bỏ cuộc	47060	bocuoc
cành	47059	canh
miễn	47058	mien
nhặt	47057	nhat
đồ đạc	47056	dodac
Nghệ An	47055	nghean
hạ cánh	47054	hacanh
trọng lượng	47053	trongluong
vững chắc	47052	vungchac
mâu thuẫn	47051	mauthuan
thị trưởng	47050	thitruong
ảo	47049	ao
đạp	47048	dap
khiếu nại	47046	khieunai
thang máy	47045	thangmay
táo	47044	tao
kể cả	47043	keca
phi công	47042	phicong
La Mã	47041	lama
cổ đông	47040	codong
chiến thuật	47039	chienthuat
cũng nên	47038	cungnen
gợi ý	47037	goiy
chè	47036	che
dược	47035	duoc
lên tiếng	47034	lentieng
năng suất	47033	nangsuat
ban đêm	47032	bandem
hư hỏng	47031	huhong
khởi hành	47030	khoihanh
đối đầu	47029	doidau
đội hình	47028	doihinh
bền	47027	ben
ý nghĩ	47026	ynghi
bình quân	47025	binhquan
chốn	47024	chon
con tin	47023	contin
mốc	47022	moc
hồi phục	47020	hoiphuc
lang thang	47019	langthang
thượng	47018	thuong
ốc	47017	oc
cầu thang	47016	cauthang
dự phòng	47015	duphong
phạm tội	47014	phamtoi
quy tắc	47013	quytac
cừu	47012	cuu
kế tiếp	47011	ketiep
chủ nhiệm	47010	chunhiem
ngớ ngẩn	47008	ngongan
tạ	47007	ta
vô dụng	47006	vodung
cố định	47004	codinh
hiệu ứng	47003	hieuung
vui mừng	47002	vuimung
máy ảnh	47001	mayanh
nghiêng	47000	nghieng
tiếng việt	47000	tiengviet
tiện ích	46999	tienich
tại chỗ	46998	taicho
ván	46997	van
dàn	46996	dan
sườn	46995	suon
trục	46994	truc
xài	46993	xai
đường dây	46992	duongday
cầu xin	46991	cauxin
dốc	46990	doc
nguồn lực	46989	nguonluc
Đồng Nai	46988	dongnai
ướt	46987	uot
ẩm	46986	am
cổ điển	46985	codien
nhiễm trùng	46984	nhiemtrung
quầy	46983	quay
chanh	46982	chanh
thỏ	46981	tho
vách	46980	vach
dẹp	46979	dep
bí quyết	46978	biquyet
hoàng hậu	46977	hoanghau
đại dương	46976	daiduong
ăn mặc	46975	anmac
Đài Loan	46974	dailoan
lọ	46973	lo
phủ nhận	46972	phunhan
chữa trị	46971	chuatri
dập	46969	dap
thác	46968	thac
nhà thơ	46967	nhatho
đồ hoạ	46966	dohoa
chỉnh	46965	chinh
nón	46964	non
giật	46963	giat
quy	46962	quy
rạp	46961	rap
xét xử	46960	xetxu
chủ trì	46959	chutri
muội	46958	muoi
phơi	46957	phoi
đảng bộ	46956	dangbo
văn nghệ	46955	vannghe
kỳ vọng	46954	kyvong
mờ	46953	mo
điện thoại di động	46952	dienthoaididong
đẳng cấp	46951	dangcap
dự trữ	46950	dutru
trăng	46949	trang
ước tính	46948	uoctinh
điền	46947	dien
ong	46946	ong
đinh	46945	dinh
hoa hậu	46944	hoahau
huỷ hoại	46941	huyhoai
kỷ luật	46940	kyluat
lục	46939	luc
lứa	46938	lua
chắn	46937	chan
Đà Lạt	46936	dalat
gian	46935	gian
có lẽ	46934	cole
hiền	46933	hien
xăm	46932	xam
nhì	46931	nhi
thắng lợi	46930	thangloi
tập tin	46929	taptin
bỏ phiếu	46928	bophieu
chăng	46927	chang
thảm hoạ	46926	thamhoa
đoàn viên	46925	doanvien
hiện thực	46924	hienthuc
bỗng	46923	bong
sĩ	46922	si
triều	46921	trieu
đánh thức	46920	danhthuc
ứng viên	46919	ungvien
gạt	46918	gat
mặt trận	46917	mattran
phát động	46916	phatdong
giữ gìn	46915	giugin
ngẫu nhiên	46914	ngaunhien
trùng	46913	trung
đón nhận	46912	donnhan
rút lui	46911	rutlui
tất	46910	tat
tố cáo	46909	tocao
cố ý	46908	coy
tư pháp	46907	tuphap
đê	46906	de
đầu óc	46905	dauoc
huỷ diệt	46904	huydiet
phụ kiện	46903	phukien
thẩm phán	46902	thamphan
Nha Trang	46901	nhatrang
hiện diện	46900	hiendien
băn khoăn	46899	bankhoan
quan chức	46898	quanchuc
khéo léo	46897	kheoleo
màng	46896	mang
tự sát	46895	tusat
toàn thể	46894	toanthe
tự tử	46893	tutu
đầu mối	46892	daumoi
vũ trang	46891	vutrang
y học	46890	yhoc
hậu	46889	hau
khu phố	46888	khupho
đồng tiền	46887	dongtien
cúm	46886	cum
đột ngột	46885	dotngot
đời nào	46884	doinao
vặt	46883	vat
cử động	46881	cudong
gõ	46880	go
xi	46879	xi
long	46878	long
hẹp	46877	hep
khuyến mãi	46876	khuyenmai
đồng tính	46875	dongtinh
học phí	46874	hocphi
tiết mục	46873	tietmuc
cải tạo	46872	caitao
sa mạc	46871	samac
biểu tình	46870	bieutinh
bùn	46869	bun
bọ	46868	bo
dần dần	46867	dandan
mì	46866	mi
giám khảo	46865	giamkhao
lạm phát	46864	lamphat
tả	46863	ta
tổng cục	46862	tongcuc
dường như	46860	duongnhu
người nhà	46859	nguoinha
phá hoại	46858	phahoai
Hà Lan	46857	halan
chọc	46856	choc
hoàng gia	46855	hoanggia
kiếp	46854	kiep
chứng cứ	46853	chungcu
hoàn	46852	hoan
kháng chiến	46851	khangchien
phát minh	46850	phatminh
linh	46849	linh
thay mặt	46848	thaymat
cò	46847	co
cảm hứng	46846	camhung
đáng giá	46845	danggia
bé nhỏ	46844	benho
sôi động	46843	soidong
tôn	46842	ton
đồng bằng	46841	dongbang
lót	46840	lot
tra tấn	46839	tratan
trang trại	46838	trangtrai
tre	46837	tre
bó	46836	bo
nén	46835	nen
thành tựu	46834	thanhtuu
cấu hình	46833	cauhinh
thương lượng	46832	thuongluong
ghi nhớ	46831	ghinho
chiên	46830	chien
huy chương	46829	huychuong
len	46828	len
mềm mại	46827	memmai
phê bình	46826	phebinh
tuy vậy	46825	tuyvay
sử	46824	su
thao tác	46823	thaotac
Quảng Ninh	46822	quangninh
lam	46821	lam
lõi	46820	loi
miễn dịch	46819	miendich
mớ	46818	mo
ngập	46817	ngap
thiêu	46816	thieu
tương	46815	tuong
quốc	46814	quoc
buộc tội	46813	buoctoi
bản sao	46812	bansao
cử tri	46811	cutri
nắm bắt	46810	nambat
tỉnh táo	46809	tinhtao
nội địa	46808	noidia
tuân thủ	46807	tuanthu
vận	46806	van
ngoại ngữ	46805	ngoaingu
tốt bụng	46804	totbung
chu đáo	46803	chudao
chứng chỉ	46802	chungchi
tẩy	46801	tay
đầu vào	46800	dauvao
giáo	46799	giao
ngưỡng mộ	46798	nguongmo
tư thế	46797	tuthe
đích	46796	dich
lành mạnh	46795	lanhmanh
đau đầu	46794	daudau
bơ	46793	bo
hố	46792	ho
thi thể	46791	thithe
xé	46790	xe
nấu ăn	46789	nauan
ôtô	46788	oto
gam	46787	gam
nuôi dưỡng	46786	nuoiduong
tổng thể	46785	tongthe
hoàn chỉnh	46784	hoanchinh
ngõ	46783	ngo
yếu đuối	46782	yeuduoi
nóng bỏng	46781	nongbong
tắc	46780	tac
vắng	46779	vang
hoa hồng	46778	hoahong
tình báo	46777	tinhbao
chợt	46776	chot
mới mẻ	46775	moime
xúc phạm	46774	xucpham
Hà Tĩnh	46773	hatinh
hở	46772	ho
khe	46771	khe
rung	46770	rung
hình dung	46769	hinhdung
kiến	46768	kien
sinh thái	46767	sinhthai
ác mộng	46766	acmong
rộng lớn	46765	ronglon
trí	46764	tri
ưu điểm	46763	uudiem
lăn	46762	lan
tủ lạnh	46761	tulanh
tỉnh uỷ	46760	tinhuy
ôn	46759	on
chăm chỉ	46758	chamchi
mầm non	46757	mamnon
trời đất	46756	troidat
tế	46755	te
giải thoát	46754	giaithoat
vĩnh viễn	46753	vinhvien
y như	46752	ynhu
rớt	46751	rot
hải	46750	hai
chuồng	46749	chuong
dư	46748	du
kê	46747	ke
nhìn nhận	46746	nhinnhan
quốc lộ	46745	quoclo
đảng uỷ	46744	danguy
nhà hát	46743	nhahat
bẻ	46742	be
vây	46741	vay
xách	46740	xach
dồn	46739	don
thân thiết	46738	thanthiet
công lý	46737	congly
hội nhập	46736	hoinhap
thắp	46735	thap
thị	46734	thi
thiếp	46733	thiep
chỉnh sửa	46732	chinhsua
nhắm mắt	46731	nhammat
bộ môn	46730	bomon
khôi phục	46729	khoiphuc
trú	46728	tru
lạc quan	46727	lacquan
nhét	46726	nhet
axit	46725	axit
chua	46724	chua
môn học	46723	monhoc
phó giám đốc	46722	phogiamdoc
tiền đạo	46721	tiendao
tri thức	46720	trithuc
tội ác	46719	toiac
bình chọn	46718	binhchon
phó	46717	pho
khôn ngoan	46716	khonngoan
sót	46715	sot
sướng	46714	suong
thung lũng	46713	thunglung
bầy	46712	bay
chí	46711	chi
nương	46710	nuong
sim	46709	sim
tranh luận	46708	tranhluan
điện lực	46707	dienluc
công sức	46706	congsuc
giải cứu	46705	giaicuu
tử cung	46704	tucung
bóp	46703	bop
sát hại	46702	sathai
sôi	46701	soi
giỡn	46700	gion
yên tĩnh	46699	yentinh
ấn	46698	an
Bắc Kinh	46697	backinh
nghị định	46696	nghidinh
tiến triển	46695	tientrien
té	46694	te
chuyển giao	46693	chuyengiao
nghị sĩ	46692	nghisi
mu	46691	mu
xám	46690	xam
ẩm thực	46689	amthuc
vinh quang	46688	vinhquang
đột phá	46687	dotpha
Thăng Long	46686	thanglong
ăn mừng	46685	anmung
biết điều	46684	bietdieu
quyết liệt	46683	quyetliet
tổng cộng	46682	tongcong
bộ đội	46681	bodoi
chi bộ	46680	chibo
dấu ấn	46679	dauan
lật	46678	lat
ngô	46677	ngo
va chạm	46676	vacham
bảo hành	46675	baohanh
dê	46674	de
bất kể	46673	batke
bú	46672	bu
gợi cảm	46671	goicam
nắp	46670	nap
quyết	46669	quyet
bồ	46668	bo
sứ	46667	su
ưa	46666	ua
sa	46665	sa
j	46664	j
nhá	46663	nha
lều	46662	leu
nhầm lẫn	46661	nhamlan
cưỡi	46660	cuoi
kẹp	46659	kep
phân loại	46658	phanloai
thực tập	46657	thuctap
bảy	46656	bay
chỉ dẫn	46655	chidan
giếng	46654	gieng
thà	46653	tha
tước	46652	tuoc
đệm	46651	dem
gia cầm	46650	giacam
tiện lợi	46649	tienloi
trọn	46648	tron
cố vấn	46647	covan
mất mát	46646	matmat
sập	46645	sap
đường sắt	46644	duongsat
lướt	46643	luot
nhường	46642	nhuong
phòng thủ	46641	phongthu
tiện nghi	46640	tiennghi
trang chủ	46639	trangchu
ồn	46638	on
bất chấp	46637	batchap
cháo	46636	chao
mệnh lệnh	46635	menhlenh
nhấc	46634	nhac
trung thực	46633	trungthuc
chỉ thị	46632	chithi
bối rối	46631	boiroi
dung dịch	46630	dungdich
giá thành	46629	giathanh
rốt cuộc	46628	rotcuoc
phấn	46627	phan
tuyệt vọng	46626	tuyetvong
hối hận	46624	hoihan
cước	46623	cuoc
lập trình	46622	laptrinh
biểu	46621	bieu
bức xúc	46620	bucxuc
cạo	46619	cao
nhiếp ảnh	46618	nhiepanh
viên chức	46617	vienchuc
ý chí	46616	ychi
đặt hàng	46615	dathang
mơ ước	46614	mouoc
tiền vệ	46613	tienve
hôi	46612	hoi
lo sợ	46611	loso
họng	46610	hong
xa lạ	46609	xala
đấu giá	46608	daugia
bản quyền	46607	banquyen
nhãn hiệu	46606	nhanhieu
hán	46605	han
bệnh tật	46604	benhtat
hoang dã	46603	hoangda
trích	46602	trich
ban ngày	46601	banngay
tính mạng	46600	tinhmang
hội chợ	46599	hoicho
khủng	46598	khung
quang	46597	quang
song song	46596	songsong
thải	46595	thai
để dành	46594	dedanh
câm	46593	cam
khách quan	46592	khachquan
két	46591	ket
xì	46590	xi
biến động	46589	biendong
con mẹ	46588	conme
lỏng	46587	long
hàm lượng	46586	hamluong
lưu thông	46585	luuthong
trọng	46584	trong
bộ nhớ	46583	bonho
tuần tra	46581	tuantra
buồng	46580	buong
công sở	46579	congso
dung lượng	46578	dungluong
dẫn dắt	46577	dandat
kinh ngạc	46576	kinhngac
vạch	46575	vach
thường vụ	46574	thuongvu
đặc sắc	46573	dacsac
đồng phục	46572	dongphuc
bình yên	46571	binhyen
bởi vậy	46570	boivay
sụp đổ	46568	supdo
truy	46567	truy
Tây Nguyên	46566	taynguyen
ghi chép	46565	ghichep
khen thưởng	46564	khenthuong
đường hầm	46563	duongham
dò	46562	do
thuật	46561	thuat
động tác	46560	dongtac
ưa thích	46559	uathich
thối	46558	thoi
cương	46557	cuong
dịch bệnh	46556	dichbenh
dịu dàng	46555	diudang
lừa dối	46554	luadoi
trọng tâm	46553	trongtam
động đất	46552	dongdat
bình minh	46551	binhminh
chủ quyền	46550	chuquyen
dây chuyền	46549	daychuyen
xử phạt	46548	xuphat
cố tình	46547	cotinh
đồng minh	46546	dongminh
chậu	46545	chau
tối ưu	46544	toiuu
hàn	46543	han
rủ	46542	ru
thẳng thắn	46541	thangthan
che giấu	46540	chegiau
lấp	46539	lap
nhạt	46538	nhat
quần chúng	46537	quanchung
thống đốc	46536	thongdoc
đính	46535	dinh
danh mục	46534	danhmuc
thăm dò	46533	thamdo
bảo hộ	46532	baoho
giận dữ	46531	giandu
đè	46530	de
Vũng Tàu	46529	vungtau
khoai tây	46528	khoaitay
vương	46527	vuong
xinh xắn	46526	xinhxan
đối thoại	46525	doithoai
bắt gặp	46524	batgap
gia vị	46523	giavi
giùm	46522	gium
nuốt	46521	nuot
bẩn thỉu	46520	banthiu
gợi	46519	goi
thiếu niên	46518	thieunien
trái phép	46517	traiphep
tức là	46516	tucla
bổ nhiệm	46515	bonhiem
ngư dân	46514	ngudan
soạn	46513	soan
thực chất	46512	thucchat
ti	46511	ti
duyên	46510	duyen
nhân tạo	46509	nhantao
soi	46508	soi
phiêu lưu	46507	phieuluu
rà soát	46506	rasoat
treo cổ	46505	treoco
tương tác	46504	tuongtac
sinh sản	46503	sinhsan
Do Thái	46502	dothai
alô	46501	alo
dài hạn	46500	daihan
đăng nhập	46500	dangnhap
thiếu nhi	46499	thieunhi
thủng	46498	thung
đắp	46497	dap
trở về	46496	trove
Trung Hoa	46495	trunghoa
sư tử	46494	sutu
thuỷ điện	46493	thuydien
hàng không	46492	hangkhong
hứng	46491	hung
phân công	46489	phancong
tổ tiên	46488	totien
xung đột	46487	xungdot
my	46486	my
hình sự	46485	hinhsu
tảng	46484	tang
ám sát	46483	amsat
giới tính	46482	gioitinh
mật khẩu	46481	matkhau
rách	46480	rach
tiền tệ	46479	tiente
trợ lý	46478	troly
chấp thuận	46477	chapthuan
hô hấp	46476	hohap
ngành nghề	46475	nganhnghe
tân	46474	tan
hàng rào	46473	hangrao
lạm dụng	46472	lamdung
thẩm định	46471	thamdinh
thực thi	46470	thucthi
tham vọng	46469	thamvong
đỉnh cao	46468	dinhcao
định vị	46467	dinhvi
chất béo	46466	chatbeo
lộn xộn	46465	lonxon
tranh thủ	46464	tranhthu
hông	46463	hong
rảnh	46462	ranh
nông	46461	nong
biệt	46460	biet
cảm ứng	46459	camung
cấp độ	46458	capdo
hàm	46457	ham
thiên hạ	46456	thienha
báu	46455	bau
búp bê	46454	bupbe
nhánh	46453	nhanh
phi thường	46452	phithuong
rụng	46451	rung
chấp hành	46450	chaphanh
yên lặng	46449	yenlang
bổ	46448	bo
quý giá	46447	quygia
sáng lập	46446	sanglap
đánh cắp	46445	danhcap
đẹp mắt	46444	depmat
con cháu	46443	conchau
trợ cấp	46442	trocap
vận động viên	46441	vandongvien
trang sức	46440	trangsuc
son	46439	son
định mệnh	46438	dinhmenh
đun	46437	dun
đít	46436	dit
bộ máy	46434	bomay
hoá đơn	46433	hoadon
lộ trình	46432	lotrinh
ồn ào	46431	onao
chi tiêu	46430	chitieu
phó thủ tướng	46429	phothutuong
sạc	46428	sac
tin học	46427	tinhoc
chúng mình	46426	chungminh
kiềm chế	46425	kiemche
thập niên	46424	thapnien
yêu mến	46423	yeumen
lậu	46421	lau
nghìn	46420	nghin
nhiệt đới	46419	nhietdoi
nhảm nhí	46418	nhamnhi
khoả	46417	khoa
nửa đêm	46416	nuadem
sôi nổi	46415	soinoi
duyệt	46414	duyet
mật ong	46413	matong
nến	46412	nen
vật dụng	46411	vatdung
bù	46410	bu
kiểm toán	46409	kiemtoan
loạn	46408	loan
nhi	46407	nhi
riêng biệt	46406	riengbiet
thuỷ thủ	46405	thuythu
hà	46404	ha
nhện	46403	nhen
kỳ diệu	46402	kydieu
mồ côi	46401	mocoi
rùa	46400	rua
trực	46399	truc
hành lý	46398	hanhly
lý giải	46397	lygiai
luồng	46396	luong
phản hồi	46395	phanhoi
tự nguyện	46394	tunguyen
giặc	46392	giac
mật mã	46391	matma
nguyền rủa	46390	nguyenrua
sọ	46389	so
tiếng nói	46388	tiengnoi
toán học	46387	toanhoc
đầu bếp	46386	daubep
độc thân	46385	docthan
chèo	46384	cheo
chỉ trích	46383	chitrich
giả thuyết	46382	giathuyet
góp ý	46381	gopy
khống chế	46380	khongche
phục	46379	phuc
hot	46377	hot
mất trí	46376	mattri
tệ hại	46375	tehai
vòng tay	46374	vongtay
xác chết	46373	xacchet
đại loại	46372	dailoai
đần	46371	dan
chuyên đề	46370	chuyende
căn bản	46369	canban
ban chấp hành	46368	banchaphanh
dở	46367	do
mập	46366	map
mịn	46365	min
sân chơi	46364	sanchoi
thiêng liêng	46363	thienglieng
tàn	46362	tan
dệt	46361	det
nước hoa	46360	nuochoa
dụ	46359	du
lắc	46358	lac
nhức	46357	nhuc
rễ	46356	re
thông tư	46355	thongtu
thể dục	46354	theduc
đường bộ	46353	duongbo
chức vụ	46352	chucvu
hưởng ứng	46351	huongung
mật độ	46350	matdo
thủ lĩnh	46349	thulinh
kiêm	46347	kiem
nhận biết	46346	nhanbiet
thủ công	46345	thucong
bàn giao	46344	bangiao
cúng	46343	cung
đại gia	46342	daigia
đề phòng	46341	dephong
Quảng Ngãi	46340	quangngai
dữ dội	46339	dudoi
ngụ	46338	ngu
phù hộ	46337	phuho
tiên tri	46336	tientri
tình thế	46335	tinhthe
điếu	46334	dieu
đồng nghĩa	46333	dongnghia
chánh	46332	chanh
coi trọng	46331	coitrong
cây trồng	46330	caytrong
nguyện vọng	46329	nguyenvong
quần đảo	46328	quandao
Thuỵ Sĩ	46327	thuysi
banh	46326	banh
thầy giáo	46325	thaygiao
hải sản	46324	haisan
kề	46323	ke
quen biết	46322	quenbiet
vinh	46320	vinh
cứu hộ	46319	cuuho
truyền thuyết	46318	truyenthuyet
đơn thuần	46317	donthuan
Thái Bình Dương	46316	thaibinhduong
cân đối	46315	candoi
ghen	46314	ghen
tham	46313	tham
hái	46312	hai
mạch máu	46311	machmau
ngoài trời	46310	ngoaitroi
nho	46309	nho
xem ra	46308	xemra
biết bao	46307	bietbao
bình đẳng	46306	binhdang
hộ chiếu	46305	hochieu
khát	46304	khat
lén	46303	len
nghi lễ	46302	nghile
nhà cửa	46301	nhacua
nhân tiện	46300	nhantien
cay	46299	cay
cổ vũ	46298	covu
ngắt	46297	ngat
phẩm chất	46296	phamchat
quy luật	46295	quyluat
tiến trình	46294	tientrinh
ớt	46293	ot
kim ngạch	46292	kimngach
suy giảm	46291	suygiam
ký kết	46290	kyket
nói thẳng	46289	noithang
nồng độ	46288	nongdo
phát sóng	46287	phatsong
sáng kiến	46286	sangkien
vực	46285	vuc
ái	46284	ai
đấng	46283	dang
đặc sản	46282	dacsan
bá	46281	ba
phòng khám	46280	phongkham
tích	46279	tich
điều lệ	46278	dieule
độc quyền	46277	docquyen
bàn phím	46276	banphim
chênh lệch	46275	chenhlech
còi	46274	coi
ngăn ngừa	46273	nganngua
tiếp thị	46272	tiepthi
Hạ Long	46271	halong
chất độc	46270	chatdoc
giảm thiểu	46269	giamthieu
khía cạnh	46268	khiacanh
kèn	46267	ken
phá sản	46266	phasan
đùi	46265	dui
cảm động	46264	camdong
cảnh giác	46263	canhgiac
lưu giữ	46262	luugiu
mỉm	46261	mim
phanh	46260	phanh
trở ngại	46259	trongai
tối cao	46258	toicao
địa lý	46257	dialy
hẻm	46256	hem
mỹ phẩm	46255	mypham
tôn vinh	46254	tonvinh
định nghĩa	46253	dinhnghia
dung	46252	dung
minh hoạ	46251	minhhoa
thập kỷ	46250	thapky
bước đầu	46249	buocdau
rõ rệt	46248	roret
sút	46247	sut
trung cấp	46246	trungcap
tầng lớp	46245	tanglop
đặc	46244	dac
cắt giảm	46243	catgiam
nhân tố	46242	nhanto
thành quả	46241	thanhqua
học hành	46240	hochanh
kết cấu	46239	ketcau
lùn	46238	lun
rao	46237	rao
sưng	46236	sung
trèo	46235	treo
cà chua	46234	cachua
hoài	46233	hoai
lý luận	46232	lyluan
định kỳ	46231	dinhky
bản năng	46230	bannang
kháng sinh	46228	khangsinh
mong chờ	46227	mongcho
thừa kế	46226	thuake
vận dụng	46225	vandung
Nhà Trắng	46224	nhatrang
khuya	46223	khuya
khuyết tật	46222	khuyettat
minh bạch	46221	minhbach
phép thuật	46220	phepthuat
vô nghĩa	46219	vonghia
đoàn thể	46218	doanthe
đích thực	46217	dichthuc
nếm	46216	nem
ăn trộm	46215	antrom
nhà bếp	46214	nhabep
Trường Sa	46212	truongsa
khùng	46211	khung
cung ứng	46210	cungung
công dụng	46209	congdung
gai	46208	gai
thú nhận	46207	thunhan
chăm lo	46206	chamlo
dao động	46205	daodong
nhôm	46204	nhom
bá tước	46203	batuoc
chuyển biến	46202	chuyenbien
doanh số	46201	doanhso
hoành tráng	46200	hoanhtrang
nhất thiết	46199	nhatthiet
vượt trội	46198	vuottroi
an ủi	46196	anui
cất cánh	46195	catcanh
gươm	46194	guom
họ hàng	46193	hohang
thống trị	46192	thongtri
trí nhớ	46191	trinho
bao vây	46190	baovay
ni	46189	ni
trình duyệt	46188	trinhduyet
cống	46187	cong
gốm	46186	gom
huyết	46185	huyet
tư liệu	46184	tulieu
bồn	46183	bon
khẩn trương	46182	khantruong
nhận dạng	46181	nhandang
nổi loạn	46180	noiloan
hài hoà	46179	haihoa
lẻ	46178	le
nhật ký	46177	nhatky
nước thải	46176	nuocthai
sắp đặt	46175	sapdat
Bình Định	46174	binhdinh
hiếu	46173	hieu
phu	46172	phu
trọng tài	46171	trongtai
bôi	46170	boi
khử	46169	khu
mạn	46168	man
Khánh Hoà	46166	khanhhoa
nghiệp	46165	nghiep
đất liền	46164	datlien
gián điệp	46163	giandiep
hiển nhiên	46162	hiennhien
ruồi	46161	ruoi
thất nghiệp	46160	thatnghiep
trương	46159	truong
khiêm tốn	46158	khiemton
người máy	46157	nguoimay
nho nhỏ	46156	nhonho
sẵn lòng	46155	sanlong
sờ	46154	so
thông số	46153	thongso
hoãn	46152	hoan
họp báo	46151	hopbao
phàn nàn	46150	phannan
thần linh	46149	thanlinh
chữ ký	46148	chuky
hai	46147	hai
sức sống	46146	sucsong
thiện	46145	thien
thân hình	46144	thanhinh
thợ săn	46143	thosan
vô lý	46142	voly
cõi	46141	coi
dân sự	46140	dansu
thực trạng	46139	thuctrang
toạ lạc	46138	toalac
đục	46137	duc
binh	46136	binh
kinh hoàng	46135	kinhhoang
khép	46133	khep
lặp lại	46132	laplai
sét	46131	set
manh mối	46130	manhmoi
nguyền	46129	nguyen
phong độ	46128	phongdo
tiếp thu	46127	tiepthu
xích	46126	xich
gài	46125	gai
trấn	46124	tran
đếch	46123	dech
ngon lành	46122	ngonlanh
thư ký	46121	thuky
đàng hoàng	46119	danghoang
mũi tên	46118	muiten
thiên	46117	thien
trùng hợp	46116	trunghop
tỷ số	46115	tyso
đột biến	46114	dotbien
bướm	46113	buom
chẳng thể	46112	changthe
hoà bình	46111	hoabinh
không quân	46110	khongquan
nôn	46109	non
phòng ngừa	46108	phongngua
tiểu đường	46107	tieuduong
tro	46106	tro
tích luỹ	46105	tichluy
cảm kích	46104	camkich
di truyền	46103	ditruyen
gia súc	46102	giasuc
thiệt mạng	46101	thietmang
hào hứng	46100	haohung
nhất trí	46099	nhattri
xúc tiến	46098	xuctien
khả thi	46097	khathi
sô	46096	so
thời khắc	46095	thoikhac
ưa chuộng	46094	uachuong
bàn bạc	46093	banbac
hấp thụ	46092	hapthu
tái tạo	46091	taitao
biên bản	46090	bienban
đặc thù	46089	dacthu
đặt chân	46088	datchan
Bắc Ninh	46086	bacninh
Liên Xô	46085	lienxo
phẩm	46084	pham
ghi âm	46083	ghiam
hỗn loạn	46082	honloan
nhăn	46081	nhan
sáu	46080	sau
bỏng	46079	bong
còng	46078	cong
nông trại	46077	nongtrai
thâm	46076	tham
tá	46075	ta
cổ đại	46074	codai
tần số	46073	tanso
xâm phạm	46072	xampham
đực	46071	duc
vy	46070	vy
cốt	46069	cot
giả sử	46068	giasu
mở đầu	46067	modau
mỹ thuật	46066	mythuat
Hồng Kông	46065	hongkong
tóm tắt	46064	tomtat
đồng tình	46063	dongtinh
ướp	46062	uop
khắc nghiệt	46061	khacnghiet
mặn	46060	man
năm tháng	46059	namthang
phú	46058	phu
vòng tròn	46057	vongtron
huấn luyện viên	46056	huanluyenvien
triệt để	46055	trietde
đăng tải	46054	dangtai
động mạch	46053	dongmach
thứ tư	46051	thutu
nguyên tử	46050	nguyentu
rối	46049	roi
thẩm vấn	46048	thamvan
moi	46046	moi
tám	46045	tam
chuyên viên	46044	chuyenvien
thạc sĩ	46043	thacsi
trái phiếu	46042	traiphieu
bưu điện	46041	buudien
cản trở	46040	cantro
hoang	46039	hoang
hội chứng	46038	hoichung
ngữ	46037	ngu
Thái Bình	46036	thaibinh
mới lạ	46035	moila
trị liệu	46034	trilieu
đan	46033	dan
nổi dậy	46032	noiday
nứt	46031	nut
quạt	46030	quat
khuôn khổ	46028	khuonkho
nhai	46027	nhai
vuông	46026	vuong
chuyền	46025	chuyen
giang hồ	46024	giangho
gắn kết	46023	ganket
liệt	46022	liet
ham	46021	ham
hình dạng	46020	hinhdang
nhậu	46019	nhau
thương binh	46018	thuongbinh
tiên phong	46017	tienphong
tỉa	46016	tia
vô số	46015	voso
quảng trường	46013	quangtruong
sương	46012	suong
ý muốn	46011	ymuon
hoạ	46010	hoa
kiên trì	46009	kientri
nhân văn	46008	nhanvan
phì	46007	phi
xấu xí	46006	xauxi
Cà Mau	46005	camau
nghiền	46004	nghien
kích	46003	kich
ly hôn	46002	lyhon
phóng xạ	46001	phongxa
qua lại	46000	qualai
sinh động	45999	sinhdong
trọng điểm	45998	trongdiem
tỏi	45997	toi
cáo buộc	45996	caobuoc
cồn	45995	con
day	45994	day
khoái	45993	khoai
đối	45992	doi
ối	45991	oi
chu kỳ	45990	chuky
liên hoan	45989	lienhoan
phương hướng	45988	phuonghuong
ranh giới	45987	ranhgioi
hữu nghị	45986	huunghi
tràn ngập	45985	tranngap
tuỷ	45984	tuy
Quảng Bình	45983	quangbinh
piano	45982	piano
sơ sinh	45981	sosinh
thoa	45980	thoa
vô ích	45979	voich
cận	45978	can
giúp việc	45977	giupviec
thông cảm	45976	thongcam
tượng trưng	45975	tuongtrung
luật lệ	45974	luatle
công nghệ cao	45973	congnghecao
cải	45972	cai
nhổ	45971	nho
đầu gối	45970	daugoi
dân chúng	45968	danchung
dặn	45967	dan
ham muốn	45966	hammuon
tơ	45965	to
đóng băng	45964	dongbang
ổ cứng	45963	ocung
bất hợp pháp	45962	bathopphap
lốp	45961	lop
nhận diện	45960	nhandien
bìa	45959	bia
bản lĩnh	45958	banlinh
cao quý	45957	caoquy
dời	45956	doi
làng nghề	45955	langnghe
mầm	45954	mam
bánh xe	45953	banhxe
liệt sĩ	45952	lietsi
thân thể	45951	thanthe
điều khoản	45950	dieukhoan
địa	45949	dia
chú rể	45948	chure
hình dáng	45947	hinhdang
kính trọng	45946	kinhtrong
tiễn	45945	tien
chuyển hoá	45944	chuyenhoa
dứt điểm	45943	dutdiem
nữ sinh	45942	nusinh
roi	45941	roi
thực đơn	45940	thucdon
xác minh	45939	xacminh
ơ	45938	o
chê	45937	che
dịu	45936	diu
hành nghề	45934	hanhnghe
khai trương	45933	khaitruong
lẽ ra	45932	lera
lột	45931	lot
mía	45930	mia
nguội	45929	nguoi
tàu ngầm	45928	taungam
tín đồ	45927	tindo
đều đặn	45926	deudan
chùm	45925	chum
ngắn hạn	45924	nganhan
phán xét	45923	phanxet
trọn vẹn	45922	tronven
bảo trì	45921	baotri
cuốn hút	45920	cuonhut
tri	45919	tri
lạnh lùng	45917	lanhlung
mép	45916	mep
nghệ	45915	nghe
triển vọng	45914	trienvong
trong sạch	45913	trongsach
dại	45912	dai
eo	45911	eo
nghĩa trang	45910	nghiatrang
hiện hành	45909	hienhanh
linh mục	45908	linhmuc
nghiêm	45907	nghiem
ứng xử	45906	ungxu
bùa	45905	bua
cung điện	45904	cungdien
hết mình	45903	hetminh
khuyến mại	45902	khuyenmai
tiền lương	45901	tienluong
tranh cử	45900	tranhcu
cầu hôn	45899	cauhon
đúc	45898	duc
biên tập	45897	bientap
chính đáng	45896	chinhdang
sứ mệnh	45895	sumenh
xâm lược	45894	xamluoc
chẳng là	45892	changla
nhồi	45891	nhoi
trong sáng	45890	trongsang
tâm linh	45889	tamlinh
côn trùng	45888	contrung
hiệu suất	45887	hieusuat
luộc	45886	luoc
thiền	45885	thien
xô	45884	xo
dắt	45883	dat
thủ phạm	45882	thupham
trọ	45881	tro
vị thế	45880	vithe
bùng nổ	45879	bungno
cử nhân	45878	cunhan
run	45877	run
tai nghe	45876	tainghe
tái	45875	tai
vướng mắc	45874	vuongmac
xe tăng	45873	xetang
địa hình	45872	diahinh
đồ dùng	45871	dodung
bây	45870	bay
keo	45869	keo
kép	45868	kep
luận	45867	luan
tưới	45866	tuoi
biến chứng	45865	bienchung
giỏ	45864	gio
ngứa	45863	ngua
thân mến	45862	thanmen
thích nghi	45861	thichnghi
đô đốc	45860	dodoc
đông nam	45859	dongnam
hiệp định	45858	hiepdinh
thị phần	45857	thiphan
đặc tính	45856	dactinh
chi cục	45855	chicuc
gian lận	45854	gianlan
cây xanh	45853	cayxanh
gót	45852	got
hữu cơ	45851	huuco
mắc kẹt	45850	macket
rạng	45849	rang
siêu âm	45848	sieuam
lệch	45846	lech
bắp	45845	bap
gừng	45844	gung
thuỷ tinh	45843	thuytinh
đầu ra	45842	daura
cảnh quan	45841	canhquan
hay ho	45840	hayho
huân chương	45839	huanchuong
hô	45838	ho
lâm	45837	lam
lưu niệm	45836	luuniem
rót	45835	rot
Thái Nguyên	45834	thainguyen
biên	45833	bien
cơ bắp	45832	cobap
giật mình	45831	giatminh
xoáy	45830	xoay
xào	45829	xao
ram	45827	ram
thứ lỗi	45826	thuloi
xếp hàng	45825	xephang
chĩa	45824	chia
máy in	45823	mayin
môi giới	45822	moigioi
phấn khởi	45821	phankhoi
thanh lịch	45820	thanhlich
viền	45819	vien
ngọ	45818	ngo
chuộc	45817	chuoc
gia tộc	45816	giatoc
lão hoá	45815	laohoa
nhát	45814	nhat
đau lòng	45813	daulong
Ba Lan	45812	balan
thu xếp	45811	thuxep
tàn phá	45810	tanpha
tốn kém	45809	tonkem
gọn gàng	45808	gongang
khoáng sản	45807	khoangsan
tự vệ	45806	tuve
đề cử	45805	decu
hỏi thăm	45804	hoitham
khuyến cáo	45803	khuyencao
tuyển chọn	45802	tuyenchon
quả thật	45801	quathat
sỏi	45800	soi
bề ngoài	45798	bengoai
dinh	45797	dinh
dòng họ	45796	dongho
san	45795	san
thuyết	45794	thuyet
triệu tập	45793	trieutap
đẹp đẽ	45792	depde
cấy	45790	cay
vụn	45789	vun
mạ	45788	ma
nhà giáo	45787	nhagiao
trầm trọng	45786	tramtrong
đền bù	45785	denbu
hồi hộp	45784	hoihop
lường	45783	luong
rác rưởi	45782	racruoi
bất tử	45781	battu
muỗi	45780	muoi
thô	45779	tho
thế lực	45778	theluc
có điều	45777	codieu
lộng lẫy	45776	longlay
ngây thơ	45775	ngaytho
thiệp	45774	thiep
thể chất	45773	thechat
tình nhân	45772	tinhnhan
óc	45771	oc
đa phần	45770	daphan
bất hạnh	45769	bathanh
sáng suốt	45768	sangsuot
bí	45767	bi
đại sứ quán	45766	daisuquan
ếch	45765	ech
bà già	45764	bagia
bấy giờ	45763	baygio
duyên dáng	45762	duyendang
phân bón	45761	phanbon
bàn chân	45760	banchan
báo thù	45759	baothu
chuồn	45758	chuon
niệm	45757	niem
toi	45756	toi
phúc	45755	phuc
hoa quả	45754	hoaqua
liên đoàn	45753	liendoan
tâm huyết	45752	tamhuyet
khao khát	45751	khaokhat
ưu thế	45750	uuthe
giản dị	45749	giandi
nhị	45747	nhi
sanh	45746	sanh
ghi chú	45745	ghichu
kích động	45744	kichdong
lệ	45743	le
nám	45742	nam
tống	45741	tong
cổ truyền	45740	cotruyen
nghỉ dưỡng	45739	nghiduong
ngoại tình	45738	ngoaitinh
trục trặc	45737	tructrac
chủng	45736	chung
khôn	45735	khon
nguy	45734	nguy
nhọn	45733	nhon
tham mưu	45732	thammuu
bùi	45731	bui
chóng mặt	45730	chongmat
ghi hình	45729	ghihinh
hợp nhất	45728	hopnhat
mã hoá	45727	mahoa
mộc	45726	moc
trầm	45725	tram
tàn nhẫn	45724	tannhan
vinh danh	45723	vinhdanh
để mắt	45722	demat
trinh sát	45721	trinhsat
vòi	45720	voi
vội vàng	45719	voivang
chân dung	45718	chandung
chúa tể	45717	chuate
giải toả	45716	giaitoa
tuổi thơ	45715	tuoitho
túi xách	45714	tuixach
khởi công	45713	khoicong
nhuộm	45712	nhuom
trí thức	45711	trithuc
rò rỉ	45710	rori
đại lộ	45709	dailo
bề	45708	be
giáo hoàng	45707	giaohoang
ống kính	45706	ongkinh
cơ khí	45705	cokhi
thành đạt	45704	thanhdat
trút	45703	trut
âm đạo	45702	amdao
Quảng Trị	45701	quangtri
khiếp	45700	khiep
lớn lao	45699	lonlao
xoắn	45698	xoan
hoạ sĩ	45697	hoasi
lớn tuổi	45696	lontuoi
toạ độ	45695	toado
tộc	45694	toc
xuất xứ	45693	xuatxu
bổ ích	45692	boich
chửi	45691	chui
gầy	45690	gay
người tình	45689	nguoitinh
pháp sư	45688	phapsu
phối	45687	phoi
tát	45686	tat
đấu trường	45685	dautruong
Hải Dương	45684	haiduong
cấu tạo	45683	cautao
hội trường	45682	hoitruong
tín nhiệm	45681	tinnhiem
có lý	45680	coly
lặng lẽ	45679	langle
suy thoái	45678	suythoai
trán	45677	tran
tư lệnh	45676	tulenh
tổn thất	45675	tonthat
ảo giác	45674	aogiac
Thuỵ Điển	45673	thuydien
háo hức	45672	haohuc
mặt tiền	45671	mattien
sơ đồ	45670	sodo
bắt chước	45669	batchuoc
cường độ	45668	cuongdo
giầy	45667	giay
nguyện	45666	nguyen
tăng tốc	45665	tangtoc
vô hình	45664	vohinh
vật thể	45663	vatthe
xa xôi	45662	xaxoi
am	45661	am
chích	45660	chich
giải đáp	45659	giaidap
nhà ga	45658	nhaga
ràng buộc	45657	rangbuoc
truy nã	45656	truyna
hối tiếc	45655	hoitiec
mã số	45654	maso
neo	45653	neo
sơ mi	45652	somi
tổn hại	45651	tonhai
ứng	45650	ung
đình chỉ	45649	dinhchi
bi kịch	45648	bikich
hoảng sợ	45647	hoangso
quấn	45646	quan
ráng	45645	rang
rét	45644	ret
vỉa hè	45643	viahe
gay	45642	gay
ly dị	45641	lydi
sáng chế	45640	sangche
thân yêu	45639	thanyeu
đế chế	45638	deche
Hội An	45637	hoian
mìn	45636	min
nhân cách	45635	nhancach
phân tử	45634	phantu
ri	45633	ri
tạng	45632	tang
vướng	45631	vuong
vắt	45630	vat
án mạng	45629	anmang
bóng chày	45628	bongchay
hoan hô	45627	hoanho
mặt nước	45626	matnuoc
lượn	45625	luon
động thái	45624	dongthai
danh tính	45623	danhtinh
tiêu đề	45622	tieude
võ sĩ	45621	vosi
áp suất	45620	apsuat
hộ tống	45619	hotong
que	45618	que
Nam Định	45617	namdinh
sức ép	45616	sucep
thất	45615	that
đa khoa	45614	dakhoa
bộc lộ	45613	boclo
lụa	45612	lua
sung sướng	45611	sungsuong
toàn thân	45610	toanthan
triết học	45609	triethoc
tầm thường	45608	tamthuong
đối lập	45607	doilap
Hoà Bình	45606	hoabinh
lặng	45604	lang
thầy thuốc	45603	thaythuoc
bệnh hoạn	45602	benhhoan
củi	45601	cui
khác thường	45600	khacthuong
lâu đời	45599	laudoi
quá tải	45598	quatai
quăng	45597	quang
sai sót	45596	saisot
yếu kém	45595	yeukem
bế	45594	be
công cuộc	45593	congcuoc
công văn	45592	congvan
mùng	45591	mung
ngày tháng	45590	ngaythang
sơ tán	45589	sotan
sừng	45588	sung
trung đoàn	45587	trungdoan
yểm trợ	45586	yemtro
Phú Yên	45585	phuyen
la hét	45584	lahet
thầm	45583	tham
tiểu bang	45582	tieubang
tên miền	45581	tenmien
áo dài	45580	aodai
điên khùng	45579	dienkhung
cơ trưởng	45578	cotruong
nóc	45577	noc
sen	45576	sen
cán	45575	can
nhà nghỉ	45574	nhanghi
nhàm chán	45573	nhamchan
nước tiểu	45572	nuoctieu
quyên góp	45571	quyengop
bưởi	45570	buoi
núi lửa	45569	nuilua
phát điện	45568	phatdien
vành đai	45567	vanhdai
vóc dáng	45566	vocdang
con nít	45565	connit
dưa	45564	dua
nhập viện	45563	nhapvien
sòng	45562	song
vững mạnh	45561	vungmanh
ích kỷ	45560	ichky
ăn ở	45559	ano
đường kính	45558	duongkinh
làm chứng	45557	lamchung
lây	45556	lay
siết	45555	siet
thân mật	45554	thanmat
tè	45553	te
chiêm ngưỡng	45552	chiemnguong
kiên quyết	45551	kienquyet
lâm sàng	45550	lamsang
lặp	45549	lap
rước	45548	ruoc
trơn	45547	tron
tận mắt	45546	tanmat
từ chức	45545	tuchuc
chủ quan	45544	chuquan
cá mập	45543	camap
hoà nhập	45542	hoanhap
tra	45541	tra
hành hạ	45539	hanhha
phần cứng	45538	phancung
ức chế	45537	ucche
làm giàu	45536	lamgiau
ma thuật	45535	mathuat
say mê	45534	sayme
tuổi thọ	45533	tuoitho
ngưỡng	45532	nguong
thư mục	45531	thumuc
truy tìm	45530	truytim
tử hình	45529	tuhinh
dịch chuyển	45527	dichchuyen
góp mặt	45526	gopmat
hữu hiệu	45525	huuhieu
khung cảnh	45524	khungcanh
kỹ lưỡng	45523	kyluong
lân cận	45522	lancan
mô phỏng	45521	mophong
vòng quanh	45520	vongquanh
biệt danh	45519	bietdanh
mãnh liệt	45518	manhliet
nhân danh	45517	nhandanh
năng khiếu	45516	nangkhieu
sưởi	45515	suoi
thiên tai	45514	thientai
bản nhạc	45513	bannhac
bảo lãnh	45512	baolanh
bộ mặt	45511	bomat
cáo	45510	cao
cọc	45509	coc
khen ngợi	45508	khenngoi
kín đáo	45507	kindao
muôn	45506	muon
ngắn gọn	45505	ngangon
bẩm sinh	45504	bamsinh
dự bị	45503	dubi
dự luật	45502	duluat
thuật ngữ	45501	thuatngu
trào	45500	trao
xứ sở	45499	xuso
bất lợi	45498	batloi
khởi	45497	khoi
nông sản	45496	nongsan
nổi giận	45495	noigian
rượu vang	45494	ruouvang
vấn	45493	van
chủng tộc	45491	chungtoc
tang	45490	tang
tem	45489	tem
tươi sáng	45488	tuoisang
đệ tử	45487	detu
cai trị	45486	caitri
cược	45485	cuoc
kiểm định	45484	kiemdinh
tam giác	45483	tamgiac
ứng cử viên	45482	ungcuvien
bán kết	45481	banket
châm	45480	cham
diễn xuất	45479	dienxuat
giai điệu	45478	giaidieu
hình phạt	45477	hinhphat
se	45476	se
thế chấp	45475	thechap
văn chương	45474	vanchuong
cường	45473	cuong
châu Á	45471	chaua
cởi mở	45470	coimo
gian hàng	45469	gianhang
liệt kê	45468	lietke
nội vụ	45467	noivu
xứng	45466	xung
đơn độc	45465	dondoc
độc hại	45464	dochai
Lào Cai	45463	laocai
giàn	45462	gian
giám định	45461	giamdinh
hoả	45460	hoa
hỡi	45459	hoi
nữ tính	45458	nutinh
thuyết trình	45457	thuyettrinh
truyện tranh	45456	truyentranh
vắng mặt	45455	vangmat
ấm cúng	45454	amcung
code	45453	code
hèn nhát	45452	hennhat
học kỳ	45451	hocky
ngất	45450	ngat
nhược điểm	45449	nhuocdiem
rẻ tiền	45448	retien
tố	45447	to
đĩ	45446	di
đạm	45445	dam
bắt mắt	45444	batmat
nhân đạo	45443	nhandao
phân chia	45442	phanchia
phương châm	45441	phuongcham
sâm	45440	sam
thần tượng	45439	thantuong
đón tiếp	45438	dontiep
ghê tởm	45436	ghetom
hợp chất	45435	hopchat
lộn	45434	lon
tràn đầy	45433	tranday
công phu	45432	congphu
hoan nghênh	45431	hoannghenh
soạn thảo	45430	soanthao
trong suốt	45429	trongsuot
tây bắc	45428	taybac
cưa	45427	cua
ngoại lệ	45426	ngoaile
độc ác	45425	docac
bê	45424	be
bún	45423	bun
bản sắc	45422	bansac
giòn	45421	gion
hàng hải	45420	hanghai
quý tộc	45419	quytoc
tất yếu	45418	tatyeu
đính hôn	45417	dinhhon
đắng	45416	dang
bảo trọng	45415	baotrong
bắt nguồn	45414	batnguon
giải mã	45413	giaima
khủng long	45412	khunglong
lôi cuốn	45411	loicuon
toa	45410	toa
trong lành	45409	tronglanh
xen	45408	xen
định cư	45407	dinhcu
cọ	45406	co
hiện hữu	45405	hienhuu
kiến trúc sư	45404	kientrucsu
mâm	45403	mam
phần trăm	45402	phantram
đám tang	45401	damtang
dồi dào	45400	doidao
mệnh	45399	menh
sắc đẹp	45398	sacdep
tiến hoá	45397	tienhoa
tưởng niệm	45396	tuongniem
xoá bỏ	45395	xoabo
anh chị em	45394	anhchiem
chuyên khoa	45393	chuyenkhoa
chuẩn mực	45392	chuanmuc
chì	45391	chi
câu lạc bộ	45390	caulacbo
liên hiệp	45389	lienhiep
lỗ hổng	45388	lohong
phong tục	45387	phongtuc
thế gian	45386	thegian
vớ	45385	vo
búa	45384	bua
sảnh	45383	sanh
khuất	45382	khuat
lôi kéo	45381	loikeo
nghi thức	45380	nghithuc
thuở	45379	thuo
xu thế	45378	xuthe
chớp	45377	chop
gầm	45376	gam
cảnh cáo	45375	canhcao
nhà đất	45374	nhadat
quyền năng	45373	quyennang
thắt lưng	45372	thatlung
đen tối	45371	dentoi
chép	45370	chep
cứu hoả	45369	cuuhoa
giải tán	45368	giaitan
hình tượng	45367	hinhtuong
ngậm	45366	ngam
bất ổn	45365	baton
gieo	45364	gieo
liều lĩnh	45363	lieulinh
sành điệu	45362	sanhdieu
trinh	45361	trinh
vỗ	45360	vo
canxi	45358	canxi
chuyên mục	45357	chuyenmuc
rạch	45356	rach
sống động	45355	songdong
thống	45354	thong
tĩnh mạch	45353	tinhmach
tụ	45352	tu
góc độ	45351	gocdo
lương tâm	45350	luongtam
lấp lánh	45349	laplanh
mòn	45348	mon
mốt	45347	mot
nước ngọt	45346	nuocngot
sưu tầm	45345	suutam
thiết yếu	45344	thietyeu
thẳm	45343	tham
chúng tao	45342	chungtao
dải	45341	dai
gìn giữ	45340	gingiu
mới đây	45339	moiday
sắc màu	45338	sacmau
vuốt	45337	vuot
chảo	45336	chao
diễn tả	45335	dienta
han	45334	han
mạnh dạn	45333	manhdan
mẩu	45332	mau
mặc kệ	45331	macke
nghĩ lại	45330	nghilai
thìa	45329	thia
trịnh	45327	trinh
gián đoạn	45326	giandoan
hoang mang	45325	hoangmang
xay	45324	xay
điện năng	45323	diennang
ảo tưởng	45322	aotuong
chăm	45321	cham
lố bịch	45320	lobich
tỷ giá	45319	tygia
hoảng loạn	45318	hoangloan
khuyết điểm	45317	khuyetdiem
tháo gỡ	45316	thaogo
trầm cảm	45315	tramcam
đối ngoại	45314	doingoai
hào	45313	hao
nảy sinh	45312	naysinh
vĩ mô	45311	vimo
bịt	45310	bit
ki	45309	ki
kết cục	45308	ketcuc
mộng	45307	mong
sóc	45306	soc
thực dân	45305	thucdan
tình thương	45304	tinhthuong
xịt	45303	xit
bất cập	45301	batcap
thuỷ lợi	45300	thuyloi
vác	45299	vac
hồi sinh	45298	hoisinh
chủ thể	45296	chuthe
cư trú	45295	cutru
dứt	45294	dut
giúp ích	45293	giupich
khám nghiệm	45292	khamnghiem
khả quan	45291	khaquan
kết án	45290	ketan
tạo dựng	45289	taodung
hạnh	45288	hanh
dòng chảy	45286	dongchay
mặt khác	45285	matkhac
suỵt	45284	suyt
sương mù	45283	suongmu
Biển Đông	45282	biendong
tiềm ẩn	45281	tieman
tiện dụng	45280	tiendung
toả	45279	toa
cớ	45278	co
lệ phí	45277	lephi
ngoại hình	45276	ngoaihinh
rể	45275	re
thâm nhập	45274	thamnhap
thí điểm	45273	thidiem
thạch	45272	thach
tự chủ	45271	tuchu
xí nghiệp	45270	xinghiep
ngoại ô	45268	ngoaio
ngộ độc	45267	ngodoc
năng	45266	nang
phản	45265	phan
sai phạm	45264	saipham
tinh trùng	45263	tinhtrung
từ ngữ	45262	tungu
hạm đội	45261	hamdoi
mất ngủ	45260	matngu
ngai	45259	ngai
bóc	45258	boc
bất lực	45257	batluc
lên ngôi	45256	lenngoi
ngon miệng	45255	ngonmieng
ngoại tệ	45254	ngoaite
quan tài	45253	quantai
vội vã	45252	voiva
bệnh lý	45251	benhly
dai	45250	dai
hiện đại hoá	45249	hiendaihoa
lỗi lầm	45248	loilam
nới	45247	noi
Lâm Đồng	45246	lamdong
bất tỉnh	45245	battinh
chất vấn	45244	chatvan
khích lệ	45243	khichle
rải rác	45242	rairac
sai trái	45241	saitrai
thứ ba	45240	thuba
tụ tập	45239	tutap
đích thân	45238	dichthan
Cửu Long	45237	cuulong
sinh dục	45236	sinhduc
tổ hợp	45235	tohop
biên phòng	45234	bienphong
dị	45233	di
hướng dẫn viên	45232	huongdanvien
muỗng	45231	muong
nguyên vẹn	45230	nguyenven
quỹ đạo	45229	quydao
sản	45228	san
thiếu nữ	45227	thieunu
táo bạo	45226	taobao
tín ngưỡng	45225	tinnguong
lăng	45224	lang
nghệ nhân	45223	nghenhan
đèo	45222	deo
hành quân	45221	hanhquan
kỷ	45220	ky
nước mắm	45219	nuocmam
thăng	45218	thang
hữu dụng	45215	huudung
lạ lùng	45214	lalung
sư đoàn	45213	sudoan
sấy	45212	say
tuần hoàn	45211	tuanhoan
đồ vật	45210	dovat
Thiên Chúa	45209	thienchua
bình dân	45208	binhdan
dỡ	45207	do
lắp ráp	45206	laprap
thai nhi	45205	thainhi
bảo trợ	45204	baotro
lục soát	45203	lucsoat
sau cùng	45202	saucung
thuần	45201	thuan
triết lý	45200	trietly
đãi	45199	dai
Bến Tre	45198	bentre
bác bỏ	45197	bacbo
canh chừng	45196	canhchung
dương vật	45195	duongvat
gay gắt	45194	gaygat
thiết	45193	thiet
đường cao tốc	45192	duongcaotoc
đảm nhận	45191	damnhan
cách ly	45190	cachly
liên doanh	45189	liendoanh
vọng	45188	vong
điếc	45187	diec
đế quốc	45186	dequoc
địa vị	45185	diavi
chi phối	45184	chiphoi
cây số	45183	cayso
hận	45182	han
thường niên	45181	thuongnien
đầu độc	45180	daudoc
bao bì	45179	baobi
dân tộc thiểu số	45178	dantocthieuso
kèo	45177	keo
lon	45176	lon
phong thuỷ	45175	phongthuy
hấp	45174	hap
lẻn	45173	len
mịn màng	45172	minmang
chiết xuất	45170	chietxuat
dơi	45169	doi
gom	45168	gom
hội tụ	45167	hoitu
khẩu hiệu	45166	khauhieu
mẹo	45165	meo
nhúng	45164	nhung
noi	45163	noi
phiến	45162	phien
bầm	45161	bam
cứng rắn	45160	cungran
diều	45159	dieu
dẫu	45158	dau
lang	45157	lang
nhỡ	45156	nho
Long An	45155	longan
Phú Quốc	45154	phuquoc
suýt nữa	45153	suytnua
thân chủ	45152	thanchu
thí dụ	45151	thidu
thước	45150	thuoc
cao điểm	45149	caodiem
nhà trọ	45148	nhatro
thú y	45147	thuy
vinh hạnh	45146	vinhhanh
biểu đồ	45145	bieudo
dẻo	45144	deo
ngục	45143	nguc
tay chân	45142	taychan
vui tính	45141	vuitinh
Thượng Hải	45140	thuonghai
hối lộ	45139	hoilo
phát âm	45138	phatam
đai	45137	dai
đũa	45136	dua
co giật	45135	cogiat
cốt lõi	45134	cotloi
kinh điển	45133	kinhdien
nghịch	45132	nghich
phù	45131	phu
tê	45130	te
đa năng	45129	danang
đái	45128	dai
chứa đựng	45127	chuadung
phong toả	45126	phongtoa
quậy	45125	quay
An Giang	45124	angiang
nhiệt huyết	45123	nhiethuyet
thô lỗ	45122	tholo
tình nghi	45121	tinhnghi
tự trọng	45120	tutrong
chủ đạo	45119	chudao
copy	45118	copy
khát vọng	45117	khatvong
linh kiện	45116	linhkien
đánh bắt	45115	danhbat
cổ xưa	45114	coxua
gáy	45113	gay
phiền phức	45112	phienphuc
tổng đài	45111	tongdai
tụt	45110	tut
an tâm	45109	antam
buồm	45108	buom
châu Phi	45107	chauphi
há	45106	ha
hợp lệ	45105	hople
pháo đài	45104	phaodai
thủ môn	45103	thumon
trì hoãn	45102	trihoan
tàn bạo	45101	tanbao
chen	45100	chen
hôn mê	45099	honme
lây lan	45098	laylan
thanh bình	45097	thanhbinh
đôi	45096	doi
Hoàng Sa	45095	hoangsa
liêm	45094	liem
kiệt sức	45093	kietsuc
nghỉ việc	45092	nghiviec
vùi	45091	vui
ưu tú	45090	uutu
biên soạn	45088	biensoan
cún	45087	cun
cờ bạc	45086	cobac
khát khao	45085	khatkhao
phước	45084	phuoc
thực khách	45083	thuckhach
Bình Thuận	45082	binhthuan
Ninh Bình	45081	ninhbinh
bảo dưỡng	45080	baoduong
bực	45079	buc
hấp thu	45078	hapthu
thành uỷ	45077	thanhuy
đáp án	45076	dapan
đường lối	45075	duongloi
binh lính	45074	binhlinh
bèn	45073	ben
dự tính	45072	dutinh
gia sư	45071	giasu
khổ sở	45070	khoso
lục địa	45069	lucdia
phong cảnh	45068	phongcanh
rang	45067	rang
tinh dầu	45066	tinhdau
chẳng lẽ	45065	changle
cá tra	45064	catra
khẽ	45063	khe
quá đáng	45062	quadang
rán	45061	ran
thiên văn	45060	thienvan
thịnh vượng	45059	thinhvuong
tiệc tùng	45058	tiectung
ca ngợi	45057	cangoi
chủ chốt	45056	chuchot
cóc	45055	coc
cắp	45054	cap
dưỡng chất	45053	duongchat
ngộ	45052	ngo
phân bố	45051	phanbo
từ điển	45050	tudien
vương miện	45049	vuongmien
y khoa	45048	ykhoa
châu Âu	45046	chauau
chịu khó	45045	chiukho
phở	45044	pho
rải	45043	rai
tán tỉnh	45042	tantinh
vũ công	45041	vucong
cao bồi	45040	caoboi
giai cấp	45039	giaicap
ngả	45038	nga
quanh năm	45037	quanhnam
sánh	45036	sanh
thấu	45035	thau
tật	45034	tat
vẫy	45033	vay
vỗ tay	45032	votay
đao	45031	dao
bè	45030	be
bản địa	45029	bandia
bực mình	45028	bucminh
hạt giống	45027	hatgiong
kíp	45026	kip
ren	45025	ren
uốn	45024	uon
chữ cái	45022	chucai
hậu vệ	45021	hauve
mơ hồ	45020	moho
bù đắp	45019	budap
phấn khích	45018	phankhich
Tiền Giang	45017	tiengiang
bằng cấp	45016	bangcap
dứt khoát	45015	dutkhoat
hòng	45014	hong
lịch trình	45013	lichtrinh
nảy	45012	nay
thù	45011	thu
thứ bảy	45010	thubay
tử thần	45009	tuthan
đặng	45008	dang
đến nơi	45007	dennoi
ca hát	45006	cahat
chiếm đoạt	45005	chiemdoat
phân bổ	45004	phanbo
độ ẩm	45002	doam
bức xạ	45001	bucxa
chút ít	45000	chutit
cẩn trọng	44999	cantrong
lung linh	44998	lunglinh
nhiễu	44997	nhieu
thích ứng	44996	thichung
trọng đại	44995	trongdai
ít nhiều	44994	itnhieu
đột quỵ	44993	dotquy
triệu	44992	trieu
giả mạo	44991	giamao
khoai	44990	khoai
nghiêm ngặt	44989	nghiemngat
ngũ cốc	44988	ngucoc
sáp nhập	44987	sapnhap
từ trường	44986	tutruong
huyền	44985	huyen
ngó	44984	ngo
quần thể	44983	quanthe
rong	44982	rong
sinh lý	44981	sinhly
vật tư	44980	vattu
bể bơi	44979	beboi
giáo hội	44978	giaohoi
khốn khổ	44977	khonkho
lúng túng	44976	lungtung
rèm	44975	rem
trung gian	44974	trunggian
đại đội	44973	daidoi
Trung Đông	44972	trungdong
ban công	44971	bancong
bồn tắm	44970	bontam
dược phẩm	44969	duocpham
giáo trình	44968	giaotrinh
rô	44967	ro
thì thầm	44966	thitham
Gia Lai	44965	gialai
thảo	44964	thao
chọn lọc	44963	chonloc
khéo	44962	kheo
nhung	44961	nhung
nhấp	44960	nhap
phản xạ	44959	phanxa
tiền sử	44958	tiensu
tuần lễ	44957	tuanle
vận tốc	44956	vantoc
buôn lậu	44955	buonlau
sữa chua	44954	suachua
thực thụ	44953	thucthu
tiếng động	44952	tiengdong
vặn	44951	van
vũ	44949	vu
giời	44948	gioi
mắng	44947	mang
mến	44946	men
quyền hạn	44945	quyenhan
thành niên	44944	thanhnien
thọ	44943	tho
xuôi	44942	xuoi
bản án	44941	banan
dang	44940	dang
gây sự	44939	gaysu
điêu khắc	44938	dieukhac
đo lường	44937	doluong
yến	44935	yen
bóng ma	44934	bongma
cà rốt	44933	carot
hiện vật	44932	hienvat
liệu pháp	44931	lieuphap
mò	44930	mo
sản sinh	44929	sansinh
tiêu chảy	44928	tieuchay
vần	44927	van
khai giảng	44926	khaigiang
khinh	44925	khinh
tịch thu	44924	tichthu
vô tư	44923	votu
Đông Nam Á	44922	dongnama
đau buồn	44921	daubuon
đốm	44920	dom
xoa	44919	xoa
ép buộc	44918	epbuoc
Bồ Đào Nha	44917	bodaonha
hoạt hình	44914	hoathinh
lung tung	44913	lungtung
suy yếu	44912	suyyeu
êm	44911	em
đài truyền hình	44910	daitruyenhinh
đề cao	44909	decao
cày	44908	cay
phi thuyền	44907	phithuyen
trái ngược	44906	trainguoc
ảo thuật	44905	aothuat
khánh	44904	khanh
cửa khẩu	44903	cuakhau
mại dâm	44902	maidam
mục sư	44901	mucsu
nhu	44900	nhu
rắc	44899	rac
thiếu sót	44898	thieusot
thấu hiểu	44897	thauhieu
đại chúng	44896	daichung
binh sĩ	44895	binhsi
chính quy	44894	chinhquy
rỗng	44893	rong
triều đại	44892	trieudai
vui nhộn	44891	vuinhon
Bắc Giang	44890	bacgiang
bất đồng	44889	batdong
chống đối	44888	chongdoi
nang	44887	nang
quân đoàn	44886	quandoan
sao chép	44885	saochep
thủ thuật	44884	thuthuat
tràng	44883	trang
điên cuồng	44882	diencuong
cổ tích	44881	cotich
gu	44880	gu
hoang tưởng	44879	hoangtuong
hé	44878	he
khởi tố	44877	khoito
phương diện	44876	phuongdien
sách vở	44875	sachvo
bào chữa	44874	baochua
thiếu hụt	44873	thieuhut
cử chỉ	44872	cuchi
rèn	44871	ren
thượng nghị sĩ	44870	thuongnghisi
tạo hình	44869	taohinh
tục	44868	tuc
chói	44867	choi
hãnh diện	44866	hanhdien
bỉ	44865	bi
na	44864	na
tý	44863	ty
chéo	44862	cheo
coi thường	44861	coithuong
khuẩn	44860	khuan
mùi vị	44859	muivi
phát thanh	44858	phatthanh
thương vụ	44857	thuongvu
út	44856	ut
AI	44855	ai
Kiên Giang	44854	kiengiang
chức danh	44853	chucdanh
cá voi	44852	cavoi
khiên	44851	khien
phết	44850	phet
săn đuổi	44849	sanduoi
sẻ	44848	se
thanh xuân	44847	thanhxuan
tỉ mỉ	44846	timi
vô danh	44845	vodanh
diễn tập	44844	dientap
gia công	44843	giacong
nãy giờ	44842	naygio
quý báu	44841	quybau
tương thích	44840	tuongthich
vững vàng	44839	vungvang
bài bản	44838	baiban
chết đuối	44837	chetduoi
huy hiệu	44836	huyhieu
khoác	44835	khoac
thảm hại	44834	thamhai
chấn động	44833	chandong
dạy dỗ	44832	daydo
hoàng hôn	44831	hoanghon
khó tính	44830	khotinh
sinh mạng	44829	sinhmang
thần thánh	44828	thanthanh
xịn	44827	xin
đường dẫn	44826	duongdan
tùng	44825	tung
bình ổn	44824	binhon
chót	44823	chot
cộng tác	44822	congtac
kê khai	44821	kekhai
kẽm	44820	kem
mầu	44819	mau
mứt	44818	mut
nhúc nhích	44817	nhucnhich
test	44816	test
thủ đoạn	44815	thudoan
địa danh	44814	diadanh
an sinh	44812	ansinh
bàn tán	44811	bantan
hụt	44810	hut
lan toả	44809	lantoa
nước nhà	44808	nuocnha
thềm	44807	them
tác nhân	44806	tacnhan
đại bàng	44805	daibang
chi đoàn	44803	chidoan
chậm trễ	44802	chamtre
con nuôi	44801	connuoi
hiếp dâm	44800	hiepdam
tẩu	44799	tau
vòm	44798	vom
xúc xích	44797	xucxich
bánh quy	44796	banhquy
cướp biển	44795	cuopbien
cặn bã	44794	canba
du thuyền	44793	duthuyen
khuôn	44792	khuon
phẳng	44791	phang
thanh thản	44790	thanhthan
tỷ phú	44789	typhu
Phú Thọ	44788	phutho
bào	44787	bao
bé bỏng	44786	bebong
chức trách	44785	chuctrach
hoa văn	44784	hoavan
khai báo	44783	khaibao
tham lam	44782	thamlam
biên chế	44780	bienche
cứ việc	44779	cuviec
cựu chiến binh	44778	cuuchienbinh
gật	44777	gat
ngầu	44776	ngau
nhanh nhẹn	44775	nhanhnhen
trí tưởng tượng	44774	trituongtuong
tù binh	44773	tubinh
văng	44772	vang
âm lịch	44771	amlich
Bạc Liêu	44770	baclieu
bồ câu	44769	bocau
cứu trợ	44768	cuutro
lý lịch	44767	lylich
thám hiểm	44766	thamhiem
thủ trưởng	44765	thutruong
truy đuổi	44764	truyduoi
ám chỉ	44763	amchi
âm thầm	44762	amtham
đảm nhiệm	44761	damnhiem
chôm	44760	chom
chôn cất	44759	choncat
thêu	44758	theu
tinh khiết	44757	tinhkhiet
xiếc	44756	xiec
cổ họng	44755	cohong
giáo khoa	44754	giaokhoa
nơ	44753	no
tan vỡ	44752	tanvo
bắt nạt	44751	batnat
che chở	44750	checho
găng tay	44749	gangtay
hiệp ước	44748	hiepuoc
hoá học	44747	hoahoc
làn sóng	44746	lansong
nô	44745	no
truyền tải	44744	truyentai
viếng thăm	44743	viengtham
buồn nôn	44742	buonnon
công đoạn	44741	congdoan
ngắn ngủi	44740	nganngui
thon	44739	thon
bao phủ	44738	baophu
cai	44737	cai
gia hạn	44736	giahan
kiểm	44735	kiem
kỳ cục	44734	kycuc
kỵ binh	44733	kybinh
lười	44732	luoi
lật đổ	44731	latdo
mát mẻ	44730	matme
Đồng Tháp	44729	dongthap
bọt	44728	bot
con hoang	44727	conhoang
cổ tay	44726	cotay
cứng đầu	44725	cungdau
mài	44724	mai
phán quyết	44723	phanquyet
quá sức	44722	quasuc
thê	44721	the
thương yêu	44720	thuongyeu
thời cơ	44719	thoico
tỉnh thành	44718	tinhthanh
xúc	44717	xuc
áo choàng	44716	aochoang
đẫm	44715	dam
đổ bộ	44714	dobo
bo	44713	bo
bậy	44712	bay
mẫu mã	44711	mauma
đường cong	44710	duongcong
dính dáng	44709	dinhdang
hiền lành	44708	hienlanh
láng giềng	44707	langgieng
quân nhân	44706	quannhan
san hô	44705	sanho
tận tình	44704	tantinh
diệp	44703	diep
bong bóng	44702	bongbong
bốn	44701	bon
chán nản	44700	channan
cột sống	44699	cotsong
huyệt	44698	huyet
khởi nghĩa	44697	khoinghia
lợi hại	44696	loihai
nhịn	44695	nhin
phải chăng	44694	phaichang
xuất thân	44693	xuatthan
đồng cảm	44692	dongcam
cá thể	44690	cathe
gập	44689	gap
hiên	44688	hien
ngay lập tức	44687	ngaylaptuc
pháo hoa	44686	phaohoa
bộ luật	44685	boluat
chào đời	44684	chaodoi
lẹ	44683	le
nhảy múa	44682	nhaymua
thiên đàng	44681	thiendang
đấu thầu	44680	dauthau
canh tác	44679	canhtac
công chứng	44678	congchung
cằm	44677	cam
di chúc	44676	dichuc
nghiêm khắc	44675	nghiemkhac
ngần	44674	ngan
nhập cư	44673	nhapcu
quý hiếm	44672	quyhiem
viện trợ	44671	vientro
vớt	44670	vot
ứng phó	44669	ungpho
mệnh danh	44668	menhdanh
nghị lực	44667	nghiluc
trung tá	44666	trungta
trình tự	44665	trinhtu
tương đồng	44664	tuongdong
ích	44663	ich
điềm	44662	diem
anh đào	44661	anhdao
chạy đua	44660	chaydua
cầm đầu	44659	camdau
mỹ nhân	44658	mynhan
thiếu thốn	44657	thieuthon
tán thành	44656	tanthanh
vọt	44655	vot
net	44653	net
trích dẫn	44652	trichdan
xuất huyết	44651	xuathuyet
Đan Mạch	44650	danmach
đồng loạt	44649	dongloat
hoà hợp	44648	hoahop
khoáng chất	44647	khoangchat
ngồi tù	44646	ngoitu
xác thực	44645	xacthuc
Quy Nhơn	44644	quynhon
kết nạp	44643	ketnap
ngần ngại	44642	nganngai
như ý	44641	nhuy
phai	44640	phai
phát nổ	44639	phatno
tráng	44638	trang
tác hại	44637	tachai
xà	44636	xa
thuý	44635	thuy
canh gác	44634	canhgac
công trường	44633	congtruong
di	44632	di
hèn	44631	hen
khí quyển	44630	khiquyen
kinh dị	44629	kinhdi
lược	44628	luoc
nhân tài	44627	nhantai
nêm	44626	nem
trốn tránh	44625	trontranh
vừa phải	44624	vuaphai
chọi	44622	choi
hử	44621	hu
nhan sắc	44619	nhansac
thể lực	44618	theluc
trú ẩn	44617	truan
tây nam	44616	taynam
bùm	44614	bum
chiều hướng	44613	chieuhuong
ma quỷ	44612	maquy
mấu chốt	44611	mauchot
mặc định	44610	macdinh
nhiễm khuẩn	44609	nhiemkhuan
quốc tịch	44608	quoctich
trăn trở	44607	trantro
tín	44606	tin
Đông Dương	44605	dongduong
biểu dương	44604	bieuduong
diễn văn	44603	dienvan
hù	44602	hu
khắt khe	44601	khatkhe
phang	44600	phang
rung động	44599	rungdong
siêu mẫu	44598	sieumau
sống còn	44597	songcon
tái sinh	44596	taisinh
áp đặt	44595	apdat
ang	44594	ang
che đậy	44593	cheday
giết hại	44592	giethai
hợp tác xã	44591	hoptacxa
qua mặt	44590	quamat
trúc	44589	truc
tử thi	44588	tuthi
xà phòng	44587	xaphong
úp	44586	up
đổ máu	44585	domau
cương vị	44583	cuongvi
dĩa	44582	dia
hoảng	44581	hoang
miếu	44580	mieu
phà	44579	pha
thu gom	44578	thugom
thông thoáng	44577	thongthoang
thở dài	44575	thodai
công tố viên	44574	congtovien
cảnh tượng	44573	canhtuong
cụt	44572	cut
diện mạo	44571	dienmao
dòng điện	44570	dongdien
huyền bí	44569	huyenbi
khánh thành	44568	khanhthanh
kế thừa	44567	kethua
lề	44566	le
lốc	44565	loc
lụt	44564	lut
máy lạnh	44563	maylanh
nhuyễn	44562	nhuyen
sắp sửa	44561	sapsua
tai hoạ	44560	taihoa
thoái hoá	44559	thoaihoa
trào lưu	44558	traoluu
tàn sát	44557	tansat
đánh bóng	44556	danhbong
đông đúc	44555	dongduc
đần độn	44554	dandon
đồng bọn	44553	dongbon
bịa	44552	bia
chó đẻ	44551	chode
sáng tỏ	44550	sangto
thuốc phiện	44549	thuocphien
trục xuất	44548	trucxuat
võ thuật	44547	vothuat
ân	44546	an
bỗng nhiên	44545	bongnhien
cô lập	44544	colap
cấp bách	44543	capbach
tua	44542	tua
ập	44541	ap
hoài nghi	44540	hoainghi
lựu đạn	44539	luudan
ngừa	44538	ngua
quấy rầy	44537	quayray
sơ bộ	44536	sobo
Vĩnh Phúc	44535	vinhphuc
cầm quyền	44534	camquyen
ngoại trưởng	44533	ngoaitruong
nhộn nhịp	44532	nhonnhip
nung	44531	nung
nội trợ	44530	noitro
rãnh	44529	ranh
xe ngựa	44528	xengua
đông lạnh	44527	donglanh
giang	44526	giang
cộng hưởng	44525	conghuong
hưng phấn	44524	hungphan
mẫu giáo	44523	maugiao
sức lực	44522	sucluc
trắc nghiệm	44521	tracnghiem
vệ sĩ	44520	vesi
xung	44519	xung
ám	44518	am
huy	44517	huy
cao nguyên	44516	caonguyen
chằm chằm	44515	chamcham
dân trí	44514	dantri
dép	44513	dep
giáng	44512	giang
loét	44511	loet
lãng quên	44510	langquen
sáo	44509	sao
sọc	44508	soc
tiểu đoàn	44507	tieudoan
ăn kiêng	44506	ankieng
ốp	44505	op
danh bạ	44503	danhba
du học sinh	44502	duhocsinh
dày đặc	44501	daydac
hệ số	44500	heso
măng	44499	mang
ngân	44498	ngan
nữ thần	44497	nuthan
quạ	44496	qua
sắm	44495	sam
bến xe	44493	benxe
chi hội	44492	chihoi
cần sa	44491	cansa
diễu hành	44490	dieuhanh
gân	44489	gan
khiêu dâm	44488	khieudam
sâu rộng	44487	saurong
sở dĩ	44486	sodi
truyện ngắn	44485	truyenngan
xoang	44484	xoang
Hà Giang	44483	hagiang
trưng	44482	trung
bầu dục	44481	bauduc
giải ngân	44480	giaingan
lên lớp	44479	lenlop
ăn nói	44478	annoi
hỗn độn	44477	hondon
khay	44476	khay
kết bạn	44475	ketban
linh cảm	44474	linhcam
lắng	44473	lang
mủ	44472	mu
thuộc địa	44471	thuocdia
tổng bí thư	44470	tongbithu
đậm đà	44469	damda
bế tắc	44468	betac
cao học	44467	caohoc
nguyên lý	44466	nguyenly
sò	44465	so
thần chú	44464	thanchu
trĩ	44463	tri
xôn xao	44462	xonxao
đá quý	44461	daquy
độc tố	44460	docto
cưỡng	44459	cuong
kết liễu	44458	ketlieu
kỹ thuật số	44457	kythuatso
ngoan ngoãn	44456	ngoanngoan
sát cánh	44455	satcanh
tình cảnh	44454	tinhcanh
độc nhất	44453	docnhat
bán đảo	44452	bandao
bón	44451	bon
chải	44450	chai
cuồng	44449	cuong
cá sấu	44448	casau
di cư	44447	dicu
lạnh lẽo	44446	lanhleo
mong manh	44445	mongmanh
mí	44444	mi
ngửa	44443	ngua
ròng	44442	rong
tu viện	44441	tuvien
tuổi tác	44440	tuoitac
ưu	44439	uu
ai bảo	44438	aibao
giai	44437	giai
giã	44436	gia
hồn nhiên	44435	honnhien
nấy	44434	nay
quấy rối	44433	quayroi
thoả	44432	thoa
triều đình	44431	trieudinh
tảo	44430	tao
tự ý	44429	tuy
giáo sĩ	44427	giaosi
hưởng thụ	44426	huongthu
mười	44425	muoi
nhục	44424	nhuc
né	44423	ne
tống tiền	44422	tongtien
cây cối	44421	caycoi
huy hoàng	44420	huyhoang
lẩu	44419	lau
mãn	44418	man
nín	44417	nin
thiệt thòi	44416	thietthoi
thông dụng	44415	thongdung
đậu nành	44414	daunanh
chan	44413	chan
lén lút	44412	lenlut
nữ giới	44411	nugioi
phê chuẩn	44410	phechuan
ý đồ	44409	ydo
đông bắc	44408	dongbac
chèn	44407	chen
di tản	44406	ditan
hiếm hoi	44405	hiemhoi
lưu lượng	44404	luuluong
mặt đường	44403	matduong
phòng bệnh	44402	phongbenh
phô mai	44401	phomai
vô tận	44400	votan
chủ lực	44399	chuluc
cảm thông	44398	camthong
lập dị	44397	lapdi
mong ước	44396	monguoc
như vậy	44395	nhuvay
thằng cha	44394	thangcha
thể xác	44393	thexac
thụ	44392	thu
tiên sinh	44391	tiensinh
xuống cấp	44390	xuongcap
xuồng	44389	xuong
chuyên sâu	44388	chuyensau
dâm	44387	dam
hào phóng	44386	haophong
hươu	44385	huou
khởi nghiệp	44384	khoinghiep
lan truyền	44383	lantruyen
lộc	44382	loc
thuật toán	44381	thuattoan
thành thạo	44380	thanhthao
viếng	44379	vieng
xấp xỉ	44378	xapxi
chết chóc	44377	chetchoc
goá	44376	goa
khốc liệt	44375	khocliet
lớn mạnh	44374	lonmanh
máy vi tính	44373	mayvitinh
reo	44372	reo
đường nét	44371	duongnet
mạc	44370	mac
chồn	44369	chon
giao thừa	44368	giaothua
lạc hậu	44367	lachau
xuất tinh	44365	xuattinh
điều tiết	44364	dieutiet
bít	44363	bit
ca nhạc	44362	canhac
chân thật	44361	chanthat
máy giặt	44360	maygiat
nguyên tố	44359	nguyento
phong bì	44358	phongbi
toát	44357	toat
trừ phi	44356	truphi
tưởng nhớ	44355	tuongnho
bách	44354	bach
bỗng dưng	44353	bongdung
gái điếm	44352	gaidiem
mượt	44351	muot
thách	44350	thach
thóc	44349	thoc
thúc	44348	thuc
tiếp diễn	44347	tiepdien
Nam Phi	44346	namphi
bao xa	44345	baoxa
guitar	44344	guitar
ngỡ ngàng	44343	ngongang
sỉ nhục	44342	sinhuc
xốp	44341	xop
đắm	44340	dam
đối chiếu	44339	doichieu
an thần	44338	anthan
biết mấy	44337	bietmay
bán kính	44336	bankinh
bưu chính	44335	buuchinh
bấy nhiêu	44334	baynhieu
bổn phận	44333	bonphan
chuyên dụng	44332	chuyendung
khuynh hướng	44331	khuynhhuong
liều mạng	44330	lieumang
ngoạn mục	44329	ngoanmuc
rào cản	44328	raocan
si	44327	si
tay lái	44326	taylai
truy tố	44325	truyto
chân chính	44324	chanchinh
cào	44323	cao
nhờn	44322	nhon
say xỉn	44321	sayxin
sinh tồn	44320	sinhton
séc	44319	sec
then	44318	then
Chúa Trời	44317	chuatroi
cao cả	44316	caoca
chật	44315	chat
container	44314	container
giác quan	44313	giacquan
mợ	44312	mo
nghi vấn	44311	nghivan
núp	44310	nup
phản công	44309	phancong
thổ	44308	tho
chung quanh	44307	chungquanh
công tử	44306	congtu
dàn dựng	44305	dandung
giáo chủ	44304	giaochu
khuyến học	44303	khuyenhoc
nguyên chất	44302	nguyenchat
ngói	44301	ngoi
phần tử	44300	phantu
thét	44299	thet
tuột	44298	tuot
vu	44297	vu
vả lại	44296	valai
Nam Bộ	44295	nambo
bất công	44294	batcong
cau	44293	cau
câu đố	44292	caudo
do dự	44291	dodu
sốt rét	44290	sotret
tinh vi	44289	tinhvi
truyền đạt	44288	truyendat
Tây Ninh	44287	tayninh
chất lỏng	44286	chatlong
có vẻ	44285	cove
dương xỉ	44284	duongxi
hắc	44283	hac
ninh	44282	ninh
nội trú	44281	noitru
phá thai	44280	phathai
sung	44279	sung
thật tình	44278	thattinh
thốt	44277	thot
cấy ghép	44276	cayghep
dở hơi	44275	dohoi
ngu xuẩn	44274	nguxuan
xa xưa	44273	xaxua
Sơn La	44272	sonla
cám dỗ	44270	camdo
nai	44269	nai
nhỏ xíu	44268	nhoxiu
nước lạnh	44267	nuoclanh
phái đẹp	44266	phaidep
quả thực	44265	quathuc
ru	44264	ru
sắn	44263	san
thân phận	44262	thanphan
đố	44261	do
Tây Sơn	44260	tayson
Yên Bái	44259	yenbai
bàn thờ	44258	bantho
kinh nguyệt	44257	kinhnguyet
lên án	44256	lenan
muôn năm	44255	muonnam
mút	44254	mut
mở màn	44253	moman
nghị	44252	nghi
rát	44251	rat
trang trọng	44250	trangtrong
tẩm	44249	tam
xã hội hoá	44248	xahoihoa
yêu quái	44247	yeuquai
đàm	44246	dam
biểu quyết	44245	bieuquyet
bã	44244	ba
cai nghiện	44243	cainghien
con một	44242	conmot
họp mặt	44241	hopmat
phụ đề	44240	phude
thăm hỏi	44239	thamhoi
xôi	44238	xoi
đình đám	44237	dinhdam
Vĩnh Long	44235	vinhlong
bại	44234	bai
chuyển tiếp	44233	chuyentiep
núm	44232	num
pho	44231	pho
thừng	44230	thung
toàn cảnh	44229	toancanh
tào lao	44228	taolao
tân binh	44227	tanbinh
bóng rổ	44226	bongro
bừng	44225	bung
bực bội	44224	bucboi
chủng loại	44223	chungloai
dàn xếp	44222	danxep
hăng hái	44221	hanghai
hồng ngoại	44220	hongngoai
in ấn	44219	inan
lĩnh	44218	linh
nấp	44217	nap
sự thực	44215	suthuc
thú vui	44214	thuvui
thửa	44213	thua
bùng	44212	bung
chứng thực	44211	chungthuc
e ngại	44210	engai
mã lực	44209	maluc
nhào	44208	nhao
nhái	44207	nhai
pháp y	44206	phapy
sàng	44205	sang
thời lượng	44204	thoiluong
vành	44203	vanh
Luân Đôn	44202	luandon
chay	44201	chay
liếm	44200	liem
lờ	44199	lo
ngốc nghếch	44198	ngocnghech
thoả hiệp	44197	thoahiep
thái quá	44196	thaiqua
thông thái	44195	thongthai
vung	44194	vung
ăn chơi	44193	anchoi
binh nhì	44192	binhnhi
chính trị gia	44191	chinhtrigia
cực đoan	44190	cucdoan
kiểm điểm	44189	kiemdiem
linh tinh	44188	linhtinh
sư huynh	44187	suhuynh
thói	44186	thoi
tận cùng	44185	tancung
đò	44184	do
báo hiệu	44182	baohieu
bộ lạc	44181	bolac
chơi đùa	44180	choidua
giao nộp	44179	giaonop
hoạch định	44178	hoachdinh
lội	44177	loi
nhập ngũ	44176	nhapngu
rành	44175	ranh
thành thị	44174	thanhthi
thú vật	44173	thuvat
ủ	44172	u
khang	44171	khang
cây cảnh	44170	caycanh
live	44169	live
mánh	44168	manh
mỉa mai	44167	miamai
nhảm	44166	nham
thi thoảng	44165	thithoang
táo bón	44164	taobon
tận thế	44163	tanthe
xước	44162	xuoc
của cải	44161	cuacai
dong	44160	dong
học giả	44159	hocgia
phong kiến	44158	phongkien
tan nát	44157	tannat
thứ tự	44156	thutu
trêu	44155	treu
vét	44154	vet
chậm chạp	44152	chamchap
cà vạt	44151	cavat
du kích	44150	dukich
khoanh	44149	khoanh
lầy	44148	lay
phát tán	44147	phattan
Biên Hoà	44146	bienhoa
dân quân	44145	danquan
hậu môn	44144	haumon
mắm	44143	mam
ngẩng	44142	ngang
rỉ	44141	ri
xẻ	44140	xe
đường thẳng	44139	duongthang
chữ viết	44137	chuviet
ngũ	44136	ngu
nhí	44135	nhi
phương trình	44134	phuongtrinh
quản	44133	quan
sinh trưởng	44132	sinhtruong
sóng thần	44131	songthan
trệt	44130	tret
tệ nạn	44129	tenan
am hiểu	44128	amhieu
bao bọc	44127	baoboc
bàn luận	44126	banluan
khanh	44125	khanh
phán	44124	phan
thơ mộng	44123	thomong
thương xót	44122	thuongxot
trại giam	44121	traigiam
tư bản	44120	tuban
tốp	44119	top
Kon Tum	44117	kontum
công nghiệp hoá	44116	congnghiephoa
hiểm	44115	hiem
nguỵ trang	44114	nguytrang
team	44113	team
thương tích	44112	thuongtich
thảy	44111	thay
yếu ớt	44110	yeuot
đậy	44109	day
huệ	44108	hue
ba lô	44107	balo
bộ binh	44106	bobinh
công vụ	44105	congvu
dã	44104	da
lý trí	44103	lytri
mênh mông	44102	menhmong
oan	44101	oan
thảo dược	44100	thaoduoc
trứng cá	44099	trungca
vận mệnh	44098	vanmenh
vụng về	44097	vungve
đày	44096	day
biếu	44095	bieu
buồn ngủ	44094	buonngu
khâm phục	44093	khamphuc
lo âu	44092	loau
mê hoặc	44091	mehoac
nghiệm thu	44090	nghiemthu
ngày càng	44089	ngaycang
tập quán	44088	tapquan
đoàn tụ	44087	doantu
loãng	44086	loang
lắc đầu	44085	lacdau
máy chiếu	44084	maychieu
nguy hại	44083	nguyhai
thường dân	44082	thuongdan
tuyệt chủng	44081	tuyetchung
áp đảo	44080	apdao
đăng quang	44079	dangquang
Thừa Thiên Huế	44078	thuathienhue
bao trùm	44077	baotrum
bản thảo	44076	banthao
dung tích	44075	dungtich
giờ phút	44074	giophut
hạ sĩ	44073	hasi
khoan dung	44072	khoandung
ngộ nghĩnh	44071	ngonghinh
nhiêu	44070	nhieu
thu dọn	44069	thudon
thăng tiến	44068	thangtien
thực tại	44067	thuctai
đạo luật	44066	daoluat
đồ án	44065	doan
biến cố	44064	bienco
bong	44063	bong
bạch cầu	44062	bachcau
giả thiết	44061	giathiet
hiện trạng	44060	hientrang
ký hiệu	44059	kyhieu
lanh	44058	lanh
trồng trọt	44057	trongtrot
vĩnh cửu	44056	vinhcuu
vậy hả	44055	vayha
Đống Đa	44054	dongda
chân trời	44052	chantroi
chống cự	44051	chongcu
cảm tình	44050	camtinh
giải phẫu	44049	giaiphau
kiểm chứng	44048	kiemchung
lãnh địa	44047	lanhdia
mê cung	44046	mecung
xưng	44045	xung
Điện Biên Phủ	44044	dienbienphu
đương đầu	44043	duongdau
boong	44042	boong
dứa	44041	dua
mỏng manh	44040	mongmanh
ngọc trai	44039	ngoctrai
nôi	44038	noi
quất	44037	quat
sinh thiết	44036	sinhthiet
tỳ	44035	ty
yêu dấu	44034	yeudau
chỉ điểm	44031	chidiem
giữ chân	44030	giuchan
phát xít	44029	phatxit
phụ tá	44028	phuta
đảo ngược	44027	daonguoc
chia cắt	44025	chiacat
chữ số	44024	chuso
công tắc	44023	congtac
kỳ hạn	44022	kyhan
nhạc cụ	44021	nhaccu
trọn gói	44020	trongoi
bút chì	44017	butchi
chổi	44016	choi
chứng từ	44015	chungtu
cục bộ	44014	cucbo
dội	44013	doi
phân tán	44012	phantan
sớm muộn	44011	sommuon
thiêng	44010	thieng
đột kích	44009	dotkich
Hưng Yên	44008	hungyen
cóng	44007	cong
công lao	44006	conglao
giò	44005	gio
khai quật	44004	khaiquat
lâm nghiệp	44003	lamnghiep
lừa gạt	44002	luagat
thương nhân	44001	thuongnhan
thượng viện	44000	thuongvien
thời sự	43999	thoisu
tài giỏi	43998	taigioi
tạt	43997	tat
viễn	43996	vien
vô tuyến	43995	votuyen
xung phong	43994	xungphong
dầu mỏ	43993	daumo
hạ viện	43992	havien
lún	43991	lun
nghiệp dư	43990	nghiepdu
quặng	43989	quang
thương hại	43988	thuonghai
tiếp viên	43987	tiepvien
tráng miệng	43986	trangmieng
tít	43985	tit
đánh lừa	43984	danhlua
đầu cơ	43983	dauco
bán chạy	43982	banchay
băm	43981	bam
hân hoan	43980	hanhoan
mù quáng	43979	muquang
mạnh khoẻ	43978	manhkhoe
nhi đồng	43977	nhidong
ra sức	43976	rasuc
suôn sẻ	43975	suonse
thời buổi	43974	thoibuoi
vui tươi	43973	vuituoi
đương đại	43972	duongdai
Hà Nam	43971	hanam
Ninh Thuận	43970	ninhthuan
kali	43968	kali
khai sinh	43967	khaisinh
khép kín	43966	khepkin
nhục nhã	43965	nhucnha
quán triệt	43964	quantriet
rương	43963	ruong
tiền đề	43962	tiende
xoè	43961	xoe
đoá	43959	doa
phượng	43958	phuong
bộ tộc	43957	botoc
chuyển dịch	43956	chuyendich
chậm rãi	43955	chamrai
cắt cổ	43954	catco
gian khổ	43953	giankho
giả bộ	43952	giabo
mồ	43951	mo
ngấm	43950	ngam
thăng hoa	43949	thanghoa
tương phản	43948	tuongphan
tạ ơn	43947	taon
tội danh	43946	toidanh
ói	43945	oi
đổ vỡ	43944	dovo
bu	43943	bu
bất động	43942	batdong
hạch	43941	hach
kháng cự	43939	khangcu
kiên cố	43938	kienco
lách	43937	lach
phúc lợi	43936	phucloi
thể chế	43935	theche
tìm tòi	43934	timtoi
xe lăn	43933	xelan
đọng	43932	dong
buồn bã	43931	buonba
do thám	43930	dotham
gián tiếp	43929	giantiep
hễ	43928	he
kiên cường	43927	kiencuong
sân thượng	43926	santhuong
sóng gió	43925	songgio
tương xứng	43924	tuongxung
tận tâm	43923	tantam
địa phận	43922	diaphan
diễn đạt	43921	diendat
gặt hái	43920	gathai
mẻ	43919	me
tổng thư ký	43918	tongthuky
vĩnh biệt	43917	vinhbiet
vấp	43916	vap
đặc quyền	43915	dacquyen
biện hộ	43914	bienho
huyết thanh	43913	huyetthanh
ngời	43912	ngoi
nòng	43911	nong
rổ	43910	ro
thân xác	43909	thanxac
trình làng	43908	trinhlang
túm	43907	tum
tự nhủ	43906	tunhu
vì sao	43905	visao
điều ước	43904	dieuuoc
ẩm ướt	43903	amuot
ai nấy	43902	ainay
luỹ	43901	luy
nhẹ nhõm	43900	nhenhom
phân nửa	43899	phannua
thiên thạch	43898	thienthach
thủ khoa	43897	thukhoa
đề kháng	43896	dekhang
định hình	43895	dinhhinh
bắc cực	43894	baccuc
bằng lòng	43893	banglong
chuyên trách	43892	chuyentrach
chân không	43891	chankhong
chưởng	43890	chuong
chứng bệnh	43889	chungbenh
dân ca	43888	danca
giảm sút	43887	giamsut
kỳ quặc	43886	kyquac
thích đáng	43885	thichdang
Hoàn Kiếm	43884	hoankiem
choáng	43882	choang
cầu nối	43881	caunoi
hộ khẩu	43880	hokhau
quẳng	43879	quang
rượt	43878	ruot
tã	43877	ta
xa lộ	43876	xalo
xe cộ	43875	xeco
để tâm	43874	detam
cạn kiệt	43873	cankiet
dục	43872	duc
ghe	43871	ghe
ký tự	43870	kytu
mương	43869	muong
tai biến	43868	taibien
trỗi	43867	troi
vật lộn	43866	vatlon
xui	43865	xui
đèn đỏ	43864	dendo
ưu ái	43863	uuai
cốp	43862	cop
dã man	43861	daman
hơi nước	43860	hoinuoc
linh thiêng	43859	linhthieng
triệu phú	43858	trieuphu
tu sĩ	43857	tusi
tưng bừng	43856	tungbung
tươi tắn	43855	tuoitan
đểu	43854	deu
ưng ý	43853	ungy
kìm	43852	kim
ký tên	43851	kyten
mỏi	43850	moi
nhượng	43849	nhuong
nên người	43848	nennguoi
pho mát	43847	phomat
số mệnh	43846	somenh
thảm sát	43845	thamsat
thần tiên	43844	thantien
xoăn	43843	xoan
đán	43842	dan
đụng độ	43841	dungdo
Sóc Trăng	43840	soctrang
bất chợt	43839	batchot
hàm răng	43838	hamrang
lựa	43837	lua
trọng lực	43836	trongluc
tức cười	43835	tuccuoi
xe khách	43834	xekhach
biển cả	43833	bienca
bái	43832	bai
dơ	43831	do
hết lòng	43830	hetlong
kiến tạo	43829	kientao
nhả	43828	nha
nối tiếp	43827	noitiep
siêu nhân	43826	sieunhan
thu giữ	43825	thugiu
đánh bạc	43824	danhbac
đổi thay	43823	doithay
tú	43822	tu
bùng phát	43821	bungphat
chư	43820	chu
doanh trại	43819	doanhtrai
dân dụng	43818	dandung
giải trình	43817	giaitrinh
hổ thẹn	43816	hothen
kịch tính	43815	kichtinh
nhiễm độc	43814	nhiemdoc
nấu nướng	43813	naunuong
phồng	43812	phong
thần thoại	43811	thanthoai
tiêu hao	43810	tieuhao
trụ cột	43809	trucot
tài tử	43808	taitu
vơi	43807	voi
Bách Khoa	43806	bachkhoa
biến thái	43805	bienthai
cuống	43804	cuong
gây mê	43803	gayme
hệt	43802	het
nội chiến	43801	noichien
phụ tùng	43800	phutung
rằm	43799	ram
trát	43798	trat
tâm lý học	43797	tamlyhoc
tê liệt	43796	teliet
xác lập	43795	xaclap
xéo	43794	xeo
cao tốc	43793	caotoc
cá hồi	43792	cahoi
nam nữ	43791	namnu
phục kích	43790	phuckich
say sưa	43789	saysua
thoả đáng	43788	thoadang
thắng cảnh	43787	thangcanh
vô giá	43786	vogia
xoa dịu	43785	xoadiu
đường băng	43784	duongbang
đẩy lùi	43783	daylui
ưng	43782	ung
Lạng Sơn	43781	langson
anh dũng	43780	anhdung
bằng hữu	43779	banghuu
dơ bẩn	43778	doban
giả định	43777	giadinh
nghĩa đen	43776	nghiaden
nhập cảnh	43775	nhapcanh
rào	43774	rao
ráo	43773	rao
rụi	43772	rui
sổ sách	43771	sosach
tắm rửa	43770	tamrua
với lại	43769	voilai
đời thường	43768	doithuong
cám	43766	cam
cốt truyện	43765	cottruyen
kim tự tháp	43764	kimtuthap
kẻo	43763	keo
nghỉ phép	43762	nghiphep
thái tử	43761	thaitu
thủ dâm	43760	thudam
đột xuất	43759	dotxuat
bồi	43758	boi
chia rẽ	43757	chiare
diêm	43756	diem
khờ	43755	kho
lời lẽ	43754	loile
nực cười	43753	nuccuoi
phim ảnh	43752	phimanh
phân huỷ	43751	phanhuy
phó hiệu trưởng	43750	phohieutruong
quân khu	43749	quankhu
rực	43748	ruc
chiến công	43746	chiencong
dầm	43745	dam
giêng	43744	gieng
hâm	43743	ham
khung thành	43742	khungthanh
kỹ càng	43741	kycang
lý lẽ	43740	lyle
nghỉ mát	43739	nghimat
ngàn	43738	ngan
ngày sinh	43737	ngaysinh
ngập tràn	43736	ngaptran
phụng sự	43735	phungsu
rậm	43734	ram
tra cứu	43733	tracuu
tràm	43732	tram
vá	43731	va
xoài	43730	xoai
chu	43729	chu
lũ lụt	43728	lulut
phục tùng	43727	phuctung
súng trường	43726	sungtruong
thuộc tính	43725	thuoctinh
ti vi	43724	tivi
titan	43723	titan
tiếp quản	43722	tiepquan
mác	43721	mac
cao độ	43720	caodo
liều lượng	43719	lieuluong
lượm	43718	luom
lập luận	43717	lapluan
ngỏ	43716	ngo
nhà máy điện	43715	nhamaydien
phi hành đoàn	43714	phihanhdoan
trông đợi	43713	trongdoi
tánh	43711	tanh
xa xỉ	43710	xaxi
xáo trộn	43709	xaotron
chính thống	43708	chinhthong
cưỡng hiếp	43707	cuonghiep
khiêu khích	43706	khieukhich
khảo cổ	43705	khaoco
lãnh tụ	43704	lanhtu
tầm mắt	43703	tammat
vũng	43702	vung
đánh đổi	43701	danhdoi
Bình Phước	43700	binhphuoc
bung	43699	bung
bì	43698	bi
cao thủ	43697	caothu
chăm chú	43696	chamchu
chừa	43695	chua
gôn	43694	gon
hót	43693	hot
rìu	43691	riu
sở trường	43690	sotruong
toà nhà	43689	toanha
trâm	43688	tram
tận tuỵ	43687	tantuy
tự dưng	43686	tudung
xê	43685	xe
ít ỏi	43684	itoi
phan	43683	phan
khoé	43682	khoe
liếc	43681	liec
nhất quán	43680	nhatquan
nồng	43679	nong
quả tang	43678	quatang
tác chiến	43677	tacchien
vui sướng	43676	vuisuong
vệt	43675	vet
đàn hồi	43674	danhoi
kiên	43673	kien
bừa bãi	43672	buabai
hen	43671	hen
hàng ngũ	43670	hangngu
khóc lóc	43669	khocloc
không tưởng	43668	khongtuong
nam tính	43667	namtinh
pha chế	43666	phache
quyết toán	43665	quyettoan
trượt tuyết	43664	truottuyet
vôi	43663	voi
điều động	43662	dieudong
bô	43661	bo
chỗ đứng	43660	chodung
dáng vẻ	43659	dangve
hoàn trả	43658	hoantra
khang trang	43657	khangtrang
nóng lòng	43656	nonglong
phê phán	43655	phephan
sảng khoái	43654	sangkhoai
thân nhân	43653	thannhan
thế chiến	43652	thechien
tinh xảo	43651	tinhxao
tế nhị	43650	tenhi
lập trường	43648	laptruong
mô tô	43647	moto
nội thành	43646	noithanh
tranh giành	43644	tranhgianh
trần truồng	43643	trantruong
tượng đài	43642	tuongdai
tố tụng	43641	totung
tởm	43640	tom
âu	43639	au
Mông Cổ	43638	mongco
Trường Sơn	43637	truongson
bất tiện	43636	battien
bốt	43635	bot
chó chết	43634	chochet
gây rối	43633	gayroi
hang động	43632	hangdong
khan	43631	khan
khiêng	43630	khieng
ngừng bắn	43629	ngungban
nể	43628	ne
nội quy	43627	noiquy
pháp lệnh	43626	phaplenh
tàu điện ngầm	43625	taudienngam
đôn đốc	43624	dondoc
ứng cử	43623	ungcu
Thừa Thiên	43621	thuathien
bơi lội	43620	boiloi
bạc hà	43619	bacha
gián	43618	gian
gớm	43617	gom
lăm	43615	lam
pha trộn	43614	phatron
phù hiệu	43613	phuhieu
run rẩy	43612	runray
thất lạc	43611	thatlac
tiếc nuối	43610	tiecnuoi
Điện Biên	43609	dienbien
loan	43608	loan
chào hỏi	43607	chaohoi
chị gái	43606	chigai
dụ dỗ	43605	dudo
mách	43604	mach
nhử	43603	nhu
nói năng	43602	noinang
ra mặt	43601	ramat
sun	43600	sun
trượng	43599	truong
tình tiết	43598	tinhtiet
ân huệ	43597	anhue
bạt	43596	bat
chạm trán	43595	chamtran
côn đồ	43594	condo
dư thừa	43593	duthua
gắng	43592	gang
lưu động	43591	luudong
mơ mộng	43590	momong
rơm	43589	rom
sáp	43588	sap
sâu xa	43587	sauxa
thiếu tướng	43586	thieutuong
bước ngoặt	43585	buocngoat
dối	43584	doi
gương mẫu	43583	guongmau
hấp hối	43581	haphoi
nội soi	43580	noisoi
thuỷ quân	43579	thuyquan
bàn chải	43578	banchai
bóng chuyền	43577	bongchuyen
chùi	43576	chui
giun	43575	giun
mãn tính	43574	mantinh
ngư lôi	43573	nguloi
phiền toái	43572	phientoai
phản kháng	43571	phankhang
song phương	43570	songphuong
săn bắn	43569	sanban
thực nghiệm	43568	thucnghiem
tuỳ ý	43567	tuyy
tần	43566	tan
buồng trứng	43565	buongtrung
chú thích	43564	chuthich
chẳng qua	43563	changqua
dương tính	43562	duongtinh
gò	43561	go
hội hoạ	43560	hoihoa
khởi sắc	43559	khoisac
ký túc xá	43558	kytucxa
kỵ	43557	ky
lập nghiệp	43556	lapnghiep
lỗi thời	43555	loithoi
nghỉ hè	43554	nghihe
nha sĩ	43553	nhasi
nhạy	43552	nhay
phản biện	43551	phanbien
phổ cập	43550	phocap
suy đoán	43549	suydoan
sáng sủa	43548	sangsua
than phiền	43547	thanphien
trí óc	43546	trioc
trông cậy	43545	trongcay
tích tụ	43544	tichtu
tấp nập	43543	tapnap
vô sinh	43542	vosinh
xổ số	43541	xoso
âm tính	43540	amtinh
đa dạng hoá	43539	dadanghoa
chân lý	43538	chanly
cất giữ	43537	catgiu
mau chóng	43536	mauchong
nam châm	43535	namcham
nhân quyền	43534	nhanquyen
nồng nàn	43533	nongnan
phiên dịch	43532	phiendich
quy tụ	43531	quytu
sào	43530	sao
tha hồ	43529	thaho
trái lại	43527	trailai
trình chiếu	43526	trinhchieu
ve	43525	ve
võ lâm	43524	volam
xưa nay	43523	xuanay
đồ sộ	43522	doso
đồng nhất	43521	dongnhat
bán buôn	43520	banbuon
cam đoan	43519	camdoan
check	43518	check
cưỡng chế	43517	cuongche
giăng	43516	giang
hình tròn	43515	hinhtron
lười biếng	43514	luoibieng
miệt mài	43513	mietmai
màn ảnh	43512	mananh
ngạt	43511	ngat
phế	43510	phe
sắc sảo	43509	sacsao
thua kém	43508	thuakem
thôi thúc	43507	thoithuc
tàng hình	43506	tanghinh
tàu chiến	43505	tauchien
tổng quát	43504	tongquat
vạn	43503	van
Mặt Trời	43501	mattroi
cơ động	43500	codong
hảo tâm	43499	haotam
khí thải	43498	khithai
làm khó	43497	lamkho
mui	43496	mui
mật thiết	43495	matthiet
nhân ái	43494	nhanai
nhắc lại	43493	nhaclai
phò	43492	pho
thái hậu	43491	thaihau
tươi trẻ	43490	tuoitre
yên nghỉ	43489	yennghi
công tước	43488	congtuoc
gia dụng	43487	giadung
giấm	43486	giam
giở trò	43485	giotro
kiêu ngạo	43484	kieungao
nghiêm chỉnh	43483	nghiemchinh
nghĩa lý	43482	nghialy
phao	43481	phao
phạm pháp	43480	phamphap
quế	43479	que
thăng bằng	43478	thangbang
toàn quyền	43477	toanquyen
tàn tật	43476	tantat
đi đôi	43475	didoi
ưu việt	43474	uuviet
Gò Vấp	43473	govap
bố cục	43472	bocuc
cẩu	43471	cau
khám xét	43470	khamxet
lưu hành	43469	luuhanh
lở	43468	lo
mồng	43467	mong
nhân công	43466	nhancong
phán đoán	43465	phandoan
xa cách	43464	xacach
đồng cỏ	43463	dongco
ấn định	43462	andinh
bách khoa	43461	bachkhoa
bền bỉ	43460	benbi
danh thiếp	43459	danhthiep
dế	43458	de
giày dép	43457	giaydep
hãm	43456	ham
lông mày	43455	longmay
nhà trẻ	43454	nhatre
nồng nhiệt	43453	nongnhiet
phát ngôn	43452	phatngon
sinh tố	43451	sinhto
vò	43450	vo
vô vọng	43449	vovong
xử tử	43448	xutu
ảm đạm	43447	amdam
bổ dưỡng	43446	boduong
chăm chút	43445	chamchut
chấp	43444	chap
cừ	43443	cu
gà tây	43442	gatay
lịch lãm	43441	lichlam
ngày kia	43440	ngaykia
thuỷ triều	43439	thuytrieu
tinh hoàn	43438	tinhhoan
tái hiện	43437	taihien
vô vàn	43436	vovan
đàn áp	43435	danap
ồ ạt	43434	oat
chần chừ	43433	chanchu
chối	43432	choi
cá ngừ	43431	cangu
cách biệt	43430	cachbiet
công tố	43429	congto
da màu	43428	damau
hệ quả	43427	hequa
nhút nhát	43426	nhutnhat
số ít	43425	soit
sụn	43424	sun
thầy tu	43423	thaytu
tôn thờ	43422	tontho
tạp hoá	43421	taphoa
đái tháo đường	43420	daithaoduong
ẩn náu	43419	annau
Phan Thiết	43418	phanthiet
gán	43416	gan
hoang sơ	43415	hoangso
kẽ	43414	ke
nghèo khổ	43413	ngheokho
ngán	43412	ngan
nệm	43411	nem
sẫm	43409	sam
sứ giả	43408	sugia
thờ ơ	43407	thoo
thừa hưởng	43406	thuahuong
thự	43405	thu
tự giác	43404	tugiac
xíu	43403	xiu
yêu đương	43402	yeuduong
điều dưỡng	43401	dieuduong
bao la	43400	baola
chất nổ	43399	chatno
gọt	43398	got
hoả lực	43397	hoaluc
nói láo	43396	noilao
nấc	43395	nac
tiếp sức	43394	tiepsuc
trả đũa	43393	tradua
bà xã	43391	baxa
bỏ mẹ	43390	bome
chân thực	43389	chanthuc
giải thể	43388	giaithe
liên tưởng	43387	lientuong
nghị viện	43386	nghivien
phá bỏ	43385	phabo
rũ	43384	ru
trông coi	43383	trongcoi
đồng đều	43382	dongdeu
Bắc Bộ	43381	bacbo
duy	43380	duy
huỳnh	43379	huynh
cúc	43378	cuc
ghim	43377	ghim
khí tượng	43376	khituong
kiểm lâm	43375	kiemlam
leo thang	43374	leothang
lãng	43373	lang
lẫn lộn	43372	lanlon
quân lính	43371	quanlinh
teo	43370	teo
thôi miên	43369	thoimien
tàu thuyền	43368	tauthuyen
tĩnh lặng	43367	tinhlang
tứ kết	43366	tuket
ôn tập	43365	ontap
đạo lý	43364	daoly
chầu	43363	chau
cầu vồng	43362	cauvong
cọp	43361	cop
nha khoa	43360	nhakhoa
nhất thời	43359	nhatthoi
phạm nhân	43358	phamnhan
quẹo	43357	queo
thông suốt	43356	thongsuot
trung niên	43355	trungnien
yên ổn	43354	yenon
đường huyết	43353	duonghuyet
đền đáp	43352	dendap
ẩn dụ	43351	andu
bến tàu	43350	bentau
cay đắng	43349	caydang
giải độc	43348	giaidoc
gánh chịu	43347	ganhchiu
hải tặc	43346	haitac
lò sưởi	43345	losuoi
mượt mà	43344	muotma
ngăn kéo	43343	ngankeo
nói chung	43342	noichung
năn nỉ	43341	nanni
nợ nần	43340	nonan
phôi	43339	phoi
rộn ràng	43338	ronrang
thường trú	43337	thuongtru
tràn lan	43336	tranlan
vượt bậc	43335	vuotbac
vệ	43334	ve
đậu phộng	43333	dauphong
chấn chỉnh	43331	chanchinh
dìm	43330	dim
giả tạo	43329	giatao
khái quát	43328	khaiquat
kháng thể	43327	khangthe
metro	43326	metro
nóng hổi	43325	nonghoi
phản chiếu	43324	phanchieu
phế quản	43323	phequan
rạn	43322	ran
rộng mở	43321	rongmo
thiên hà	43320	thienha
tí hon	43319	tihon
đút	43318	dut
đường mòn	43317	duongmon
ổ chuột	43316	ochuot
ổ đĩa	43315	odia
chút xíu	43314	chutxiu
da cam	43313	dacam
danh giá	43312	danhgia
hôn lễ	43311	honle
khiếu	43310	khieu
kén	43309	ken
luận văn	43308	luanvan
môn phái	43307	monphai
then chốt	43306	thenchot
tiến công	43305	tiencong
tuyệt hảo	43304	tuyethao
tàn nhang	43303	tannhang
túi tiền	43302	tuitien
tối tăm	43301	toitam
Phần Lan	43300	phanlan
bất khả	43299	batkha
công ước	43298	conguoc
giảng đường	43297	giangduong
hài cốt	43296	haicot
hòm	43295	hom
mê tín	43294	metin
mộc mạc	43293	mocmac
nhỏ nhắn	43292	nhonhan
nội tâm	43291	noitam
phòng vệ	43290	phongve
ria	43289	ria
sạt lở	43288	satlo
trọc	43287	troc
êm ái	43286	emai
đất sét	43285	datset
đắc lực	43284	dacluc
bục	43283	buc
cổ kính	43282	cokinh
cự	43281	cu
giải lao	43280	giailao
khẩu vị	43279	khauvi
ngôi vị	43278	ngoivi
thuần khiết	43277	thuankhiet
thuỷ tiên	43276	thuytien
trọng trách	43275	trongtrach
tự phát	43274	tuphat
xuất viện	43273	xuatvien
đau thương	43272	dauthuong
đặt cọc	43271	datcoc
bản tính	43269	bantinh
bởi thế	43268	boithe
cao ốc	43267	caooc
hộp đêm	43266	hopdem
khuấy	43265	khuay
lùng	43264	lung
nguy kịch	43263	nguykich
ngữ pháp	43262	nguphap
niêm phong	43261	niemphong
pha lê	43260	phale
thị giác	43259	thigiac
tái chế	43258	taiche
buốt	43255	buot
bị can	43254	bican
cổ động viên	43253	codongvien
dã ngoại	43252	dangoai
khiếm khuyết	43251	khiemkhuyet
lưu trú	43250	luutru
rữa	43249	rua
tiểu sử	43248	tieusu
tâm tư	43247	tamtu
xui xẻo	43246	xuixeo
y hệt	43245	yhet
bồi thẩm	43244	boitham
cuồng nhiệt	43243	cuongnhiet
cầu mong	43242	caumong
hãm hiếp	43241	hamhiep
hậu cần	43240	haucan
khử trùng	43239	khutrung
kỹ thuật viên	43238	kythuatvien
nhe	43237	nhe
quỷ sứ	43236	quysu
sổ tay	43235	sotay
sủa	43234	sua
thật thà	43233	thattha
thức giấc	43232	thucgiac
từ biệt	43231	tubiet
vay mượn	43230	vaymuon
vài ba	43229	vaiba
ùn tắc	43228	untac
đúp	43227	dup
đổ nát	43226	donat
cấp tính	43223	captinh
ion	43222	ion
lý thú	43221	lythu
mua chuộc	43220	muachuoc
nguyên do	43219	nguyendo
nhà xác	43218	nhaxac
nhân bản	43217	nhanban
phi hành gia	43216	phihanhgia
phàm	43215	pham
tiên đoán	43214	tiendoan
tiền phong	43213	tienphong
tà	43212	ta
ố	43211	o
chú mày	43210	chumay
hoả hoạn	43209	hoahoan
khai hoả	43208	khaihoa
mắt cá	43207	matca
trinh nữ	43206	trinhnu
tuỳ tiện	43205	tuytien
tâm điểm	43204	tamdiem
tập kết	43203	tapket
choáng váng	43202	choangvang
chí ít	43201	chiit
cáu	43200	cau
khoẻ khoắn	43199	khoekhoan
man rợ	43198	manro
nghèo khó	43197	ngheokho
nội gián	43196	noigian
phân vân	43195	phanvan
rập	43194	rap
sấm	43193	sam
tự lập	43192	tulap
vô hạn	43191	vohan
ăn học	43190	anhoc
điều chế	43189	dieuche
Tuyên Quang	43188	tuyenquang
bạn đời	43187	bandoi
bất tận	43186	battan
chiến hữu	43185	chienhuu
hột	43184	hot
khả nghi	43183	khanghi
lau chùi	43182	lauchui
ngoại thương	43181	ngoaithuong
ngỗng	43180	ngong
nà	43179	na
né tránh	43178	netranh
phận	43177	phan
thù địch	43176	thudich
trang trải	43175	trangtrai
tường thuật	43174	tuongthuat
tẩu thoát	43173	tauthoat
Côn Đảo	43172	condao
bốc thăm	43171	boctham
dưa hấu	43170	duahau
hành hung	43169	hanhhung
mong mỏi	43168	mongmoi
mít	43167	mit
múc	43166	muc
mỹ nghệ	43165	mynghe
nhã	43164	nha
nổi trội	43163	noitroi
phẫn nộ	43162	phanno
rên rỉ	43161	renri
suy luận	43160	suyluan
sảy	43159	say
thì giờ	43158	thigio
vạt	43157	vat
Nam Mỹ	43156	nammy
bệnh dịch	43155	benhdich
chuốc	43154	chuoc
chớp mắt	43153	chopmat
côn	43152	con
diễn thuyết	43151	dienthuyet
giỗ	43150	gio
hộp thư	43149	hopthu
khoai lang	43148	khoailang
long trọng	43147	longtrong
lu	43146	lu
nhà văn hoá	43145	nhavanhoa
say đắm	43144	saydam
thời giờ	43143	thoigio
trang nhã	43142	trangnha
vạn tuế	43141	vantue
bình phục	43139	binhphuc
dược liệu	43138	duoclieu
hợp kim	43137	hopkim
lấn	43136	lan
náo nhiệt	43135	naonhiet
phổ	43134	pho
rảnh rỗi	43133	ranhroi
thông cáo	43132	thongcao
tinh hoa	43131	tinhhoa
tài ba	43130	taiba
tự xưng	43129	tuxung
uyên ương	43128	uyenuong
biến hoá	43126	bienhoa
báu vật	43125	bauvat
nhang	43124	nhang
ra hiệu	43123	rahieu
ran	43122	ran
thuốc súng	43121	thuocsung
tinh thể	43120	tinhthe
trạng	43119	trang
xe ôm	43118	xeom
ân hận	43117	anhan
Đắk Lắk	43116	daklak
ủi	43115	ui
ứ	43114	u
bàng quang	43113	bangquang
cuốc	43112	cuoc
gia tốc	43111	giatoc
gian nan	43110	giannan
mền	43109	men
thủ thành	43108	thuthanh
thực địa	43107	thucdia
tỵ	43105	ty
chiếm lĩnh	43104	chiemlinh
chuyển phát	43103	chuyenphat
chối bỏ	43102	choibo
công năng	43101	congnang
hốc	43100	hoc
le	43099	le
lề đường	43098	leduong
mưu sinh	43097	muusinh
ngỡ	43096	ngo
thanh lý	43095	thanhly
thuỷ văn	43094	thuyvan
thực thể	43093	thucthe
toạ đàm	43092	toadam
từ vựng	43091	tuvung
ị	43090	i
oanh	43089	oanh
ban tặng	43087	bantang
cấp bậc	43086	capbac
giám hộ	43085	giamho
giáo án	43084	giaoan
gội	43083	goi
khởi điểm	43082	khoidiem
nhạy bén	43081	nhayben
quá cố	43080	quaco
quân phục	43079	quanphuc
thoái	43078	thoai
toan	43077	toan
tài hoa	43076	taihoa
tức thì	43075	tucthi
vũ lực	43074	vuluc
bệ	43073	be
dầy	43072	day
hảo	43071	hao
nói xấu	43070	noixau
trực quan	43069	trucquan
tê giác	43068	tegiac
tờ rơi	43067	toroi
âu yếm	43066	auyem
Lai Châu	43065	laichau
bổn	43064	bon
dượng	43063	duong
dấy	43062	day
giác ngộ	43061	giacngo
hoa màu	43060	hoamau
hăm	43059	ham
lập pháp	43058	lapphap
nao	43057	nao
ngôn từ	43056	ngontu
trên dưới	43055	trenduoi
tương quan	43054	tuongquan
xiên	43053	xien
xâm chiếm	43052	xamchiem
ông xã	43051	ongxa
Đông Á	43050	donga
đả	43049	da
đắt đỏ	43048	datdo
Ba Đình	43047	badinh
cá heo	43046	caheo
giám thị	43045	giamthi
học thuyết	43044	hocthuyet
khảo cổ học	43043	khaocohoc
kiềm	43042	kiem
loanh quanh	43041	loanhquanh
ngữ văn	43040	nguvan
tham luận	43039	thamluan
thiện chí	43038	thienchi
thắm	43037	tham
tiền bối	43036	tienboi
tôn kính	43035	tonkinh
tịnh	43034	tinh
uy	43033	uy
vĩ	43032	vi
đánh vần	43031	danhvan
Bắc Kạn	43030	backan
cải lương	43028	cailuong
dấn thân	43027	danthan
giao hữu	43026	giaohuu
hận thù	43025	hanthu
hừm	43024	hum
khan hiếm	43023	khanhiem
tiềm thức	43022	tiemthuc
tiền của	43021	tiencua
vờ	43020	vo
Đại Việt	43019	daiviet
chài	43018	chai
chó săn	43017	chosan
duỗi	43016	duoi
hạch toán	43015	hachtoan
kho tàng	43014	khotang
kiên định	43013	kiendinh
tiềm lực	43012	tiemluc
trông nom	43011	trongnom
tấc	43010	tac
ảo ảnh	43009	aoanh
ấp ủ	43008	apu
Hậu Giang	43007	haugiang
nam cực	43006	namcuc
dí	43005	di
giam cầm	43004	giamcam
giám mục	43003	giammuc
hạc	43002	hac
nách	43001	nach
quýt	43000	quyt
suy ngẫm	42999	suyngam
tuýp	42998	tuyp
tổ trưởng	42997	totruong
đảo lộn	42996	daolon
kiều	42995	kieu
an lành	42994	anlanh
bánh chưng	42993	banhchung
cũ kỹ	42992	cuky
lương thiện	42991	luongthien
mướn	42990	muon
phình	42989	phinh
quý phái	42988	quyphai
suy nhược	42987	suynhuoc
thẩm mỹ viện	42986	thammyvien
Trà Vinh	42985	travinh
danh nghĩa	42984	danhnghia
gãi	42983	gai
hiếu khách	42982	hieukhach
hú	42981	hu
lợp	42980	lop
một chiều	42979	motchieu
song hành	42978	songhanh
sởi	42977	soi
thái dương	42976	thaiduong
tiểu thương	42975	tieuthuong
tác phong	42974	tacphong
tình nguyện viên	42973	tinhnguyenvien
tần suất	42972	tansuat
xế	42971	xe
chỉ bảo	42970	chibao
cấp thiết	42969	capthiet
dông	42967	dong
hạm	42966	ham
kiệt tác	42965	kiettac
ký sinh trùng	42964	kysinhtrung
loay hoay	42963	loayhoay
quy chuẩn	42962	quychuan
quản gia	42961	quangia
siêu sao	42960	sieusao
sải	42959	sai
thị lực	42958	thiluc
trữ	42957	tru
tắc nghẽn	42956	tacnghen
tổ ấm	42955	toam
xót xa	42954	xotxa
bén	42953	ben
bản xứ	42952	banxu
cá biệt	42951	cabiet
có hạn	42950	cohan
công kích	42949	congkich
cận vệ	42948	canve
hên	42947	hen
học vấn	42946	hocvan
luồn	42945	luon
làm vườn	42944	lamvuon
mặc cảm	42943	maccam
nghịch ngợm	42942	nghichngom
ngụm	42941	ngum
nội lực	42940	noiluc
phen	42939	phen
thuỳ	42938	thuy
thương tiếc	42937	thuongtiec
trau dồi	42936	traudoi
tận tay	42935	tantay
ăn ý	42934	any
đậu xanh	42933	dauxanh
bán đứng	42932	bandung
gào	42931	gao
la bàn	42930	laban
nhà sư	42929	nhasu
nhỏ nhặt	42928	nhonhat
nội các	42927	noicac
phớt lờ	42926	photlo
quan ngại	42925	quanngai
rìa	42924	ria
song sinh	42923	songsinh
thơ ấu	42922	thoau
thương gia	42921	thuonggia
thần kỳ	42920	thanky
thể tích	42919	thetich
văn bằng	42918	vanbang
vốn dĩ	42917	vondi
xơi	42916	xoi
ác liệt	42915	acliet
ầm ĩ	42914	ami
chung cuộc	42913	chungcuoc
chống chọi	42912	chongchoi
giả dối	42911	giadoi
ke	42910	ke
máng	42909	mang
mặc cả	42908	macca
nghèo nàn	42907	ngheonan
quốc vương	42906	quocvuong
sụt	42905	sut
thất thường	42904	thatthuong
thứ sáu	42903	thusau
trình báo	42902	trinhbao
vít	42901	vit
văn kiện	42900	vankien
đốn	42899	don
bạch	42898	bach
cấp uỷ	42897	capuy
cận kề	42896	canke
gấp rút	42895	gaprut
khoe khoang	42894	khoekhoang
kiểm nghiệm	42893	kiemnghiem
ngày ngày	42892	ngayngay
nằm mơ	42891	nammo
tham vấn	42890	thamvan
tháng ngày	42889	thangngay
thỏi	42888	thoi
tiếng tăm	42887	tiengtam
tròng	42886	trong
tuyên ngôn	42885	tuyenngon
đê tiện	42884	detien
ấu trùng	42883	autrung
Na Uy	42882	nauy
quách	42881	quach
thy	42880	thy
chộp	42879	chop
dàn nhạc	42878	dannhac
lạ lẫm	42877	lalam
phát ngôn viên	42876	phatngonvien
rửa tiền	42875	ruatien
siêu tốc	42874	sieutoc
tiền lẻ	42873	tienle
tiền nhiệm	42872	tiennhiem
triệt	42871	triet
tăm	42870	tam
xù	42869	xu
đúng mức	42868	dungmuc
canh giữ	42865	canhgiu
có khi	42864	cokhi
cửa hiệu	42863	cuahieu
hiệu năng	42862	hieunang
lận	42861	lan
nghiên cứu sinh	42860	nghiencuusinh
thầu	42859	thau
tuyệt diệu	42858	tuyetdieu
vợt	42857	vot
điện toán	42855	dientoan
đại bác	42854	daibac
đầu tay	42853	dautay
đọ	42852	do
độc tài	42851	doctai
bảo thủ	42849	baothu
cầu lông	42848	caulong
hoà thượng	42847	hoathuong
hất	42846	hat
không trung	42845	khongtrung
luận án	42844	luanan
ngoại thành	42843	ngoaithanh
siêu nhiên	42842	sieunhien
thẩm tra	42841	thamtra
chiêu thức	42839	chieuthuc
chú tâm	42838	chutam
hoà tan	42837	hoatan
kỷ nguyên	42836	kynguyen
nhẽ	42835	nhe
niêm mạc	42834	niemmac
quát	42833	quat
riêng lẻ	42832	riengle
thao túng	42831	thaotung
tía	42830	tia
tồn	42829	ton
xoay xở	42828	xoayxo
ân cần	42827	ancan
nguyệt	42826	nguyet
bao quát	42824	baoquat
bon	42823	bon
bảnh	42822	banh
cổ vật	42821	covat
giới chức	42820	gioichuc
khổ đau	42819	khodau
lơ lửng	42818	lolung
nhật báo	42817	nhatbao
sắc tố	42816	sacto
thò	42815	tho
thất thoát	42814	thatthoat
thằn lằn	42813	thanlan
thổ lộ	42812	tholo
trật	42811	trat
điều phối	42810	dieuphoi
đuốc	42809	duoc
địt	42808	dit
đồng hương	42807	donghuong
su	42806	su
ao ước	42805	aouoc
biến thể	42804	bienthe
bó tay	42803	botay
cãi vã	42802	caiva
cổ tức	42801	cotuc
cự ly	42800	culy
hanh	42799	hanh
hướng nghiệp	42798	huongnghiep
học đường	42797	hocduong
khuyến nghị	42796	khuyennghi
khít	42795	khit
kẹo cao su	42794	keocaosu
lồng ngực	42793	longnguc
rầm rộ	42792	ramro
sụp	42791	sup
thím	42790	thim
tưng	42789	tung
xạ thủ	42788	xathu
điểm tâm	42787	diemtam
đình công	42786	dinhcong
ắt	42785	at
bảo an	42784	baoan
giọng điệu	42783	giongdieu
hiểm nguy	42782	hiemnguy
huỷ bỏ	42781	huybo
hình thái	42780	hinhthai
kiêng	42779	kieng
mét vuông	42778	metvuong
mắt xanh	42777	matxanh
ngượng	42776	nguong
nhân sâm	42775	nhansam
nhớt	42774	nhot
panh	42773	panh
phải chi	42772	phaichi
súc vật	42771	sucvat
thu nhận	42770	thunhan
thù lao	42769	thulao
trung tướng	42768	trungtuong
xem thường	42767	xemthuong
bảo toàn	42766	baotoan
choàng	42765	choang
chóng	42764	chong
chịu thua	42763	chiuthua
dại dột	42762	daidot
hào quang	42761	haoquang
học thuật	42760	hocthuat
kiểm dịch	42759	kiemdich
lựu	42758	luu
ma trận	42757	matran
tha thiết	42756	thathiet
toàn cầu hoá	42755	toancauhoa
trung đội	42754	trungdoi
điện tín	42753	dientin
biểu lộ	42751	bieulo
bãi bỏ	42750	baibo
bế mạc	42749	bemac
chữ nhật	42748	chunhat
con rối	42747	conroi
dầu gội	42746	daugoi
khán đài	42745	khandai
làm tròn	42744	lamtron
ngậm ngùi	42743	ngamngui
nhà ăn	42742	nhaan
phụ khoa	42741	phukhoa
quả quyết	42740	quaquyet
ráp	42739	rap
thây ma	42738	thayma
xương sống	42737	xuongsong
xỉn	42736	xin
đầu thú	42734	dauthu
ẩn nấp	42733	annap
Bắc Mỹ	42732	bacmy
luân	42731	luan
cướp bóc	42730	cuopboc
gánh vác	42729	ganhvac
hình thể	42728	hinhthe
nhỏ lẻ	42727	nhole
sân cỏ	42726	sanco
trường phái	42725	truongphai
tự trị	42724	tutri
vô cảm	42723	vocam
vụt	42722	vut
xiết	42721	xiet
xua	42720	xua
xã hội đen	42719	xahoiden
độn	42718	don
biên tập viên	42717	bientapvien
bình dị	42716	binhdi
cẩm nang	42715	camnang
cổ thụ	42714	cothu
cứu tinh	42713	cuutinh
duyên hải	42712	duyenhai
lõm	42711	lom
mận	42710	man
nhô	42709	nho
nước bọt	42708	nuocbot
oà	42707	oa
phơi bày	42706	phoibay
quần vợt	42705	quanvot
rình rập	42704	rinhrap
sầm uất	42703	samuat
sửng sốt	42702	sungsot
tổng biên tập	42701	tongbientap
voan	42700	voan
lân	42698	lan
bất cẩn	42696	batcan
bồng	42695	bong
bừa	42694	bua
hiếu học	42693	hieuhoc
hải cẩu	42692	haicau
mọng	42691	mong
nện	42690	nen
sàng lọc	42689	sangloc
sữa tươi	42688	suatuoi
xí	42687	xi
ít nhất	42686	itnhat
bài tiết	42685	baitiet
bàng hoàng	42684	banghoang
bộ dạng	42683	bodang
chiết	42682	chiet
căn cước	42681	cancuoc
cường quốc	42680	cuongquoc
cầm cự	42679	camcu
dũng khí	42678	dungkhi
ghen tuông	42677	ghentuong
hâm nóng	42676	hamnong
hình học	42675	hinhhoc
khăng khăng	42674	khangkhang
lưu diễn	42673	luudien
mưu	42672	muu
một	42671	mot
rẫy	42670	ray
sự vật	42669	suvat
thước đo	42668	thuocdo
thụ động	42667	thudong
trướng	42666	truong
trầu	42665	trau
trữ lượng	42664	truluong
tuôn	42663	tuon
tụng	42662	tung
đạn dược	42660	danduoc
đầu lòng	42659	daulong
Ả Rập	42658	arap
bét	42657	bet
bạo	42656	bao
bất khả thi	42655	batkhathi
chung chung	42654	chungchung
cương quyết	42653	cuongquyet
cốm	42652	com
hiểm hoạ	42651	hiemhoa
kiệu	42650	kieu
lươn	42649	luon
nhịp điệu	42648	nhipdieu
nòng cốt	42647	nongcot
phóng thích	42646	phongthich
tai tiếng	42645	taitieng
thân cận	42644	thancan
vàng bạc	42643	vangbac
đào thải	42642	daothai
bật mí	42640	batmi
che chắn	42639	chechan
cứu chữa	42638	cuuchua
dường	42637	duong
giương	42636	giuong
hậu trường	42635	hautruong
hắc ám	42634	hacam
khuất phục	42633	khuatphuc
kè	42632	ke
soát	42631	soat
tham chiến	42630	thamchien
thi cử	42629	thicu
thấu đáo	42628	thaudao
tạo hoá	42627	taohoa
địa cầu	42626	diacau
ức	42625	uc
bồi bàn	42624	boiban
cap	42623	cap
châu báu	42622	chaubau
comment	42621	comment
cấu thành	42620	cauthanh
nhà kính	42619	nhakinh
nhóc con	42618	nhoccon
rêu	42617	reu
sinh tử	42616	sinhtu
thi sĩ	42615	thisi
thiết nghĩ	42614	thietnghi
thăng trầm	42613	thangtram
tái diễn	42612	taidien
tại sao	42611	taisao
tẻ nhạt	42610	tenhat
xa hoa	42609	xahoa
đánh hơi	42608	danhhoi
bài trí	42606	baitri
bị động	42605	bidong
dạ hội	42604	dahoi
dằn vặt	42603	danvat
khởi xướng	42602	khoixuong
kỳ quan	42601	kyquan
lim	42600	lim
láng	42599	lang
mẹ con	42598	mecon
nặn	42597	nan
quai	42596	quai
thâm hụt	42595	thamhut
thâm niên	42594	thamnien
tri ân	42593	trian
tuốt	42592	tuot
tính tình	42591	tinhtinh
vuốt ve	42590	vuotve
ân xá	42589	anxa
đánh máy	42588	danhmay
đối xứng	42587	doixung
động kinh	42586	dongkinh
ế	42585	e
bà cô	42584	baco
chuẩn xác	42583	chuanxac
cầu cứu	42582	caucuu
hình mẫu	42581	hinhmau
lạng	42580	lang
nhảy nhót	42579	nhaynhot
quyết đoán	42578	quyetdoan
thành phẩm	42577	thanhpham
tuồng	42576	tuong
tối ngày	42575	toingay
vầng	42573	vang
y dược	42572	yduoc
điện máy	42571	dienmay
đỡ đầu	42570	dodau
ươm	42569	uom
YouTube	42568	youtube
bằng phẳng	42567	bangphang
chát	42566	chat
củ cải	42565	cucai
cứng nhắc	42564	cungnhac
giết mổ	42563	gietmo
gả	42562	ga
khuỷu	42561	khuyu
khá giả	42560	khagia
kiện toàn	42559	kientoan
lá chắn	42558	lachan
lệ thuộc	42557	lethuoc
mọt	42556	mot
ngăn nắp	42555	ngannap
níu	42554	niu
thị hiếu	42553	thihieu
thủ tiêu	42552	thutieu
toàn vẹn	42551	toanven
tạo lập	42550	taolap
vi sóng	42549	visong
vẹt	42548	vet
xoa bóp	42547	xoabop
đèn pin	42546	denpin
quảng	42545	quang
binh đoàn	42544	binhdoan
chàm	42543	cham
kho bạc	42542	khobac
lăng mộ	42541	langmo
lễ tân	42540	letan
nghẹn	42539	nghen
nỡ	42538	no
nữ trang	42537	nutrang
phá giá	42536	phagia
phỏng	42535	phong
phức hợp	42534	phuchop
sắc thái	42533	sacthai
tanh	42532	tanh
thịnh nộ	42531	thinhno
tiếp tế	42530	tiepte
tranh đấu	42529	tranhdau
trăn	42528	tran
trần gian	42527	trangian
tàu hoả	42526	tauhoa
tất bật	42525	tatbat
đu đủ	42524	dudu
đỉnh điểm	42523	dinhdiem
đồng loại	42522	dongloai
bánh nướng	42520	banhnuong
bản gốc	42519	bangoc
chíp	42518	chip
cứu vãn	42517	cuuvan
ghi danh	42516	ghidanh
hành quyết	42515	hanhquyet
hải đăng	42514	haidang
khiếp sợ	42513	khiepso
khó lòng	42512	kholong
kỳ quái	42511	kyquai
ngất xỉu	42510	ngatxiu
phụ lục	42509	phuluc
rượu bia	42508	ruoubia
sử học	42507	suhoc
thụ tinh	42506	thutinh
trí não	42505	trinao
tuyên dương	42504	tuyenduong
tái xuất	42503	taixuat
xung kích	42502	xungkich
điển trai	42501	dientrai
biên độ	42498	biendo
blu	42497	blu
bánh tráng	42496	banhtrang
bộc bạch	42495	bocbach
chống đỡ	42494	chongdo
chồi	42493	choi
cách điệu	42492	cachdieu
cõng	42491	cong
cọng	42490	cong
gút	42489	gut
hoàn vũ	42488	hoanvu
hạn hán	42487	hanhan
lạ thường	42486	lathuong
nguyên bản	42485	nguyenban
ngòi	42484	ngoi
ngước	42483	nguoc
ngố	42482	ngo
rên	42481	ren
suông	42480	suong
thuốc men	42479	thuocmen
tấp	42478	tap
tặc	42477	tac
vé số	42476	veso
vừng	42475	vung
xẻng	42474	xeng
đón chào	42473	donchao
đại khái	42472	daikhai
đầy ắp	42471	dayap
Kinh Thánh	42470	kinhthanh
Liên Hợp Quốc	42469	lienhopquoc
quỳnh	42468	quynh
gọn nhẹ	42467	gonnhe
kiểm sát	42466	kiemsat
lìa	42465	lia
lữ đoàn	42464	ludoan
ngột ngạt	42463	ngotngat
này nọ	42462	nayno
nóng nảy	42461	nongnay
phất	42460	phat
sành	42459	sanh
thuộc hạ	42458	thuocha
tuyển thủ	42457	tuyenthu
điều hoà	42456	dieuhoa
Sa Pa	42455	sapa
nem	42454	nem
nhà chứa	42453	nhachua
nhậm chức	42452	nhamchuc
phụ gia	42451	phugia
thống lĩnh	42450	thonglinh
tố chất	42449	tochat
vạn vật	42448	vanvat
cơ giới	42447	cogioi
cần câu	42446	cancau
gặt	42445	gat
hiếp	42444	hiep
hoảng hốt	42443	hoanghot
lùa	42442	lua
nhãi	42441	nhai
què	42440	que
sáng giá	42439	sanggia
thân thương	42438	thanthuong
thức tỉnh	42437	thuctinh
tạc	42436	tac
võng	42435	vong
ừa	42434	ua
bê bối	42433	beboi
bạo động	42432	baodong
cai quản	42431	caiquan
hoàng kim	42430	hoangkim
hải lý	42429	haily
ngoại đạo	42428	ngoaidao
quang cảnh	42427	quangcanh
sơ thẩm	42426	sotham
thúi	42425	thui
triển	42424	trien
tôm hùm	42423	tomhum
từ bi	42422	tubi
tề	42420	te
biết tay	42419	biettay
bóng bàn	42418	bongban
chín chắn	42417	chinchan
cờ vua	42416	covua
da liễu	42415	dalieu
gắp	42414	gap
khôi hài	42413	khoihai
mặt mày	42412	matmay
ngăn cách	42411	ngancach
thời thượng	42410	thoithuong
tạm trú	42409	tamtru
tốc	42408	toc
tổng quan	42407	tongquan
tục ngữ	42406	tucngu
xúc tác	42405	xuctac
điền kinh	42404	dienkinh
địt mẹ	42403	ditme
Lý Sơn	42402	lyson
phụng	42401	phung
căm thù	42400	camthu
cơ học	42399	cohoc
dân dã	42398	danda
gộp	42397	gop
lơ	42396	lo
nguyên mẫu	42395	nguyenmau
nhiệt điện	42394	nhietdien
nhím	42393	nhim
nã	42392	na
nạc	42391	nac
tay sai	42390	taysai
thâu	42389	thau
thơ ca	42388	thoca
trị vì	42387	trivi
tàn ác	42386	tanac
vảy	42385	vay
xâm hại	42384	xamhai
xưng tội	42383	xungtoi
đặc ân	42382	dacan
đụ	42381	du
Bình Chánh	42380	binhchanh
xô viết	42378	xoviet
chung thân	42376	chungthan
hàn gắn	42375	hangan
lạ mắt	42374	lamat
nội y	42373	noiy
rít	42372	rit
rặng	42371	rang
thâu tóm	42370	thautom
trùng tu	42369	trungtu
trống không	42368	trongkhong
tạp	42367	tap
xác suất	42366	xacsuat
xạo	42365	xao
đu	42364	du
đơn phương	42363	donphuong
đại chiến	42362	daichien
Ba Tư	42361	batu
Tây Tạng	42360	taytang
bi quan	42359	biquan
cao thượng	42358	caothuong
chế nhạo	42357	chenhao
hành hương	42356	hanhhuong
hình như	42355	hinhnhu
hồng y	42354	hongy
mời gọi	42353	moigoi
natri	42352	natri
nhất quyết	42351	nhatquyet
phóng sự	42350	phongsu
suy tư	42349	suytu
tháng một	42348	thangmot
trung lập	42347	trunglap
trực giác	42346	trucgiac
điểm danh	42345	diemdanh
đại hội đồng	42344	daihoidong
biện minh	42343	bienminh
bèo	42342	beo
búi	42341	bui
bịch	42340	bich
chi viện	42339	chivien
chợp	42338	chop
cùi	42337	cui
cằn nhằn	42336	cannhan
cặn	42335	can
dành dụm	42334	danhdum
hoại tử	42333	hoaitu
hạ lưu	42332	haluu
hồi sức	42331	hoisuc
loãng xương	42330	loangxuong
mo	42329	mo
ngoại hối	42328	ngoaihoi
nhân khẩu	42327	nhankhau
nội tiết	42326	noitiet
phóng khoáng	42325	phongkhoang
sơ cấp	42324	socap
tải trọng	42323	taitrong
vô lại	42322	volai
đồ thị	42321	dothi
đụng chạm	42320	dungcham
Củ Chi	42319	cuchi
che phủ	42318	chephu
chống trả	42317	chongtra
càn	42316	can
cậy	42315	cay
dễ dãi	42314	dedai
hành hình	42313	hanhhinh
khoét	42312	khoet
lây truyền	42311	laytruyen
lết	42310	let
mặt phẳng	42309	matphang
tan rã	42308	tanra
thảm đỏ	42307	thamdo
trừu tượng	42306	truutuong
trực tràng	42305	tructrang
tụ họp	42304	tuhop
éo	42303	eo
ăn thua	42302	anthua
Đại Học	42301	daihoc
đâu đâu	42300	daudau
bàng	42299	bang
châu lục	42298	chauluc
chọc tức	42297	choctuc
dân vận	42296	danvan
giao thương	42295	giaothuong
hoài bão	42294	hoaibao
hình vuông	42293	hinhvuong
hẻo lánh	42292	heolanh
mất lòng	42291	matlong
ngạo mạn	42290	ngaoman
tao nhã	42289	taonha
tham chiếu	42288	thamchieu
tiền thân	42287	tienthan
trớ trêu	42286	trotreu
tín chỉ	42285	tinchi
vi sinh vật	42284	visinhvat
êm đềm	42283	emdem
Buôn Ma Thuột	42282	buonmathuot
chiếm đóng	42281	chiemdong
chòi	42280	choi
chẻ	42279	che
dâu tây	42278	dautay
giao phó	42277	giaopho
khế	42276	khe
mưa rào	42275	muarao
nhà sàn	42274	nhasan
nâng đỡ	42273	nangdo
nói nhỏ	42272	noinho
nổi danh	42271	noidanh
rùng mình	42270	rungminh
sán	42269	san
than thở	42268	thantho
thành đoàn	42267	thanhdoan
thánh giá	42266	thanhgia
thầm lặng	42265	thamlang
tin tặc	42264	tintac
áo quần	42263	aoquan
điện áp	42262	dienap
bao che	42261	baoche
bay bổng	42260	baybong
chuyển khoản	42259	chuyenkhoan
danh vọng	42258	danhvong
di dân	42257	didan
giở	42256	gio
hạnh nhân	42255	hanhnhan
hỏi han	42254	hoihan
là lạ	42253	lala
làm thịt	42252	lamthit
lập trình viên	42251	laptrinhvien
mẫu đơn	42250	maudon
nhẫn tâm	42249	nhantam
quây quần	42248	quayquan
sơ hở	42247	soho
sồi	42246	soi
thành ngữ	42245	thanhngu
trói buộc	42244	troibuoc
tâu	42243	tau
tư thục	42242	tuthuc
uy hiếp	42241	uyhiep
đo đạc	42240	dodac
đơn điệu	42239	dondieu
đại tràng	42238	daitrang
đới	42237	doi
đức tính	42236	ductinh
Liên Hiệp Quốc	42233	lienhiepquoc
napoli	42232	napoli
bình thản	42231	binhthan
bóng dáng	42230	bongdang
bạch tuộc	42229	bachtuoc
chuộng	42228	chuong
giẻ	42227	gie
hoạt chất	42226	hoatchat
hưu trí	42225	huutri
nghịch lý	42224	nghichly
phụ trợ	42223	phutro
quan họ	42222	quanho
soái	42221	soai
sách báo	42220	sachbao
thư pháp	42219	thuphap
tập sự	42218	tapsu
ý niệm	42217	yniem
đào bới	42216	daoboi
đơn giản hoá	42215	dongianhoa
đại đoàn kết	42214	daidoanket
bênh	42213	benh
cố đô	42212	codo
gỏi	42211	goi
khoác áo	42210	khoacao
kém cỏi	42209	kemcoi
lo toan	42208	lotoan
loé	42207	loe
lưu vực	42206	luuvuc
may mặc	42205	maymac
phô trương	42204	photruong
sâu bọ	42203	saubo
thượng tá	42202	thuongta
thực lực	42201	thucluc
trung cổ	42200	trungco
vẻ vang	42199	vevang
vỉ	42198	vi
xa lánh	42197	xalanh
ước muốn	42196	uocmuon
Quảng Châu	42195	quangchau
boa	42194	boa
bồn chồn	42193	bonchon
chứng cớ	42192	chungco
dồn dập	42191	dondap
hun	42190	hun
khách sáo	42189	khachsao
kiều bào	42188	kieubao
lưu truyền	42187	luutruyen
lạc đà	42186	lacda
miễn cưỡng	42185	miencuong
mất mặt	42184	matmat
mẫu mực	42183	maumuc
mờ nhạt	42182	monhat
nhân tính	42181	nhantinh
nôn nóng	42180	nonnong
phác thảo	42179	phacthao
pháo binh	42178	phaobinh
phúc thẩm	42177	phuctham
phụ giúp	42176	phugiup
quên lãng	42175	quenlang
sạm	42174	sam
điều trần	42171	dieutran
ai ai	42170	aiai
chiêng	42169	chieng
chơi bời	42168	choiboi
chịch	42167	chich
co giãn	42166	cogian
dó	42165	do
khuấy động	42164	khuaydong
kể ra	42163	kera
mưu sát	42162	muusat
nâng niu	42161	nangniu
ranh	42160	ranh
sôcôla	42159	socola
tuyên án	42157	tuyenan
điểm nóng	42156	diemnong
đòn bẩy	42155	donbay
Bạch Đằng	42154	bachdang
chuyên chở	42153	chuyencho
dặn dò	42152	dando
gỉ	42151	gi
hiệu nghiệm	42150	hieunghiem
hũ	42149	hu
hồng cầu	42148	hongcau
khí thế	42147	khithe
lâu lâu	42146	laulau
lò xo	42145	loxo
nan	42144	nan
nhà vườn	42143	nhavuon
phế liệu	42142	phelieu
sinh sôi	42141	sinhsoi
súc	42140	suc
thoả thích	42139	thoathich
thương phẩm	42138	thuongpham
thượng lưu	42137	thuongluu
trôi chảy	42136	troichay
trước sau	42135	truocsau
vừa vặn	42134	vuavan
đồng quê	42133	dongque
hường	42132	huong
bần	42131	ban
chính nghĩa	42130	chinhnghia
chật chội	42129	chatchoi
cửa ngõ	42128	cuango
hoàn mỹ	42127	hoanmy
mất công	42126	matcong
nghẹn ngào	42125	nghenngao
quẩy	42124	quay
thô bạo	42123	thobao
thượng đỉnh	42122	thuongdinh
trọng yếu	42121	trongyeu
trụi	42120	trui
quyên	42117	quyen
biểu trưng	42115	bieutrung
bệnh nhi	42114	benhnhi
chốc lát	42113	choclat
cối	42112	coi
cội nguồn	42111	coinguon
góc cạnh	42110	goccanh
hung khí	42109	hungkhi
hậu duệ	42108	haudue
hẵng	42107	hang
ma cà rồng	42105	macarong
niên đại	42104	niendai
pao	42103	pao
quyện	42102	quyen
thanh long	42101	thanhlong
thuần tuý	42100	thuantuy
thọc	42099	thoc
thờ cúng	42098	thocung
tiêu khiển	42097	tieukhien
tăm tối	42096	tamtoi
vị tha	42095	vitha
đề cương	42094	decuong
thục	42093	thuc
chòm sao	42092	chomsao
cưỡng bức	42091	cuongbuc
héo	42090	heo
khô ráo	42089	khorao
luân phiên	42088	luanphien
nghẽn	42087	nghen
thảm kịch	42086	thamkich
thị thực	42085	thithuc
trăng tròn	42084	trangtron
trấn an	42083	tranan
tại gia	42082	taigia
tủ sách	42081	tusach
vương triều	42080	vuongtrieu
xắt	42079	xat
đa phương tiện	42078	daphuongtien
đan xen	42077	danxen
đồng ruộng	42076	dongruong
ad	42074	ad
buồn tẻ	42073	buonte
cải trang	42072	caitrang
cực đại	42071	cucdai
dang dở	42070	dangdo
hung	42069	hung
hứng khởi	42067	hungkhoi
làm lành	42066	lamlanh
lên men	42065	lenmen
nước lọc	42064	nuocloc
nở rộ	42063	noro
quý trọng	42062	quytrong
rọi	42061	roi
sặc sỡ	42060	sacso
thường nhật	42059	thuongnhat
thẩm thấu	42058	thamthau
tiếp giáp	42057	tiepgiap
trực diện	42056	trucdien
áp bức	42055	apbuc
ẩu đả	42054	auda
Sơn Tây	42052	sontay
ca dao	42051	cadao
cáo trạng	42050	caotrang
hải đảo	42049	haidao
hối hả	42048	hoiha
lưu tâm	42047	luutam
lượng tử	42046	luongtu
nhập cuộc	42045	nhapcuoc
phản cảm	42044	phancam
quan liêu	42043	quanlieu
rốt	42042	rot
sâu đậm	42041	saudam
sắc bén	42040	sacben
triệu hồi	42039	trieuhoi
tróc	42038	troc
trường quay	42037	truongquay
tâm thức	42036	tamthuc
vạch trần	42035	vachtran
xà lim	42034	xalim
át	42033	at
đong	42032	dong
Gia Định	42031	giadinh
bưng	42030	bung
bắp cải	42029	bapcai
bẽ mặt	42028	bemat
chuyên biệt	42027	chuyenbiet
hói	42026	hoi
hăng say	42025	hangsay
hội đàm	42024	hoidam
hời	42023	hoi
làm nhục	42022	lamnhuc
lồi	42021	loi
mã vạch	42020	mavach
ngoại thất	42019	ngoaithat
nhỏ nhoi	42018	nhonhoi
nối liền	42017	noilien
phản quốc	42016	phanquoc
quá giang	42015	quagiang
quấy	42014	quay
rộng lượng	42013	rongluong
tay áo	42012	tayao
thâm tâm	42011	thamtam
thô sơ	42010	thoso
thảo mộc	42009	thaomoc
trầy	42008	tray
tư sản	42007	tusan
xỏ	42006	xo
ách	42005	ach
ích lợi	42004	ichloi
điệp	42003	diep
đuối	42002	duoi
đầy rẫy	42001	dayray
bao dung	41999	baodung
bất bình	41998	batbinh
bật lửa	41997	batlua
chênh	41996	chenh
chính tả	41995	chinhta
cũi	41994	cui
dưa chuột	41993	duachuot
hoành hành	41992	hoanhhanh
hờ	41991	ho
khét tiếng	41990	khettieng
lướt sóng	41989	luotsong
mải	41988	mai
phóng đại	41987	phongdai
quái đản	41986	quaidan
rê	41985	re
sản phụ	41984	sanphu
tinh dịch	41983	tinhdich
trẻ thơ	41982	tretho
tệp	41981	tep
đối kháng	41980	doikhang
bỏ túi	41979	botui
bới	41978	boi
chẳng hạn	41977	changhan
chủ ý	41976	chuy
cán cân	41975	cancan
hiện thân	41974	hienthan
hoi	41973	hoi
hoà quyện	41972	hoaquyen
khí đốt	41971	khidot
lòi	41970	loi
lấn chiếm	41969	lanchiem
nhà giam	41968	nhagiam
quốc khánh	41967	quockhanh
thời vụ	41966	thoivu
tình nghĩa	41965	tinhnghia
tô điểm	41964	todiem
tự túc	41963	tutuc
xót	41962	xot
ăn mày	41961	anmay
đúc kết	41960	ducket
đấu vật	41959	dauvat
Quảng Đông	41958	quangdong
bíp	41957	bip
chúng sinh	41956	chungsinh
chật hẹp	41955	chathep
giấu giếm	41954	giaugiem
găng	41953	gang
hung dữ	41952	hungdu
hung hăng	41951	hunghang
hốt	41950	hot
khiếu kiện	41949	khieukien
khiển trách	41948	khientrach
khuyết	41947	khuyet
lớn tiếng	41946	lontieng
nuôi nấng	41945	nuoinang
nặng nhọc	41944	nangnhoc
thịnh hành	41943	thinhhanh
vừa lòng	41942	vualong
xém	41941	xem
ùa	41940	ua
đảm	41939	dam
đứng đắn	41938	dungdan
phùng	41936	phung
Siêu Nhân	41935	sieunhan
thìn	41934	thin
biên dịch	41933	biendich
bóc lột	41932	boclot
chiến hạm	41931	chienham
chế tài	41930	chetai
cải tổ	41929	caito
cất giấu	41928	catgiau
dẻo dai	41927	deodai
hao	41926	hao
hàu	41925	hau
hèn hạ	41924	henha
lột xác	41923	lotxac
mùa vụ	41922	muavu
quang học	41921	quanghoc
thạo	41920	thao
tiếp tân	41919	tieptan
vô hiệu	41918	vohieu
vấy	41917	vay
xen kẽ	41916	xenke
đương kim	41915	duongkim
đương sự	41914	duongsu
ước lượng	41913	uocluong
bồn cầu	41910	boncau
chiết khấu	41909	chietkhau
chân tình	41908	chantinh
chỉnh hình	41907	chinhhinh
cây cỏ	41906	cayco
hư cấu	41905	hucau
không lưu	41904	khongluu
ngược đãi	41903	nguocdai
tiệt	41902	tiet
tra hỏi	41901	trahoi
vời	41900	voi
xã giao	41899	xagiao
nôm	41896	nom
bào thai	41895	baothai
bội	41894	boi
dai dẳng	41893	daidang
diệt vong	41892	dietvong
gò má	41891	goma
lặn lội	41890	lanloi
lửng	41889	lung
người đời	41888	nguoidoi
nháy	41887	nhay
nẻo	41886	neo
phát đạt	41885	phatdat
truyền bá	41884	truyenba
truyền giáo	41883	truyengiao
manila	41882	manila
Ngô Quyền	41881	ngoquyen
bực tức	41879	buctuc
dân chơi	41878	danchoi
hoà thuận	41877	hoathuan
hoàng tộc	41876	hoangtoc
hò	41875	ho
hằn	41874	han
kiếng	41873	kieng
minh mẫn	41872	minhman
nghĩa địa	41871	nghiadia
ngũ hành	41870	nguhanh
nhân hậu	41869	nhanhau
nỗi niềm	41868	noiniem
sấm sét	41867	samset
số hiệu	41866	sohieu
số đo	41865	sodo
thảo nguyên	41864	thaonguyen
thủ phủ	41863	thuphu
trân	41862	tran
tươi sống	41861	tuoisong
vầy	41860	vay
vế	41859	ve
đăng cai	41858	dangcai
đậm nét	41857	damnet
ầm	41856	am
Gia Lâm	41855	gialam
chưng	41854	chung
chướng ngại vật	41853	chuongngaivat
giáo phái	41852	giaophai
hạt dẻ	41851	hatde
hạt tiêu	41850	hattieu
linh động	41849	linhdong
long lanh	41848	longlanh
lạnh giá	41847	lanhgia
méo	41846	meo
nhập siêu	41845	nhapsieu
phân định	41844	phandinh
phỏng đoán	41843	phongdoan
sắc lệnh	41842	saclenh
thiện cảm	41841	thiencam
trinh thám	41840	trinhtham
trũng	41839	trung
trả góp	41838	tragop
vữa	41837	vua
đá vôi	41836	davoi
đèn pha	41835	denpha
đường tròn	41834	duongtron
đầm ấm	41833	damam
bàn cãi	41831	bancai
băng giá	41830	banggia
bệnh án	41829	benhan
bụi bặm	41828	buibam
bựa	41827	bua
chạm khắc	41826	chamkhac
cực khổ	41825	cuckho
dân lập	41824	danlap
gia cố	41823	giaco
khuyến nông	41822	khuyennong
lành nghề	41821	lanhnghe
mai phục	41820	maiphuc
mạo	41819	mao
mặt mũi	41818	matmui
phiền hà	41817	phienha
thuyết minh	41816	thuyetminh
thúc giục	41815	thucgiuc
thổ dân	41814	thodan
tiếp tay	41813	tieptay
tong	41812	tong
điện hạ	41811	dienha
đơn cử	41810	doncu
đứng tên	41809	dungten
Bình Nhưỡng	41808	binhnhuong
mường	41807	muong
TP	41806	tp
an táng	41805	antang
bao tử	41804	baotu
cầm quân	41803	camquan
dầu mỡ	41802	daumo
hiểm nghèo	41801	hiemngheo
háng	41800	hang
hậu thuẫn	41799	hauthuan
hội ngộ	41798	hoingo
nghèo đói	41797	ngheodoi
nhâm nhi	41796	nhamnhi
nước dùng	41795	nuocdung
phi pháp	41794	phiphap
phịch	41793	phich
thê thảm	41792	thetham
tu hành	41791	tuhanh
tỏ tình	41790	totinh
âm lượng	41789	amluong
đương thời	41788	duongthoi
định luật	41787	dinhluat
NXB	41786	nxb
nhâm	41785	nham
thịnh	41784	thinh
bán dâm	41783	bandam
bịt mắt	41782	bitmat
bồng bềnh	41781	bongbenh
chiếm hữu	41780	chiemhuu
chán ngắt	41779	channgat
chủ nợ	41778	chuno
cụ thể hoá	41777	cuthehoa
dẫn chứng	41776	danchung
khuyến	41775	khuyen
khuôn mẫu	41774	khuonmau
manh	41773	manh
oi	41772	oi
ong chúa	41771	ongchua
oxi	41770	oxi
quả nhiên	41769	quanhien
quẻ	41768	que
rộ	41767	ro
thanh thoát	41766	thanhthoat
tồn đọng	41765	tondong
ái quốc	41764	aiquoc
ăn cướp	41763	ancuop
ăn năn	41762	annan
định kiến	41761	dinhkien
ỉa	41760	ia
triết	41759	triet
bào chế	41758	baoche
bại trận	41757	baitran
bất đắc dĩ	41756	batdacdi
có hậu	41755	cohau
gay cấn	41754	gaycan
gấu trúc	41753	gautruc
hạ bệ	41752	habe
khiếm thị	41751	khiemthi
kiếm ăn	41750	kieman
liên luỵ	41749	lienluy
lung lay	41748	lunglay
mê mẩn	41747	meman
ngáy	41746	ngay
ngón cái	41745	ngoncai
phí phạm	41744	phipham
sin	41743	sin
sả	41742	sa
thiếc	41741	thiec
thản nhiên	41740	thannhien
thẳng đứng	41739	thangdung
tiết niệu	41738	tietnieu
trơ	41737	tro
trống trải	41736	trongtrai
tái lập	41735	tailap
ăn gian	41734	angian
ăn xin	41733	anxin
đổ xô	41732	doxo
giao tranh	41731	giaotranh
gạc	41730	gac
hí	41729	hi
hồ hởi	41728	hohoi
hồng quân	41727	hongquan
kịch liệt	41726	kichliet
kỳ lân	41725	kylan
lì xì	41724	lixi
mang tiếng	41723	mangtieng
nắm đấm	41722	namdam
sang năm	41721	sangnam
tịch	41720	tich
bất mãn	41718	batman
bịa đặt	41717	biadat
cấp phát	41716	capphat
cẩu thả	41715	cautha
giản đơn	41714	giandon
lưu manh	41712	luumanh
mai táng	41711	maitang
nuối tiếc	41710	nuoitiec
nước đá	41709	nuocda
phòng thí nghiệm	41708	phongthinghiem
rườm rà	41707	ruomra
thui	41706	thui
thánh đường	41705	thanhduong
thính giả	41704	thinhgia
thông hành	41703	thonghanh
tự quản	41702	tuquan
võng mạc	41701	vongmac
xâm lăng	41700	xamlang
xạ trị	41699	xatri
đô thị hoá	41698	dothihoa
đơ	41697	do
kiệt	41696	kiet
Sơn Trà	41694	sontra
bậy bạ	41692	bayba
choáng ngợp	41691	choangngop
cáp quang	41690	capquang
giao chiến	41688	giaochien
huyết thống	41687	huyetthong
hệ luỵ	41686	heluy
hồi tưởng	41685	hoituong
khí cầu	41684	khicau
lặt vặt	41683	latvat
lễ vật	41682	levat
máy sấy	41681	maysay
nghĩ ngợi	41680	nghingoi
nhà thuốc	41679	nhathuoc
phá án	41678	phaan
quây	41677	quay
súng lục	41676	sungluc
thuốc bổ	41675	thuocbo
thèm muốn	41674	themmuon
trai gái	41673	traigai
tức khắc	41672	tuckhac
từ khoá	41671	tukhoa
vang dội	41670	vangdoi
vi trùng	41669	vitrung
vo	41668	vo
xen lẫn	41667	xenlan
ôn hoà	41666	onhoa
đại trà	41665	daitra
cầm đồ	41663	camdo
gang	41662	gang
hình hài	41661	hinhhai
khóm	41660	khom
nan giải	41659	nangiai
nghiêm cấm	41658	nghiemcam
nghĩa quân	41657	nghiaquan
ngẫu hứng	41656	ngauhung
nhân quả	41655	nhanqua
nhảy dù	41654	nhaydu
phái yếu	41653	phaiyeu
phắn	41652	phan
rặn	41651	ran
thoi	41650	thoi
thình lình	41649	thinhlinh
thợ máy	41648	thomay
thực quản	41647	thucquan
tin dùng	41646	tindung
tân hôn	41645	tanhon
tước đoạt	41644	tuocdoat
tẹo	41643	teo
uyển chuyển	41642	uyenchuyen
uốn lượn	41641	uonluon
viện phí	41640	vienphi
ôm ấp	41639	omap
đào ngũ	41638	daongu
đầy đặn	41637	daydan
ủng	41636	ung
lã	41635	la
bỡ ngỡ	41633	bongo
chật vật	41632	chatvat
chế ngự	41631	chengu
hình thù	41630	hinhthu
kỳ thú	41629	kythu
lấn át	41628	lanat
nghẹt	41627	nghet
nắn	41626	nan
oán	41625	oan
phân hoá	41624	phanhoa
thiền sư	41623	thiensu
thong thả	41622	thongtha
thánh thiện	41621	thanhthien
thớt	41620	thot
tiếng vang	41619	tiengvang
toàn năng	41618	toannang
trang hoàng	41617	tranghoang
tích trữ	41616	tichtru
tổng tư lệnh	41615	tongtulenh
viễn tưởng	41614	vientuong
xua đuổi	41613	xuaduoi
yêu tinh	41612	yeutinh
á hậu	41611	ahau
ù	41610	u
đánh đầu	41609	danhdau
đơn sơ	41608	donso
đồng tâm	41607	dongtam
đợi chờ	41606	doicho
Văn Minh	41604	vanminh
bịp	41603	bip
coi bộ	41602	coibo
cầm chân	41601	camchan
dao cạo	41600	daocao
giao hưởng	41599	giaohuong
gắt	41598	gat
kháng cáo	41597	khangcao
manh động	41596	manhdong
nhân dân tệ	41595	nhandante
song ca	41594	songca
thiếu vắng	41593	thieuvang
thuyền viên	41592	thuyenvien
thỉnh cầu	41591	thinhcau
thực dụng	41590	thucdung
tiện thể	41589	tienthe
trổ	41588	tro
tài tình	41587	taitinh
vê	41586	ve
vô tâm	41585	votam
văn miếu	41584	vanmieu
ăn khách	41582	ankhach
đờm	41581	dom
ương	41580	uong
Mặt Trăng	41578	mattrang
au	41577	au
cách chức	41576	cachchuc
công đức	41575	congduc
cảnh vật	41574	canhvat
cần cù	41573	cancu
dịch thuật	41572	dichthuat
hành tây	41571	hanhtay
nhiệt liệt	41570	nhietliet
nhà quê	41569	nhaque
nhẹ tay	41568	nhetay
nản lòng	41567	nanlong
phần nhiều	41566	phannhieu
ruộng đất	41565	ruongdat
súng ngắn	41564	sungngan
sứa	41563	sua
thán phục	41562	thanphuc
thánh địa	41561	thanhdia
trữ tình	41560	trutinh
tuy rằng	41559	tuyrang
vả	41558	va
điêu luyện	41557	dieuluyen
đàm thoại	41556	damthoai
đèn xanh	41555	denxanh
đậu phụ	41554	dauphu
đồng lòng	41553	donglong
axít	41551	axit
chiến trận	41550	chientran
chặn đứng	41549	chandung
eo biển	41548	eobien
gắng sức	41547	gangsuc
khác nào	41546	khacnao
kền kền	41545	kenken
lỏng lẻo	41544	longleo
người người	41543	nguoinguoi
nhanh lên	41542	nhanhlen
nhạo	41541	nhao
nhẵn	41540	nhan
quỷ thần	41539	quythan
rộn rã	41538	ronra
sở tại	41537	sotai
thông tấn	41536	thongtan
thặng dư	41535	thangdu
thứ hai	41534	thuhai
tiền lệ	41533	tienle
tương truyền	41532	tuongtruyen
u ám	41531	uam
văn hiến	41530	vanhien
vừa ý	41529	vuay
xé xác	41528	xexac
ác tính	41527	actinh
Đồng Hới	41526	donghoi
đắc cử	41525	daccu
du	41524	du
khương	41523	khuong
biến tấu	41522	bientau
buồn phiền	41521	buonphien
bênh vực	41520	benhvuc
bấy lâu	41519	baylau
chao	41518	chao
chính khách	41517	chinhkhach
gió mùa	41516	giomua
giông	41515	giong
hồi âm	41514	hoiam
hồng hào	41513	honghao
khống	41512	khong
lảm nhảm	41511	lamnham
muôn đời	41510	muondoi
ngang nhiên	41509	ngangnhien
ngại ngùng	41508	ngaingung
phung phí	41507	phungphi
thất thủ	41506	thatthu
tu sửa	41505	tusua
tướng lĩnh	41504	tuonglinh
vã	41503	va
xa xa	41502	xaxa
xua tan	41501	xuatan
xã hội học	41500	xahoihoc
áo phông	41499	aophong
ảo thuật gia	41498	aothuatgia
Hóc Môn	41497	hocmon
hạo	41496	hao
bồ đề	41495	bode
bứt phá	41494	butpha
chiếm giữ	41493	chiemgiu
chả là	41492	chala
cây xăng	41491	cayxang
cổ động	41490	codong
gan dạ	41489	ganda
hồi ký	41488	hoiky
không kích	41487	khongkich
ký sinh	41486	kysinh
luống	41485	luong
lâm thời	41484	lamthoi
máy xay	41483	mayxay
mãn nguyện	41482	mannguyen
mẫu vật	41481	mauvat
mặc dầu	41480	macdau
ngấy	41479	ngay
nhộng	41478	nhong
quý mến	41477	quymen
rưỡi	41476	ruoi
rồ	41475	ro
sửa soạn	41474	suasoan
thân thuộc	41473	thanthuoc
thượng sĩ	41472	thuongsi
trang nghiêm	41471	trangnghiem
vĩ độ	41470	vido
vắng vẻ	41469	vangve
xá	41468	xa
chừng mực	41467	chungmuc
cáu kỉnh	41466	caukinh
cất tiếng	41465	cattieng
danh lam	41464	danhlam
hài kịch	41463	haikich
hào hùng	41462	haohung
hướng dương	41461	huongduong
khoái cảm	41460	khoaicam
nề nếp	41459	nenep
phòng tuyến	41458	phongtuyen
rụt rè	41457	rutre
sấp	41456	sap
tha ma	41455	thama
thanh tịnh	41454	thanhtinh
thuyên chuyển	41453	thuyenchuyen
thú thật	41452	thuthat
thấu kính	41451	thaukinh
thần bí	41450	thanbi
thợ rèn	41449	thoren
trì trệ	41448	tritre
trận địa	41447	trandia
tẩy não	41446	taynao
vỏn vẹn	41445	vonven
vồ	41444	vo
xâu	41443	xau
đơn lẻ	41442	donle
đại gia đình	41441	daigiadinh
đẳng	41440	dang
tày	41437	tay
chuyện trò	41436	chuyentro
cứng cáp	41435	cungcap
hữu hạn	41434	huuhan
khôn khéo	41433	khonkheo
lông mi	41432	longmi
lụi	41431	lui
mở mang	41430	momang
ngay thẳng	41429	ngaythang
nhoà	41428	nhoa
phiền muộn	41427	phienmuon
tan tành	41426	tantanh
than vãn	41425	thanvan
tháng giêng	41424	thanggieng
thân nhiệt	41423	thannhiet
thùng xe	41422	thungxe
thư thái	41421	thuthai
thầy bói	41420	thayboi
trừng trị	41419	trungtri
tàu bay	41418	taubay
xát	41417	xat
xệ	41416	xe
đi ngoài	41415	dingoai
pleiku	41414	pleiku
uyên	41412	uyen
bánh rán	41410	banhran
bướng bỉnh	41409	buongbinh
bất hoà	41408	bathoa
bừa bộn	41407	buabon
cha đẻ	41406	chade
chập	41405	chap
dí dỏm	41404	didom
giới nghiêm	41403	gioinghiem
giờ giấc	41402	giogiac
khô khan	41401	khokhan
kinh đô	41400	kinhdo
mè	41399	me
ngơ ngác	41398	ngongac
nhanh nhạy	41397	nhanhnhay
nhích	41396	nhich
nứa	41395	nua
om	41394	om
phù dâu	41393	phudau
phấn chấn	41392	phanchan
phần đông	41391	phandong
rã	41390	ra
răn đe	41389	rande
rầy	41388	ray
sung túc	41387	sungtuc
sốt ruột	41386	sotruot
tai mắt	41385	taimat
thành thực	41384	thanhthuc
thời chiến	41383	thoichien
tiểu đội	41382	tieudoi
xâm lấn	41381	xamlan
xấu tính	41380	xautinh
ông cha	41379	ongcha
đói nghèo	41378	doingheo
bàn giấy	41376	bangiay
bệnh tình	41375	benhtinh
bố thí	41374	bothi
dục vọng	41373	ducvong
già nua	41372	gianua
găm	41371	gam
hoàng đạo	41370	hoangdao
hạn hẹp	41369	hanhep
les	41368	les
liên đội	41367	liendoi
làm bộ	41366	lambo
lành lặn	41365	lanhlan
lịch thiệp	41364	lichthiep
ngụ ý	41363	nguy
nhạc công	41362	nhaccong
nuốt chửng	41361	nuotchung
nước rút	41360	nuocrut
nạo	41359	nao
rim	41358	rim
sa sút	41357	sasut
sang tên	41356	sangten
sơ khai	41355	sokhai
thông thạo	41354	thongthao
trường chinh	41353	truongchinh
tán gẫu	41352	tangau
tình ca	41351	tinhca
xơ cứng	41350	xocung
yếm	41349	yem
mậu	41348	mau
Tuy Hoà	41347	tuyhoa
báng bổ	41346	bangbo
bảnh bao	41345	banhbao
chiến sự	41344	chiensu
chế xuất	41343	chexuat
chọc giận	41342	chocgian
dân sinh	41341	dansinh
giao hợp	41340	giaohop
giàu sang	41339	giausang
giỏi giang	41338	gioigiang
lăng nhăng	41337	langnhang
móc túi	41336	moctui
ngóc ngách	41335	ngocngach
nảy nở	41334	nayno
nặc danh	41333	nacdanh
quan trắc	41332	quantrac
quanh co	41331	quanhco
thiến	41330	thien
trắng tay	41329	trangtay
tàng trữ	41328	tangtru
tây phương	41327	tayphuong
tươi cười	41326	tuoicuoi
tường trình	41325	tuongtrinh
xới	41324	xoi
yêu sách	41323	yeusach
đóng kịch	41322	dongkich
đắn đo	41321	dando
an nghỉ	41320	annghi
biên kịch	41319	bienkich
bạch huyết	41318	bachhuyet
chiêu đãi	41317	chieudai
chiến tuyến	41316	chientuyen
cá độ	41315	cado
dài dòng	41314	daidong
giữa chừng	41313	giuachung
hoang vu	41312	hoangvu
hoán đổi	41311	hoandoi
khai phá	41309	khaipha
kính yêu	41308	kinhyeu
kỷ cương	41307	kycuong
lúa mì	41306	luami
mải mê	41305	maime
nhĩ	41304	nhi
nội tiết tố	41303	noitietto
phi lý	41302	phily
quật	41301	quat
thanh trừng	41300	thanhtrung
thân quen	41299	thanquen
trăng mật	41298	trangmat
trưng cầu	41297	trungcau
tép	41296	tep
tập kích	41295	tapkich
tộc người	41294	tocnguoi
vô thức	41293	vothuc
yêu đời	41292	yeudoi
điêu	41291	dieu
đầu thai	41290	dauthai
đờn	41289	don
ợ	41288	o
liễu	41287	lieu
biếng	41284	bieng
bộ óc	41283	booc
chuyên án	41282	chuyenan
giác mạc	41281	giacmac
giáo lý	41280	giaoly
giựt	41279	giut
khảm	41278	kham
ngân phiếu	41276	nganphieu
nọc độc	41275	nocdoc
nức nở	41274	nucno
quầng	41273	quang
thiên vị	41272	thienvi
thuốc mê	41271	thuocme
thường lệ	41270	thuongle
tản	41269	tan
tối mật	41268	toimat
xương rồng	41267	xuongrong
Địa Trung Hải	41266	diatrunghai
đù	41264	du
đại lục	41263	dailuc
chủ mưu	41261	chumuu
dược sĩ	41260	duocsi
dạt	41259	dat
hòm thư	41258	homthu
hữu tình	41257	huutinh
khai vị	41256	khaivi
kỳ dị	41255	kydi
lảng vảng	41254	langvang
miến	41253	mien
ngớt	41252	ngot
nhẫn nại	41251	nhannai
rận	41250	ran
săn bắt	41249	sanbat
thợ may	41248	thomay
thụ lý	41247	thuly
triền	41246	trien
trơn tru	41245	trontru
tèo	41244	teo
tục lệ	41243	tucle
đêm hôm	41242	demhom
đại tiện	41241	daitien
đảo chính	41240	daochinh
Thái Sơn	41239	thaison
biểu thị	41238	bieuthi
bè bạn	41237	beban
bò sát	41236	bosat
băng bó	41235	bangbo
bạo loạn	41234	baoloan
cá lóc	41233	caloc
day dứt	41232	daydut
kỳ tích	41230	kytich
nghiến	41229	nghien
ngôn	41228	ngon
nước da	41227	nuocda
nốc	41226	noc
phá đám	41225	phadam
phù sa	41224	phusa
rủi	41223	rui
sàn diễn	41222	sandien
sơ suất	41221	sosuat
số dư	41220	sodu
sửa sang	41219	suasang
thiên văn học	41218	thienvanhoc
tiểu ban	41217	tieuban
tráng lệ	41216	trangle
trêu chọc	41215	treuchoc
đãi ngộ	41214	daingo
đăng kiểm	41213	dangkiem
đại dịch	41212	daidich
đốc	41211	doc
ủa	41210	ua
bao cấp	41208	baocap
cacbon	41207	cacbon
giê	41206	gie
gợn	41205	gon
hoàng đế	41204	hoangde
hội họp	41203	hoihop
khỉ đột	41202	khidot
lâm nguy	41201	lamnguy
lắc lư	41200	laclu
mặn mà	41199	manma
mục nát	41198	mucnat
nhát gan	41197	nhatgan
non nớt	41196	nonnot
phả	41195	pha
quang vinh	41194	quangvinh
rông	41193	rong
siêng năng	41192	siengnang
thuyên giảm	41191	thuyengiam
tháo dỡ	41190	thaodo
thạch anh	41189	thachanh
trinh tiết	41188	trinhtiet
vất	41187	vat
Đại Tây Dương	41186	daitayduong
đồn đại	41185	dondai
bí danh	41184	bidanh
bảo kê	41183	baoke
bất bại	41182	batbai
bộ đồ	41181	bodo
cao trào	41180	caotrao
chồng chất	41179	chongchat
gắt gao	41178	gatgao
hoá ra	41177	hoara
hạ gục	41176	haguc
hấp tấp	41175	haptap
khấn	41174	khan
kiêu căng	41173	kieucang
lẳng lơ	41172	langlo
lẽ phải	41171	lephai
lỗ đít	41170	lodit
nhân giống	41169	nhangiong
nóng giận	41168	nonggian
quá khích	41167	quakhich
rum	41165	rum
siêu vi	41164	sieuvi
trỏ	41163	tro
trụ trì	41162	trutri
vấn nạn	41161	vannan
xanh tươi	41160	xanhtuoi
xướng	41159	xuong
ăn tối	41158	antoi
đùng	41157	dung
ấu	41156	au
ổi	41155	oi
ớn	41154	on
cha xứ	41151	chaxu
chiến bại	41150	chienbai
chu vi	41149	chuvi
cầm cố	41148	camco
cẩn	41147	can
gờm	41146	gom
hội thao	41145	hoithao
khứ hồi	41144	khuhoi
lãnh vực	41143	lanhvuc
lăng mạ	41142	langma
lọn	41141	lon
mun	41140	mun
mướt	41139	muot
phái mạnh	41138	phaimanh
phái đoàn	41137	phaidoan
quàng	41136	quang
thiêu đốt	41135	thieudot
thiết tha	41134	thiettha
thực lòng	41133	thuclong
tiểu cầu	41132	tieucau
trung hoà	41131	trunghoa
trầm trồ	41130	tramtro
tuyên chiến	41129	tuyenchien
táng	41128	tang
tỉnh lộ	41127	tinhlo
vượn	41126	vuon
xơ gan	41125	xogan
xử trí	41124	xutri
áo mưa	41123	aomua
đèn lồng	41122	denlong
đại hiệp	41121	daihiep
đầu quân	41120	dauquan
Thượng Đế	41118	thuongde
chánh án	41117	chanhan
cung cách	41116	cungcach
diệu kỳ	41115	dieuky
gia truyền	41114	giatruyen
hoạ tiết	41113	hoatiet
hào nhoáng	41112	haonhoang
hội thoại	41111	hoithoai
kìm hãm	41110	kimham
loè	41108	loe
lạc lõng	41107	laclong
ngậy	41106	ngay
ngổn ngang	41105	ngonngang
nịt	41104	nit
oải	41103	oai
phố phường	41102	phophuong
rung chuyển	41101	rungchuyen
rám	41100	ram
thành trì	41099	thanhtri
thể thức	41098	thethuc
tâm niệm	41097	tamniem
tâm tình	41096	tamtinh
tính khí	41095	tinhkhi
vuông góc	41094	vuonggoc
điển	41093	dien
khải	41092	khai
ca tụng	41091	catung
chảnh	41090	chanh
chủ quản	41089	chuquan
cặn kẽ	41088	canke
giây lát	41087	giaylat
khiếm nhã	41085	khiemnha
khuy	41084	khuy
kiểu mẫu	41082	kieumau
ma sát	41081	masat
mệt nhọc	41080	metnhoc
nghiêm minh	41079	nghiemminh
nghêu	41078	ngheu
nguyên sinh	41077	nguyensinh
ngòi nổ	41076	ngoino
nhằn	41075	nhan
nhừ	41074	nhu
ráo riết	41073	raoriet
rượu chè	41072	ruouche
rệp	41071	rep
sỉ	41070	si
sợ sệt	41069	soset
thương tâm	41068	thuongtam
thượng hạng	41067	thuonghang
tẩy chay	41066	taychay
tự ái	41065	tuai
uy lực	41064	uyluc
địa chấn	41063	diachan
ba hoa	41062	bahoa
biển báo	41061	bienbao
bánh bao	41060	banhbao
búp	41059	bup
bổng	41058	bong
chèn ép	41057	chenep
chê bai	41056	chebai
càn quét	41055	canquet
hến	41054	hen
hỏng hóc	41053	honghoc
kiểm duyệt	41052	kiemduyet
kết tinh	41051	kettinh
luẩn quẩn	41050	luanquan
lãnh sự	41049	lanhsu
nội tại	41048	noitai
quê quán	41047	quequan
rà	41046	ra
sát trùng	41045	sattrung
thân ái	41044	thanai
thạch cao	41043	thachcao
thảm khốc	41042	thamkhoc
thể hình	41041	thehinh
trong trẻo	41040	trongtreo
trâu bò	41039	traubo
tung tăng	41038	tungtang
tối thượng	41037	toithuong
ung dung	41036	ungdung
võ đường	41035	voduong
yến mạch	41034	yenmach
đảm đang	41033	damdang
địa giới	41032	diagioi
đốt sống	41031	dotsong
đột	41030	dot
buông xuôi	41029	buongxuoi
báo thức	41028	baothuc
bình phong	41027	binhphong
chùng	41026	chung
công ích	41025	congich
căn dặn	41024	candan
cảm tưởng	41023	camtuong
diễn giải	41022	diengiai
doi	41021	doi
khẩu trang	41020	khautrang
nguôi	41019	nguoi
ngáng	41018	ngang
nhuốm	41017	nhuom
nản	41016	nan
phác hoạ	41015	phachoa
rùng rợn	41014	rungron
răn	41013	ran
thuyết giáo	41012	thuyetgiao
thăm viếng	41011	thamvieng
tin yêu	41010	tinyeu
trắc	41009	trac
tại chức	41008	taichuc
tối tân	41007	toitan
đánh đuổi	41006	danhduoi
động tĩnh	41005	dongtinh
ải	41004	ai
Mỹ Tho	41003	mytho
bán cầu	41002	bancau
bão tuyết	41001	baotuyet
cam thảo	41000	camthao
chu cấp	40999	chucap
chính hiệu	40998	chinhhieu
cấp tốc	40997	captoc
cục diện	40996	cucdien
dũng mãnh	40995	dungmanh
giẫm	40994	giam
hang ổ	40993	hango
hành pháp	40992	hanhphap
kích ứng	40991	kichung
liên hoàn	40990	lienhoan
mưa gió	40989	muagio
ngõ cụt	40988	ngocut
rút gọn	40987	rutgon
thuỷ đậu	40986	thuydau
tinh nhuệ	40985	tinhnhue
tính chuyện	40984	tinhchuyen
vơ	40983	vo
xuất chúng	40982	xuatchung
ân ái	40981	anai
êm dịu	40980	emdiu
bi thảm	40979	bitham
bạo chúa	40978	baochua
bằng khen	40977	bangkhen
chóp	40976	chop
cà ri	40975	cari
cù lao	40974	culao
cửa sông	40973	cuasong
di chứng	40972	dichung
dũng sĩ	40971	dungsi
dạy bảo	40970	daybao
dị thường	40969	dithuong
gây tê	40968	gayte
hướng đạo sinh	40967	huongdaosinh
hảo hạng	40966	haohang
không chừng	40965	khongchung
lưỡng lự	40964	luonglu
lễ phép	40963	lephep
màu mè	40962	maume
nghiện ngập	40961	nghienngap
ngoan cố	40960	ngoanco
ngẫm	40959	ngam
nhoè	40958	nhoe
nhờ vả	40957	nhova
nạo vét	40956	naovet
oai	40955	oai
quẹt	40954	quet
ruột thịt	40953	ruotthit
rình	40952	rinh
rỗi	40951	roi
sòng phẳng	40950	songphang
súc sinh	40949	sucsinh
thiên nga	40948	thiennga
thống khổ	40947	thongkho
tinh tinh	40946	tinhtinh
tiến quân	40945	tienquan
toan tính	40944	toantinh
toé	40943	toe
trôi nổi	40942	troinoi
tuyển tập	40941	tuyentap
tồi tàn	40940	toitan
tổ sư	40939	tosu
xuất cảnh	40938	xuatcanh
xuể	40937	xue
đa tạ	40936	data
đức hạnh	40935	duchanh
biệt kích	40934	bietkich
bưu thiếp	40933	buuthiep
bước đường	40932	buocduong
bấp bênh	40931	bapbenh
bắt chuyện	40930	batchuyen
chuyển thể	40929	chuyenthe
chướng	40928	chuong
chầm chậm	40927	chamcham
chửa	40926	chua
cướp giật	40925	cuopgiat
dựng đứng	40924	dungdung
giáo dân	40923	giaodan
hoạn	40922	hoan
kỳ bí	40921	kybi
lay	40920	lay
máu me	40919	maume
ngủ gật	40918	ngugat
nhà sách	40917	nhasach
nỏ	40916	no
phương Đông	40915	phuongdong
phệ	40914	phe
quân dân	40913	quandan
siêu phàm	40912	sieupham
sạp	40911	sap
sử sách	40910	susach
thanh minh	40909	thanhminh
thi ca	40908	thica
thụ hưởng	40907	thuhuong
tâm đắc	40906	tamdac
tâng bốc	40905	tangboc
tích sự	40904	tichsu
vén	40903	ven
vấp ngã	40902	vapnga
xoan	40901	xoan
xảo quyệt	40900	xaoquyet
đón đầu	40899	dondau
đặc hiệu	40898	dachieu
Hải Châu	40897	haichau
Khổng Tử	40896	khongtu
ampli	40895	ampli
biệt động	40894	bietdong
bước sóng	40893	buocsong
bướu	40892	buou
bảo lưu	40891	baoluu
bồi bổ	40890	boibo
cấm vận	40889	camvan
cật lực	40888	catluc
cứu vớt	40887	cuuvot
giao phối	40886	giaophoi
hơ	40885	ho
hộ vệ	40884	hove
linh dương	40883	linhduong
lấy lòng	40882	laylong
lục quân	40881	lucquan
muôn vàn	40880	muonvan
nhể	40879	nhe
nhồi nhét	40878	nhoinhet
nóng vội	40877	nongvoi
nước khoáng	40876	nuockhoang
phóng hoả	40875	phonghoa
quy ước	40874	quyuoc
suy xét	40873	suyxet
sát hạch	40872	sathach
sắc tộc	40871	sactoc
sử thi	40870	suthi
thương tật	40869	thuongtat
thổi phồng	40868	thoiphong
tinh nghịch	40867	tinhnghich
y phục	40865	yphuc
điện thế	40864	dienthe
đào hoa	40863	daohoa
đúng mực	40862	dungmuc
Hoàng Đế	40861	hoangde
bác học	40860	bachoc
chi đội	40859	chidoi
cẩm thạch	40858	camthach
dăm	40857	dam
dưa leo	40856	dualeo
giao thoa	40855	giaothoa
gù	40854	gu
gặm nhấm	40853	gamnham
gốc rễ	40852	gocre
hậu phương	40851	hauphuong
khiêm nhường	40850	khiemnhuong
lòng đỏ	40849	longdo
lồng tiếng	40848	longtieng
mầy	40847	may
mọt sách	40846	motsach
ngà	40845	nga
nhân tình	40844	nhantinh
nhấp nháy	40843	nhapnhay
nhịp nhàng	40842	nhipnhang
nitơ	40841	nito
niên hiệu	40840	nienhieu
nóng chảy	40839	nongchay
qua loa	40838	qualoa
quay cuồng	40837	quaycuong
quá đỗi	40836	quadoi
quân sư	40835	quansu
quốc doanh	40834	quocdoanh
sao chổi	40833	saochoi
sám hối	40832	samhoi
sững sờ	40831	sungso
tai hại	40830	taihai
thiết giáp	40829	thietgiap
triền miên	40828	trienmien
trà trộn	40827	tratron
tích tắc	40826	tichtac
tự vẫn	40825	tuvan
vuột	40824	vuot
vút	40823	vut
vẹo	40822	veo
ăn hàng	40821	anhang
bích	40820	bich
băng hà	40819	bangha
chủ biên	40818	chubien
dùi	40817	dui
giục	40816	giuc
gặm	40815	gam
hoá trị	40814	hoatri
hổng	40813	hong
khinh bỉ	40812	khinhbi
lố	40811	lo
máu mủ	40810	maumu
ngôn ngữ học	40809	ngonnguhoc
phượng hoàng	40808	phuonghoang
quân tử	40807	quantu
sao băng	40806	saobang
sốt xuất huyết	40805	sotxuathuyet
thanh quản	40804	thanhquan
thoảng	40803	thoang
thấm thía	40802	thamthia
trầm tích	40801	tramtich
Tam Quốc	40799	tamquoc
bánh lái	40798	banhlai
bất thành	40797	batthanh
bọ hung	40796	bohung
can ngăn	40795	canngan
chườm	40794	chuom
chỉnh đốn	40793	chinhdon
cảm tính	40792	camtinh
cảm tạ	40791	camta
cọ xát	40790	coxat
du nhập	40789	dunhap
dở dang	40788	dodang
héc	40787	hec
học lực	40786	hocluc
hỷ	40785	hy
kỳ cựu	40784	kycuu
kỳ thị	40783	kythi
kỷ vật	40782	kyvat
lải nhải	40781	lainhai
múi	40780	mui
mẩn	40779	man
mẫu số	40778	mauso
nhà xe	40777	nhaxe
nhật thực	40776	nhatthuc
phác đồ	40775	phacdo
phản loạn	40774	phanloan
quá độ	40773	quado
rau muống	40772	raumuong
sậm	40771	sam
sến	40770	sen
thở phào	40769	thophao
trò hề	40768	trohe
trú ngụ	40767	trungu
tạm ứng	40766	tamung
tự thú	40765	tuthu
vệ binh	40764	vebinh
xiềng xích	40763	xiengxich
điềm tĩnh	40762	diemtinh
điện báo	40761	dienbao
đồn điền	40760	dondien
bảng hiệu	40759	banghieu
chối cãi	40758	choicai
du côn	40757	ducon
dâm đãng	40756	damdang
dỏm	40755	dom
dốt	40754	dot
giải nhiệt	40753	giainhiet
hãn	40752	han
kiêm nhiệm	40751	kiemnhiem
lảng tránh	40750	langtranh
mua vui	40749	muavui
mưu đồ	40748	muudo
nhã nhặn	40747	nhanhan
núi non	40746	nuinon
nước chấm	40745	nuoccham
quân chủ	40744	quanchu
rời rạc	40743	roirac
sủi	40742	sui
thuần hoá	40741	thuanhoa
thính giác	40740	thinhgiac
toàn thắng	40739	toanthang
trọng dụng	40738	trongdung
vũ đạo	40737	vudao
xoá sổ	40736	xoaso
ô uế	40735	oue
Đài Bắc	40734	daibac
đi đứng	40733	didung
điều độ	40732	dieudo
đồng tử	40731	dongtu
Ngũ Hành Sơn	40730	nguhanhson
biến chuyển	40729	bienchuyen
bôi nhọ	40728	boinho
bản lề	40727	banle
bận bịu	40726	banbiu
chỉnh tề	40725	chinhte
chủ đích	40724	chudich
cốt yếu	40723	cotyeu
dỗ	40722	do
giá lạnh	40721	gialanh
hiến dâng	40720	hiendang
khởi nguồn	40719	khoinguon
lui tới	40718	luitoi
ló	40717	lo
ngoảnh	40716	ngoanh
phân phát	40715	phanphat
phân vùng	40714	phanvung
quyền hành	40713	quyenhanh
sinh đẻ	40712	sinhde
sơ sài	40711	sosai
thúc ép	40710	thucep
thấp thoáng	40709	thapthoang
thập phương	40708	thapphuong
tiêu tan	40707	tieutan
ác độc	40706	acdoc
đình chiến	40705	dinhchien
đầu lâu	40704	daulau
chiều chuộng	40703	chieuchuong
chuồn chuồn	40702	chuonchuon
chùn	40701	chun
cử hành	40700	cuhanh
dưỡng lão	40699	duonglao
gô	40698	go
húc	40697	huc
kêu ca	40696	keuca
làm phép	40695	lamphep
lùng sục	40694	lungsuc
lơ là	40693	lola
mic	40692	mic
nhói	40691	nhoi
nhắn nhủ	40690	nhannhu
nhọc nhằn	40689	nhocnhan
pháp chế	40688	phapche
pháp quyền	40687	phapquyen
phải biết	40686	phaibiet
quốc trưởng	40685	quoctruong
sùi	40684	sui
thoát thân	40683	thoatthan
thượng nguồn	40682	thuongnguon
triết gia	40681	trietgia
trường tồn	40680	truongton
tơ lụa	40679	tolua
vật chủ	40678	vatchu
xuất gia	40677	xuatgia
ú	40676	u
đài phát thanh	40675	daiphatthanh
Bến Thành	40674	benthanh
Kim Ngưu	40672	kimnguu
Mê Linh	40671	melinh
bóng bay	40670	bongbay
băng thông	40669	bangthong
chu trình	40668	chutrinh
chày	40667	chay
chém giết	40666	chemgiet
cánh quạt	40665	canhquat
câu đối	40664	caudoi
cù	40663	cu
dè dặt	40662	dedat
gian dối	40661	giandoi
gần xa	40660	ganxa
hiệu lệnh	40659	hieulenh
khinh thường	40658	khinhthuong
khí quản	40657	khiquan
khăn quàng	40656	khanquang
kiểu cách	40655	kieucach
lo nghĩ	40654	longhi
lả	40653	la
may ra	40652	mayra
mặt trái	40651	mattrai
nhạt nhẽo	40650	nhatnheo
níu kéo	40649	niukeo
phòng hộ	40648	phongho
pô	40647	po
rong ruổi	40646	rongruoi
rình mò	40645	rinhmo
rò	40644	ro
tiên quyết	40643	tienquyet
trọng tải	40642	trongtai
tôm sú	40641	tomsu
viết lách	40640	vietlach
vô sản	40639	vosan
vô ý	40638	voy
ó	40637	o
đánh số	40636	danhso
đánh đấm	40635	danhdam
đằm thắm	40634	damtham
đồ tể	40633	dote
hiển	40632	hien
hân	40631	han
Miến Điện	40629	miendien
ai ngờ	40628	aingo
biên lai	40627	bienlai
bất diệt	40626	batdiet
bề trên	40625	betren
chớp nhoáng	40624	chopnhoang
chữ thập	40623	chuthap
công chuyện	40622	congchuyen
cực tím	40621	cuctim
hết thảy	40620	hetthay
khuếch đại	40619	khuechdai
lửa trại	40618	luatrai
mai một	40617	maimot
nam tước	40616	namtuoc
ngang hàng	40615	nganghang
nguyên thuỷ	40614	nguyenthuy
nông trường	40613	nongtruong
phong thái	40612	phongthai
phách	40611	phach
phượt	40610	phuot
phản bác	40609	phanbac
quy đổi	40608	quydoi
quý nhân	40607	quynhan
tham mưu trưởng	40606	thammuutruong
thương nhớ	40605	thuongnho
trong trắng	40604	trongtrang
trót	40603	trot
trần trụi	40602	trantrui
trợ thủ	40601	trothu
tóm lại	40600	tomlai
tôn sùng	40599	tonsung
tử vi	40598	tuvi
ung	40597	ung
váng	40596	vang
xanh xao	40595	xanhxao
đề bạt	40594	debat
khổng	40591	khong
Vân Nam	40590	vannam
bất trắc	40589	battrac
bở	40588	bo
can dự	40587	candu
chỉnh trang	40586	chinhtrang
chửi bới	40585	chuiboi
cáng	40584	cang
căm	40583	cam
dương cầm	40582	duongcam
giang mai	40581	giangmai
gạo nếp	40580	gaonep
gờ	40579	go
hoang đường	40578	hoangduong
hãm hại	40577	hamhai
khoảnh	40576	khoanh
lưu luyến	40575	luuluyen
lợi tiểu	40574	loitieu
màu mỡ	40573	maumo
mức sống	40572	mucsong
ngu đần	40571	ngudan
nguy cấp	40570	nguycap
nguỵ	40569	nguy
nhuận	40568	nhuan
náo loạn	40567	naoloan
rạn nứt	40566	rannut
sùng	40565	sung
tháng tám	40564	thangtam
tiểu tử	40562	tieutu
trung chuyển	40561	trungchuyen
trìu mến	40560	triumen
trắng trợn	40559	trangtron
trời đánh	40558	troidanh
tuần lộc	40557	tuanloc
tàn phế	40556	tanphe
vô duyên	40555	voduyen
vằn	40554	van
xà lách	40553	xalach
xỉu	40552	xiu
én	40550	en
ống khói	40549	ongkhoi
ống nghiệm	40548	ongnghiem
hà thành	40547	hathanh
an lạc	40546	anlac
biến chất	40545	bienchat
bị hại	40544	bihai
cam chịu	40543	camchiu
chân mày	40542	chanmay
chư hầu	40541	chuhau
chỉn chu	40540	chinchu
cả gan	40539	cagan
cố thủ	40538	cothu
dìu	40537	diu
dữ kiện	40536	dukien
hen suyễn	40535	hensuyen
kham	40534	kham
khạc	40533	khac
khởi sự	40532	khoisu
lan can	40531	lancan
mất dạy	40530	matday
mất giá	40529	matgia
ngải	40528	ngai
ngốn	40527	ngon
ngứa ngáy	40526	nguangay
nhảy vọt	40525	nhayvot
nhấm nháp	40524	nhamnhap
phiếm	40523	phiem
phân khối	40522	phankhoi
phông	40521	phong
súng đạn	40519	sungdan
sơ lược	40518	soluoc
thương cảm	40517	thuongcam
tiểu nhân	40516	tieunhan
trờ	40515	tro
vượt biên	40514	vuotbien
ý nguyện	40513	ynguyen
Đồng Xuân	40512	dongxuan
đau ốm	40511	dauom
đời đời	40510	doidoi
ầm ầm	40509	amam
Hà Tiên	40508	hatien
Văn Hoá	40506	vanhoa
bứt	40505	but
ca trù	40504	catru
da diết	40503	dadiet
diệt trừ	40502	diettru
dây xích	40501	dayxich
dạo đầu	40500	daodau
hồ Tây	40499	hotay
khơi gợi	40498	khoigoi
kết tủa	40496	kettua
liên can	40495	liencan
lãnh hải	40494	lanhhai
mùa màng	40493	muamang
ngượng ngùng	40492	nguongngung
nhột	40491	nhot
nói chơi	40490	noichoi
nếm trải	40489	nemtrai
nọc	40488	noc
phi vật thể	40487	phivatthe
phạm trù	40486	phamtru
phản ảnh	40485	phananh
thợ mộc	40484	thomoc
tiền nong	40483	tiennong
tiền tuyến	40482	tientuyen
trách móc	40481	trachmoc
trưng dụng	40480	trungdung
tái thiết	40479	taithiet
tơi	40478	toi
tẩn	40477	tan
xía	40476	xia
xấu số	40475	xauso
xẹp	40474	xep
ăn bám	40473	anbam
đổi đời	40472	doidoi
ụ	40471	u
Nam Kỳ	40470	namky
tiệp	40469	tiep
bao hàm	40468	baoham
biệt lập	40467	bietlap
bóng bẩy	40466	bongbay
bảo bối	40465	baoboi
bệnh xá	40464	benhxa
chìm đắm	40463	chimdam
chế giễu	40462	chegieu
dày dặn	40461	daydan
dãi	40460	dai
dịch giả	40459	dichgia
gồng	40458	gong
hoa tiêu	40457	hoatieu
hệ trọng	40456	hetrong
hối	40455	hoi
hộc	40454	hoc
khôn lường	40453	khonluong
kỳ thủ	40452	kythu
mâu	40451	mau
nhạc trưởng	40450	nhactruong
nhức nhối	40449	nhucnhoi
nóng nực	40448	nongnuc
nóng tính	40447	nongtinh
phích	40446	phich
phòng không	40445	phongkhong
ra lò	40444	ralo
răng nanh	40443	rangnanh
sự tích	40442	sutich
thô tục	40441	thotuc
thể nào	40440	thenao
trung du	40439	trungdu
trườn	40438	truon
trọng thương	40437	trongthuong
tằm	40436	tam
tố giác	40435	togiac
vũ trường	40434	vutruong
ách tắc	40433	achtac
Đồ Sơn	40432	doson
ẵm	40431	am
ACE	40430	ace
latinh	40428	latinh
Việt Minh	40427	vietminh
bất tài	40426	battai
bỏ tù	40425	botu
chân vịt	40424	chanvit
cồng kềnh	40423	congkenh
dao găm	40422	daogam
giao ước	40421	giaouoc
giải nghệ	40420	giainghe
lu mờ	40419	lumo
láu cá	40418	lauca
mắt kính	40417	matkinh
nghiệt ngã	40416	nghietnga
ngoại xâm	40415	ngoaixam
nẹp	40414	nep
phù rể	40413	phure
quét dọn	40412	quetdon
sọt	40411	sot
thao	40410	thao
thuần thục	40409	thuanthuc
triệt tiêu	40408	triettieu
tru	40407	tru
trượt băng	40406	truotbang
tung tích	40405	tungtich
tĩnh điện	40404	tinhdien
xóc	40403	xoc
Đức Mẹ	40402	ducme
đường sá	40401	duongsa
đập tan	40400	daptan
địa chính	40399	diachinh
biện	40398	bien
bất chính	40397	batchinh
chau	40396	chau
châm biếm	40395	chambiem
chút đỉnh	40394	chutdinh
chạp	40393	chap
chập chờn	40392	chapchon
chắt	40391	chat
chẵn	40390	chan
cán sự	40389	cansu
cực nhọc	40388	cucnhoc
dĩ vãng	40387	divang
dương lịch	40386	duonglich
gây hấn	40385	gayhan
hàm ý	40384	hamy
hăng	40383	hang
hội ý	40382	hoiy
kaki	40381	kaki
luân hồi	40380	luanhoi
lâm sản	40379	lamsan
ma cô	40378	maco
ma quái	40377	maquai
mậu dịch	40376	maudich
ngoáy	40375	ngoay
nhàn rỗi	40374	nhanroi
nháp	40373	nhap
nhún	40372	nhun
quê mùa	40371	quemua
suy đồi	40370	suydoi
tham số	40369	thamso
thiểu năng	40368	thieunang
thất thu	40367	thatthu
toàn tập	40366	toantap
trung tuần	40365	trungtuan
trông mong	40364	trongmong
trợn	40363	tron
vè	40362	ve
điên dại	40361	diendai
đậu tương	40360	dautuong
ốc sên	40359	ocsen
Bắc Hà	40358	bacha
chữ thập đỏ	40357	chuthapdo
Nam Kinh	40356	namkinh
Nhà Bè	40355	nhabe
binh chủng	40353	binhchung
bò cạp	40352	bocap
bảo vật	40351	baovat
bữa nay	40350	buanay
chao đảo	40349	chaodao
che khuất	40348	chekhuat
chiến khu	40347	chienkhu
chó má	40346	choma
cá chép	40345	cachep
cách tân	40344	cachtan
cứng cỏi	40343	cungcoi
danh nhân	40342	danhnhan
di vật	40341	divat
hội thẩm	40340	hoitham
khó dễ	40339	khode
không phận	40338	khongphan
li ti	40337	liti
lòng trắng	40336	longtrang
lưu vong	40335	luuvong
ngay ngắn	40334	ngayngan
nhỉnh	40333	nhinh
nhịp độ	40332	nhipdo
nốt ruồi	40331	notruoi
phim trường	40330	phimtruong
phảng phất	40329	phangphat
quào	40328	quao
quả cảm	40327	quacam
rộp	40326	rop
săn sóc	40325	sansoc
thiếu uý	40324	thieuuy
thoạt	40323	thoat
tiểu phẩm	40322	tieupham
trám	40321	tram
tàu điện	40320	taudien
tá tràng	40319	tatrang
tái ngộ	40318	taingo
từng trải	40317	tungtrai
văn tự	40316	vantu
vật chứng	40315	vatchung
xó	40314	xo
xô đẩy	40313	xoday
đom đóm	40312	domdom
đồng lương	40311	dongluong
buông tha	40310	buongtha
bóp méo	40309	bopmeo
bông tai	40308	bongtai
bịnh	40307	binh
châm cứu	40306	chamcuu
chằng chịt	40305	changchit
cùng cực	40304	cungcuc
cờ tướng	40303	cotuong
di căn	40302	dican
diều hâu	40301	dieuhau
dát	40300	dat
e dè	40299	ede
hiếu kỳ	40298	hieuky
huyết tương	40297	huyettuong
hướng đạo	40296	huongdao
kiện tụng	40295	kientung
lai lịch	40294	lailich
láo	40293	lao
lòng đường	40292	longduong
lộ liễu	40291	lolieu
mộc lan	40290	moclan
nhơ	40289	nho
niệu đạo	40288	nieudao
nẩy	40287	nay
nằm vùng	40286	namvung
phản động	40285	phandong
quân hàm	40284	quanham
sầu riêng	40283	saurieng
tuyển mộ	40282	tuyenmo
tuyệt chiêu	40281	tuyetchieu
tậu	40280	tau
vô lễ	40279	vole
xích mích	40278	xichmich
yến sào	40277	yensao
đam	40276	dam
đỉa	40275	dia
biểu mẫu	40273	bieumau
công binh	40272	congbinh
cảm nghĩ	40271	camnghi
cảm phục	40270	camphuc
cần mẫn	40269	canman
cầu chúc	40268	cauchuc
cồng chiêng	40267	congchieng
cụng	40266	cung
hiểm trở	40265	hiemtro
khập khiễng	40264	khapkhieng
kìm nén	40263	kimnen
luyến	40262	luyen
ly khai	40261	lykhai
lăn tăn	40260	lantan
lễ phục	40259	lephuc
mõm	40258	mom
mẹ kế	40257	meke
nông nổi	40256	nongnoi
than đá	40255	thanda
thon thả	40254	thontha
thí	40253	thi
thảo nào	40252	thaonao
thể diện	40251	thedien
triệt phá	40250	trietpha
trấn áp	40249	tranap
tập tục	40248	taptuc
tủi thân	40247	tuithan
vốn liếng	40246	vonlieng
xác đáng	40245	xacdang
áo phao	40244	aophao
âm hộ	40243	amho
đảm đương	40242	damduong
ẻo lả	40241	eola
Bạch Tuyết	40240	bachtuyet
bành trướng	40239	banhtruong
bất hủ	40238	bathu
bỏ dở	40237	bodo
bồi hồi	40236	boihoi
chum	40235	chum
con nợ	40234	conno
dìu dắt	40233	diudat
dầu hoả	40232	dauhoa
gian khó	40231	giankho
giả dụ	40230	giadu
hiên ngang	40229	hienngang
hoài niệm	40228	hoainiem
hôi hám	40227	hoiham
hùng hồn	40226	hunghon
hụt hẫng	40225	huthang
kinh tế học	40224	kinhtehoc
lành tính	40223	lanhtinh
nhà nhà	40222	nhanha
nhà nông	40221	nhanong
ruột thừa	40220	ruotthua
sẩy thai	40219	saythai
tham ô	40218	thamo
thiên niên kỷ	40217	thiennienky
thành kiến	40216	thanhkien
tháo chạy	40215	thaochay
thây	40214	thay
áy náy	40213	aynay
Đông Sơn	40212	dongson
Đại Nam	40211	dainam
điện đàm	40210	diendam
đầu đọc	40209	daudoc
bội thu	40208	boithu
chen lấn	40207	chenlan
chính trực	40206	chinhtruc
chốc	40205	choc
chớm	40204	chom
cánh gà	40203	canhga
cương lĩnh	40202	cuonglinh
cảnh ngộ	40201	canhngo
dạ tiệc	40199	datiec
giải khát	40198	giaikhat
gò bó	40197	gobo
khéo tay	40196	kheotay
kinh hãi	40195	kinhhai
liên miên	40194	lienmien
làn điệu	40193	landieu
lẩn	40192	lan
lằng nhằng	40191	langnhang
méo mó	40190	meomo
mắc cỡ	40189	macco
mộng du	40188	mongdu
ngạo	40187	ngao
nhão	40186	nhao
nán	40185	nan
nữ công	40184	nucong
phô diễn	40183	phodien
rợp	40182	rop
than khóc	40181	thankhoc
thu ngân	40180	thungan
thành danh	40179	thanhdanh
tiêu xài	40178	tieuxai
trồi	40177	troi
trội	40176	troi
trợ giảng	40175	trogiang
tương ớt	40174	tuongot
từ loại	40173	tuloai
từ tính	40172	tutinh
tự cao	40171	tucao
ve vãn	40170	vevan
vô biên	40169	vobien
vị giác	40168	vigiac
đoan trang	40167	doantrang
địa đạo	40166	diadao
ứng cứu	40165	ungcuu
hồi giáo	40163	hoigiao
buồn rầu	40161	buonrau
bù nhìn	40160	bunhin
bại liệt	40159	bailiet
bốn phương	40158	bonphuong
bột ngọt	40157	botngot
chiêu trò	40156	chieutro
cấm địa	40155	camdia
cặp kè	40154	capke
giành giật	40153	gianhgiat
hong	40152	hong
hoạn nạn	40151	hoannan
hời hợt	40150	hoihot
lưu huỳnh	40149	luuhuynh
lạch	40148	lach
lẩm bẩm	40147	lambam
lắp ghép	40146	lapghep
miên man	40145	mienman
một mực	40144	motmuc
ngọc thạch	40143	ngocthach
nhuần nhuyễn	40142	nhuannhuyen
nướu	40141	nuou
phản diện	40140	phandien
rỗng tuếch	40139	rongtuech
sưa	40138	sua
thảnh thơi	40137	thanhthoi
tiểu luận	40136	tieuluan
trầm ngâm	40135	tramngam
vô thần	40134	vothan
xác thịt	40133	xacthit
đại cương	40132	daicuong
địa thế	40131	diathe
Bồ Tát	40130	botat
Hương Sơn	40128	huongson
bỏ ngỏ	40127	bongo
chực	40126	chuc
công tơ	40125	congto
ghét bỏ	40124	ghetbo
già yếu	40123	giayeu
gióng	40122	giong
hoa lá	40121	hoala
hát ru	40120	hatru
hích	40119	hich
hương liệu	40118	huonglieu
khoả thân	40117	khoathan
lán	40116	lan
lượn lờ	40115	luonlo
lập phương	40114	lapphuong
lỗi lạc	40113	loilac
mơ màng	40112	momang
nghiên	40111	nghien
ngờ vực	40110	ngovuc
nhạc viện	40109	nhacvien
thành tâm	40108	thanhtam
tiền tài	40107	tientai
tắc kè	40106	tacke
uổng	40105	uong
vô vị	40104	vovi
xói mòn	40103	xoimon
ước ao	40102	uocao
ấm no	40101	amno
ẩu	40100	au
Bắc Hàn	40099	bachan
sing	40098	sing
tĩnh	40097	tinh
Tết Nguyên Đán	40096	tetnguyendan
bài làm	40095	bailam
bình an	40094	binhan
bùa chú	40093	buachu
búng	40092	bung
bất khuất	40091	batkhuat
bền chặt	40090	benchat
bệ phóng	40089	bephong
bốc đồng	40088	bocdong
cơ địa	40087	codia
giặt giũ	40086	giatgiu
gái gọi	40085	gaigoi
hiếu thảo	40084	hieuthao
huỳnh quang	40083	huynhquang
hồi hương	40082	hoihuong
hớn hở	40081	honho
khó nhọc	40080	khonhoc
mấy chốc	40079	maychoc
nhè nhẹ	40077	nhenhe
nuông chiều	40076	nuongchieu
nước mặn	40075	nuocman
phèn	40074	phen
phục hưng	40073	phuchung
quyến	40072	quyen
sa ngã	40071	sanga
tiến cử	40070	tiencu
to tướng	40069	totuong
trắc ẩn	40068	tracan
từ giã	40067	tugia
việt quất	40066	vietquat
xà bông	40065	xabong
xấp	40064	xap
xốt	40063	xot
ào	40062	ao
úa	40061	ua
đánh bật	40060	danhbat
Quảng Tây	40059	quangtay
bán dẫn	40058	bandan
băng keo	40057	bangkeo
chọc trời	40056	choctroi
dáng dấp	40055	dangdap
giai thoại	40054	giaithoai
hóng	40053	hong
hợp xướng	40052	hopxuong
kim ngân	40051	kimngan
lép	40050	lep
lợn rừng	40049	lonrung
mỏi mệt	40048	moimet
ngách	40047	ngach
nên thơ	40046	nentho
nông nỗi	40045	nongnoi
sung sức	40044	sungsuc
thai nghén	40043	thainghen
thính	40042	thinh
thưa thớt	40041	thuathot
thấm nhuần	40040	thamnhuan
toại nguyện	40039	toainguyen
trăm	40038	tram
trạm xá	40037	tramxa
trọng thể	40036	trongthe
trống đồng	40035	trongdong
trừng	40034	trung
tung hoành	40033	tunghoanh
tú tài	40032	tutai
tương trợ	40031	tuongtro
tưới tiêu	40030	tuoitieu
tường tận	40029	tuongtan
vui thú	40028	vuithu
xa xăm	40027	xaxam
xe kéo	40026	xekeo
đa cảm	40025	dacam
đại từ	40024	daitu
đạo cụ	40023	daocu
phật giáo	40022	phatgiao
Trung Cộng	40021	trungcong
bói	40019	boi
băng rôn	40018	bangron
bờm	40017	bom
chịu chơi	40016	chiuchoi
cung cầu	40015	cungcau
cú pháp	40014	cuphap
cạp	40013	cap
cấu	40012	cau
dây dưa	40011	daydua
giao du	40010	giaodu
giá rét	40009	giaret
gáo	40008	gao
hiến chương	40007	hienchuong
hàm số	40006	hamso
hạ lệnh	40005	halenh
hậu cung	40004	haucung
hết mực	40003	hetmuc
hố đen	40002	hoden
hủ	40001	hu
khoan nhượng	40000	khoannhuong
kích dục	39999	kichduc
loang	39998	loang
lúa nước	39997	luanuoc
lắng đọng	39996	langdong
lễ nghi	39995	lenghi
mom	39994	mom
mờ ảo	39993	moao
ngò	39992	ngo
nhu nhược	39991	nhunhuoc
nhầy	39990	nhay
nhợt nhạt	39989	nhotnhat
quang phổ	39988	quangpho
quân chủng	39987	quanchung
quốc ngữ	39986	quocngu
sặc	39985	sac
tai ương	39984	taiuong
thuế quan	39983	thuequan
thái cực	39982	thaicuc
thượng tướng	39981	thuongtuong
thần đồng	39980	thandong
thối nát	39979	thoinat
tiêm kích	39978	tiemkich
trang lứa	39977	tranglua
tràn trề	39976	trantre
tàn khốc	39975	tankhoc
tân trang	39974	tantrang
uốn nắn	39973	uonnan
vun đắp	39972	vundap
văn xuôi	39971	vanxuoi
xô xát	39970	xoxat
đếu	39969	deu
đồng bạc	39968	dongbac
bơ vơ	39967	bovo
chuột chũi	39966	chuotchui
cói	39965	coi
cận thị	39964	canthi
cứu cánh	39963	cuucanh
da gà	39962	daga
dè	39961	de
dậm	39960	dam
huống chi	39959	huongchi
hỉ	39958	hi
học vị	39957	hocvi
khả dĩ	39956	khadi
ké	39955	ke
lạnh nhạt	39954	lanhnhat
mai sau	39953	maisau
mọi rợ	39952	moiro
ngoái	39951	ngoai
ngựa vằn	39950	nguavan
quỵ	39949	quy
run sợ	39948	runso
sai khiến	39947	saikhien
sai số	39946	saiso
sâm banh	39945	sambanh
sạn	39944	san
thành hoàng	39943	thanhhoang
thành tố	39942	thanhto
tiên sư	39941	tiensu
trấu	39940	trau
tu dưỡng	39939	tuduong
tái hợp	39938	taihop
tán dương	39937	tanduong
tự lực	39936	tuluc
tự phụ	39935	tuphu
xe lửa	39934	xelua
đa cấp	39933	dacap
đơn thân	39932	donthan
đậm đặc	39931	damdac
ẩn số	39930	anso
Cửa Lò	39929	cualo
Hy Lạp	39928	hylap
Hải Nam	39927	hainam
kháng	39926	khang
Rạch Giá	39925	rachgia
Song Tử	39924	songtu
acc	39922	acc
ba ba	39921	baba
bết	39920	bet
bọ chét	39919	bochet
cam go	39918	camgo
cao niên	39917	caonien
chính kiến	39916	chinhkien
cũ rích	39915	curich
cổ hủ	39914	cohu
dẫn độ	39913	dando
dẹt	39912	det
hoạt bát	39911	hoatbat
hắt hơi	39910	hathoi
hẳn hoi	39909	hanhoi
học thức	39908	hocthuc
hỏi cung	39907	hoicung
hồng ngọc	39906	hongngoc
khui	39905	khui
khích	39904	khich
lan tràn	39903	lantran
liệt dương	39902	lietduong
luật định	39901	luatdinh
mòng	39900	mong
mù tạt	39899	mutat
mới toanh	39898	moitoanh
nguyên soái	39897	nguyensoai
ngơi	39896	ngoi
nhân gian	39895	nhangian
nép	39894	nep
nứt nẻ	39893	nutne
oanh liệt	39892	oanhliet
siêu đẳng	39891	sieudang
sub	39890	sub
thái bình	39889	thaibinh
thông đồng	39888	thongdong
thường kỳ	39887	thuongky
thầm kín	39886	thamkin
thập tự	39885	thaptu
tiết tấu	39884	tiettau
tiểu tiện	39883	tieutien
trừ khử	39882	trukhu
tuỵ	39881	tuy
tù trưởng	39880	tutruong
tạm bợ	39879	tambo
vỗ về	39878	vove
xích lô	39877	xichlo
xức	39876	xuc
á rập	39875	arap
đa phương	39874	daphuong
đinh hương	39873	dinhhuong
đặc công	39872	daccong
ẻm	39871	em
bính	39870	binh
chinh	39869	chinh
dậu	39868	dau
bịp bợm	39867	bipbom
chen chúc	39866	chenchuc
chít	39865	chit
chất xám	39864	chatxam
chắp	39863	chap
chữ nghĩa	39862	chunghia
cạm bẫy	39861	cambay
cảm phiền	39860	camphien
dữ tợn	39859	duton
guốc	39858	guoc
gơ	39857	go
hiếm muộn	39856	hiemmuon
húng	39855	hung
khao	39854	khao
khoan hồng	39853	khoanhong
kết nghĩa	39852	ketnghia
lênh đênh	39851	lenhdenh
mập mờ	39850	mapmo
mề đay	39849	meday
mỏm	39848	mom
ngập ngừng	39847	ngapngung
nhại	39846	nhai
nồng nặc	39845	nongnac
riết	39844	riet
rốn	39843	ron
sum họp	39842	sumhop
sự biến	39841	subien
thoát vị	39840	thoatvi
thuần chủng	39839	thuanchung
thù ghét	39838	thughet
tiêu cự	39837	tieucu
trung lưu	39836	trungluu
tung hô	39835	tungho
tân tiến	39834	tantien
túc trực	39833	tuctruc
tử tù	39832	tutu
vô sự	39831	vosu
vô ơn	39830	voon
xúi giục	39829	xuigiuc
thiệu	39828	thieu
Tin Lành	39827	tinlanh
bí hiểm	39826	bihiem
bẹp	39825	bep
chiếm dụng	39824	chiemdung
chính trường	39823	chinhtruong
chững chạc	39822	chungchac
cả tin	39821	catin
du mục	39820	dumuc
dãn	39819	dan
dòm	39818	dom
ghiền	39817	ghien
giãi bày	39816	giaibay
giảng giải	39815	gianggiai
gợi mở	39814	goimo
hải cảng	39813	haicang
khơi mào	39812	khoimao
kiệm	39811	kiem
lư	39810	lu
lỗ đen	39809	loden
mướp	39808	muop
mạch lạc	39807	machlac
mạo danh	39806	maodanh
mềm dẻo	39805	memdeo
mỹ nữ	39804	mynu
ngan	39803	ngan
nguyên văn	39802	nguyenvan
nội khoa	39801	noikhoa
phim truyện	39800	phimtruyen
phản vệ	39799	phanve
phủ định	39798	phudinh
quèn	39797	quen
thòng lọng	39796	thonglong
tinh tuý	39795	tinhtuy
vi lượng	39794	viluong
vía	39793	via
vô song	39792	vosong
xao xuyến	39791	xaoxuyen
xoã	39790	xoa
yên lòng	39789	yenlong
ác ý	39788	acy
đa chiều	39787	dachieu
đoan	39786	doan
đình trệ	39785	dinhtre
Hồ Gươm	39784	hoguom
Văn Lang	39783	vanlang
an khang	39782	ankhang
bím	39781	bim
bếp núc	39780	bepnuc
bội chi	39779	boichi
chào hàng	39778	chaohang
chạm mặt	39777	chammat
dây chằng	39776	daychang
dị giáo	39775	digiao
ghẻ	39774	ghe
giải ngũ	39773	giaingu
gượng	39772	guong
hic	39771	hic
hoa khôi	39770	hoakhoi
huề	39769	hue
khắp nơi	39768	khapnoi
kiêu sa	39767	kieusa
lò mổ	39766	lomo
lằn	39765	lan
miễn nhiễm	39764	miennhiem
ngây	39763	ngay
nhào lộn	39762	nhaolon
nền nếp	39761	nennep
phẩm giá	39760	phamgia
quày	39759	quay
quân lực	39758	quanluc
riêng rẽ	39757	riengre
sục	39756	suc
thau	39755	thau
thu phục	39754	thuphuc
thông quan	39753	thongquan
trích lập	39752	trichlap
trùng lặp	39751	trunglap
vu khống	39750	vukhong
vênh	39749	venh
âm hưởng	39748	amhuong
điện tích	39746	dientich
đô vật	39745	dovat
đảng phái	39744	dangphai
đấu thủ	39743	dauthu
an bài	39742	anbai
biện chứng	39741	bienchung
bàn cờ	39740	banco
bàn thảo	39739	banthao
bổ túc	39738	botuc
chuột rút	39737	chuotrut
châu chấu	39736	chauchau
clo	39735	clo
công sự	39734	congsu
cường tráng	39733	cuongtrang
cặc	39732	cac
cỏ cây	39731	cocay
dô	39730	do
gớm ghiếc	39729	gomghiec
hiến binh	39728	hienbinh
hoả táng	39727	hoatang
hậu hĩnh	39726	hauhinh
khàn	39725	khan
khét	39724	khet
khổ cực	39723	khocuc
kỹ xảo	39722	kyxao
lợi tức	39721	loituc
mâm xôi	39720	mamxoi
mẫn cảm	39719	mancam
ngao	39718	ngao
ngây ngô	39717	ngayngo
ngòi bút	39716	ngoibut
nhẩm	39715	nham
nĩa	39714	nia
thi hài	39713	thihai
trong vắt	39712	trongvat
tái bản	39711	taiban
túp	39710	tup
uể oải	39709	ueoai
vạc	39708	vac
vết tích	39707	vettich
xoong	39706	xoong
áng	39705	ang
âm u	39704	amu
đa nghi	39703	danghi
điệp khúc	39702	diepkhuc
đối đãi	39701	doidai
trung thu	39699	trungthu
bao tay	39698	baotay
bánh tét	39697	banhtet
chiêm nghiệm	39696	chiemnghiem
chiến tranh lạnh	39695	chientranhlanh
chung khảo	39694	chungkhao
châu thổ	39693	chautho
con bạc	39692	conbac
công hiệu	39691	conghieu
ganh đua	39690	ganhdua
giầu	39689	giau
gấp gáp	39688	gapgap
hiếu động	39687	hieudong
hoà giải	39686	hoagiai
hèn chi	39685	henchi
khúc mắc	39684	khucmac
ly thân	39683	lythan
lãng tử	39682	langtu
lầm lẫn	39681	lamlan
lờ mờ	39680	lomo
mào gà	39679	maoga
mả	39678	ma
nhí nhảnh	39677	nhinhanh
phát quang	39676	phatquang
quy cách	39675	quycach
quá cảnh	39674	quacanh
rối bời	39673	roiboi
sơn mài	39672	sonmai
tha hoá	39671	thahoa
tán thưởng	39670	tanthuong
tùm lum	39669	tumlum
vù	39668	vu
xuất nhập khẩu	39667	xuatnhapkhau
xương chậu	39666	xuongchau
đay	39665	day
đà điểu	39664	dadieu
đồng vị	39663	dongvi
ẩn dật	39662	andat
ứng tuyển	39661	ungtuyen
Bến Nghé	39660	bennghe
hợi	39659	hoi
Như Lai	39657	nhulai
bi đát	39656	bidat
biển hiệu	39655	bienhieu
bài vở	39654	baivo
bình tâm	39653	binhtam
bút danh	39652	butdanh
bằm	39651	bam
bỉm	39650	bim
chinh chiến	39649	chinhchien
chong	39648	chong
chơi chữ	39647	choichu
chướng ngại	39646	chuongngai
dị vật	39645	divat
dữ dằn	39644	dudan
hiếu chiến	39643	hieuchien
huyết mạch	39642	huyetmach
hổn hển	39641	honhen
hữu quan	39640	huuquan
khai hoang	39639	khaihoang
lục bát	39638	lucbat
mái chèo	39637	maicheo
ngăn cấm	39636	ngancam
rú	39635	ru
rơ	39634	ro
sấu	39633	sau
sống mũi	39632	songmui
thiền định	39631	thiendinh
thụt	39630	thut
truy cứu	39629	truycuu
túi mật	39628	tuimat
tếu	39627	teu
xuyên tạc	39626	xuyentac
áo tắm	39625	aotam
áp phích	39624	apphich
điện cực	39623	diencuc
đại số	39622	daiso
ấu thơ	39621	autho
Nam Trung Bộ	39620	namtrungbo
nùng	39619	nung
bim	39617	bim
biên cương	39616	biencuong
biểu đạt	39615	bieudat
bọ cạp	39614	bocap
bỗng chốc	39613	bongchoc
chuột cống	39612	chuotcong
chòm	39611	chom
chó sói	39610	chosoi
cứa	39609	cua
di truyền học	39608	ditruyenhoc
giáo đường	39607	giaoduong
gầy gò	39606	gaygo
hoá trang	39605	hoatrang
hãi	39604	hai
hò hét	39603	hohet
hẳn nhiên	39602	hannhien
khoát	39601	khoat
khóc than	39600	khocthan
khảo	39599	khao
khờ dại	39598	khodai
lay động	39597	laydong
làn đường	39596	landuong
lác	39595	lac
mê sảng	39594	mesang
mít tinh	39593	mittinh
mạt	39592	mat
nguyên sơ	39591	nguyenso
nhiệt kế	39590	nhietke
nhân thân	39589	nhanthan
nhừ tử	39588	nhutu
noãn	39587	noan
phũ phàng	39586	phuphang
san sẻ	39585	sanse
suy tính	39584	suytinh
sừng sững	39583	sungsung
tulip	39582	tulip
xưng hô	39581	xungho
Á Đông	39580	adong
đượm	39579	duom
đỏ rực	39578	doruc
ẩn giấu	39577	angiau
bin	39576	bin
jakarta	39575	jakarta
bánh răng	39574	banhrang
báo danh	39573	baodanh
bắp chân	39572	bapchan
bọng	39571	bong
cao ráo	39570	caorao
chuyên tâm	39569	chuyentam
chí hướng	39568	chihuong
chất rắn	39567	chatran
chẩn	39566	chan
cuồn cuộn	39565	cuoncuon
công danh	39564	congdanh
cảm tử	39563	camtu
cất công	39562	catcong
cối xay	39561	coixay
dấu hỏi	39560	dauhoi
dị đoan	39559	didoan
dỗ dành	39558	dodanh
già cỗi	39557	giacoi
gầm gừ	39556	gamgu
huyết quản	39555	huyetquan
hút hồn	39554	huthon
khoái lạc	39553	khoailac
kinh niên	39552	kinhnien
kính râm	39551	kinhram
kỳ công	39550	kycong
lùm	39549	lum
miễn nhiệm	39548	miennhiem
ngữ cảnh	39547	ngucanh
nhân phẩm	39546	nhanpham
nhú	39545	nhu
nước mũi	39544	nuocmui
sùng đạo	39543	sungdao
thiên sứ	39542	thiensu
tản bộ	39541	tanbo
tự truyện	39540	tutruyen
vô hồn	39539	vohon
xắn	39538	xan
áo ấm	39537	aoam
Đông Đức	39536	dongduc
đối đáp	39535	doidap
Sư Tử	39533	sutu
sửu	39532	suu
Thanh Long	39531	thanhlong
Tứ Xuyên	39530	tuxuyen
xiêm	39529	xiem
biên nhận	39528	biennhan
buông thả	39527	buongtha
chợ nổi	39526	chonoi
cá vàng	39525	cavang
công lực	39524	congluc
cảnh sắc	39523	canhsac
e sợ	39522	eso
huyết học	39521	huyethoc
hùng biện	39520	hungbien
hủ tiếu	39519	hutieu
khoác lác	39518	khoaclac
khuyên nhủ	39517	khuyennhu
kinh độ	39516	kinhdo
lao công	39515	laocong
lao phổi	39514	laophoi
lánh	39513	lanh
mù chữ	39512	muchu
mời chào	39511	moichao
mụn nhọt	39510	munnhot
ngôn luận	39509	ngonluan
ngư nghiệp	39508	ngunghiep
ngắm nghía	39507	ngamnghia
nhà khách	39506	nhakhach
nhạn	39505	nhan
oi bức	39504	oibuc
phiên âm	39503	phienam
quyết chiến	39502	quyetchien
ròng rã	39501	rongra
sờ mó	39500	somo
tay trắng	39499	taytrang
thanh mảnh	39498	thanhmanh
thượng thận	39497	thuongthan
thẳng thừng	39496	thangthung
tiên lượng	39495	tienluong
triệt hạ	39494	trietha
truyền miệng	39493	truyenmieng
truyền thanh	39492	truyenthanh
tròn trịa	39491	trontria
trảm	39490	tram
tình tứ	39489	tinhtu
vùng vẫy	39488	vungvay
vương gia	39487	vuonggia
xuất quân	39486	xuatquan
xúc tu	39485	xuctu
yên ắng	39484	yenang
Đức Bà	39483	ducba
đặc cách	39482	daccach
giàng	39480	giang
Hoà Vang	39479	hoavang
bào tử	39477	baotu
bất luận	39476	batluan
bồi đắp	39475	boidap
cao siêu	39474	caosieu
chia ly	39473	chialy
chạnh lòng	39472	chanhlong
cầm chừng	39471	camchung
cồn cào	39470	concao
dè chừng	39469	dechung
dạ con	39468	dacon
ghẹ	39467	ghe
hoang tàn	39466	hoangtan
hàng quán	39465	hangquan
hôm kia	39464	homkia
khúc xạ	39463	khucxa
kéo co	39462	keoco
lạt	39461	lat
lẳng lặng	39460	langlang
minh oan	39459	minhoan
miết	39458	miet
mưa phùn	39457	muaphun
mất cắp	39456	matcap
mặc nhiên	39455	macnhien
nhà nguyện	39454	nhanguyen
niên thiếu	39453	nienthieu
năng nổ	39452	nangno
oanh tạc	39451	oanhtac
phong lan	39450	phonglan
phủi	39449	phui
rau thơm	39448	rauthom
rinh	39447	rinh
ràng	39446	rang
sực	39445	suc
thất tình	39444	thattinh
thể lệ	39443	thele
thời bình	39442	thoibinh
toàn văn	39441	toanvan
tấu	39440	tau
vái	39439	vai
vựa	39438	vua
xử dụng	39437	xudung
Điện Bàn	39436	dienban
Đại Lộc	39435	dailoc
đánh lộn	39434	danhlon
để bụng	39433	debung
đồ hộp	39432	dohop
Hồng Bàng	39431	hongbang
Kim Liên	39430	kimlien
Phú Xuân	39428	phuxuan
bánh canh	39427	banhcanh
bão tố	39426	baoto
bồ tát	39425	botat
chà xát	39424	chaxat
chín muồi	39423	chinmuoi
dư âm	39422	duam
giáo xứ	39421	giaoxu
gấm	39420	gam
hổ mang	39419	homang
hỗ	39418	ho
hứa hôn	39417	huahon
khúc khích	39416	khuckhich
kiệt xuất	39415	kietxuat
kình	39414	kinh
kỷ yếu	39413	kyyeu
lãnh sự quán	39412	lanhsuquan
lương y	39411	luongy
mường tượng	39410	muongtuong
nail	39409	nail
ngang ngửa	39408	ngangngua
nghị sự	39407	nghisu
nhan nhản	39406	nhannhan
nhăn nhó	39405	nhannho
nản chí	39404	nanchi
phi tang	39403	phitang
phi tiêu	39402	phitieu
phỉ	39401	phi
siêu việt	39400	sieuviet
suy diễn	39399	suydien
sôi sục	39398	soisuc
săn đón	39397	sandon
sạ	39396	sa
tiền sảnh	39395	tiensanh
trét	39394	tret
trằn trọc	39393	trantroc
tuy thế	39392	tuythe
tâm nguyện	39391	tamnguyen
tụt hậu	39390	tuthau
tử trận	39389	tutran
vững chãi	39388	vungchai
xích đạo	39387	xichdao
án treo	39386	antreo
ăn hiếp	39385	anhiep
đắng cay	39384	dangcay
ống nhòm	39383	ongnhom
Bảo Lộc	39382	baoloc
báng	39378	bang
chim sẻ	39377	chimse
chính trị viên	39376	chinhtrivien
công chứng viên	39375	congchungvien
cùng đường	39374	cungduong
cưu mang	39373	cuumang
cườm	39372	cuom
dày dạn	39371	daydan
giận dỗi	39370	giandoi
hoang vắng	39369	hoangvang
hão huyền	39368	haohuyen
hạnh kiểm	39367	hanhkiem
hả hê	39366	hahe
hồ tiêu	39365	hotieu
kế tục	39364	ketuc
làng xóm	39363	langxom
lồn	39362	lon
minh tinh	39361	minhtinh
nhám	39360	nham
nhúm	39359	nhum
nồng ấm	39358	nongam
rắn chắc	39357	ranchac
rọ	39356	ro
suyễn	39355	suyen
sài	39354	sai
thành bại	39353	thanhbai
tráo	39352	trao
trù phú	39351	truphu
trở mặt	39350	tromat
tung hứng	39349	tunghung
tươm tất	39348	tuomtat
tầm phào	39347	tamphao
văn phòng phẩm	39346	vanphongpham
xốc	39345	xoc
đường biên	39344	duongbien
địch thủ	39343	dichthu
ửng	39342	ung
Bát Tràng	39341	battrang
Bắc Trung Bộ	39340	bactrungbo
Cơ Đốc	39339	codoc
Mỹ Sơn	39338	myson
Nghệ Tĩnh	39337	nghetinh
tuệ	39336	tue
Tây Nam Bộ	39335	taynambo
bày biện	39334	baybien
bất giác	39333	batgiac
bất khả kháng	39332	batkhakhang
bầu bạn	39331	bauban
bện	39330	ben
châm ngôn	39329	chamngon
chơi đẹp	39328	choidep
chứng giám	39327	chunggiam
cấm đoán	39326	camdoan
dung nham	39325	dungnham
dơ dáy	39324	doday
dễ tính	39323	detinh
giật gân	39322	giatgan
hết hồn	39321	hethon
hộ tịch	39320	hotich
hợp thành	39319	hopthanh
khắc khoải	39317	khackhoai
líp	39316	lip
lúa mạch	39315	luamach
lục bình	39314	lucbinh
lỳ	39313	ly
mới đầu	39312	moidau
nhà vệ sinh	39311	nhavesinh
phanh phui	39310	phanhphui
rỗ	39309	ro
sinh mệnh	39308	sinhmenh
sư thầy	39307	suthay
thuốc thang	39306	thuocthang
thơm lừng	39305	thomlung
thủa	39304	thua
tiêu điểm	39303	tieudiem
tình duyên	39302	tinhduyen
tối giản	39301	toigian
tử nạn	39300	tunan
vô định	39299	vodinh
vờn	39298	von
xổ	39297	xo
yểm	39296	yem
ào ào	39295	aoao
điện lưới	39294	dienluoi
điện từ	39293	dientu
đính chính	39292	dinhchinh
đôn	39291	don
đùm bọc	39290	dumboc
đĩa cứng	39289	diacung
đại lượng	39288	dailuong
đố kỵ	39287	doky
đối nghịch	39286	doinghich
ế ẩm	39285	eam
ủ rũ	39284	uru
nhàn	39283	nhan
buồn bực	39282	buonbuc
bất lương	39281	batluong
bắt nhịp	39280	batnhip
chiếu tướng	39279	chieutuong
chuyển dạ	39278	chuyenda
chông gai	39277	chonggai
chịu nhiệt	39276	chiunhiet
con trỏ	39275	contro
công ơn	39274	congon
cú mèo	39273	cumeo
dung môi	39272	dungmoi
eo hẹp	39271	eohep
giảm tốc	39270	giamtoc
guồng	39269	guong
gọng	39268	gong
hoài cổ	39267	hoaico
hẹ	39266	he
hở hang	39265	hohang
keo kiệt	39264	keokiet
khố	39263	kho
kén chọn	39262	kenchon
lá lách	39261	lalach
lão thành	39260	laothanh
lôi thôi	39259	loithoi
mơ tưởng	39258	motuong
mẹ đẻ	39257	mede
ngoại lai	39256	ngoailai
nhà nghề	39255	nhanghe
nhíu	39254	nhiu
nhọt	39253	nhot
niềm nở	39252	niemno
phiền lòng	39251	phienlong
phát giác	39250	phatgiac
phí tổn	39249	phiton
phú quý	39248	phuquy
phụ cận	39247	phucan
quá trớn	39246	quatron
rậm rạp	39245	ramrap
sên	39244	sen
sự tình	39243	sutinh
thanh liêm	39242	thanhliem
thiu	39241	thiu
tháp tùng	39240	thaptung
thóp	39239	thop
thúng	39238	thung
thực hư	39237	thuchu
trân châu	39236	tranchau
trúng độc	39235	trungdoc
trắc trở	39234	tractro
tuyệt nhiên	39233	tuyetnhien
xích đu	39232	xichdu
yêu kiều	39231	yeukieu
đạo sĩ	39229	daosi
đụ mẹ	39228	dume
ổ cắm	39227	ocam
liêu	39226	lieu
mão	39225	mao
phục sinh	39224	phucsinh
bem	39223	bem
bí đỏ	39222	bido
bưu kiện	39221	buukien
chiến xa	39220	chienxa
chúa thượng	39219	chuathuong
chơi xỏ	39218	choixo
chấy	39217	chay
cách điện	39216	cachdien
cãi cọ	39215	caico
cẩm	39214	cam
dự trù	39213	dutru
hiển hiện	39212	hienhien
khua	39211	khua
khăn ăn	39210	khanan
la liệt	39209	laliet
lông lá	39208	longla
lẫy lừng	39207	laylung
lật tẩy	39206	lattay
mũm mĩm	39205	mummim
một mình	39204	motminh
nghi ngút	39203	nghingut
ngóng	39202	ngong
ngọc lan	39201	ngoclan
nhè	39199	nhe
nhạc phẩm	39198	nhacpham
nhớ nhung	39197	nhonhung
phù du	39196	phudu
ship	39195	ship
soi mói	39194	soimoi
sáng mắt	39193	sangmat
sáng ngời	39192	sangngoi
sản vật	39191	sanvat
thi vị	39190	thivi
thiên lý	39189	thienly
thiên thể	39188	thienthe
thủ thư	39187	thuthu
tiêu tùng	39186	tieutung
tri kỷ	39185	triky
trong veo	39184	trongveo
tốc hành	39183	tochanh
tới tấp	39182	toitap
vó	39181	vo
đau đáu	39180	daudau
đấu đá	39179	dauda
đậu mùa	39178	daumua
đễ	39177	de
đổ bể	39176	dobe
ống tiêm	39175	ongtiem
Phú Quý	39174	phuquy
Sầm Sơn	39173	samson
việt kiều	39172	vietkieu
binh nhất	39171	binhnhat
bài vị	39170	baivi
bâng khuâng	39169	bangkhuang
bẩy	39168	bay
chơi khăm	39167	choikham
chưng cất	39166	chungcat
chằng	39165	chang
cà tím	39164	catim
công trạng	39163	congtrang
cần cẩu	39162	cancau
cầy	39161	cay
cố chấp	39160	cochap
di chỉ	39159	dichi
gay go	39158	gaygo
giao thiệp	39157	giaothiep
hỗn	39156	hon
khom	39155	khom
khuyên bảo	39154	khuyenbao
không sao	39153	khongsao
khốn đốn	39152	khondon
lao đao	39151	laodao
lâng lâng	39150	langlang
lĩnh hội	39149	linhhoi
ngăm	39148	ngam
nhài	39147	nhai
nịnh	39146	ninh
nổi cộm	39145	noicom
phân số	39144	phanso
pê	39143	pe
rã rời	39142	raroi
rúc	39141	ruc
rưng rưng	39140	rungrung
silic	39139	silic
thuyết giảng	39138	thuyetgiang
thân thế	39137	thanthe
triều cường	39136	trieucuong
tì vết	39135	tivet
tại ngoại	39134	taingoai
tổng hành dinh	39133	tonghanhdinh
tổng tuyển cử	39132	tongtuyencu
tứ giác	39131	tugiac
từ trần	39130	tutran
tự sự	39129	tusu
vây hãm	39128	vayham
vô cực	39127	vocuc
vẩn	39126	van
xì trum	39125	xitrum
ái ngại	39124	aingai
đồng trinh	39123	dongtrinh
động chạm	39122	dongcham
ỷ	39121	y
Cẩm Xuyên	39120	camxuyen
diên	39119	dien
bán thân	39116	banthan
bán trú	39115	bantru
béo bở	39114	beobo
bất cần	39113	batcan
chung thuỷ	39112	chungthuy
chê trách	39111	chetrach
chính uỷ	39110	chinhuy
chất khí	39109	chatkhi
cá rô	39108	caro
cơm nước	39107	comnuoc
cắm đầu	39106	camdau
cự tuyệt	39105	cutuyet
dồn nén	39104	donnen
gàu	39103	gau
khởi phát	39102	khoiphat
kính viễn vọng	39101	kinhvienvong
lài	39100	lai
mù mịt	39099	mumit
múi giờ	39098	muigio
mắm tôm	39097	mamtom
mừng rỡ	39096	mungro
nan y	39095	nany
ngáp	39094	ngap
nhành	39093	nhanh
nong	39092	nong
ruột già	39091	ruotgia
sao Hoả	39090	saohoa
sùng bái	39089	sungbai
sổ mũi	39088	somui
thẹo	39087	theo
thợ xây	39086	thoxay
trung đại	39085	trungdai
trọng tội	39084	trongtoi
trứ danh	39083	trudanh
tổng giám mục	39082	tonggiammuc
tục tĩu	39081	tuctiu
tủi	39080	tui
xót thương	39079	xotthuong
đanh	39078	danh
đơm	39077	dom
đầu não	39076	daunao
định danh	39075	dinhdanh
đối chứng	39074	doichung
cấn	39073	can
biên đạo	39072	biendao
buồi	39071	buoi
bình lặng	39070	binhlang
bò tót	39069	botot
bộn	39068	bon
chà đạp	39067	chadap
cáy	39066	cay
cơ cực	39065	cocuc
cưới xin	39064	cuoixin
cổ chân	39063	cochan
cừ khôi	39062	cukhoi
dùi cui	39061	duicui
dư vị	39060	duvi
dạ vâng	39059	davang
dị biệt	39058	dibiet
dựa dẫm	39057	duadam
dựng chuyện	39056	dungchuyen
elip	39055	elip
gia trưởng	39054	giatruong
giũ	39053	giu
hóc	39052	hoc
hóc búa	39051	hocbua
jun	39050	jun
khai thông	39049	khaithong
khai tử	39048	khaitu
leo trèo	39047	leotreo
luân lưu	39046	luanluu
lông vũ	39045	longvu
lưng chừng	39044	lungchung
lẻ loi	39043	leloi
lỵ	39042	ly
mươi	39041	muoi
mầm mống	39040	mammong
mặt cắt	39039	matcat
mỗ	39038	mo
ngộ nhận	39037	ngonhan
náo động	39036	naodong
nết	39035	net
quái gở	39034	quaigo
quân thù	39033	quanthu
quần quật	39032	quanquat
sinh thời	39031	sinhthoi
săm soi	39030	samsoi
tam quan	39029	tamquan
thư sinh	39028	thusinh
thập phân	39027	thapphan
tiền tiêu	39026	tientieu
trạc	39025	trac
trối	39024	troi
tơi bời	39023	toiboi
tạnh	39022	tanh
vang vọng	39021	vangvong
vuông vắn	39020	vuongvan
vại	39019	vai
đồng hoá	39018	donghoa
doãn	39017	doan
Hải Vân	39016	haivan
Trường Giang	39014	truonggiang
Trường Thành	39013	truongthanh
biệt hiệu	39012	biethieu
bánh đa	39011	banhda
chính yếu	39010	chinhyeu
chóng vánh	39009	chongvanh
chỉnh lý	39008	chinhly
cảm thụ	39007	camthu
cần tây	39006	cantay
hắt	39005	hat
hớt tóc	39004	hottoc
hờ hững	39003	hohung
hừng hực	39002	hunghuc
liên hồi	39001	lienhoi
lăng kính	39000	langkinh
lộ thiên	38999	lothien
mai mối	38998	maimoi
ngọng	38997	ngong
nhơn	38996	nhon
nung nấu	38995	nungnau
nạt	38994	nat
phù phiếm	38993	phuphiem
phận sự	38992	phansu
phức	38991	phuc
quả báo	38990	quabao
răng hàm	38989	rangham
rợn	38988	ron
song ngữ	38987	songngu
thiên đình	38986	thiendinh
thuỷ tinh thể	38985	thuytinhthe
thường tình	38984	thuongtinh
thấp thỏm	38983	thapthom
thắm thiết	38982	thamthiet
thời gian biểu	38981	thoigianbieu
truồng	38980	truong
tự tại	38979	tutai
vãn	38978	van
văn phong	38977	vanphong
vườn quốc gia	38976	vuonquocgia
xây cất	38975	xaycat
y đức	38974	yduc
Đông Nam Bộ	38973	dongnambo
đẽo	38972	deo
ỷ lại	38971	ylai
Lọ Lem	38970	lolem
Nam Á	38969	nama
Nam Đàn	38968	namdan
bon chen	38966	bonchen
bào mòn	38965	baomon
bác ái	38964	bacai
báo đáp	38963	baodap
bất kính	38962	batkinh
chán ghét	38961	changhet
cuỗm	38960	cuom
cá thu	38959	cathu
cá tầm	38958	catam
cùn	38957	cun
cước phí	38956	cuocphi
cật	38955	cat
cộc	38954	coc
dị hợm	38953	dihom
gia sản	38952	giasan
gieo rắc	38951	gieorac
gồ ghề	38950	goghe
hình trụ	38949	hinhtru
hớp	38948	hop
khinh miệt	38947	khinhmiet
không khéo	38946	khongkheo
khứu giác	38945	khuugiac
kênh rạch	38944	kenhrach
loan báo	38943	loanbao
lởn vởn	38942	lonvon
mé	38941	me
mưa đá	38940	muada
mần	38939	man
nghị luận	38938	nghiluan
ngoặc	38937	ngoac
ngán ngẩm	38936	nganngam
ngất ngây	38935	ngatngay
nhan đề	38934	nhande
nhởn nhơ	38933	nhonnho
quang hợp	38932	quanghop
quằn quại	38931	quanquai
quốc ca	38930	quocca
rạ	38929	ra
sinh hoá	38928	sinhhoa
sà	38927	sa
thanh nhã	38926	thanhnha
thông tấn xã	38925	thongtanxa
thị phi	38924	thiphi
tiểu vùng	38923	tieuvung
tịnh độ	38922	tinhdo
từ tốn	38921	tuton
vi mô	38920	vimo
vi mạch	38919	vimach
viễn chinh	38918	vienchinh
đương nhiệm	38917	duongnhiem
động lòng	38916	donglong
ưa nhìn	38915	uanhin
Thành Đô	38913	thanhdo
Tràng An	38912	trangan
Xử Nữ	38911	xunu
binh khí	38910	binhkhi
buông lỏng	38909	buonglong
bát quái	38908	batquai
bão cát	38907	baocat
canh phòng	38906	canhphong
cau có	38905	cauco
chin	38904	chin
chập chững	38903	chapchung
cá trê	38902	catre
cạy	38901	cay
cảm hoá	38900	camhoa
cựa	38898	cua
dà	38897	da
ganh	38896	ganh
ghềnh	38895	ghenh
hô hào	38894	hohao
hối lỗi	38893	hoiloi
hối đoái	38892	hoidoai
hồ ly	38891	holy
kiều hối	38890	kieuhoi
kể lể	38889	kele
loạn trí	38888	loantri
lưu loát	38887	luuloat
lủng	38886	lung
meo	38885	meo
miễn trừ	38884	mientru
màng trinh	38883	mangtrinh
máy kéo	38882	maykeo
mơn trớn	38881	montron
mẽ	38880	me
mệnh đề	38879	menhde
mỹ mãn	38878	myman
nao núng	38877	naonung
ngoại trú	38876	ngoaitru
ngu si	38875	ngusi
ngân khố	38874	ngankho
ngư phủ	38873	nguphu
nhiệt lượng	38872	nhietluong
nhuận bút	38871	nhuanbut
nông cạn	38870	nongcan
nộm	38869	nom
phúc khảo	38868	phuckhao
phương Tây	38867	phuongtay
phế tích	38866	phetich
quán tính	38865	quantinh
sinh nhai	38864	sinhnhai
sơn ca	38863	sonca
sơn hà	38862	sonha
thướt tha	38861	thuottha
thẫn thờ	38860	thantho
thị chính	38859	thichinh
trót lọt	38858	trotlot
tâm can	38857	tamcan
tút	38856	tut
tập tành	38855	taptanh
viển vông	38854	vienvong
vu vơ	38853	vuvo
ăn nhậu	38852	annhau
điệu bộ	38851	dieubo
đùn	38850	dun
đằng ấy	38849	dangay
Hoàng Hải	38848	hoanghai
Thiên Bình	38847	thienbinh
biến thiên	38846	bienthien
bản doanh	38845	bandoanh
bảo kiếm	38844	baokiem
bức thiết	38843	bucthiet
chán chường	38842	chanchuong
chúi	38841	chui
cứu quốc	38840	cuuquoc
danh hài	38839	danhhai
dân ý	38838	dany
dây leo	38837	dayleo
dẫn điện	38836	dandien
gập ghềnh	38835	gapghenh
ham mê	38834	hamme
hao hụt	38833	haohut
khai trường	38832	khaitruong
khiếm thính	38831	khiemthinh
liên đới	38830	liendoi
luỵ	38829	luy
lấn lướt	38828	lanluot
mã tấu	38827	matau
mưu mẹo	38826	muumeo
mới tinh	38825	moitinh
ngát	38824	ngat
nhuỵ	38823	nhuy
nhân duyên	38822	nhanduyen
náo nức	38821	naonuc
phân hiệu	38820	phanhieu
phòng bị	38819	phongbi
quy củ	38818	quycu
ruột non	38817	ruotnon
rưới	38816	ruoi
rừng già	38815	runggia
sĩ diện	38814	sidien
sứt	38813	sut
thuyền buồm	38812	thuyenbuom
tinh cầu	38811	tinhcau
trầm lặng	38810	tramlang
tất niên	38809	tatnien
vô tri	38808	votri
vô tội vạ	38807	votoiva
vườn ươm	38806	vuonuom
vắn tắt	38805	vantat
xám xịt	38804	xamxit
xóm làng	38803	xomlang
ăn nằm	38802	annam
Đức Thọ	38801	ductho
điên tiết	38800	dientiet
điên đảo	38799	diendao
đích thị	38798	dichthi
đồng điệu	38797	dongdieu
ưu tư	38796	uutu
ổ đĩa cứng	38795	odiacung
khuê	38794	khue
Tô Châu	38792	tochau
bàn là	38791	banla
bình thuỷ	38790	binhthuy
bưu phẩm	38789	buupham
chiến thuyền	38788	chienthuyen
chiếu cố	38787	chieuco
chôm chôm	38786	chomchom
cưỡng ép	38785	cuongep
dây lưng	38784	daylung
dò hỏi	38783	dohoi
dầu lửa	38782	daulua
giả tưởng	38781	giatuong
info	38780	info
khái	38779	khai
khảo cứu	38778	khaocuu
kim tuyến	38777	kimtuyen
kiếm hiệp	38776	kiemhiep
la cà	38775	laca
loạn lạc	38774	loanlac
luật gia	38773	luatgia
làng mạc	38772	langmac
lũ quét	38771	luquet
lưỡi câu	38770	luoicau
lịm	38769	lim
mặn nồng	38768	mannong
mềm mỏng	38767	memmong
nghiền ngẫm	38766	nghienngam
ngon ăn	38765	ngonan
ngông cuồng	38764	ngongcuong
nhấp nhô	38763	nhapnho
nòi giống	38762	noigiong
phôi thai	38761	phoithai
phục chế	38760	phucche
râm ran	38759	ramran
rạng đông	38758	rangdong
rạo rực	38757	raoruc
sông ngòi	38756	songngoi
sếu	38755	seu
sốt sắng	38754	sotsang
thô thiển	38753	thothien
thất thế	38752	thatthe
thủ pháp	38751	thuphap
thủ quỹ	38750	thuquy
truất	38749	truat
táp	38748	tap
tượng hình	38747	tuonghinh
tập dượt	38746	tapduot
uy nghi	38745	uynghi
vón	38744	von
vô trùng	38743	votrung
xế chiều	38742	xechieu
ác cảm	38741	accam
áp giải	38740	apgiai
ân nhân	38739	annhan
ân tình	38738	antinh
êm ả	38737	ema
úi	38736	ui
đùm	38735	dum
đối ứng	38734	doiung
ấm ức	38733	amuc
Trung Mỹ	38732	trungmy
ba chỉ	38731	bachi
bào ngư	38730	baongu
bí đao	38729	bidao
chuột nhắt	38728	chuotnhat
cường lực	38727	cuongluc
cấp tiến	38726	captien
cẳng	38725	cang
dư dả	38724	duda
gio	38723	gio
già dặn	38722	giadan
hoa tai	38721	hoatai
hát hò	38720	hatho
hình cầu	38719	hinhcau
học bạ	38718	hocba
hổ phách	38717	hophach
im ắng	38716	imang
khả ái	38715	khaai
kiệt quệ	38714	kietque
lung	38713	lung
măng tây	38712	mangtay
mềm lòng	38711	memlong
mội	38710	moi
nghen	38709	nghen
ngoi	38708	ngoi
nhà buôn	38707	nhabuon
nhân nhượng	38706	nhannhuong
niềng	38705	nieng
nuôi cấy	38704	nuoicay
phá phách	38703	phaphach
phương pháp luận	38702	phuongphapluan
quyền uy	38701	quyenuy
ruốc	38700	ruoc
sất	38699	sat
thao thức	38698	thaothuc
thánh nhân	38697	thanhnhan
thơm ngát	38696	thomngat
thương thuyết	38695	thuongthuyet
thụ phấn	38694	thuphan
tin mừng	38693	tinmung
tinh vân	38692	tinhvan
trí khôn	38691	trikhon
trường ca	38690	truongca
tự tôn	38689	tuton
điện trở	38688	dientro
đậu hũ	38687	dauhu
đậu đỏ	38686	daudo
ướt át	38685	uotat
Bạch Dương	38684	bachduong
quốc tử giám	38683	quoctugiam
toản	38682	toan
bề thế	38681	bethe
bỏ bê	38680	bobe
bực dọc	38679	bucdoc
cao sang	38678	caosang
chao ôi	38677	chaooi
ché	38676	che
chông	38675	chong
chồm	38674	chom
chức vị	38673	chucvi
cúng tế	38672	cungte
cắc	38671	cac
cặm cụi	38670	camcui
cộm	38669	com
dưỡng sinh	38668	duongsinh
dột	38667	dot
giông bão	38666	giongbao
giận hờn	38665	gianhon
gùi	38664	gui
gắt gỏng	38663	gatgong
hợp pháp hoá	38662	hopphaphoa
khói lửa	38661	khoilua
kinh sợ	38660	kinhso
kiểm sát viên	38659	kiemsatvien
kính nể	38658	kinhne
kỳ vĩ	38657	kyvi
lưu lạc	38656	luulac
lẫy	38655	lay
mãng xà	38654	mangxa
móm	38653	mom
mạn phép	38652	manphep
mạng nhện	38651	mangnhen
nghé	38650	nghe
ngoại khoa	38649	ngoaikhoa
nguy nga	38648	nguynga
ngẫm nghĩ	38647	ngamnghi
nhà xí	38646	nhaxi
nhãn cầu	38645	nhancau
nhờ cậy	38644	nhocay
nô nức	38643	nonuc
nôn nao	38642	nonnao
quái lạ	38641	quaila
quần bò	38640	quanbo
quẩn	38639	quan
rứa	38638	rua
sẩy	38637	say
sứt mẻ	38636	sutme
sững	38635	sung
thanh tao	38634	thanhtao
thiển cận	38633	thiencan
tháo vát	38632	thaovat
trịnh trọng	38631	trinhtrong
tọc mạch	38630	tocmach
tội trạng	38629	toitrang
vô cơ	38628	voco
vũ bão	38627	vubao
yên bình	38626	yenbinh
ăn tiền	38625	antien
đước	38623	duoc
đấm bóp	38622	dambop
đậu đen	38621	dauden
chiêm	38620	chiem
Chí Phèo	38619	chipheo
Phong Thần	38617	phongthan
Thiên Hậu	38616	thienhau
Trung Bộ	38615	trungbo
bài trừ	38614	baitru
bánh cuốn	38613	banhcuon
chuốt	38612	chuot
chào mời	38611	chaomoi
chạng vạng	38610	changvang
chếch	38609	chech
chết cha	38608	chetcha
chức sắc	38607	chucsac
da dẻ	38606	dade
dam	38605	dam
dái	38604	dai
giòi	38603	gioi
hoả thiêu	38602	hoathieu
huyền diệu	38601	huyendieu
kháu khỉnh	38600	khaukhinh
lay chuyển	38599	laychuyen
lọt lòng	38598	lotlong
lủng lẳng	38597	lunglang
miệng lưỡi	38596	miengluoi
mến mộ	38595	menmo
na ná	38594	nana
ngon giấc	38593	ngongiac
nguyên đán	38592	nguyendan
nheo	38591	nheo
nhi khoa	38590	nhikhoa
nhựa đường	38589	nhuaduong
niết bàn	38588	nietban
non sông	38587	nonsong
nạng	38586	nang
nửa đời	38585	nuadoi
ra gì	38584	ragi
rôm rả	38583	romra
rống	38582	rong
rởm	38581	rom
thi thố	38580	thitho
thá	38579	tha
thơm tho	38578	thomtho
thư tín	38577	thutin
thương hàn	38576	thuonghan
thắng bại	38575	thangbai
tiếp đãi	38574	tiepdai
to gan	38573	togan
tán loạn	38572	tanloan
uyên bác	38571	uyenbac
uý	38570	uy
vô bổ	38569	vobo
ý tứ	38568	ytu
đung đưa	38567	dungdua
đãng trí	38566	dangtri
đất hiếm	38565	dathiem
định lý	38564	dinhly
đờ	38563	do
ứ đọng	38562	udong
An Nam	38561	annam
Tân Cương	38560	tancuong
bình phẩm	38559	binhpham
bắt bớ	38558	batbo
bệt	38557	bet
bọt biển	38556	botbien
bợm	38555	bom
cha nội	38554	chanoi
chân đất	38553	chandat
chắp vá	38552	chapva
chắt chiu	38551	chatchiu
chọc ghẹo	38550	chocgheo
duy vật	38549	duyvat
dấu chấm	38548	daucham
hoá thạch	38547	hoathach
hùn	38546	hun
khuân	38545	khuan
khách khứa	38544	khachkhua
lanh lợi	38543	lanhloi
linh cẩu	38542	linhcau
liên danh	38541	liendanh
lô cốt	38540	locot
lặng im	38539	langim
nghi hoặc	38538	nghihoac
ngoại cảnh	38537	ngoaicanh
ngữ nghĩa	38536	ngunghia
nhuận tràng	38535	nhuantrang
nước lã	38534	nuocla
nạm	38533	nam
nội đô	38532	noido
phẩy	38531	phay
quân bình	38530	quanbinh
ráy	38529	ray
rầm	38528	ram
rục rịch	38527	rucrich
sung mãn	38526	sungman
sái	38525	sai
sáo rỗng	38524	saorong
sình	38523	sinh
sóng âm	38522	songam
săm	38521	sam
tam bảo	38520	tambao
thiên địa	38519	thiendia
thô ráp	38518	thorap
thơm phức	38517	thomphuc
tiên nữ	38516	tiennu
trầm tư	38515	tramtu
tính từ	38514	tinhtu
tòng	38513	tong
tức tối	38512	tuctoi
tựu trường	38511	tuutruong
vô tuyến điện	38510	votuyendien
vôn	38509	von
vương vấn	38508	vuongvan
vụn vặt	38507	vunvat
xoắn ốc	38506	xoanoc
xảo	38505	xao
xối xả	38504	xoixa
ào ạt	38503	aoat
óng	38502	ong
úng	38501	ung
đông phương	38500	dongphuong
đen đủi	38499	dendui
đát	38498	dat
đêm đêm	38497	demdem
đại nội	38496	dainoi
đặc khu	38495	dackhu
đồng bóng	38494	dongbong
đứt gãy	38493	dutgay
Hùng Vương	38492	hungvuong
tuất	38491	tuat
binh lực	38490	binhluc
buột miệng	38489	buotmieng
bá chủ	38488	bachu
bè lũ	38487	belu
bóng gió	38486	bonggio
bóng nước	38485	bongnuoc
bõ	38484	bo
bạ	38483	ba
bắp thịt	38482	bapthit
chi bằng	38481	chibang
chiến hào	38480	chienhao
chán ngán	38479	channgan
chất dẻo	38478	chatdeo
cung kính	38477	cungkinh
cào cào	38476	caocao
cô đọng	38475	codong
cơ ngơi	38474	congoi
cường hoá	38473	cuonghoa
cằn cỗi	38472	cancoi
ghì	38471	ghi
hùm	38470	hum
hăm hở	38469	hamho
khổ qua	38468	khoqua
luyện kim	38467	luyenkim
lưỡi liềm	38466	luoiliem
máy khoan	38465	maykhoan
mảy may	38464	maymay
mập mạp	38463	mapmap
nghênh	38462	nghenh
nguồn cội	38461	nguoncoi
nhẫn nhịn	38460	nhannhin
nua	38459	nua
nái	38458	nai
phép tắc	38457	pheptac
quặn	38456	quan
quốc kỳ	38455	quocky
rau má	38454	rauma
sào huyệt	38453	saohuyet
sắm sửa	38452	samsua
thiên mệnh	38451	thienmenh
thiên tử	38450	thientu
thoải	38449	thoai
thành thục	38448	thanhthuc
thân thích	38447	thanthich
thịnh soạn	38446	thinhsoan
thốn	38445	thon
thời cuộc	38444	thoicuoc
tinh anh	38443	tinhanh
tinh quái	38442	tinhquai
truy thu	38441	truythu
tình địch	38440	tinhdich
tôn chỉ	38439	tonchi
tươi tốt	38438	tuoitot
uất	38437	uat
uổng phí	38436	uongphi
vô phương	38435	vophuong
vô tính	38434	votinh
xì dầu	38433	xidau
xảo trá	38432	xaotra
yên thân	38431	yenthan
âm tiết	38430	amtiet
âm vật	38429	amvat
đoạn thẳng	38428	doanthang
đưa đẩy	38427	duaday
địa hạt	38426	diahat
ổ gà	38425	oga
Uông Bí	38423	uongbi
ba lê	38422	bale
bản ngã	38421	bannga
bẹ	38420	be
bốc phét	38419	bocphet
bồi hoàn	38418	boihoan
bồng bột	38417	bongbot
chứa chấp	38416	chuachap
con giáp	38415	congiap
cuốn gói	38414	cuongoi
cường điệu	38413	cuongdieu
cắm sừng	38412	camsung
cắn răng	38411	canrang
cẳng chân	38410	cangchan
dân tộc học	38409	dantochoc
gang tấc	38408	gangtac
giã từ	38407	giatu
gom góp	38406	gomgop
gàn	38405	gan
hoang mạc	38404	hoangmac
hoè	38403	hoe
hủ tục	38402	hutuc
kỳ thực	38401	kythuc
luân lý	38400	luanly
lòng sông	38399	longsong
lảo đảo	38398	laodao
lấn sân	38397	lansan
lắm chuyện	38396	lamchuyen
lề lối	38395	leloi
lỗ mãng	38394	lomang
lộng hành	38393	longhanh
muôn thuở	38392	muonthuo
mét khối	38391	metkhoi
mạch nha	38390	machnha
mệ	38389	me
mộc nhĩ	38388	mocnhi
mỹ học	38387	myhoc
nhiễu loạn	38386	nhieuloan
nôm na	38385	nomna
nằng nặc	38384	nangnac
phù điêu	38383	phudieu
phải lòng	38382	phailong
phế truất	38381	phetruat
phồn thịnh	38380	phonthinh
phụ phí	38379	phuphi
rón rén	38378	ronren
sàm sỡ	38377	samso
sát nút	38376	satnut
sần sùi	38375	sansui
thánh ca	38374	thanhca
thừa thãi	38373	thuathai
tiểu tiết	38372	tieutiet
trau chuốt	38371	trauchuot
tuyến tính	38370	tuyentinh
tự tiện	38369	tutien
ve chai	38368	vechai
ô mai	38367	omai
ăn diện	38366	andien
đua tranh	38365	duatranh
đốt phá	38364	dotpha
động trời	38363	dongtroi
ốc đảo	38362	ocdao
Hoàng Hà	38361	hoangha
Phan Rang	38360	phanrang
Vân Đồn	38359	vandon
anh vũ	38358	anhvu
chắc nịch	38357	chacnich
chụm	38356	chum
chủ công	38355	chucong
cầm thú	38354	camthu
cồng	38353	cong
cực độ	38352	cucdo
du dương	38351	duduong
gai góc	38350	gaigoc
ghế bành	38349	ghebanh
giậm	38348	giam
gạo tẻ	38347	gaote
hầm hố	38346	hamho
hộ sinh	38345	hosinh
khó ở	38344	khoo
khẩn cầu	38343	khancau
kỳ ảo	38342	kyao
lép vế	38341	lepve
lòng thành	38340	longthanh
lầy lội	38339	layloi
lẵng	38338	lang
lởm chởm	38337	lomchom
mao mạch	38336	maomach
mê man	38335	meman
nanh	38334	nanh
ngoại vụ	38333	ngoaivu
ngón trỏ	38332	ngontro
ngấu nghiến	38331	ngaunghien
nước miếng	38330	nuocmieng
nối dõi	38329	noidoi
phòng ốc	38328	phongoc
phô bày	38327	phobay
phồn vinh	38326	phonvinh
rết	38325	ret
rền	38324	ren
sinh vật học	38323	sinhvathoc
siêu thoát	38322	sieuthoat
suy kiệt	38321	suykiet
súc tích	38320	suctich
sơ ý	38319	soy
thuê mướn	38318	thuemuon
thôn tính	38317	thontinh
thăm thẳm	38316	thamtham
thật ra	38315	thatra
tiểu phẫu	38314	tieuphau
toáng	38313	toang
truy tặng	38312	truytang
trần thế	38311	tranthe
tàn dư	38310	tandu
tột độ	38309	totdo
tứ quý	38308	tuquy
vô bờ	38307	vobo
vỉa	38306	via
vối	38305	voi
xanh biếc	38304	xanhbiec
xì xào	38303	xixao
y sĩ	38302	ysi
éo le	38301	eole
Đồng Xoài	38300	dongxoai
điều tiếng	38299	dieutieng
đái dầm	38298	daidam
đường thuỷ	38297	duongthuy
đại đức	38296	daiduc
độ lượng	38295	doluong
công giáo	38294	conggiao
Hán Nôm	38293	hannom
Hương Khê	38292	huongkhe
Mã Lai	38291	malai
Nghi Xuân	38290	nghixuan
biểu thức	38289	bieuthuc
bạch đàn	38288	bachdan
bại lộ	38287	bailo
bất biến	38286	batbien
cả thảy	38285	cathay
cầu toàn	38284	cautoan
cực lạc	38283	cuclac
dưng	38282	dung
dấn	38281	dan
dịch tễ	38280	dichte
gấc	38279	gac
hao mòn	38278	haomon
hoang phí	38277	hoangphi
hoà tấu	38276	hoatau
hào hoa	38275	haohoa
hải ly	38274	haily
hằng số	38273	hangso
im lìm	38272	imlim
khựa	38271	khua
lam lũ	38270	lamlu
lác đác	38269	lacdac
lẻ tẻ	38268	lete
manh mún	38267	manhmun
muộn màng	38266	muonmang
muộn phiền	38265	muonphien
máy sấy tóc	38264	maysaytoc
mõ	38263	mo
mục lục	38262	mucluc
mỹ lệ	38261	myle
nay mai	38260	naymai
nghi binh	38259	nghibinh
nguyệt thực	38258	nguyetthuc
ngàn xưa	38257	nganxua
ngông	38256	ngong
nô đùa	38255	nodua
nước máy	38254	nuocmay
phát tác	38253	phattac
phân ly	38252	phanly
răng cửa	38251	rangcua
sĩ số	38250	siso
sự vụ	38249	suvu
thính phòng	38248	thinhphong
thó	38247	tho
thợ điện	38246	thodien
tri giác	38245	trigiac
trung điểm	38244	trungdiem
tăng ni	38243	tangni
tập san	38242	tapsan
tỉnh lỵ	38241	tinhly
vi vu	38240	vivu
xanh lam	38239	xanhlam
xem mặt	38238	xemmat
xê dịch	38237	xedich
xô bồ	38236	xobo
xúm	38235	xum
xẻo	38234	xeo
yên ả	38233	yena
ái chà	38232	aicha
đóng khung	38231	dongkhung
đả kích	38230	dakich
đảo quốc	38229	daoquoc
Ai Cập	38228	aicap
Nam Hàn	38227	namhan
U Minh	38226	uminh
bao tiêu	38225	baotieu
bày đặt	38224	baydat
bứt rứt	38223	butrut
cao tay	38222	caotay
cao vút	38221	caovut
chắt lọc	38220	chatloc
chống phá	38219	chongpha
cá nóc	38218	canoc
cữ	38217	cu
dòm ngó	38216	domngo
giang sơn	38215	giangson
hò hẹn	38214	hohen
hú hí	38213	huhi
hư vô	38212	huvo
hội hè	38211	hoihe
khất	38210	khat
lễ độ	38209	ledo
lộng	38208	long
lực sĩ	38207	lucsi
mót	38206	mot
mơn mởn	38205	monmon
mất mùa	38204	matmua
nghiêm trang	38203	nghiemtrang
ngẩn	38202	ngan
ngồi xổm	38201	ngoixom
nhép	38200	nhep
nhắn gửi	38199	nhangui
nhị phân	38198	nhiphan
nhọc	38197	nhoc
nhủ	38196	nhu
nào ngờ	38195	naongo
nước xốt	38194	nuocxot
nồng hậu	38193	nonghau
pha trò	38192	phatro
suy tàn	38191	suytan
thuỷ ngân	38190	thuyngan
thô kệch	38189	thokech
thủ thỉ	38188	thuthi
tinh thông	38187	tinhthong
tuyệt kỹ	38186	tuyetky
tối hậu thư	38185	toihauthu
tụ hội	38184	tuhoi
tử ngoại	38183	tungoai
việc gì	38182	viecgi
xông pha	38181	xongpha
xếp đặt	38180	xepdat
ăn hại	38179	anhai
ăn khớp	38178	ankhop
đánh đòn	38177	danhdon
đích danh	38176	dichdanh
đường đột	38175	duongdot
đại thắng	38174	daithang
đất cát	38173	datcat
đớn đau	38172	dondau
An Dương	38171	anduong
Hoa Đông	38170	hoadong
Song Ngư	38169	songngu
anh minh	38167	anhminh
bình phương	38166	binhphuong
bấc	38165	bac
bến bờ	38164	benbo
chửi rủa	38163	chuirua
cấp dưỡng	38162	capduong
cắn rứt	38161	canrut
cực hình	38160	cuchinh
danh thủ	38159	danhthu
dằn	38158	dan
giáo điều	38157	giaodieu
giả danh	38156	giadanh
giấc mơ	38155	giacmo
gạ gẫm	38154	gagam
hào hiệp	38153	haohiep
hồ đồ	38152	hodo
khuếch tán	38151	khuechtan
kháng nguyên	38150	khangnguyen
kiêng kỵ	38149	kiengky
kính cẩn	38148	kinhcan
kính mến	38147	kinhmen
luận tội	38146	luantoi
làm lụng	38145	lamlung
lộ giới	38144	logioi
ma vương	38143	mavuong
mống	38142	mong
nghịch cảnh	38141	nghichcanh
ngon ngọt	38140	ngonngot
ngà voi	38139	ngavoi
phét	38138	phet
quắc	38137	quac
rái cá	38136	raica
rắn rỏi	38135	ranroi
sậy	38134	say
sớ	38133	so
thiếu gì	38132	thieugi
thỏ đế	38131	thode
tinh binh	38130	tinhbinh
trị số	38129	triso
tính trạng	38128	tinhtrang
tỉnh ngộ	38127	tinhngo
vãng lai	38126	vanglai
ánh dương	38125	anhduong
điều phối viên	38124	dieuphoivien
điểm xuyết	38123	diemxuyet
đĩa hát	38122	diahat
đọt	38121	dot
độc thoại	38120	docthoai
độc tôn	38119	docton
đớp	38118	dop
Ma Kết	38116	maket
Trân Châu Cảng	38115	tranchaucang
buộc lòng	38114	buoclong
bát ngát	38113	batngat
bù trừ	38112	butru
bằng lăng	38111	banglang
bọ ngựa	38110	bongua
cay cú	38109	caycu
chu toàn	38108	chutoan
chái	38107	chai
chân như	38106	channhu
chạy chữa	38105	chaychua
chấu	38104	chau
chật cứng	38103	chatcung
công tâm	38102	congtam
cư sĩ	38101	cusi
dân tình	38100	dantinh
dạt dào	38099	datdao
dần dà	38098	danda
giao cấu	38097	giaocau
giòn tan	38096	giontan
hoắc	38095	hoac
hải dương học	38094	haiduonghoc
hải âu	38093	haiau
khía	38092	khia
kiếm khách	38091	kiemkhach
kèm cặp	38090	kemcap
lên cân	38089	lencan
lì lợm	38088	lilom
lơi	38087	loi
nấm hương	38086	namhuong
nịnh bợ	38085	ninhbo
phin	38084	phin
phòng mạch	38083	phongmach
phó mặc	38082	phomac
quà cáp	38081	quacap
rộn	38080	ron
rờ	38079	ro
sáng dạ	38078	sangda
sát khuẩn	38077	satkhuan
sâu nặng	38076	saunang
tay trong	38075	taytrong
thiên chức	38074	thienchuc
thuỷ lôi	38073	thuyloi
thú tính	38072	thutinh
thăng hạng	38071	thanghang
thất hứa	38070	thathua
thần học	38069	thanhoc
trơ trọi	38068	trotroi
trị an	38067	trian
tuần tự	38066	tuantu
tứ chi	38065	tuchi
vùi dập	38064	vuidap
vắng lặng	38063	vanglang
xem bói	38062	xemboi
xạ hương	38061	xahuong
yên lành	38060	yenlanh
ác quỷ	38059	acquy
ám hiệu	38058	amhieu
âm điệu	38057	amdieu
đám ma	38056	damma
đã đành	38055	dadanh
đèn điện	38054	dendien
đầu gấu	38053	daugau
đổi chác	38052	doichac
đụn	38051	dun
Ấn Độ Dương	38050	andoduong
Can Lộc	38049	canloc
Cái Răng	38048	cairang
Diêm Vương	38047	diemvuong
Lạc Việt	38045	lacviet
vượng	38044	vuong
ban phát	38043	banphat
bóng loáng	38042	bongloang
bấy	38041	bay
bẹn	38040	ben
che kín	38039	chekin
chua chát	38038	chuachat
chân tướng	38037	chantuong
chín tới	38036	chintoi
chơi vơi	38035	choivoi
chửi mắng	38034	chuimang
cá bống	38033	cabong
câu nệ	38032	caune
căm phẫn	38031	camphan
cẳng tay	38030	cangtay
dame	38029	dame
du hành	38028	duhanh
dã thú	38027	dathu
dúi	38026	dui
giong	38025	giong
gác xép	38024	gacxep
hai mươi	38023	haimuoi
hạ cấp	38022	hacap
hội trưởng	38021	hoitruong
hờn	38020	hon
hợm hĩnh	38019	homhinh
khí chất	38018	khichat
nghệ danh	38017	nghedanh
ngoặt	38016	ngoat
ngộp	38015	ngop
nhún nhường	38014	nhunnhuong
nhếch	38013	nhech
no nê	38012	none
nước lợ	38011	nuoclo
phóng sinh	38010	phongsinh
phù nề	38009	phune
phắt	38008	phat
phố xá	38007	phoxa
review	38006	review
rút ruột	38005	rutruot
rảo	38004	rao
sa lầy	38003	salay
sản khoa	38002	sankhoa
tau	38001	tau
thanh cao	38000	thanhcao
thì có	37999	thico
thông hiểu	37998	thonghieu
thần thái	37997	thanthai
thế giới quan	37996	thegioiquan
tinh khôi	37995	tinhkhoi
trang thiết bị	37994	trangthietbi
trảng	37993	trang
trấn tĩnh	37992	trantinh
tách bạch	37991	tachbach
u tối	37990	utoi
um tùm	37989	umtum
vàm	37988	vam
xuất thần	37987	xuatthan
xơ hoá	37986	xohoa
đáng đời	37985	dangdoi
đánh đồng	37984	danhdong
đút lót	37983	dutlot
đơn ca	37982	donca
Hàng Châu	37981	hangchau
Ma Cao	37980	macao
mẫn	37979	man
Sa Huỳnh	37978	sahuynh
Sơn Đông	37977	sondong
Thiên Tân	37976	thientan
thuỵ	37975	thuy
Thánh Thần	37974	thanhthan
biếc	37970	biec
bách hoá	37969	bachhoa
bút bi	37968	butbi
bộ hành	37967	bohanh
châm chọc	37966	chamchoc
chói chang	37965	choichang
chỉ giáo	37964	chigiao
chỏm	37963	chom
credit	37962	credit
cuồng phong	37961	cuongphong
câu kết	37960	cauket
cạc	37959	cac
cải bắp	37958	caibap
dôi	37957	doi
dược học	37956	duochoc
dẫn truyền	37955	dantruyen
hoan hỷ	37954	hoanhy
hình nón	37953	hinhnon
hình nộm	37952	hinhnom
hồ nghi	37951	honghi
hợp thời	37950	hopthoi
khoa trương	37949	khoatruong
khoáng	37948	khoang
khấm khá	37947	khamkha
kết giới	37946	ketgioi
linh cữu	37945	linhcuu
loạn luân	37944	loanluan
lục đục	37943	lucduc
mong ngóng	37942	mongngong
ngao ngán	37941	ngaongan
nghiễm nhiên	37940	nghiemnhien
ngủm	37939	ngum
nhiệt thành	37938	nhietthanh
nhường nhịn	37937	nhuongnhin
nhỏ nhen	37936	nhonhen
no đủ	37935	nodu
ná	37934	na
phiền nhiễu	37933	phiennhieu
quy phạm	37932	quypham
rau răm	37931	rauram
rách nát	37930	rachnat
sánh vai	37929	sanhvai
thung	37928	thung
thành khẩn	37927	thanhkhan
tháng chạp	37926	thangchap
thênh thang	37925	thenhthang
thất thiệt	37924	thatthiet
thập cẩm	37923	thapcam
tinh ý	37922	tinhy
to nhỏ	37921	tonho
trang viên	37920	trangvien
tránh ra	37919	tranhra
trầm mặc	37918	trammac
tâm thất	37917	tamthat
tín chấp	37916	tinchap
tóc tai	37915	toctai
tổng duyệt	37914	tongduyet
vật lý học	37913	vatlyhoc
vẹn toàn	37912	ventoan
xén	37911	xen
xứng đôi	37910	xungdoi
ôn đới	37909	ondoi
Đông Hồ	37908	dongho
đinh ninh	37907	dinhninh
điêu đứng	37906	dieudung
đối nội	37905	doinoi
động lực học	37904	dongluchoc
Bảo Bình	37903	baobinh
Hà Bắc	37902	habac
Lạc Long Quân	37901	laclongquan
Ngọc Hoàng	37900	ngochoang
Phú Vang	37899	phuvang
Thiên Chúa giáo	37898	thienchuagiao
thiều	37897	thieu
Thốt Nốt	37896	thotnot
bánh bèo	37894	banhbeo
bó buộc	37893	bobuoc
chi chít	37892	chichit
chiêm bao	37891	chiembao
chiêm tinh	37890	chiemtinh
chuyên cần	37889	chuyencan
chênh vênh	37888	chenhvenh
chải chuốt	37887	chaichuot
chần	37886	chan
chế định	37885	chedinh
chổng	37884	chong
cầu may	37883	caumay
cố hữu	37882	cohuu
cột trụ	37881	cottru
duy tu	37880	duytu
e ấp	37879	eap
ganh ghét	37878	ganhghet
ghẹo	37877	gheo
giằng	37876	giang
giồng	37875	giong
gầu	37874	gau
gật gù	37873	gatgu
hoà nhạc	37872	hoanhac
hành kinh	37871	hanhkinh
hải sâm	37870	haisam
hầu tước	37869	hautuoc
khu công nghiệp	37868	khucongnghiep
khánh kiệt	37867	khanhkiet
khò khè	37866	khokhe
loạn xạ	37865	loanxa
lính thuỷ	37864	linhthuy
lạc đề	37863	lacde
miệt vườn	37862	mietvuon
mua dâm	37861	muadam
mờ mịt	37860	momit
mửa	37859	mua
ngang ngược	37858	ngangnguoc
nghiêm nghị	37857	nghiemnghi
nguyên khí	37856	nguyenkhi
nguyên trạng	37855	nguyentrang
ngũ quả	37854	nguqua
ngư trường	37853	ngutruong
nẻ	37852	ne
oằn	37851	oan
pháo bông	37850	phaobong
phóng túng	37849	phongtung
phục dựng	37848	phucdung
quyền thế	37847	quyenthe
quá lời	37846	qualoi
rây	37845	ray
rập khuôn	37844	rapkhuon
si mê	37843	sime
sư phụ	37842	suphu
số nguyên tố	37841	songuyento
tan tác	37840	tantac
thăn	37839	than
thượng nghị viện	37838	thuongnghivien
thượng uý	37837	thuonguy
tráp	37836	trap
trù	37835	tru
trơ trẽn	37834	trotren
tuần duyên	37833	tuanduyen
vèo	37832	veo
vĩ tuyến	37831	vituyen
vạm vỡ	37830	vamvo
xà cừ	37829	xacu
xù xì	37828	xuxi
xúi	37827	xui
đa tài	37826	datai
đáo hạn	37825	daohan
đúc rút	37824	ducrut
đầm đìa	37823	damdia
đầu đuôi	37822	dauduoi
đẳng thức	37821	dangthuc
đội lốt	37820	doilot
Vu Lan	37819	vulan
an nhàn	37818	annhan
bo mạch chủ	37817	bomachchu
bạn hữu	37816	banhuu
bất hiếu	37815	bathieu
bửa	37814	bua
chim chóc	37813	chimchoc
chim cút	37812	chimcut
chủ ngữ	37811	chungu
chứng tích	37810	chungtich
clgt	37809	clgt
công nông	37808	congnong
cơm bữa	37807	combua
cắt xén	37806	catxen
cỏn con	37805	concon
dụng ý	37804	dungy
gia bảo	37803	giabao
giải nghĩa	37802	giainghia
hà mã	37801	hama
hạ sĩ quan	37800	hasiquan
khiếp đảm	37799	khiepdam
khí tài	37798	khitai
kiếm thuật	37797	kiemthuat
linh đình	37796	linhdinh
luận cứ	37795	luancu
lãnh cảm	37794	lanhcam
lấm	37793	lam
miền xuôi	37792	mienxuoi
mênh mang	37791	menhmang
mím	37790	mim
mông lung	37789	monglung
măm	37788	mam
mướp đắng	37787	muopdang
mật danh	37786	matdanh
mặc xác	37785	macxac
nam mô	37784	nammo
nham nhở	37783	nhamnho
nhiệt năng	37782	nhietnang
nhón	37781	nhon
nhớ đời	37780	nhodoi
nên chăng	37779	nenchang
nửa chừng	37778	nuachung
phác	37777	phac
phễu	37776	pheu
phụng dưỡng	37775	phungduong
phủ quyết	37774	phuquyet
quát tháo	37773	quatthao
râu ria	37772	rauria
ríu rít	37771	riurit
sơn cước	37770	soncuoc
thiếu gia	37769	thieugia
thua thiệt	37768	thuathiet
thuốc nam	37767	thuocnam
tiến thoái	37766	tienthoai
tiểu liên	37765	tieulien
trá hình	37764	trahinh
tương tư	37763	tuongtu
tổng đốc	37762	tongdoc
tự vấn	37761	tuvan
vong linh	37760	vonglinh
vàng hoe	37759	vanghoe
xe đẩy	37758	xeday
xâu chuỗi	37757	xauchuoi
ém	37756	em
điềm đạm	37755	diemdam
đoài	37754	doai
đánh rắm	37753	danhram
đĩa bay	37752	diabay
đầm phá	37751	dampha
đổ thừa	37750	dothua
ấu trĩ	37749	autri
Bạch Mã	37748	bachma
Bắc Kỳ	37747	backy
Bến Cát	37746	bencat
bụt	37745	but
Nam Tư	37744	namtu
Ngọc Linh	37743	ngoclinh
nhuệ	37742	nhue
amoniac	37740	amoniac
ban bố	37739	banbo
biết chừng	37738	bietchung
biểu ngữ	37737	bieungu
bàn tính	37736	bantinh
bói toán	37735	boitoan
bọ xít	37734	boxit
bộc phát	37733	bocphat
cao cường	37732	caocuong
chan chứa	37731	chanchua
chiêu bài	37730	chieubai
chong chóng	37729	chongchong
chu du	37728	chudu
chính diện	37727	chinhdien
chăm nom	37726	chamnom
công điện	37725	congdien
căng tin	37724	cangtin
cưng chiều	37723	cungchieu
cầu chì	37722	cauchi
cầu dao	37721	caudao
cụp	37720	cup
dăm ba	37719	damba
dạ vũ	37718	davu
dỗi	37717	doi
dự liệu	37716	dulieu
giao điểm	37715	giaodiem
giá thú	37714	giathu
gượm	37713	guom
hay chữ	37712	haychu
huênh hoang	37711	huenhhoang
hy hữu	37710	hyhuu
háo	37709	hao
hôn hít	37708	honhit
khai cuộc	37707	khaicuoc
khư khư	37706	khukhu
khổ hạnh	37705	khohanh
khựng	37704	khung
lem	37703	lem
lóng	37702	long
minh quân	37701	minhquan
mào	37700	mao
máu cam	37699	maucam
măng cụt	37698	mangcut
mộ đạo	37697	modao
mở toang	37696	motoang
mừng tuổi	37695	mungtuoi
nghiệt	37694	nghiet
nghĩa bóng	37693	nghiabong
nguyệt quế	37692	nguyetque
nguệch ngoạc	37691	nguechngoac
nguỵ biện	37690	nguybien
ngáo	37689	ngao
ngẫu	37688	ngau
nhíp	37687	nhip
nhẹ dạ	37686	nheda
nhị ca	37685	nhica
nước dãi	37684	nuocdai
phom	37683	phom
quai bị	37682	quaibi
quản giáo	37681	quangiao
quỷ quyệt	37680	quyquyet
râm	37679	ram
rủa	37678	rua
súng cối	37677	sungcoi
súp lơ	37676	suplo
sơn thuỷ	37675	sonthuy
sư đệ	37674	sude
sởn	37673	son
thiên hoàng	37672	thienhoang
thoái vị	37671	thoaivi
thu thuỷ	37670	thuthuy
thám thính	37669	thamthinh
thình thịch	37668	thinhthich
thô bỉ	37667	thobi
thạch tín	37666	thachtin
truyền kiếp	37665	truyenkiep
trà xanh	37664	traxanh
tuyệt thực	37663	tuyetthuc
tuỳ theo	37662	tuytheo
tài phiệt	37661	taiphiet
tá túc	37660	tatuc
tí xíu	37659	tixiu
tưng tưng	37658	tungtung
tạp dề	37657	tapde
uốn ván	37656	uonvan
viện dẫn	37655	viendan
vô chủ	37654	vochu
vô kể	37653	voke
vấn đáp	37652	vandap
xuất siêu	37651	xuatsieu
xúp	37650	xup
ái tình	37649	aitinh
ánh kim	37648	anhkim
âm vang	37647	amvang
đa tình	37646	datinh
đương quy	37645	duongquy
đồng thanh	37644	dongthanh
Hồ Nam	37643	honam
Kiến An	37641	kienan
Mê Kông	37640	mekong
Thâm Quyến	37639	thamquyen
binh pháp	37638	binhphap
biệt tài	37637	biettai
buýt	37636	buyt
bùi ngùi	37635	buingui
bươn chải	37634	buonchai
bề bộn	37633	bebon
bức bối	37632	bucboi
ca nô	37631	cano
chuỳ	37630	chuy
chất phác	37629	chatphac
chết yểu	37628	chetyeu
cuồng nộ	37627	cuongno
cá ngựa	37626	cangua
cơ số	37625	coso
cảnh tỉnh	37624	canhtinh
danh hoạ	37623	danhhoa
duy tâm	37622	duytam
dải phân cách	37621	daiphancach
dịch tả	37620	dichta
dồi	37619	doi
ghen tức	37618	ghentuc
hiềm khích	37617	hiemkhich
hình chiếu	37616	hinhchieu
hệ thống hoá	37615	hethonghoa
hổ lốn	37614	holon
khuôn phép	37613	khuonphep
khăng khít	37612	khangkhit
kiềng	37611	kieng
lai rai	37610	lairai
loang lổ	37609	loanglo
lâm chung	37608	lamchung
lâm trận	37607	lamtran
lơ mơ	37606	lomo
minh chứng	37605	minhchung
mát rượi	37604	matruoi
mê đắm	37603	medam
mồ mả	37602	moma
ngấm ngầm	37601	ngamngam
nhòm ngó	37600	nhomngo
nhơ bẩn	37599	nhoban
organ	37598	organ
phúc âm	37597	phucam
quá thể	37596	quathe
ranh con	37595	ranhcon
rầu	37594	rau
rối ren	37593	roiren
sách lược	37592	sachluoc
tan hoang	37591	tanhoang
thiểu số	37590	thieuso
thuốc tây	37589	thuoctay
thuỷ cung	37588	thuycung
thì thào	37587	thithao
tiền đồ	37586	tiendo
tù và	37585	tuva
tư chất	37584	tuchat
tổ ong	37583	toong
uất ức	37582	uatuc
việt vị	37581	vietvi
víu	37580	viu
vóc	37579	voc
vú sữa	37578	vusua
vươn mình	37577	vuonminh
vạn năng	37576	vannang
vụ lợi	37575	vuloi
vừa miệng	37574	vuamieng
xiêu lòng	37573	xieulong
xuýt xoa	37572	xuytxoa
xả láng	37571	xalang
êm ấm	37570	emam
ì ạch	37569	iach
ăn hỏi	37568	anhoi
đại hãn	37567	daihan
đôi mươi	37566	doimuoi
đường cao	37565	duongcao
được cái	37564	duoccai
đếm xỉa	37563	demxia
đối lưu	37562	doiluu
động năng	37561	dongnang
ứa	37560	ua
Tây Đức	37559	tayduc
an phận	37558	anphan
asen	37557	asen
biến số	37556	bienso
bà chúa	37555	bachua
báo hiếu	37554	baohieu
cao ngất	37553	caongat
choán	37552	choan
chuyên chế	37551	chuyenche
chót vót	37550	chotvot
chẳng trách	37549	changtrach
chứng thư	37548	chungthu
cuốc bộ	37547	cuocbo
công chính	37546	congchinh
cối xay gió	37545	coixaygio
cốt cách	37544	cotcach
dẫy	37543	day
ghệ	37542	ghe
gian xảo	37541	gianxao
giày vò	37540	giayvo
giáo phận	37539	giaophan
gốc gác	37538	gocgac
hoàn cầu	37537	hoancau
huống hồ	37536	huongho
hạ giới	37535	hagioi
hồ lô	37534	holo
khoan khoái	37533	khoankhoai
khổ thân	37532	khothan
loà	37531	loa
lạnh ngắt	37530	lanhngat
lồng lộng	37529	longlong
magie	37528	magie
nguyên hình	37527	nguyenhinh
ngào ngạt	37526	ngaongat
ngân nga	37525	ngannga
ngấn	37524	ngan
nhọ	37523	nho
nài	37522	nai
nàng thơ	37521	nangtho
nước đái	37520	nuocdai
nể nang	37519	nenang
nửa vời	37518	nuavoi
phì nhiêu	37517	phinhieu
quy y	37516	quyy
quyến luyến	37515	quyenluyen
quá tay	37514	quatay
quý tử	37513	quytu
quơ	37512	quo
riềng	37511	rieng
rẻ mạt	37510	remat
san sát	37509	sansat
suôn	37508	suon
sướt mướt	37507	suotmuot
thương tình	37506	thuongtinh
thầy lang	37505	thaylang
treo giò	37504	treogio
trắng muốt	37503	trangmuot
trớ	37502	tro
típ	37501	tip
tô vẽ	37500	tove
tăng viện	37499	tangvien
tứ tung	37498	tutung
tự động hoá	37497	tudonghoa
võ sĩ đạo	37496	vosidao
vùn vụt	37495	vunvut
vũ phu	37494	vuphu
vương giả	37493	vuonggia
xanh ngắt	37492	xanhngat
xỉa	37491	xia
ái mộ	37490	aimo
Đức Quốc Xã	37489	ducquocxa
đu quay	37488	duquay
ướt sũng	37487	uotsung
Bắc Đẩu	37486	bacdau
Côn Minh	37485	conminh
amidan	37484	amidan
anh túc	37483	anhtuc
bông gòn	37482	bonggon
bảng đen	37481	bangden
cai sữa	37480	caisua
cao hứng	37479	caohung
chân giò	37478	changio
chúc tụng	37477	chuctung
chất đốt	37476	chatdot
chột	37475	chot
chờ mong	37474	chomong
càu nhàu	37473	caunhau
cá cơm	37472	cacom
các tông	37471	cactong
cãi lộn	37470	cailon
căn cơ	37469	canco
cưỡng đoạt	37468	cuongdoat
dạy đời	37467	daydoi
flex	37466	flex
gai ốc	37465	gaioc
giằng xé	37464	giangxe
gâu	37463	gau
gạt tàn	37462	gattan
huyện lỵ	37461	huyenly
hình nhân	37460	hinhnhan
hớt	37459	hot
long vương	37458	longvuong
lận đận	37457	landan
lắp bắp	37456	lapbap
man di	37455	mandi
mở hàng	37454	mohang
nhanh trí	37453	nhanhtri
nhập môn	37452	nhapmon
oách	37451	oach
phổ quát	37450	phoquat
phục thù	37449	phucthu
quánh	37448	quanh
rách rưới	37447	rachruoi
ròng rọc	37446	rongroc
rầu rĩ	37445	rauri
sính	37444	sinh
thinh	37443	thinh
thuôn	37442	thuon
thuốc lào	37441	thuoclao
thơ thẩn	37440	thothan
thẹn	37439	then
thổ phỉ	37438	thophi
tinh thần đồng đội	37437	tinhthandongdoi
trố	37436	tro
túng thiếu	37435	tungthieu
tươi rói	37434	tuoiroi
tối om	37433	toiom
tổng lãnh sự quán	37432	tonglanhsuquan
véo	37431	veo
vĩ nhân	37430	vinhan
vẹn	37429	ven
vỗ béo	37428	vobeo
xoàng	37427	xoang
óng ánh	37426	onganh
ĐM	37425	dm
đi cầu	37424	dicau
đường chéo	37423	duongcheo
đắm đuối	37422	damduoi
đồng áng	37421	dongang
đỡ đần	37420	dodan
ất	37419	at
A Lưới	37418	aluoi
biến tướng	37415	bientuong
bên nguyên	37414	bennguyen
bôn ba	37413	bonba
bút pháp	37412	butphap
bột giặt	37411	botgiat
bụ bẫm	37410	bubam
cao ngạo	37409	caongao
chấn hưng	37408	chanhung
co ro	37407	coro
công xưởng	37406	congxuong
danh lợi	37405	danhloi
dung thứ	37404	dungthu
dâm ô	37403	damo
este	37402	este
ghìm	37401	ghim
giống nòi	37400	giongnoi
gái nhảy	37399	gainhay
hoa giấy	37398	hoagiay
hàn huyên	37397	hanhuyen
hậu đậu	37396	haudau
hắc ín	37395	hacin
hẹp hòi	37394	hephoi
hội kiến	37393	hoikien
hờn dỗi	37392	hondoi
hửng	37391	hung
khuếch trương	37390	khuechtruong
khí công	37389	khicong
khẩn thiết	37388	khanthiet
kính chúc	37387	kinhchuc
loạng choạng	37386	loangchoang
lãnh đạm	37385	lanhdam
lão luyện	37384	laoluyen
líu lo	37383	liulo
lóng ngóng	37382	longngong
mã đề	37381	made
mưu cầu	37380	muucau
mặt dày	37379	matday
mố	37378	mo
ngang bướng	37377	ngangbuong
ngoa	37376	ngoa
ngoạm	37375	ngoam
ngưng trệ	37374	ngungtre
ngạn ngữ	37373	nganngu
ngớ	37372	ngo
ngữ âm	37371	nguam
nham thạch	37370	nhamthach
nhen	37369	nhen
nhàu	37368	nhau
nhỏ nhẹ	37367	nhonhe
nườm nượp	37366	nuomnuop
nối nghiệp	37365	noinghiep
nứng	37364	nung
om sòm	37363	omsom
phòng thân	37362	phongthan
phú cường	37361	phucuong
quy phục	37360	quyphuc
quết	37359	quet
rạch ròi	37358	rachroi
sệt	37357	set
số nguyên	37356	songuyen
sự đời	37355	sudoi
thiếu phụ	37354	thieuphu
thính lực	37353	thinhluc
tiến thân	37352	tienthan
trắng trẻo	37351	trangtreo
tề tựu	37350	tetuu
uỷ nhiệm	37349	uynhiem
vàng son	37348	vangson
xèo	37347	xeo
yên giấc	37346	yengiac
Đồng Lộc	37345	dongloc
đa giác	37344	dagiac
đích xác	37343	dichxac
đường phèn	37342	duongphen
đại ý	37341	daiy
ồn ã	37340	ona
Cát Hải	37339	cathai
Hồng Lĩnh	37338	honglinh
Lê Chân	37337	lechan
Phú Sĩ	37336	phusi
Sa Đéc	37335	sadec
Thanh Hải	37334	thanhhai
Thạch Hà	37332	thachha
Trung Á	37331	trunga
bà ba	37330	baba
bún chả	37329	buncha
băng tải	37328	bangtai
bất quá	37327	batqua
bất định	37326	batdinh
bế giảng	37325	begiang
chuôi	37324	chuoi
châu Mỹ	37323	chaumy
chết đứng	37322	chetdung
cà chớn	37321	cachon
cáo phó	37320	caopho
cơ năng	37319	conang
danh tánh	37318	danhtanh
diễu	37317	dieu
dài dài	37316	daidai
dã tâm	37315	datam
dư chấn	37314	duchan
già cả	37313	giaca
ham thích	37312	hamthich
hiền hậu	37311	hienhau
háo sắc	37310	haosac
hùa	37309	hua
hải dương	37308	haiduong
hầy	37307	hay
hớ hênh	37306	hohenh
inh ỏi	37305	inhoi
khò	37304	kho
kim khí	37303	kimkhi
kiếm chác	37302	kiemchac
kiết	37301	kiet
kếch xù	37300	kechxu
lèo	37299	leo
lương bổng	37298	luongbong
lưỡi lê	37297	luoile
mách lẻo	37296	machleo
mì chính	37295	michinh
móp	37294	mop
nanh vuốt	37293	nanhvuot
nguyên âm	37292	nguyenam
nhàm	37291	nham
nước lèo	37290	nuocleo
oái oăm	37289	oaioam
phái viên	37288	phaivien
phóng đãng	37287	phongdang
phớt	37286	phot
quệt	37285	quet
rụt	37284	rut
sai bảo	37283	saibao
sinh kế	37282	sinhke
sơ đẳng	37281	sodang
sưu	37280	suu
số học	37279	sohoc
thành thử	37278	thanhthu
thế mạnh	37277	themanh
thế tục	37276	thetuc
thếp	37275	thep
thớ	37274	tho
thừ	37273	thu
truyền cảm	37272	truyencam
truyền đơn	37271	truyendon
trí lực	37270	triluc
trấn lột	37269	tranlot
tá hoả	37268	tahoa
tầm gửi	37267	tamgui
tập tính	37266	taptinh
tức tốc	37265	tuctoc
vòi rồng	37264	voirong
võ nghệ	37263	vonghe
văn bia	37262	vanbia
vọc	37261	voc
xông xáo	37260	xongxao
èo uột	37259	eouot
Đông Âu	37258	dongau
đê hèn	37257	dehen
đậu khấu	37256	daukhau
đặc phái viên	37255	dacphaivien
Bắc Carolina	37254	baccarolina
Tây An	37253	tayan
tây du ký	37252	tayduky
ban mai	37251	banmai
bis	37250	bis
bạch tạng	37249	bachtang
bả vai	37248	bavai
bắt mạch	37247	batmach
bệnh sử	37246	benhsu
bị thịt	37245	bithit
cay nghiệt	37244	caynghiet
chõ	37243	cho
chùa chiền	37242	chuachien
chốc chốc	37241	chocchoc
chử	37240	chu
cõi âm	37239	coiam
cúng bái	37238	cungbai
cơ nghiệp	37237	conghiep
cải biến	37236	caibien
cổ lỗ	37235	colo
duyên số	37234	duyenso
dằn mặt	37233	danmat
dịch hạch	37232	dichhach
dừa nước	37231	duanuoc
giàu mạnh	37230	giaumanh
gảy	37229	gay
gọi là	37228	goila
hiệu số	37227	hieuso
hoa đăng	37226	hoadang
hoan lạc	37225	hoanlac
hoà khí	37224	hoakhi
hoại	37223	hoai
hí hửng	37222	hihung
hồng tâm	37221	hongtam
kiêu	37220	kieu
kẻng	37219	keng
le lói	37218	leloi
loa kèn	37217	loaken
luộm thuộm	37216	luomthuom
láy	37215	lay
lụp xụp	37214	lupxup
lực lưỡng	37213	lucluong
mangan	37212	mangan
mớm	37211	mom
ngược xuôi	37210	nguocxuoi
nối ngôi	37209	noingoi
phai mờ	37208	phaimo
phai nhạt	37207	phainhat
phân xử	37206	phanxu
phúc đức	37205	phucduc
queo	37204	queo
quốc tế hoá	37203	quoctehoa
ré	37202	re
rì rào	37201	rirao
thoáng khí	37200	thoangkhi
thu nhặt	37199	thunhat
thuốc bắc	37198	thuocbac
thảng thốt	37197	thangthot
tiết canh	37196	tietcanh
tiểu hổ	37195	tieuho
trung quân	37194	trungquan
truy điệu	37193	truydieu
trùn	37192	trun
trầm hương	37191	tramhuong
tía tô	37190	tiato
tóc tiên	37189	toctien
vun	37188	vun
vịn	37187	vin
xàm	37186	xam
xấc láo	37185	xaclao
xấc xược	37184	xacxuoc
án phí	37183	anphi
đô hộ	37182	doho
đả đảo	37181	dadao
đằng đẵng	37180	dangdang
ỉa chảy	37179	iachay
ống nghe	37178	ongnghe
Chiêm Thành	37177	chiemthanh
gianh	37176	gianh
Ngân Hà	37174	nganha
Thần Nông	37173	thannong
Văn Học	37172	vanhoc
biếm hoạ	37171	biemhoa
biển thủ	37170	bienthu
bút lông	37169	butlong
bươm bướm	37168	buombuom
coi sóc	37167	coisoc
cá chình	37166	cachinh
cơ mật	37165	comat
cầu khẩn	37164	caukhan
cắt nghĩa	37163	catnghia
cặp bồ	37162	capbo
du đãng	37161	dudang
dung túng	37160	dungtung
dẫn giải	37159	dangiai
flo	37158	flo
giải oan	37157	giaioan
gở	37156	go
húp	37155	hup
hạ đẳng	37154	hadang
hải mã	37153	haima
hủi	37152	hui
khuây	37151	khuay
khả dụng	37150	khadung
kỳ đà	37149	kyda
lăng xăng	37148	langxang
lấm lem	37147	lamlem
mưu trí	37145	muutri
mảnh khảnh	37144	manhkhanh
mấu	37143	mau
mịt mù	37142	mitmu
mỹ nhân kế	37141	mynhanke
ngu muội	37140	ngumuoi
ngã ngũ	37139	ngangu
ngút ngàn	37138	ngutngan
nhõng nhẽo	37137	nhongnheo
nhẫn nhục	37136	nhannhuc
phong lưu	37135	phongluu
phát thanh viên	37134	phatthanhvien
phèo	37133	pheo
phế phẩm	37132	phepham
phọt	37131	phot
phụ âm	37130	phuam
phủ đầu	37129	phudau
quán xá	37128	quanxa
rao giảng	37127	raogiang
riêu	37126	rieu
rành rành	37125	ranhranh
rươi	37124	ruoi
rỉa	37123	ria
sở trưởng	37122	sotruong
thuốc mỡ	37121	thuocmo
thông dịch viên	37120	thongdichvien
thông gia	37119	thonggia
thư tịch	37118	thutich
thậm tệ	37117	thamte
thị tộc	37116	thitoc
thứ năm	37115	thunam
tinh tường	37114	tinhtuong
tiền đình	37113	tiendinh
tính sổ	37112	tinhso
tóm lược	37111	tomluoc
tổng lãnh sự	37110	tonglanhsu
tựa hồ	37109	tuaho
vẩn vơ	37108	vanvo
xuỳ	37107	xuy
điện phân	37106	dienphan
điện trường	37105	dientruong
đánh đố	37104	danhdo
đấu trí	37103	dautri
đồ ăn	37102	doan
độc chiếm	37101	docchiem
ẩm thấp	37100	amthap
ỳ	37099	y
Mãn Châu	37097	manchau
Phước Sơn	37096	phuocson
Sơn Dương	37095	sonduong
Tam Hoàng	37094	tamhoang
Thu Bồn	37093	thubon
Tiệp Khắc	37092	tiepkhac
bành	37090	banh
bòng bong	37089	bongbong
bùn lầy	37088	bunlay
bần cùng	37087	bancung
bỉ ổi	37086	bioi
chiều tà	37085	chieuta
chí khí	37084	chikhi
chậc	37083	chac
cuội	37082	cuoi
cá trích	37081	catrich
cánh tay phải	37080	canhtayphai
cạ	37079	ca
gia tiên	37078	giatien
giàn giáo	37077	giangiao
giải tích	37076	giaitich
giập	37075	giap
gạ	37074	ga
hành tung	37073	hanhtung
háu	37072	hau
hình thang	37071	hinhthang
hư ảo	37070	huao
hải lưu	37069	hailuu
hộ lý	37068	holy
kim chi	37067	kimchi
kiêng khem	37066	kiengkhem
liệm	37065	liem
lâm bệnh	37064	lambenh
lò rèn	37063	loren
lôi đình	37062	loidinh
lạp xưởng	37061	lapxuong
lốt	37060	lot
mồn một	37059	monmot
nem chua	37058	nemchua
neon	37057	neon
người dưng	37056	nguoidung
ngặt	37055	ngat
niken	37054	niken
niêu	37053	nieu
phép toán	37052	pheptoan
phồn hoa	37051	phonhoa
pằng	37050	pang
quăn	37049	quan
rung cảm	37048	rungcam
rung rinh	37047	rungrinh
răn dạy	37046	randay
rốt ráo	37045	rotrao
so le	37044	sole
soạn giả	37043	soangia
sổng	37042	song
thanh thiếu niên	37041	thanhthieunien
thuỷ quái	37039	thuyquai
thông dịch	37038	thongdich
thực vật học	37037	thucvathoc
tiếng lóng	37036	tienglong
trĩu	37035	triu
tàu bè	37034	taube
tông đồ	37033	tongdo
tư lợi	37032	tuloi
tẻ	37031	te
u buồn	37030	ubuon
uy nghiêm	37029	uynghiem
vectơ	37028	vecto
viện kiểm sát	37027	vienkiemsat
vành móng ngựa	37026	vanhmongngua
vỡ lở	37025	volo
yểu điệu	37024	yeudieu
ét	37023	et
đười ươi	37022	duoiuoi
đặc hữu	37021	dachuu
đồng dao	37020	dongdao
crưm	37019	crum
Cẩm Lệ	37018	camle
mẽo	37017	meo
Nhật Lệ	37016	nhatle
Thiên Nga	37015	thiennga
Việt Cộng	37014	vietcong
Vũ Quang	37013	vuquang
beo	37012	beo
bàn ủi	37011	banui
bướu cổ	37010	buouco
chơi đểu	37009	choideu
chọt	37008	chot
chủ định	37007	chudinh
cô bác	37006	cobac
công tử bột	37005	congtubot
duyên phận	37004	duyenphan
dẻ	37003	de
ghen ghét	37002	ghenghet
giáo dưỡng	37001	giaoduong
gá	37000	ga
gắng gượng	36999	gangguong
gặng	36998	gang
hiểm hóc	36997	hiemhoc
hiển hách	36996	hienhach
huyên náo	36995	huyennao
hội chẩn	36994	hoichan
hớp hồn	36993	hophon
hợp âm	36992	hopam
khu biệt	36991	khubiet
lan man	36990	lanman
lao xao	36989	laoxao
lá lốt	36988	lalot
lèo lái	36987	leolai
lạc loài	36986	lacloai
lầm than	36985	lamthan
ma lực	36984	maluc
màng nhĩ	36983	mangnhi
máu nóng	36982	maunong
mến yêu	36981	menyeu
nghía	36980	nghia
nguyên tác	36979	nguyentac
ngũ sắc	36978	ngusac
ngọn nguồn	36977	ngonnguon
ngọt lịm	36976	ngotlim
nhộn	36975	nhon
nom	36974	nom
nơm nớp	36973	nomnop
oẹ	36972	oe
phay	36971	phay
phái sinh	36970	phaisinh
phối cảnh	36969	phoicanh
phụt	36968	phut
quá chén	36967	quachen
quái thai	36966	quaithai
rành mạch	36965	ranhmach
réo	36964	reo
si tình	36963	sitinh
sừng sỏ	36962	sungso
sử liệu	36961	sulieu
thuyền bè	36960	thuyenbe
thường phục	36959	thuongphuc
thừa cơ	36958	thuaco
tiểu thơ	36957	tieutho
trêu ngươi	36956	treunguoi
tuần báo	36955	tuanbao
tuế	36954	tue
tà thuật	36953	tathuat
tài sắc	36952	taisac
tâng	36951	tang
tầm tã	36950	tamta
tụm	36949	tum
vững bền	36948	vungben
xào xạc	36947	xaoxac
xị	36946	xi
áp tải	36945	aptai
đoạn tuyệt	36943	doantuyet
đào mỏ	36942	daomo
đánh tráo	36941	danhtrao
đìa	36940	dia
đại đồng	36939	daidong
đối địch	36938	doidich
đụt	36937	dut
ấp úng	36936	apung
ổn thoả	36935	onthoa
Chiết Giang	36934	chietgiang
Công Nguyên	36933	congnguyen
huân	36932	huan
Liêu Ninh	36931	lieuninh
Minh Trị	36930	minhtri
uông	36929	uong
ba gác	36928	bagac
bo mạch	36927	bomach
bão táp	36926	baotap
bìu	36925	biu
bạo dạn	36924	baodan
bẽn lẽn	36923	benlen
bủn xỉn	36922	bunxin
canh cánh	36921	canhcanh
chuyên cơ	36920	chuyenco
chuột đồng	36919	chuotdong
chức quyền	36918	chucquyen
crush	36917	crush
cạch	36916	cach
cầu siêu	36915	causieu
dung nhan	36914	dungnhan
duyên nợ	36913	duyenno
dại khờ	36912	daikho
dịch tễ học	36911	dichtehoc
dộng	36910	dong
enzim	36909	enzim
gian truân	36908	giantruan
giun sán	36907	giunsan
giãy	36906	giay
gầy yếu	36905	gayyeu
hoà đồng	36904	hoadong
hoả ngục	36903	hoanguc
há hốc	36902	hahoc
hèn gì	36901	hengi
hắt hủi	36900	hathui
hỗn láo	36899	honlao
khoa bảng	36898	khoabang
khoáng đạt	36897	khoangdat
khôn xiết	36896	khonxiet
kinh giới	36895	kinhgioi
kiện cáo	36894	kiencao
kình ngư	36893	kinhngu
kết duyên	36892	ketduyen
lia	36891	lia
liệng	36890	lieng
luống cuống	36889	luongcuong
lương tri	36888	luongtri
lấp ló	36887	laplo
lất phất	36886	latphat
lầm lỗi	36885	lamloi
lề mề	36884	leme
màng cứng	36883	mangcung
máy nổ	36882	mayno
mè nheo	36881	menheo
mê mệt	36880	memet
mùn cưa	36879	muncua
mưu toan	36878	muutoan
ngữ điệu	36877	ngudieu
nhân chủng học	36876	nhanchunghoc
nòng nọc	36875	nongnoc
nề	36874	ne
nội sinh	36873	noisinh
nựng	36872	nung
oai phong	36871	oaiphong
phân thân	36870	phanthan
phân viện	36869	phanvien
quả phụ	36868	quaphu
quấn quýt	36867	quanquyt
quấy phá	36866	quaypha
ròm	36864	rom
rơi rụng	36863	roirung
rủng rỉnh	36862	rungrinh
sít sao	36861	sitsao
sầm	36860	sam
tha bổng	36859	thabong
thái cực quyền	36858	thaicucquyen
thất học	36857	thathoc
tiếu lâm	36856	tieulam
trai tráng	36855	traitrang
trường thành	36854	truongthanh
trắng bệch	36853	trangbech
tác gia	36852	tacgia
tích phân	36851	tichphan
tẹt	36850	tet
uyên thâm	36849	uyentham
vô lượng	36848	voluong
vùng biên	36847	vungbien
vụng	36846	vung
xì ke	36845	xike
y nguyên	36844	ynguyen
yết kiến	36843	yetkien
đui	36842	dui
đặc xá	36841	dacxa
diệu	36839	dieu
Hải An	36838	haian
Tây Phi	36834	tayphi
biến dị	36833	biendi
bàu	36832	bau
bêu	36831	beu
bạo ngược	36830	baonguoc
bản ngữ	36829	banngu
bắt bẻ	36828	batbe
chà là	36827	chala
chính đảng	36826	chinhdang
chộ	36825	cho
chợ phiên	36824	chophien
crom	36823	crom
cá kiếm	36822	cakiem
cá mòi	36821	camoi
cô hồn	36820	cohon
công sứ	36819	congsu
công xã	36818	congxa
cất nhắc	36817	catnhac
cậu ấm	36816	cauam
cổ sinh vật học	36815	cosinhvathoc
diễu binh	36814	dieubinh
gia quyến	36813	giaquyen
giá vốn	36812	giavon
giắt	36811	giat
guồng máy	36810	guongmay
gà mờ	36809	gamo
ham hố	36808	hamho
hoạ mi	36807	hoami
huý	36806	huy
hát bội	36805	hatboi
hối cải	36804	hoicai
hững hờ	36803	hungho
inbox	36802	inbox
khoáng vật	36801	khoangvat
khắc tinh	36800	khactinh
kinh qua	36799	kinhqua
kiêu kỳ	36798	kieuky
láo xược	36797	laoxuoc
lú lẫn	36796	lulan
lật đật	36795	latdat
lố lăng	36794	lolang
man mác	36793	manmac
miệt thị	36792	mietthi
mầu nhiệm	36791	maunhiem
mềm nhũn	36790	memnhun
mỏ neo	36789	moneo
mủi lòng	36788	muilong
nghê	36787	nghe
ngóc	36786	ngoc
ngón út	36785	ngonut
no ấm	36784	noam
nuột	36783	nuot
nói thầm	36782	noitham
nô dịch	36781	nodich
nặng lời	36780	nangloi
nền nã	36779	nenna
nức tiếng	36778	nuctieng
phanh thây	36777	phanhthay
phập phồng	36776	phapphong
phật lòng	36775	phatlong
quy kết	36774	quyket
quẫn trí	36773	quantri
rá	36772	ra
rối rít	36771	roirit
sâu kín	36770	saukin
sản phụ khoa	36769	sanphukhoa
số lẻ	36768	sole
tang thương	36767	tangthuong
thanh bạch	36766	thanhbach
thiết giáp hạm	36765	thietgiapham
thành luỹ	36764	thanhluy
thắt nút	36763	thatnut
tiêu chuẩn hoá	36762	tieuchuanhoa
trách mắng	36761	trachmang
tét	36760	tet
túng	36759	tung
tổng hoà	36758	tonghoa
tới lui	36757	toilui
tờ mờ	36756	tomo
vun vén	36755	vunven
vơ vét	36754	vovet
vạn hạnh	36753	vanhanh
xúi quẩy	36752	xuiquay
âm phủ	36751	amphu
ê chề	36750	eche
ăn vạ	36749	anva
đuống	36748	duong
đanh đá	36747	danhda
đi tu	36746	ditu
đá hoa cương	36745	dahoacuong
đánh ghen	36744	danhghen
đính ước	36743	dinhuoc
đạm bạc	36742	dambac
đỏng đảnh	36741	dongdanh
đồng dạng	36740	dongdang
ưỡn	36739	uon
An Lão	36738	anlao
Phúc Kiến	36736	phuckien
Thạch Thất	36735	thachthat
ba phải	36734	baphai
bê bết	36733	bebet
bô lão	36732	bolao
bần tiện	36731	bantien
bắp ngô	36730	bapngo
cao tăng	36729	caotang
chèo kéo	36728	cheokeo
chạy vạy	36727	chayvay
chợ búa	36726	chobua
chợ trời	36725	chotroi
cầu khuẩn	36724	caukhuan
cầu trượt	36723	cautruot
dột nát	36722	dotnat
dở ẹc	36721	doec
dởm	36720	dom
gạn	36719	gan
hao tổn	36718	haoton
hiệp đồng	36717	hiepdong
huơ	36716	huo
húng quế	36715	hungque
hải phận	36714	haiphan
khinh suất	36713	khinhsuat
kẹo mút	36712	keomut
linh ứng	36711	linhung
liềm	36710	liem
luận điệu	36709	luandieu
lóc	36708	loc
máu mặt	36707	maumat
mòn mỏi	36706	monmoi
mềnh	36705	menh
ngoằn ngoèo	36704	ngoanngoeo
nguỵ tạo	36703	nguytao
ngái ngủ	36702	ngaingu
ngạo nghễ	36701	ngaonghe
nhân nghĩa	36700	nhannghia
nhăm	36699	nham
nuốt lời	36698	nuotloi
nít	36697	nit
nõn	36696	non
phong thấp	36695	phongthap
phó thác	36694	phothac
phẫu	36693	phau
quyết chí	36692	quyetchi
quá quắt	36691	quaquat
quẫy	36690	quay
rau cần	36689	raucan
sành sỏi	36688	sanhsoi
són	36687	son
sóng sánh	36686	songsanh
sản giật	36685	sangiat
sờ sờ	36684	soso
thong dong	36683	thongdong
thu nạp	36682	thunap
thê lương	36681	theluong
thư ngỏ	36680	thungo
thượng toạ	36679	thuongtoa
thể chế hoá	36678	thechehoa
thị vệ	36677	thive
tiếp ứng	36676	tiepung
tĩnh mịch	36675	tinhmich
tận lực	36674	tanluc
tửu lượng	36673	tuuluong
văng tục	36672	vangtuc
xét đoán	36671	xetdoan
xương đòn	36670	xuongdon
đóng thùng	36669	dongthung
đẫy	36668	day
đắc ý	36667	dacy
đề đạt	36666	dedat
địa đầu	36665	diadau
đốn mạt	36664	donmat
Bát Xát	36663	batxat
Giang Tô	36661	giangto
Lê Minh	36659	leminh
MC	36658	mc
Mễ Trì	36657	metri
Phục Hưng	36656	phuchung
anh linh	36655	anhlinh
bàn thắng	36654	banthang
bưu cục	36653	buucuc
bấu víu	36652	bauviu
bốp	36651	bop
bồ nhí	36650	bonhi
cam tâm	36649	camtam
chia xẻ	36648	chiaxe
chính thể	36647	chinhthe
chơi trội	36646	choitroi
chặc	36645	chac
chủ tế	36644	chute
cùi chỏ	36643	cuicho
cấp vốn	36642	capvon
cận đại	36641	candai
dan díu	36640	dandiu
dúm	36639	dum
gian ác	36638	gianac
gà lôi	36637	galoi
gượng gạo	36636	guonggao
gạo cội	36635	gaocoi
gầy guộc	36634	gayguoc
gọn ghẽ	36633	gonghe
hương thảo	36632	huongthao
khách khí	36631	khachkhi
khắm	36630	kham
kiêng cữ	36629	kiengcu
kiết lỵ	36628	kietly
ký sự	36627	kysu
la hán	36626	lahan
loe	36625	loe
lôgic	36624	logic
lú	36623	lu
lúc lắc	36622	luclac
lơ đễnh	36621	lodenh
ma lanh	36620	malanh
moóc	36619	mooc
máy khách	36618	maykhach
mây mưa	36617	maymua
mồng tơi	36616	mongtoi
nghén	36615	nghen
ngó ngàng	36614	ngongang
ngõ hẻm	36613	ngohem
nham hiểm	36612	nhamhiem
nhã nhạc	36611	nhanhac
nhỏ thó	36610	nhotho
nhốn nháo	36609	nhonnhao
nóng ruột	36608	nongruot
nữ tướng	36607	nutuong
oi ả	36606	oia
oán hận	36605	oanhan
phiến diện	36604	phiendien
phong hoá	36603	phonghoa
phóng điện	36602	phongdien
phốt	36601	phot
ranh mãnh	36600	ranhmanh
rích	36599	rich
răng sữa	36598	rangsua
suy tôn	36597	suyton
sạt	36596	sat
sới	36595	soi
tang chứng	36594	tangchung
thiêu thân	36593	thieuthan
thương cảng	36592	thuongcang
thượng tầng	36591	thuongtang
thạch nhũ	36590	thachnhu
thẹn thùng	36589	thenthung
trung tuyến	36588	trungtuyen
trương lực	36587	truongluc
trầm tĩnh	36586	tramtinh
tài trí	36585	taitri
tâm sức	36584	tamsuc
tê tê	36583	tete
tần tảo	36582	tantao
tức tưởi	36581	tuctuoi
vót	36580	vot
vô độ	36579	vodo
xuýt	36578	xuyt
xẩm	36577	xam
áo quan	36576	aoquan
đen thui	36575	denthui
điện quang	36574	dienquang
đàm tiếu	36573	damtieu
đông nghẹt	36572	dongnghet
đả động	36571	dadong
đất nung	36570	datnung
Nam Việt	36569	namviet
Trảng Bàng	36568	trangbang
Văn Chương	36567	vanchuong
biển hồ	36566	bienho
chiếm cứ	36565	chiemcu
chỉ trỏ	36564	chitro
chỗ kín	36563	chokin
cuống cuồng	36562	cuongcuong
côi	36561	coi
căm giận	36560	camgian
cơ hoành	36559	cohoanh
diệc	36558	diec
dấu chấm hỏi	36557	dauchamhoi
dắt mũi	36556	datmui
giám ngục	36555	giamnguc
gió lùa	36554	giolua
giầy dép	36553	giaydep
gòn	36552	gon
hin	36551	hin
hiến kế	36550	hienke
hoạt cảnh	36549	hoatcanh
hải đường	36548	haiduong
hậu sự	36547	hausu
hốc hác	36546	hochac
khốn cùng	36545	khoncung
kim tiền	36544	kimtien
liêm sỉ	36543	liemsi
làm cao	36542	lamcao
làm dấu	36541	lamdau
lòng dạ	36540	longda
lăng tẩm	36539	langtam
lủi thủi	36538	luithui
manh nha	36537	manhnha
mân	36536	man
mắn	36535	man
nghi án	36534	nghian
ngứa mắt	36533	nguamat
niệu quản	36532	nieuquan
nát rượu	36531	natruou
nấm rơm	36530	namrom
oắt con	36528	oatcon
phi lao	36527	philao
phong ba	36526	phongba
phong trần	36525	phongtran
phì cười	36524	phicuoi
phơ	36523	pho
phương ngữ	36522	phuongngu
phụ bạc	36521	phubac
răng khôn	36520	rangkhon
rửa ráy	36519	ruaray
thoi thóp	36518	thoithop
thuần phục	36517	thuanphuc
thách đấu	36516	thachdau
thừa thắng	36515	thuathang
trà đạo	36514	tradao
trêu ghẹo	36513	treugheo
tròn xoe	36512	tronxoe
tâm tính	36511	tamtinh
tự do hoá	36510	tudohoa
u mê	36509	ume
viễn thám	36508	vientham
vu cáo	36507	vucao
vấn vương	36506	vanvuong
đa thức	36505	dathuc
đua đòi	36504	duadoi
đánh tiếng	36503	danhtieng
đường cát	36502	duongcat
đường đường	36501	duongduong
đầu sỏ	36500	dauso
địa chí	36499	diachi
đồi mồi	36498	doimoi
A Di Đà	36497	adida
dớt	36496	dot
huyên	36494	huyen
Hà Nhì	36493	hanhi
Mường Thanh	36492	muongthanh
sýp	36491	syp
Văn Phong	36490	vanphong
an dưỡng	36489	anduong
an nhiên	36488	annhien
biệt dược	36487	bietduoc
bán độ	36486	bando
bánh trái	36485	banhtrai
bén mảng	36484	benmang
bòn rút	36483	bonrut
bôi đen	36482	boiden
búa tạ	36481	buata
bưu	36480	buu
bạch dương	36479	bachduong
bất hảo	36478	bathao
bẩm báo	36477	bambao
bến xe buýt	36476	benxebuyt
che mờ	36475	chemo
chém gió	36474	chemgio
chường	36473	chuong
chằn	36472	chan
cuồng dâm	36471	cuongdam
cáu bẳn	36470	cauban
cơm chiên	36469	comchien
cầu an	36468	cauan
cộng sinh	36467	congsinh
dằng dặc	36466	dangdac
dị nghị	36465	dinghi
dự cảm	36464	ducam
gán ghép	36463	ganghep
hiu quạnh	36462	hiuquanh
hoành phi	36461	hoanhphi
hoạt náo	36460	hoatnao
hun đúc	36459	hunduc
huyễn hoặc	36458	huyenhoac
hạ du	36457	hadu
hắt xì	36456	hatxi
kính lúp	36455	kinhlup
liêu xiêu	36454	lieuxieu
liếp	36453	liep
lè	36452	le
lên đời	36451	lendoi
lũ lượt	36450	luluot
lễ đường	36449	leduong
lốm đốm	36448	lomdom
lỗ chỗ	36447	locho
màn bạc	36446	manbac
mánh lới	36445	manhloi
máy may	36444	maymay
mãng cầu	36443	mangcau
mẩy	36442	may
ngang tàng	36441	ngangtang
nghĩa hiệp	36440	nghiahiep
ngoắc	36439	ngoac
nguyên quán	36438	nguyenquan
ngơ	36437	ngo
nhân sư	36436	nhansu
nhũng nhiễu	36435	nhungnhieu
nấn ná	36434	nanna
phẳng lặng	36433	phanglang
phụ phẩm	36432	phupham
quá xá	36431	quaxa
ra phết	36430	raphet
rui	36429	rui
rùm beng	36428	rumbeng
rựa	36427	rua
sang chấn	36426	sangchan
siêu hình	36425	sieuhinh
sú	36424	su
thoăn thoắt	36423	thoanthoat
thánh hiền	36422	thanhhien
thè	36421	the
thương mến	36420	thuongmen
thảm cảnh	36419	thamcanh
thất thần	36418	thatthan
tinh mơ	36417	tinhmo
trung nghĩa	36416	trungnghia
trẹo	36415	treo
tên hiệu	36414	tenhieu
tạch	36413	tach
tạp âm	36412	tapam
tả ngạn	36411	tangan
tẩm bổ	36410	tambo
tọng	36409	tong
tộ	36408	to
xe bò	36407	xebo
xáo	36406	xao
xó xỉnh	36405	xoxinh
xúc giác	36404	xucgiac
ùn	36403	un
ăn chia	36402	anchia
Đầm Sen	36401	damsen
đe	36400	de
đen kịt	36399	denkit
đôn hậu	36398	donhau
địa chính trị	36397	diachinhtri
đồng âm	36396	dongam
đứng tuổi	36395	dungtuoi
Bạch Hổ	36394	bachho
Bỉm Sơn	36393	bimson
Nam Dương	36391	namduong
Tam Điệp	36390	tamdiep
Thánh Gióng	36389	thanhgiong
Trùng Khánh	36388	trungkhanh
a dua	36387	adua
bro	36386	bro
bài chòi	36385	baichoi
bĩnh	36384	binh
bồ hóng	36383	bohong
bổng lộc	36382	bongloc
bức bách	36381	bucbach
cam sành	36380	camsanh
cheo leo	36379	cheoleo
chê cười	36378	checuoi
chăm bón	36377	chambon
chập mạch	36376	chapmach
chập tối	36375	chaptoi
chữ nổi	36374	chunoi
cá mú	36373	camu
cơm lam	36372	comlam
cứng cựa	36371	cungcua
dâu tằm	36370	dautam
giòn giã	36369	giongia
giẫm đạp	36368	giamdap
giễu	36367	gieu
hao hao	36366	haohao
hoàn hồn	36365	hoanhon
hàn the	36364	hanthe
hách dịch	36363	hachdich
hùng hổ	36362	hungho
hướng ngoại	36361	huongngoai
hướng nội	36360	huongnoi
hết ý	36359	hety
hố xí	36358	hoxi
khôn cùng	36357	khoncung
kính cận	36356	kinhcan
kỳ nhông	36355	kynhong
la làng	36354	lalang
lim dim	36353	limdim
lò đúc	36352	loduc
lông tơ	36351	longto
lườm	36350	luom
lặng thinh	36349	langthinh
lọng	36348	long
lục giác	36347	lucgiac
mít ướt	36346	mituot
mạt chược	36345	matchuoc
nghị trường	36344	nghitruong
nguyên tiêu	36343	nguyentieu
nguyệt san	36342	nguyetsan
ngã ngửa	36341	ngangua
ngờ ngợ	36340	ngongo
nhông	36339	nhong
nhặt nhạnh	36338	nhatnhanh
phe cánh	36336	phecanh
phó mát	36335	phomat
quạt điện	36334	quatdien
quốc huy	36333	quochuy
rành rọt	36332	ranhrot
róc rách	36331	rocrach
rất mực	36330	ratmuc
rằn	36329	ran
selen	36328	selen
su su	36327	susu
sênh	36326	senh
sờn	36325	son
than ôi	36324	thanoi
thuỷ phi cơ	36323	thuyphico
thút thít	36322	thutthit
thước kẻ	36321	thuocke
thốt nốt	36320	thotnot
thổ địa	36319	thodia
tinh ranh	36318	tinhranh
tiêm nhiễm	36317	tiemnhiem
tiêu bản	36316	tieuban
toẹt	36315	toet
trào phúng	36314	traophung
trái xoan	36313	traixoan
trò trống	36312	trotrong
trọi	36311	troi
trốn thoát	36310	tronthoat
trụng	36309	trung
tất thắng	36308	tatthang
tầm bậy	36307	tambay
ung nhọt	36306	ungnhot
vu oan	36305	vuoan
vặt vãnh	36304	vatvanh
vị lai	36303	vilai
vỡ lòng	36302	volong
xung khắc	36301	xungkhac
xâu xé	36300	xauxe
Đa Kao	36299	dakao
đay nghiến	36298	daynghien
đê điều	36297	dedieu
đìu hiu	36296	diuhiu
đăm đăm	36295	damdam
đại tài	36294	daitai
đấu khẩu	36293	daukhau
đỏ hoe	36292	dohoe
ọp ẹp	36291	opep
bửu	36290	buu
fansipan	36289	fansipan
Hà Trung	36288	hatrung
Quận Cam	36287	quancam
Quế Lâm	36286	quelam
Thiên Sơn	36285	thienson
Thuận Hoá	36284	thuanhoa
Tô Lịch	36283	tolich
bàng quan	36282	bangquan
bánh chè	36281	banhche
bánh đúc	36280	banhduc
béc	36279	bec
bình thường hoá	36278	binhthuonghoa
bút tích	36277	buttich
bảy mươi	36276	baymuoi
bồ bịch	36275	bobich
chuột túi	36274	chuottui
chín mươi	36273	chinmuoi
chơ	36272	cho
chẩm	36271	cham
chỉ thiên	36270	chithien
chủ trị	36269	chutri
chừ	36268	chu
cá rô phi	36267	carophi
câm họng	36266	camhong
cùm	36265	cum
cầu viện	36264	cauvien
cẩm chướng	36263	camchuong
dân chủ hoá	36262	danchuhoa
dưỡng sức	36261	duongsuc
dịch vị	36260	dichvi
giới luật	36259	gioiluat
hoa lệ	36258	hoale
hì hục	36257	hihuc
hạ nghị sĩ	36256	hanghisi
khoai môn	36255	khoaimon
khô khốc	36254	khokhoc
khôi ngô	36253	khoingo
khổ chủ	36252	khochu
khứa	36251	khua
kịch nói	36250	kichnoi
lo xa	36249	loxa
luyện ngục	36248	luyennguc
làm sao	36247	lamsao
lê thê	36246	lethe
lí nhí	36245	linhi
lượng giác	36244	luonggiac
lấp liếm	36243	lapliem
lụt lội	36242	lutloi
muôi	36241	muoi
máy chém	36240	maychem
mùn	36239	mun
mẹt	36238	met
mệnh hệ	36237	menhhe
mực tàu	36236	muctau
ngoại khoá	36235	ngoaikhoa
ngón giữa	36234	ngongiua
nia	36233	nia
nưa	36232	nua
ong mật	36231	ongmat
phuy	36230	phuy
quỵt	36229	quyt
su hào	36228	suhao
sát phạt	36227	satphat
số hoá	36226	sohoa
số là	36225	sola
thoái thác	36224	thoaithac
thùng thình	36223	thungthinh
thường thức	36222	thuongthuc
thục mạng	36221	thucmang
tiền phương	36220	tienphuong
tiểu vương quốc	36219	tieuvuongquoc
toàn cục	36218	toancuc
toác	36217	toac
trần thuật	36216	tranthuat
trỏng	36215	trong
tà ma	36214	tama
tàm tạm	36213	tamtam
tái sản xuất	36212	taisanxuat
tính nết	36211	tinhnet
tương hỗ	36210	tuongho
tắc trách	36209	tactrach
tủm tỉm	36208	tumtim
uẩn khúc	36207	uankhuc
vòi vĩnh	36206	voivinh
vô hình trung	36205	vohinhtrung
xà beng	36204	xabeng
xông đất	36203	xongdat
yên vui	36202	yenvui
âm sắc	36201	amsac
đinh ba	36200	dinhba
đá ong	36199	daong
đực rựa	36198	ducrua
Cao Đài	36197	caodai
Gia Nghĩa	36196	gianghia
Hốt Tất Liệt	36194	hottatliet
Hồ Bắc	36193	hobac
Lĩnh Nam	36192	linhnam
ai oán	36190	aioan
am tường	36189	amtuong
bu lông	36188	bulong
bão hoà	36187	baohoa
bạo bệnh	36186	baobenh
bần tăng	36185	bantang
bứng	36184	bung
chiêu mộ	36183	chieumo
chiếu xạ	36182	chieuxa
chấn song	36181	chansong
chểnh mảng	36180	chenhmang
cà sa	36179	casa
cá lăng	36178	calang
cầu mây	36177	caumay
cổ văn	36176	covan
dấu phẩy	36175	dauphay
dẽ	36174	de
giũa	36173	giua
hiệu đính	36172	hieudinh
hoá sinh	36171	hoasinh
hình chóp	36170	hinhchop
hống hách	36169	honghach
không tặc	36168	khongtac
kilômét	36167	kilomet
lang băm	36166	langbam
liệu hồn	36165	lieuhon
luật học	36164	luathoc
lân la	36163	lanla
lèn	36162	len
lênh láng	36161	lenhlang
lêu lổng	36160	leulong
lẻo	36159	leo
lẽo đẽo	36158	leodeo
lễ nghĩa	36157	lenghia
ma chay	36156	machay
mân mê	36155	manme
mất nết	36154	matnet
mộc bản	36153	mocban
mộng tưởng	36152	mongtuong
ngấp nghé	36151	ngapnghe
ngợp	36150	ngop
nhiệt hạch	36149	nhiethach
nhảy dựng	36148	nhaydung
nhấm	36147	nham
nhập tâm	36146	nhaptam
nặng lòng	36145	nanglong
phong vị	36144	phongvi
phên	36143	phen
phải cái	36142	phaicai
phần phụ	36141	phanphu
phỉnh	36140	phinh
quang đãng	36139	quangdang
quạu	36138	quau
quặn thắt	36137	quanthat
réo rắt	36136	reorat
rặt	36135	rat
rớ	36134	ro
sinh bệnh	36133	sinhbenh
sát sinh	36132	satsinh
sông Đà	36131	songda
thuyền rồng	36130	thuyenrong
thuế má	36129	thuema
thông thương	36128	thongthuong
thầy mo	36127	thaymo
thế chân	36126	thechan
tiên liệu	36125	tienlieu
tiên đề	36124	tiende
tiêu phí	36123	tieuphi
triệt sản	36122	trietsan
trùng điệp	36121	trungdiep
trăng hoa	36120	tranghoa
tu nghiệp	36119	tunghiep
tà đạo	36118	tadao
tíu tít	36117	tiutit
tương khắc	36116	tuongkhac
tằn tiện	36115	tantien
tếch	36114	tech
tệ bạc	36113	tebac
tịt	36112	tit
tối kỵ	36111	toiky
vi phân	36110	viphan
voọc	36109	vooc
vạ	36108	va
vải vóc	36107	vaivoc
vất vưởng	36106	vatvuong
xuân sơn	36105	xuanson
xúng xính	36104	xungxinh
ám hại	36103	amhai
ám thị	36102	amthi
án ngữ	36101	anngu
ăn vụng	36100	anvung
Đàng Ngoài	36099	dangngoai
điển tích	36098	dientich
đài các	36097	daicac
đãy	36096	day
đèn cầy	36095	dencay
đĩa mềm	36094	diamem
đểu cáng	36093	deucang
đốc thúc	36092	docthuc
ứng nghiệm	36091	ungnghiem
Khe Sanh	36090	khesanh
Kiến Thuỵ	36089	kienthuy
Lão Tử	36088	laotu
Sông Hồng	36087	songhong
Thiên Long	36086	thienlong
ba kích	36085	bakich
bari	36084	bari
bá vương	36083	bavuong
bù xù	36082	buxu
bớ	36081	bo
chí lý	36080	chily
chật ních	36079	chatnich
chết dở	36078	chetdo
cào cấu	36077	caocau
cá đuối	36076	caduoi
cải biên	36075	caibien
cầu cống	36074	caucong
cố hương	36073	cohuong
cực quang	36072	cucquang
dung tục	36071	dungtuc
dân quyền	36070	danquyen
gièm pha	36069	giempha
góc nhọn	36068	gocnhon
gông	36067	gong
gằn	36066	gan
hành xác	36065	hanhxac
hình thoi	36064	hinhthoi
khoan thai	36063	khoanthai
khoái chí	36062	khoaichi
khôn nguôi	36061	khonnguoi
kiếu	36060	kieu
kè kè	36059	keke
kệch cỡm	36058	kechcom
lầm lỡ	36057	lamlo
lằng	36056	lang
ma nữ	36055	manu
mai mốt	36054	maimot
méc	36053	mec
mưa tuyết	36052	muatuyet
nao nao	36051	naonao
ngoại tuyến	36050	ngoaituyen
nguyên cớ	36049	nguyenco
ngùn ngụt	36048	ngunngut
nhà lầu	36047	nhalau
nóng sốt	36046	nongsot
nương náu	36045	nuongnau
nước cất	36044	nuoccat
nội tiếp	36043	noitiep
oan hồn	36042	oanhon
phí hoài	36041	phihoai
phứt	36040	phut
quao	36039	quao
quạt trần	36038	quattran
quốc hiệu	36037	quochieu
rày	36036	ray
rì rầm	36035	riram
rơm rớm	36034	romrom
sà lan	36033	salan
sáng láng	36032	sanglang
sì	36031	si
sơ cấp cứu	36030	socapcuu
thanh thế	36029	thanhthe
thoai thoải	36028	thoaithoai
thêu thùa	36027	theuthua
thư từ	36026	thutu
thượng cổ	36025	thuongco
thất thanh	36024	thatthanh
thầm thì	36023	thamthi
toang	36022	toang
tròn trĩnh	36021	trontrinh
trường kỷ	36020	truongky
trần bì	36019	tranbi
trực khuẩn	36018	truckhuan
tàu thuỷ	36017	tauthuy
tâm nhĩ	36016	tamnhi
tân gia	36015	tangia
tóc mây	36014	tocmay
tăng trọng	36013	tangtrong
tĩnh tại	36012	tinhtai
tư nhân hoá	36011	tunhanhoa
tảo tần	36010	taotan
ve sầu	36009	vesau
vểnh	36008	venh
vị ngữ	36007	vingu
xa vắng	36006	xavang
xung yếu	36005	xungyeu
xuống lỗ	36004	xuonglo
xèng	36003	xeng
xìu	36002	xiu
ùn ùn	36001	unun
đáng ghét	36000	dangghet
đại hoạ	35999	daihoa
đỏ ửng	35998	doung
đối sách	35997	doisach
độc đạo	35996	docdao
đứt quãng	35995	dutquang
bắc triều	35994	bactrieu
Hoà Hảo	35993	hoahao
Hồng Hải	35992	honghai
Ngọc Đế	35991	ngocde
Viêng Chăn	35989	viengchan
bi ai	35988	biai
bia hơi	35987	biahoi
biện luận	35986	bienluan
buột	35985	buot
bách thảo	35984	bachthao
bãi nhiệm	35983	bainhiem
bình sinh	35982	binhsinh
bông đùa	35981	bongdua
bĩ	35980	bi
bảng biểu	35979	bangbieu
bất nhân	35978	batnhan
bập bẹ	35977	bapbe
chim lợn	35975	chimlon
choảng	35974	choang
chạn	35973	chan
cáng đáng	35972	cangdang
cát cứ	35971	catcu
công quốc	35970	congquoc
cấm cửa	35969	camcua
dõng dạc	35968	dongdac
dế mèn	35967	demen
e hèm	35966	ehem
giao tử	35965	giaotu
heli	35964	heli
hoà mình	35963	hoaminh
hoá dầu	35962	hoadau
hậu phẫu	35961	hauphau
hếch	35960	hech
họp hành	35959	hophanh
hồi tỉnh	35958	hoitinh
khăm	35957	kham
khẩu chiến	35956	khauchien
liêm khiết	35955	liemkhiet
ly tán	35954	lytan
lé	35953	le
lạm quyền	35952	lamquyen
lẩm nhẩm	35951	lamnham
lồng lộn	35950	longlon
lờn	35949	lon
ma mút	35948	mamut
mười lăm	35947	muoilam
mập ú	35946	mapu
ngượng nghịu	35945	nguongnghiu
ngạnh	35944	nganh
nha chu	35943	nhachu
ni cô	35942	nico
núi sông	35941	nuisong
nước non	35940	nuocnon
nức	35939	nuc
oắt	35938	oat
phân công lao động	35937	phanconglaodong
phẫn uất	35936	phanuat
phỉ nhổ	35935	phinho
phờ	35934	pho
quạt máy	35933	quatmay
sục sạo	35932	sucsao
thao thao	35931	thaothao
thư tay	35930	thutay
thược dược	35929	thuocduoc
thố	35928	tho
tiền trạm	35927	tientram
trăm năm	35926	tramnam
trắng toát	35925	trangtoat
trặc	35924	trac
tàn quân	35923	tanquan
té ra	35922	tera
tôm càng xanh	35921	tomcangxanh
viện sĩ	35920	viensi
vật vờ	35919	vatvo
vị kỷ	35918	viky
xanh lè	35917	xanhle
yểu	35916	yeu
áo thun	35915	aothun
áy	35914	ay
Đông Du	35913	dongdu
Đại Đế	35912	daide
điêu tàn	35911	dieutan
đoái hoài	35910	doaihoai
đậu phụng	35909	dauphung
đặc tả	35908	dacta
địch nhân	35907	dichnhan
ẹ	35906	e
An Huy	35905	anhuy
ba khía	35903	bakhia
bang giao	35902	banggiao
bazơ	35901	bazo
bánh phở	35900	banhpho
bát hương	35899	bathuong
bép xép	35898	bepxep
bình địa	35897	binhdia
bóc tem	35896	boctem
bưng bít	35895	bungbit
bẽ bàng	35894	bebang
bới móc	35893	boimoc
bụng dạ	35892	bungda
cao kều	35891	caokeu
chim muông	35890	chimmuong
cho phép	35889	chophep
chuột bạch	35888	chuotbach
chí cốt	35887	chicot
chính danh	35886	chinhdanh
chắp nối	35885	chapnoi
chới với	35884	choivoi
chủng viện	35883	chungvien
cua đồng	35882	cuadong
cà nhắc	35881	canhac
cào bằng	35880	caobang
cân não	35879	cannao
cót	35878	cot
căm hờn	35877	camhon
cơ đồ	35876	codo
cứu tế	35875	cuute
doạ dẫm	35874	doadam
dáng điệu	35873	dangdieu
dò la	35872	dola
dịu ngọt	35871	diungot
ghế đẩu	35870	ghedau
gian dâm	35869	giandam
giao cắt	35868	giaocat
gà gô	35867	gago
góc vuông	35866	gocvuong
gấu trắng	35865	gautrang
ho gà	35864	hoga
hám	35863	ham
hùng hục	35862	hunghuc
hạ thế	35861	hathe
hạn định	35860	handinh
hậm hực	35859	hamhuc
hậu hoạ	35858	hauhoa
hội đoàn	35857	hoidoan
keng	35856	keng
khoai sọ	35855	khoaiso
khấn vái	35854	khanvai
kìm kẹp	35853	kimkep
lang bạt	35852	langbat
lem nhem	35851	lemnhem
luận chứng	35850	luanchung
lâm ly	35849	lamly
lõng	35848	long
lúc nhúc	35847	lucnhuc
lũng đoạn	35846	lungdoan
lọ mọ	35845	lomo
môi sinh	35844	moisinh
mùi mẫn	35843	muiman
mặc niệm	35842	macniem
mỉa	35841	mia
nghênh ngang	35840	nghenhngang
ngoắt	35839	ngoat
ngà ngà	35838	nganga
nhiêu khê	35837	nhieukhe
nhân loại học	35836	nhanloaihoc
nhéo	35835	nheo
nhòm	35834	nhom
nhũ đá	35833	nhuda
nhảy cầu	35832	nhaycau
nông cụ	35831	nongcu
nơi nơi	35830	noinoi
nề hà	35829	neha
phán xử	35828	phanxu
phúc hậu	35827	phuchau
quàn	35826	quan
quốc sách	35825	quocsach
rướn	35824	ruon
soát xét	35823	soatxet
sò huyết	35822	sohuyet
sương muối	35821	suongmuoi
sẩn	35820	san
sụt sịt	35819	sutsit
thanh âm	35818	thanham
thì phải	35817	thiphai
thương xá	35816	thuongxa
thượng đẳng	35815	thuongdang
thầy chùa	35814	thaychua
thẩy	35813	thay
thỏ thẻ	35812	thothe
thống chế	35811	thongche
tri âm	35810	triam
triện	35809	trien
tà giáo	35808	tagiao
tán đồng	35807	tandong
tân thời	35806	tanthoi
tên chữ	35805	tenchu
tấm tắc	35804	tamtac
tập tễnh	35803	taptenh
tốc ký	35802	tocky
tứ phía	35801	tuphia
vạn thọ	35800	vantho
vợ bé	35799	vobe
xiềng	35798	xieng
xâm thực	35797	xamthuc
yêu chiều	35796	yeuchieu
ác thú	35795	acthu
ái ân	35794	aian
đinh lăng	35793	dinhlang
đuông	35792	duong
đú	35791	du
đơn nhất	35790	donnhat
đại bi	35789	daibi
đại não	35788	dainao
đậu bắp	35787	daubap
địu	35786	diu
baidu	35785	baidu
lữ	35784	lu
Sơn Tinh	35783	sontinh
Thuỷ Tinh	35782	thuytinh
Xuân Thu	35781	xuanthu
ampe	35780	ampe
ancol	35779	ancol
anh hùng ca	35778	anhhungca
bi tráng	35777	bitrang
bái phục	35776	baiphuc
béo phì	35775	beophi
bê tha	35774	betha
bình điện	35773	binhdien
bạc phơ	35772	bacpho
bầu bĩnh	35771	baubinh
can trường	35770	cantruong
cao trình	35769	caotrinh
chiếu lệ	35768	chieule
chiều dài	35767	chieudai
chành	35766	chanh
cháy túi	35765	chaytui
chậm tiến	35764	chamtien
chằm	35763	cham
cách trở	35762	cachtro
cúng cơm	35761	cungcom
cơm hộp	35760	comhop
cười khẩy	35759	cuoikhay
cưỡng dâm	35758	cuongdam
cắm cúi	35757	camcui
cốt cán	35756	cotcan
dong riềng	35755	dongrieng
giáo dục học	35754	giaoduchoc
giạt	35753	giat
giấy dó	35752	giaydo
hiểm độc	35751	hiemdoc
hoàng lan	35750	hoanglan
hoạt hoạ	35749	hoathoa
hà tiện	35748	hatien
hóp	35747	hop
hạ nguồn	35746	hanguon
hồng lâu	35745	honglau
khai chiến	35744	khaichien
khôn hồn	35743	khonhon
kinh lạc	35742	kinhlac
loáng	35741	loang
lê la	35740	lela
lót dạ	35739	lotda
lúi húi	35738	luihui
lễ bái	35737	lebai
mai vàng	35736	maivang
mon men	35735	monmen
muông thú	35734	muongthu
mát tay	35733	mattay
mênh	35732	menh
mếu máo	35731	meumao
mọn	35730	mon
mốc meo	35729	mocmeo
mục từ	35728	muctu
nghè	35727	nghe
nghèo hèn	35726	ngheohen
ngàn thu	35725	nganthu
ngô nghê	35724	ngonghe
ngồi yên	35723	ngoiyen
nhoẻn	35722	nhoen
nuy	35721	nuy
nước trắng	35720	nuoctrang
nở nang	35719	nonang
phi lê	35718	phile
pháp thuật	35717	phapthuat
phương hại	35716	phuonghai
phản pháo	35715	phanphao
phồn thực	35714	phonthuc
phức tạp hoá	35713	phuctaphoa
sa hoàng	35712	sahoang
sa thạch	35711	sathach
sau hết	35710	sauhet
sinh lý học	35709	sinhlyhoc
sinh thái học	35708	sinhthaihoc
siêng	35707	sieng
súc sắc	35706	sucsac
tam giác vuông	35705	tamgiacvuong
thiên địch	35704	thiendich
thâm độc	35703	thamdoc
thất bát	35702	thatbat
thợ hồ	35701	thoho
tinh khôn	35700	tinhkhon
trá	35699	tra
tuần tiễu	35698	tuantieu
táo tàu	35697	taotau
tò he	35696	tohe
tú bà	35695	tuba
tướng mạo	35694	tuongmao
vai vế	35693	vaive
vô ý thức	35692	voythuc
xối	35691	xoi
ác ôn	35690	acon
ý dĩ	35689	ydi
ăn đứt	35688	andut
đàn bầu	35687	danbau
đánh đu	35686	danhdu
đích đáng	35685	dichdang
đông chí	35684	dongchi
đĩ điếm	35683	didiem
đạc	35682	dac
đẻ non	35681	denon
địa chất học	35680	diachathoc
đứng đường	35679	dungduong
ảm	35678	am
catarina	35677	catarina
cebu	35676	cebu
Cái Bè	35675	caibe
maroc	35674	maroc
adrenalin	35672	adrenalin
biết tỏng	35671	biettong
biền	35670	bien
bugi	35669	bugi
buồn tủi	35668	buontui
bài thơ	35667	baitho
báo công	35666	baocong
bĩu	35665	biu
bạc nhược	35664	bacnhuoc
bần hàn	35663	banhan
bộ gõ	35662	bogo
bỡn cợt	35661	boncot
cay độc	35660	caydoc
chai sạn	35659	chaisan
chiêu sinh	35658	chieusinh
chán chê	35657	chanche
chính cống	35656	chinhcong
chước	35655	chuoc
chỉnh thể	35654	chinhthe
chột dạ	35653	chotda
cung phụng	35652	cungphung
cà kheo	35651	cakheo
cảm nắng	35650	camnang
củ đậu	35649	cudau
dây thun	35648	daythun
dông dài	35647	dongdai
dùng dằng	35646	dungdang
hung thần	35645	hungthan
hàm ếch	35644	hamech
hão	35643	hao
hướng tâm	35642	huongtam
khí tượng học	35641	khituonghoc
khẳng khiu	35640	khangkhiu
khều	35639	kheu
kute	35638	kute
kẻ cả	35637	keca
kịch câm	35636	kichcam
làm duyên	35635	lamduyen
lãng đãng	35634	langdang
lãnh chúa	35633	lanhchua
lý tính	35632	lytinh
lật lọng	35631	latlong
lờ đờ	35630	lodo
lững thững	35629	lungthung
ma men	35628	mamen
máy điện	35627	maydien
mù màu	35626	mumau
mùa xuân	35625	muaxuan
mắng mỏ	35624	mangmo
nghị viên	35623	nghivien
nhảy dây	35622	nhayday
nhớn	35621	nhon
nhục hình	35620	nhuchinh
nòi	35619	noi
nông nhàn	35618	nongnhan
nối gót	35617	noigot
quân phiệt	35616	quanphiet
rục	35615	ruc
sát nách	35614	satnach
số chẵn	35613	sochan
thao thiết	35612	thaothiet
thuỷ chiến	35611	thuychien
thành quách	35610	thanhquach
thìa canh	35609	thiacanh
thống thiết	35608	thongthiet
thời vận	35607	thoivan
truyền đạo	35606	truyendao
tráo đổi	35605	traodoi
tuềnh toàng	35604	tuenhtoang
tài phán	35603	taiphan
tâm khảm	35601	tamkham
tí ti	35600	titi
tăng gia	35599	tanggia
tạp vụ	35598	tapvu
tản văn	35597	tanvan
tần ngần	35596	tanngan
từ vị	35595	tuvi
tử tước	35594	tutuoc
vẽ vời	35593	vevoi
xuyên khung	35592	xuyenkhung
y sinh	35591	ysinh
ôm đồm	35590	omdom
Đất Đỏ	35589	datdo
đê mê	35588	deme
đồ đệ	35587	dode
đỗi	35586	doi
động lượng	35585	dongluong
ổn áp	35584	onap
Bảo An	35583	baoan
Cơ Tu	35582	cotu
Hoả Lò	35581	hoalo
Khải Huyền	35580	khaihuyen
Phu Tử	35579	phutu
Thánh Mẫu	35578	thanhmau
Thần Tài	35577	thantai
Thẩm Quyến	35576	thamquyen
biệt tích	35575	biettich
báo ứng	35574	baoung
bích hoạ	35573	bichhoa
bùi nhùi	35572	buinhui
bạch hầu	35571	bachhau
bập bênh	35570	bapbenh
bắn tỉa	35569	bantia
bồ hòn	35568	bohon
bộ hạ	35567	boha
choé	35566	choe
chung tình	35565	chungtinh
chí tử	35564	chitu
chính tông	35563	chinhtong
chạy sô	35562	chayso
chầu trời	35561	chautroi
chầy	35560	chay
chỏ	35559	cho
cuống quýt	35558	cuongquyt
cá mè	35557	came
cá vược	35556	cavuoc
cùng khổ	35555	cungkho
cải táng	35554	caitang
cầm lòng	35553	camlong
cần kiệm	35552	cankiem
cầu tiêu	35551	cautieu
cằn	35550	can
cửu vạn	35549	cuuvan
danh từ	35548	danhtu
dóc	35547	doc
dặt	35546	dat
dụng võ	35545	dungvo
giun đũa	35544	giundua
giâm	35543	giam
gôm	35542	gom
gạch ngang	35541	gachngang
hiểm ác	35540	hiemac
hít hà	35539	hitha
hưởng thọ	35538	huongtho
hồng hạc	35537	honghac
hộ pháp	35536	hophap
hộp quẹt	35535	hopquet
khai triển	35534	khaitrien
khoai mì	35533	khoaimi
khái quát hoá	35532	khaiquathoa
khịt	35531	khit
làm biếng	35530	lambieng
làm cỏ	35529	lamco
lém lỉnh	35528	lemlinh
lô tô	35527	loto
lút	35526	lut
lưa thưa	35525	luathua
lảng	35524	lang
lỗ vốn	35523	lovon
minh tâm	35522	minhtam
muôn trùng	35521	muontrung
muống	35520	muong
máy khâu	35519	maykhau
măng non	35518	mangnon
mụt	35516	mut
ngoại bang	35515	ngoaibang
ngũ giác	35514	ngugiac
nhanh nhảu	35513	nhanhnhau
nháo nhào	35512	nhaonhao
nhân hoá	35511	nhanhoa
nhũn	35510	nhun
nhạc sống	35509	nhacsong
nhập nhằng	35508	nhapnhang
ních	35507	nich
nải	35506	nai
oan nghiệt	35505	oannghiet
phát lộ	35504	phatlo
phản chiến	35503	phanchien
phẩm cách	35502	phamcach
quai nón	35501	quainon
quan viên	35500	quanvien
qué	35499	que
quên bẵng	35498	quenbang
quạc	35497	quac
quặp	35496	quap
quờ quạng	35495	quoquang
rau câu	35494	raucau
rep	35493	rep
rảnh rang	35492	ranhrang
rổi	35491	roi
sung huyết	35490	sunghuyet
sém	35489	sem
sõi	35488	soi
sồn sồn	35487	sonson
thu dung	35486	thudung
thui chột	35485	thuichot
thám sát	35484	thamsat
thưa kiện	35483	thuakien
tinh tươm	35482	tinhtuom
tiểu não	35481	tieunao
tiểu xảo	35480	tieuxao
tiểu đệ	35479	tieude
truyền khẩu	35478	truyenkhau
trọng vọng	35477	trongvong
tày trời	35476	taytroi
tâm địa	35475	tamdia
tạp kỹ	35474	tapky
tự khắc	35473	tukhac
tự đắc	35472	tudac
tựu trung	35471	tuutrung
vũ đài	35470	vudai
xương xẩu	35469	xuongxau
yết hầu	35468	yethau
áp chót	35467	apchot
éc	35466	ec
ăn bớt	35465	anbot
Đại Hùng	35464	daihung
đanh thép	35463	danhthep
điên điển	35462	diendien
đánh võng	35461	danhvong
đũng	35460	dung
đạo hàm	35459	daoham
đằm	35458	dam
địa tầng	35457	diatang
đỏi	35456	doi
đồng thau	35455	dongthau
động dục	35454	dongduc
động vật học	35453	dongvathoc
ảo mộng	35452	aomong
ổ nhóm	35451	onhom
bôn	35450	bon
Bắc Âu	35449	bacau
Chợ Gạo	35448	chogao
giáy	35447	giay
Hoàng Phủ	35446	hoangphu
Kế Sách	35445	kesach
Mạnh Tử	35444	manhtu
Ngã Bảy	35442	ngabay
Trung Kỳ	35441	trungky
ai đời	35440	aidoi
bon bon	35439	bonbon
bách hợp	35438	bachhop
bát nháo	35437	batnhao
bươn	35436	buon
bần thần	35435	banthan
bập bùng	35434	bapbung
cao tần	35433	caotan
chan hoà	35432	chanhoa
chung quy	35431	chungquy
chuyên khảo	35430	chuyenkhao
chuối tiêu	35429	chuoitieu
chìm ngập	35428	chimngap
chìm xuồng	35427	chimxuong
chò	35426	cho
chòm xóm	35425	chomxom
chưng diện	35424	chungdien
chả giò	35423	chagio
chết non	35422	chetnon
cá bơn	35421	cabon
cũ mèm	35420	cumem
cơ duyên	35419	coduyen
cơ yếu	35418	coyeu
cơi	35417	coi
cương trực	35416	cuongtruc
cười chê	35415	cuoiche
cửa ô	35414	cuao
da thuộc	35413	dathuoc
diễm phúc	35412	diemphuc
ghè	35411	ghe
gấp khúc	35410	gapkhuc
gậy gộc	35409	gaygoc
hiệu dụng	35408	hieudung
hoe	35407	hoe
hoành thánh	35406	hoanhthanh
hoả mai	35405	hoamai
hú vía	35404	huvia
hạ chí	35403	hachi
hả dạ	35402	hada
khai bút	35401	khaibut
khoai tây chiên	35400	khoaitaychien
khuất tất	35399	khuattat
kiến lửa	35398	kienlua
kỵ mã	35397	kyma
líu	35396	liu
lăng quăng	35395	langquang
lườn	35394	luon
ma trơi	35393	matroi
máu trắng	35392	mautrang
mó	35391	mo
nghêu ngao	35390	ngheungao
nhảy cóc	35389	nhaycoc
nhẩn nha	35388	nhannha
nhập tịch	35387	nhaptich
nui	35386	nui
nây	35385	nay
nơtron	35384	notron
nạy	35383	nay
nắn nót	35382	nannot
photpho	35381	photpho
phúc mạc	35380	phucmac
phẳng phiu	35379	phangphiu
rêu rao	35377	reurao
rệu rã	35376	reura
rọc	35375	roc
rợ	35374	ro
rừng rú	35373	rungru
so bì	35372	sobi
sáng trưng	35371	sangtrung
sặc sụa	35370	sacsua
thi nhân	35369	thinhan
thuỷ chung	35368	thuychung
thông tục	35367	thongtuc
thượng sách	35366	thuongsach
thất đức	35365	thatduc
thế năng	35364	thenang
tinh gọn	35363	tinhgon
tiêu pha	35362	tieupha
trăng non	35361	trangnon
trường kỳ	35360	truongky
trệch	35359	trech
trọng âm	35358	trongam
tép riu	35357	tepriu
tò te	35356	tote
tương tàn	35355	tuongtan
tạp phẩm	35354	tappham
tịnh xá	35353	tinhxa
tự cường	35352	tucuong
văn vẻ	35351	vanve
vấp váp	35350	vapvap
vận may	35349	vanmay
vốc	35348	voc
vồn vã	35347	vonva
vời vợi	35346	voivoi
xa lắc	35345	xalac
yên trí	35344	yentri
á à	35343	aa
đăm chiêu	35342	damchieu
đề huề	35341	dehue
ươn	35340	uon
Cần Vương	35339	canvuong
Cờ Đỏ	35338	codo
FA	35337	fa
Lâm Viên	35336	lamvien
Mỏ Cày	35334	mocay
Nam Sách	35333	namsach
Nhật Nam	35332	nhatnam
Phnôm Pênh	35331	phnompenh
sài thành	35330	saithanh
Thiên An Môn	35328	thienanmon
bách bộ	35327	bachbo
bâu	35326	bau
bình quyền	35325	binhquyen
băng ca	35324	bangca
bất thành văn	35323	batthanhvan
bộc trực	35322	boctruc
cao kiến	35321	caokien
cao lương	35320	caoluong
chill	35319	chill
chư vị	35318	chuvi
chẽm	35317	chem
cày cấy	35316	caycay
còm	35315	com
cô nương	35314	conuong
công hàm	35313	congham
cơi nới	35312	coinoi
cười trừ	35311	cuoitru
cảm thán	35310	camthan
cố nhân	35309	conhan
cục cằn	35308	cuccan
cụt hứng	35307	cuthung
dày cộp	35306	daycop
dây tóc	35305	daytoc
dè bỉu	35304	debiu
ghẻ lạnh	35303	ghelanh
ghẻ lở	35302	ghelo
giuộc	35301	giuoc
giạ	35300	gia
giốc	35299	gioc
gầy nhom	35298	gaynhom
hiền hoà	35297	hienhoa
hoa liễu	35296	hoalieu
hung tàn	35295	hungtan
hồ điệp	35294	hodiep
hớn	35293	hon
hớt hải	35292	hothai
hữu ngạn	35291	huungan
iot	35290	iot
khum	35289	khum
khí cụ	35288	khicu
kỳ tài	35287	kytai
lanh lẹ	35286	lanhle
lon ton	35285	lonton
làu	35284	lau
lưỡi trai	35283	luoitrai
lượng thứ	35282	luongthu
lồ ô	35281	loo
lời nói đầu	35280	loinoidau
mang máng	35279	mangmang
mê mải	35278	memai
mười bảy	35277	muoibay
mười mươi	35276	muoimuoi
ngoặc đơn	35275	ngoacdon
ngũ tạng	35274	ngutang
ngọ nguậy	35273	ngonguay
ngụ ngôn	35272	ngungon
nhưng mà	35271	nhungma
nhảy cẫng	35270	nhaycang
nhắm nghiền	35269	nhamnghien
nhễ nhại	35268	nhenhai
nicotin	35267	nicotin
parabol	35266	parabol
phi tần	35265	phitan
phân bua	35264	phanbua
phóng uế	35263	phongue
phượng vĩ	35262	phuongvi
phụ hoạ	35261	phuhoa
quán cóc	35260	quancoc
quở trách	35259	quotrach
quỷ vương	35258	quyvuong
ròng ròng	35257	rongrong
rầm rập	35256	ramrap
sinh linh	35255	sinhlinh
sụ	35254	su
tang tóc	35253	tangtoc
thang cuốn	35252	thangcuon
thuỷ binh	35251	thuybinh
thẳng tính	35250	thangtinh
thều thào	35249	theuthao
thụng	35248	thung
tiền tố	35247	tiento
tra vấn	35246	travan
tém	35245	tem
tê dại	35244	tedai
tướng quân	35243	tuongquan
từ từ	35242	tutu
u uất	35241	uuat
urani	35240	urani
vắng tanh	35239	vangtanh
xuất cảng	35238	xuatcang
xút	35237	xut
ám muội	35236	ammuoi
Đông Bắc Bộ	35235	dongbacbo
đen đúa	35234	dendua
điếng	35233	dieng
đàn tranh	35232	dantranh
đá dăm	35231	dadam
đì	35230	di
đĩnh đạc	35229	dinhdac
đương chức	35228	duongchuc
đại liên	35227	dailien
đạo mạo	35226	daomao
đắc chí	35225	dacchi
đắc đạo	35224	dacdao
đặc sệt	35223	dacset
đỏ bừng	35222	dobung
đỏ hỏn	35221	dohon
độc đắc	35220	docdac
An Vĩnh	35219	anvinh
Bọ Cạp	35218	bocap
Chiến Quốc	35217	chienquoc
Cát Lâm	35216	catlam
Phù Nam	35214	phunam
Thanh Đảo	35213	thanhdao
Thạch Hãn	35212	thachhan
Tôn Nữ	35211	tonnu
Vu Gia	35210	vugia
biểu kiến	35209	bieukien
bà mụ	35208	bamu
bài xích	35207	baixich
bánh ngọt	35206	banhngot
bóng ném	35205	bongnem
bạo tàn	35204	baotan
bạt mạng	35203	batmang
bảng vàng	35202	bangvang
bấn	35201	ban
bằng cớ	35200	bangco
bể khổ	35199	bekho
bển	35198	ben
bịn rịn	35197	binrin
can hệ	35196	canhe
cha cố	35195	chaco
chang chang	35194	changchang
chào thua	35193	chaothua
chêm	35192	chem
chõng	35191	chong
chết não	35190	chetnao
cuồng sát	35189	cuongsat
cá chiên	35188	cachien
cá linh	35187	calinh
cá nhám	35186	canham
công cán	35185	congcan
công nghệ thông tin	35184	congnghethongtin
cải chính	35183	caichinh
cần kíp	35182	cankip
cộc lốc	35181	cocloc
củ cải đường	35180	cucaiduong
diêm dúa	35179	diemdua
diễn tấu	35178	dientau
dung hoà	35177	dunghoa
dái tai	35176	daitai
dương gian	35175	duonggian
dầy đặc	35174	daydac
dậy thì	35173	daythi
dổi	35172	doi
e lệ	35171	ele
gian lao	35170	gianlao
giun đất	35169	giundat
giả đò	35168	giado
giải giáp	35167	giaigiap
goá phụ	35166	goaphu
gồng gánh	35165	gongganh
hiu	35164	hiu
hua	35163	hua
huyết cầu	35162	huyetcau
hình hoạ	35161	hinhhoa
híp	35160	hip
hạ bì	35159	habi
hổi	35158	hoi
ib	35157	ib
lao lực	35156	laoluc
long đong	35155	longdong
lung lạc	35154	lunglac
léng phéng	35153	lengpheng
lù	35152	lu
lơi lỏng	35151	loilong
lưu ban	35150	luuban
lời lãi	35149	loilai
lục lạc	35148	luclac
màng nhầy	35147	mangnhay
mã não	35146	manao
măng tô	35145	mangto
nai lưng	35144	nailung
nam khoa	35143	namkhoa
nghi kỵ	35142	nghiky
ngần ngừ	35141	nganngu
ngọc nữ	35140	ngocnu
ngọn ngành	35139	ngonnganh
nhai lại	35138	nhailai
nhu mì	35137	nhumi
nhà ngươi	35136	nhanguoi
nhân thể	35135	nhanthe
nhã ý	35134	nhay
nhảy xa	35133	nhayxa
nhấp nhổm	35132	nhapnhom
nông học	35131	nonghoc
phi nghĩa	35130	phinghia
phi thân	35129	phithan
phong nhã	35128	phongnha
phật thủ	35127	phatthu
quân lệnh	35126	quanlenh
random	35125	random
rơi rớt	35124	roirot
rắn lục	35123	ranluc
siêu thực	35122	sieuthuc
suốt đời	35121	suotdoi
sáng choang	35120	sangchoang
sắc phục	35119	sacphuc
thuỷ mặc	35118	thuymac
thảo quả	35117	thaoqua
thổ tả	35116	thota
toét	35115	toet
trẻ măng	35114	tremang
trịch thượng	35113	trichthuong
tung tẩy	35112	tungtay
tuyên cáo	35111	tuyencao
tuyển cử	35110	tuyencu
tuấn mã	35109	tuanma
tà dâm	35108	tadam
tài lực	35107	tailuc
táy máy	35106	taymay
tân tinh	35105	tantinh
tõm	35104	tom
tù mù	35103	tumu
túa	35102	tua
tầm xuân	35101	tamxuan
viết tắt	35100	viettat
vun trồng	35099	vuntrong
vung vãi	35098	vungvai
vích	35097	vich
vòm miệng	35096	vommieng
xan	35095	xan
xanh rờn	35094	xanhron
xiêu	35093	xieu
é	35092	e
ê ẩm	35091	eam
điềm nhiên	35090	diemnhien
đành rằng	35089	danhrang
đá lửa	35088	dalua
đích tôn	35087	dichton
đơn chiếc	35086	donchiec
đơn thức	35085	donthuc
đưa tình	35084	duatinh
đại thể	35083	daithe
đặt vòng	35082	datvong
đồng xu	35081	dongxu
ỉn	35080	in
Bạch Long Vĩ	35079	bachlongvi
hrê	35078	hre
Na Tra	35076	natra
Nam Hán	35075	namhan
Phù Tang	35074	phutang
táo quân	35073	taoquan
amoni	35072	amoni
bát diện	35071	batdien
bùng binh	35070	bungbinh
băng huyết	35069	banghuyet
bướng	35068	buong
bải	35067	bai
bất bạo động	35066	batbaodong
bọ rùa	35065	borua
bỏ mối	35064	bomoi
bội thực	35063	boithuc
bỡn	35062	bon
chính trị học	35061	chinhtrihoc
chộn rộn	35060	chonron
chủ toạ	35059	chutoa
com lê	35058	comle
cá bột	35057	cabot
cá ông	35056	caong
cù lần	35055	culan
cải xoong	35054	caixoong
cảnh trí	35053	canhtri
cấu xé	35052	cauxe
cắt cử	35051	catcu
cộ	35050	co
dưa lê	35049	duale
dị bản	35048	diban
hoàng oanh	35047	hoangoanh
hành văn	35046	hanhvan
hèm	35045	hem
hươu nai	35044	huounai
ion hoá	35043	ionhoa
keo sơn	35042	keoson
khai hoá	35041	khaihoa
khểnh	35040	khenh
khỏ	35039	kho
kinh kỳ	35038	kinhky
kinh tuyến	35037	kinhtuyen
liền tay	35036	lientay
long não	35035	longnao
lạ đời	35034	ladoi
lấn cấn	35033	lancan
lẩy bẩy	35032	laybay
lẫm	35031	lam
lồm cồm	35030	lomcom
mũ bảo hiểm	35029	mubaohiem
mếu	35028	meu
nam sinh	35027	namsinh
ngon mắt	35026	ngonmat
ngoặc kép	35025	ngoackep
ngót nghét	35024	ngotnghet
ngồ ngộ	35023	ngongo
nhân khẩu học	35022	nhankhauhoc
nhập cảng	35021	nhapcang
nấu bếp	35020	naubep
nặng trịch	35019	nangtrich
nết na	35018	netna
phi phàm	35017	phipham
phi đoàn	35016	phidoan
phá cỗ	35015	phaco
phó đô đốc	35014	phododoc
quay cóp	35013	quaycop
quy thuận	35012	quythuan
quýnh	35011	quynh
quắt	35010	quat
rướm	35009	ruom
rưởi	35008	ruoi
rạc	35007	rac
sang ngang	35006	sangngang
sui	35005	sui
sít	35004	sit
sóc chuột	35003	socchuot
sông Hậu	35002	songhau
sùng kính	35001	sungkinh
sắm vai	35000	samvai
tan tầm	34999	tantam
thanh đạm	34998	thanhdam
thâm nhiễm	34996	thamnhiem
thân chinh	34995	thanchinh
thòi	34994	thoi
thấu suốt	34993	thausuot
thầu dầu	34992	thaudau
thể thống	34991	thethong
tiếp tuyến	34990	tieptuyen
tráo trở	34989	traotro
trù tính	34988	trutinh
trển	34987	tren
tua rua	34986	tuarua
tày đình	34985	taydinh
tít tắp	34984	tittap
tường minh	34983	tuongminh
tập quyền	34982	tapquyen
từ láy	34981	tulay
tỳ vị	34980	tyvi
uy danh	34979	uydanh
uất hận	34978	uathan
vi thể	34977	vithe
vị chi	34976	vichi
vịt trời	34975	vittroi
vồ vập	34974	vovap
vợi	34973	voi
vừa mắt	34972	vuamat
xoạc	34971	xoac
xáp	34970	xap
xỏ lá	34969	xola
xỏ mũi	34968	xomui
êu	34967	eu
ô dù	34966	odu
Đông Phi	34965	dongphi
điểm huyệt	34964	diemhuyet
điện cơ	34963	dienco
đình đốn	34962	dinhdon
đói meo	34961	doimeo
đập hộp	34960	daphop
đặc mệnh	34959	dacmenh
đặc trách	34958	dactrach
đọi	34957	doi
độn thổ	34956	dontho
ước hẹn	34955	uochen
ốm nhom	34954	omnhom
ở rể	34953	ore
Băng Cốc	34952	bangcoc
Cổ Nhuế	34951	conhue
Hung Nô	34950	hungno
Quan Âm	34949	quanam
Quý Châu	34948	quychau
quốc xã	34947	quocxa
TV	34946	tv
Thiên Cầm	34945	thiencam
Thần Châu	34944	thanchau
Vũ Hán	34943	vuhan
a ha	34942	aha
an định	34941	andinh
bi bô	34940	bibo
bày vẽ	34939	bayve
bánh dẻo	34938	banhdeo
bánh ướt	34937	banhuot
báo tường	34936	baotuong
băng phiến	34935	bangphien
bơ phờ	34934	bopho
bạt tai	34933	battai
bất kham	34932	batkham
bất ly thân	34931	batlythan
bắp chuối	34930	bapchuoi
bền chí	34929	benchi
bọ gậy	34928	bogay
bồ kết	34927	boket
bột phát	34926	botphat
bủa	34925	bua
bủn rủn	34924	bunrun
cheo	34923	cheo
chiêu hồi	34922	chieuhoi
chiến luỹ	34921	chienluy
chung đụng	34920	chungdung
chép miệng	34919	chepmieng
chí sĩ	34918	chisi
chí tình	34917	chitinh
chính quốc	34916	chinhquoc
chăm bẵm	34915	chambam
chạc	34914	chac
chầu văn	34913	chauvan
cô quạnh	34912	coquanh
cầm cập	34911	camcap
cầm hơi	34910	camhoi
cổ quái	34909	coquai
dao lam	34908	daolam
diêm dân	34907	diemdan
giai nhân	34906	giainhan
giỗ chạp	34905	giochap
gà cồ	34904	gaco
gà sao	34903	gasao
hõm	34902	hom
hương nhu	34901	huongnhu
hưởng lạc	34900	huonglac
hất cẳng	34899	hatcang
hịch	34898	hich
hờn giận	34897	hongian
hợp lưu	34896	hopluu
im ỉm	34895	imim
khung cửi	34894	khungcui
khê	34893	khe
khúm núm	34892	khumnum
khướt	34891	khuot
kiến tập	34890	kientap
lang chạ	34889	langcha
linh miêu	34888	linhmieu
liên chi	34887	lienchi
liên thanh	34886	lienthanh
liên từ	34885	lientu
loăng quăng	34884	loangquang
làm phúc	34883	lamphuc
làm thinh	34882	lamthinh
lưu niên	34881	luunien
lẩn quẩn	34880	lanquan
lẫm liệt	34879	lamliet
lững lờ	34878	lunglo
miễu	34877	mieu
mánh khoé	34876	manhkhoe
mình mẩy	34875	minhmay
mũ nồi	34874	munoi
mảnh dẻ	34873	manhde
mề	34872	me
nghịch đảo	34871	nghichdao
nguyên xi	34870	nguyenxi
ngô đồng	34869	ngodong
ngắn ngủn	34868	nganngun
ngỗ nghịch	34867	ngonghich
nheo nhóc	34866	nheonhoc
nhà binh	34865	nhabinh
nhà bè	34864	nhabe
nhấp chuột	34863	nhapchuot
nhồi sọ	34862	nhoiso
nhợt	34861	nhot
nói phét	34860	noiphet
nùi	34859	nui
nỉ non	34858	ninon
nội thương	34857	noithuong
phi kim	34856	phikim
phân khoa	34855	phankhoa
phấp phới	34854	phapphoi
phị	34853	phi
phỗng	34852	phong
quang năng	34851	quangnang
quyền cước	34850	quyencuoc
quả nhân	34849	quanhan
quặt	34848	quat
ray rứt	34847	rayrut
rỗi hơi	34846	roihoi
sâu hoắm	34845	sauhoam
sún	34844	sun
sư mẫu	34843	sumau
sỏ	34842	so
sột soạt	34841	sotsoat
the thé	34840	thethe
thoái trào	34839	thoaitrao
thành văn	34838	thanhvan
thì là	34837	thila
thích khách	34836	thichkhach
thòng	34835	thong
thụp	34834	thup
tinh lực	34833	tinhluc
tiêu điều	34832	tieudieu
toán tử	34831	toantu
trã	34830	tra
trập trùng	34829	traptrung
tuần trăng	34828	tuantrang
tái cử	34827	taicu
tái giá	34826	taigia
téc	34825	tec
tình dục học	34824	tinhduchoc
tóp	34823	top
tơ tưởng	34822	totuong
tết nhất	34821	tetnhat
tịnh tiến	34820	tinhtien
tủa	34819	tua
tứ tuyệt	34818	tutuyet
tử huyệt	34817	tuhuyet
vô lối	34816	voloi
vô thường	34815	vothuong
vương phi	34814	vuongphi
vạn sự	34813	vansu
vật kính	34812	vatkinh
vắn	34811	van
xanh lơ	34810	xanhlo
xoi	34809	xoi
xói	34808	xoi
xạm	34807	xam
ác là	34806	acla
ôn dịch	34805	ondich
ăn tạp	34804	antap
Đài Trung	34803	daitrung
Đại Liên	34802	dailien
đài khí tượng	34801	daikhituong
đàng điếm	34800	dangdiem
đá hoa	34799	dahoa
đáo để	34798	daode
đưa đám	34797	duadam
đồng loã	34796	dongloa
đứng dậy	34795	dungday
ậm ừ	34794	amu
ỉm	34793	im
Biển Bắc	34792	bienbac
Bình Đông	34791	binhdong
Cao Ly	34790	caoly
Giáp Thìn	34789	giapthin
Thuận Thiên	34788	thuanthien
Trà Khúc	34787	trakhuc
Tây Âu	34786	tayau
binh biến	34785	binhbien
biện lý	34784	bienly
brom	34783	brom
bám víu	34782	bamviu
bánh tẻ	34781	banhte
bát giác	34780	batgiac
bình bầu	34779	binhbau
bóng đèn	34778	bongden
bù đầu	34777	budau
bại hoại	34776	baihoai
bất tín	34775	battin
bội bạc	34774	boibac
bội số	34773	boiso
bội ước	34772	boiuoc
bợ đỡ	34771	bodo
chuyên chính	34770	chuyenchinh
chuyên chú	34769	chuyenchu
chuyên trị	34768	chuyentri
chân nhân	34767	channhan
chính biến	34766	chinhbien
chòng chọc	34765	chongchoc
chống chế	34764	chongche
chống án	34763	chongan
cà lăm	34762	calam
cáo từ	34761	caotu
cơ hồ	34760	coho
cương nghị	34759	cuongnghi
cải thảo	34758	caithao
cầu khiến	34757	caukhien
cọc cạch	34756	coccach
cục mịch	34755	cucmich
cứng cổ	34754	cungco
cự phách	34753	cuphach
dò dẫm	34752	dodam
dớp	34751	dop
eng	34750	eng
giun chỉ	34749	giunchi
giải phẫu học	34748	giaiphauhoc
gầy dựng	34747	gaydung
hia	34746	hia
hiu hắt	34745	hiuhat
hoán vị	34744	hoanvi
hà thủ ô	34743	hathuo
inh	34742	inh
khuynh đảo	34741	khuynhdao
khép nép	34740	khepnep
khét lẹt	34739	khetlet
khổ công	34738	khocong
kếch	34737	kech
liti	34736	liti
loạn thị	34735	loanthi
làu bàu	34734	laubau
lác mắt	34733	lacmat
lô nhô	34732	lonho
lạc lối	34731	lacloi
lần hồi	34730	lanhoi
lập mưu	34729	lapmuu
lỉnh	34728	linh
lời tựa	34727	loitua
minh chủ	34726	minhchu
miểng	34725	mieng
miện	34724	mien
máy ủi	34723	mayui
mẫu hệ	34722	mauhe
mặn chát	34721	manchat
nghiêm trị	34720	nghiemtri
ngâm nga	34719	ngamnga
ngây dại	34718	ngaydai
ngóng đợi	34717	ngongdoi
ngắc	34716	ngac
ngụ cư	34715	ngucu
nhà Hồ	34714	nhaho
nhà bạt	34713	nhabat
nhà tu	34712	nhatu
nói khoác	34711	noikhoac
nương tử	34710	nuongtu
nường	34709	nuong
nậm	34708	nam
nội ứng	34707	noiung
oát	34706	oat
phong phanh	34705	phongphanh
phu quân	34704	phuquan
phờ phạc	34703	phophac
phục viên	34702	phucvien
pích	34701	pich
quắp	34700	quap
quốc giáo	34699	quocgiao
roi vọt	34698	roivot
rượu đế	34697	ruoude
rầm rầm	34696	ramram
rồ dại	34695	rodai
sán lá	34694	sanla
sơ sẩy	34693	sosay
sơn dương	34692	sonduong
sần sật	34691	sansat
sỗ sàng	34690	sosang
tam giáo	34689	tamgiao
thanh huyền	34688	thanhhuyen
thiển ý	34687	thieny
thui thủi	34686	thuithui
thuyền nhân	34685	thuyennhan
tháng bảy	34684	thangbay
tháu	34683	thau
thình	34682	thinh
thót	34681	thot
thượng thặng	34680	thuongthang
thất ngôn	34679	thatngon
thết đãi	34678	thetdai
thọt	34677	thot
thổ ngữ	34676	thongu
thừa số	34675	thuaso
tiếp điểm	34674	tiepdiem
trái nghĩa	34673	trainghia
trơn tuột	34672	trontuot
trắng xoá	34671	trangxoa
trở lực	34670	troluc
tuỷ sống	34669	tuysong
tóc xanh	34668	tocxanh
tót	34667	tot
tạp nham	34666	tapnham
tảng sáng	34665	tangsang
tảo hôn	34664	taohon
tội phạm học	34663	toiphamhoc
tỳ bà	34662	tyba
veo	34661	veo
vun vút	34660	vunvut
vòi voi	34659	voivoi
vẩn đục	34658	vanduc
vục	34657	vuc
xa tít	34656	xatit
xà quyền	34655	xaquyen
xã đoàn	34654	xadoan
xếp bằng	34653	xepbang
á khôi	34652	akhoi
ái nữ	34651	ainu
âm dương	34650	amduong
ân sủng	34649	ansung
êkip	34648	ekip
ót	34647	ot
ý nhị	34646	ynhi
ý vị	34645	yvi
Đại Kim	34644	daikim
Địa Cầu	34643	diacau
đoản mệnh	34642	doanmenh
đĩa đơn	34641	diadon
đỏm dáng	34640	domdang
đức hồng y	34639	duchongy
ổ khoá	34638	okhoa
ực	34637	uc
Bình Trị Thiên	34636	binhtrithien
Chợ Lớn	34635	cholon
Cà Ná	34634	cana
Kinh Dịch	34633	kinhdich
Nam Hà	34632	namha
nhật hoàng	34631	nhathoang
nin	34630	nin
Pác Nặm	34629	pacnam
Thiên Mã	34628	thienma
Tây Bắc Bộ	34627	taybacbo
Tôn Tử	34626	tontu
Việt Nam Cộng hoà	34625	vietnamconghoa
bánh cốm	34624	banhcom
bít tất	34623	bittat
bòn	34622	bon
bóc trần	34621	boctran
bưu tá	34620	buuta
bạch chỉ	34619	bachchi
bất phương trình	34618	batphuongtrinh
bẹt	34617	bet
bổi	34616	boi
ca kịch	34615	cakich
can chi	34614	canchi
chung chạ	34613	chungcha
cháo lòng	34612	chaolong
cháu chắt	34611	chauchat
châm chước	34610	chamchuoc
chét	34609	chet
chình ình	34608	chinhinh
chơ vơ	34607	chovo
chứng nhân	34606	chungnhan
cà pháo	34605	caphao
cá chạch	34604	cachach
công cốc	34603	congcoc
cơ vân	34602	covan
cất bước	34601	catbuoc
cầu vai	34600	cauvai
của nợ	34599	cuano
cửa chớp	34598	cuachop
danh ngôn	34597	danhngon
di hài	34596	dihai
duối	34595	duoi
dạn dĩ	34594	dandi
dầu gió	34593	daugio
dặt dẹo	34592	datdeo
giàn giụa	34591	giangiua
hiđro	34590	hidro
hút hít	34589	huthit
hạ bộ	34588	habo
hải chiến	34587	haichien
hụ	34586	hu
kiến quốc	34585	kienquoc
lay ơn	34584	layon
lia lịa	34583	lialia
luôn thể	34582	luonthe
luống tuổi	34581	luongtuoi
làm mối	34580	lammoi
láu	34579	lau
lâu la	34578	laula
lã chã	34577	lacha
lông bông	34576	longbong
lý sự	34575	lysu
lăng trụ	34574	langtru
lặt	34573	lat
lẹo	34572	leo
lợi niệu	34571	loinieu
lợn lòi	34570	lonloi
lửng lơ	34569	lunglo
móng vuốt	34568	mongvuot
múa rối nước	34567	muaroinuoc
mấp máy	34566	mapmay
mẫn cán	34565	mancan
mị dân	34564	midan
nguy ngập	34563	nguyngap
nguyên đơn	34562	nguyendon
nguỵ quyền	34561	nguyquyen
ngủ mê	34560	ngume
nha môn	34559	nhamon
nho gia	34558	nhogia
nhoáng	34557	nhoang
nhum	34556	nhum
nhà táng	34555	nhatang
nháo nhác	34554	nhaonhac
nhân thọ	34553	nhantho
nhật trình	34552	nhattrinh
náu	34551	nau
nên thân	34550	nenthan
nớ	34549	no
phao câu	34548	phaocau
phương sách	34547	phuongsach
phản phúc	34546	phanphuc
rong biển	34545	rongbien
rũ rượi	34544	ruruoi
rường	34543	ruong
rường cột	34542	ruongcot
rắp tâm	34541	raptam
sao la	34540	saola
sòng bạc	34538	songbac
sông Hương	34537	songhuong
sực nức	34536	sucnuc
tay trên	34535	taytren
than chì	34534	thanchi
thuận hoà	34533	thuanhoa
thánh nữ	34532	thanhnu
thôi nôi	34531	thoinoi
thông thuộc	34530	thongthuoc
thẳng cánh	34529	thangcanh
thết	34528	thet
tiến lên	34527	tienlen
trui rèn	34526	truiren
trăng trối	34525	trangtroi
trầm luân	34524	tramluan
trầy trật	34523	traytrat
trở lên	34522	trolen
têm	34521	tem
tĩnh vật	34520	tinhvat
tường lửa	34519	tuonglua
tảo mộ	34518	taomo
tọt	34517	tot
tốt số	34516	totso
tổng động viên	34515	tongdongvien
tứ diện	34514	tudien
tử chiến	34513	tuchien
u uẩn	34512	uuan
xe đò	34511	xedo
xoàn	34510	xoan
xáo động	34509	xaodong
xét nét	34508	xetnet
ánh trăng	34507	anhtrang
âm ấm	34506	amam
âu sầu	34505	ausau
Đông Hán	34504	donghan
đen sì	34503	densi
điếu cày	34502	dieucay
điều kiện cần	34501	dieukiencan
điện hoá	34500	dienhoa
đã đời	34499	dadoi
đầu phiếu	34498	dauphieu
đầu têu	34497	dauteu
đắc thắng	34496	dacthang
đỏ chót	34495	dochot
Dương Kinh	34491	duongkinh
Giang Tây	34490	giangtay
nam triều	34488	namtrieu
Thiểm Tây	34487	thiemtay
Trinh Nữ	34486	trinhnu
Tà Ôi	34485	taoi
anh nuôi	34484	anhnuoi
ba quân	34483	baquan
bo bo	34482	bobo
bánh giò	34481	banhgio
bình bát	34480	binhbat
bô bô	34479	bobo
bạc đãi	34478	bacdai
bản vị	34477	banvi
bấu	34476	bau
bờ bến	34475	boben
bợ	34474	bo
chi dùng	34473	chidung
chiêm tinh học	34472	chiemtinhhoc
choi choi	34471	choichoi
chua ngoa	34470	chuangoa
chà bông	34469	chabong
chào mào	34468	chaomao
chí hiếu	34467	chihieu
chí thiện	34466	chithien
chí thú	34465	chithu
chính giới	34464	chinhgioi
chính đạo	34463	chinhdao
chạ	34462	cha
chạy chọt	34461	chaychot
chết điếng	34460	chetdieng
chỉ giới	34459	chigioi
chỉ xác	34458	chixac
chọc tiết	34457	choctiet
chủ thầu	34456	chuthau
cuốn chiếu	34455	cuonchieu
cá quả	34454	caqua
cá trắm	34453	catram
có chửa	34452	cochua
cơ phó	34451	copho
cơm rang	34450	comrang
cờ vây	34449	covay
củ mài	34448	cumai
cứ liệu	34447	culieu
cửng	34446	cung
diêm tiêu	34445	diemtieu
dòng dõi	34444	dongdoi
dạn	34443	dan
dấu câu	34442	daucau
dấu tích	34441	dautich
game thủ	34440	gamethu
giao thời	34439	giaothoi
giò lụa	34438	giolua
giậu	34437	giau
giềng	34436	gieng
giở chứng	34435	giochung
gõ kiến	34434	gokien
gốc tích	34433	goctich
hoẵng	34432	hoang
hà cớ	34431	haco
hải quỳ	34430	haiquy
hồng vệ binh	34429	hongvebinh
hữu tuyến	34428	huutuyen
khí áp	34427	khiap
khúc khuỷu	34426	khuckhuyu
khấp khởi	34425	khapkhoi
kilôgam	34424	kilogam
lâm viên	34423	lamvien
lòn	34422	lon
lương khô	34421	luongkho
lụm	34420	lum
mai khôi	34419	maikhoi
muôn tâu	34418	muontau
mãng	34417	mang
mạt sát	34416	matsat
mỏ lết	34415	molet
nghi phạm	34414	nghipham
nguồn cơn	34413	nguoncon
ngượng ngập	34412	nguongngap
nhoi	34411	nhoi
nhân trung	34410	nhantrung
nhí nhố	34409	nhinho
nhạc lý	34408	nhacly
nhặng	34407	nhang
nhặng xị	34406	nhangxi
nhỏ to	34405	nhoto
nói leo	34404	noileo
nô tỳ	34403	noty
oai nghiêm	34402	oainghiem
phù vân	34401	phuvan
phúc tra	34400	phuctra
phũ	34399	phu
phướn	34398	phuon
phụ trội	34397	phutroi
quang gánh	34396	quangganh
quáng gà	34395	quangga
ruồi nhặng	34394	ruoinhang
rơ le	34393	role
rả rích	34392	rarich
rứt	34391	rut
suy suyển	34390	suysuyen
sảo	34389	sao
tha thẩn	34388	thathan
theo gót	34387	theogot
thiện nguyện	34386	thiennguyen
thái giám	34385	thaigiam
thõng	34384	thong
thượng cấp	34383	thuongcap
thượng du	34382	thuongdu
thạp	34381	thap
thả cửa	34380	thacua
thấm tháp	34379	thamthap
thấu cảm	34378	thaucam
thẳng góc	34377	thanggoc
thế cuộc	34376	thecuoc
thị uy	34375	thiuy
tinh linh	34374	tinhlinh
tiến thủ	34373	tienthu
trinh bạch	34372	trinhbach
trà đá	34371	trada
trúc đào	34370	trucdao
trước tác	34369	truoctac
trẩu	34368	trau
trọc phú	34367	trocphu
trực nhật	34366	trucnhat
tạ thế	34365	tathe
từ nguyên	34364	tunguyen
tử sĩ	34363	tusi
vân vân	34362	vanvan
vãn hồi	34361	vanhoi
vò vẽ	34360	vove
vạ lây	34359	valay
xe lam	34358	xelam
xá xị	34357	xaxi
xán lạn	34356	xanlan
xếch	34355	xech
yêu thích	34354	yeuthich
ác nghiệt	34353	acnghiet
ôn tồn	34352	onton
õng ẹo	34351	ongeo
Đất Mũi	34350	datmui
điều kiện đủ	34349	dieukiendu
đánh răng	34348	danhrang
đòn gánh	34347	donganh
đông trùng hạ thảo	34346	dongtrunghathao
đõ	34345	do
ống chân	34344	ongchan
ủ dột	34343	udot
Dương Cưu	34342	duongcuu
Hạ Môn	34341	hamon
Lưỡng Hà	34340	luongha
Mậu Thìn	34339	mauthin
Nam Tống	34338	namtong
ny	34337	ny
phaolô	34336	phaolo
Tây Á	34335	taya
binh vận	34334	binhvan
biện giải	34333	biengiai
biệt ly	34332	bietly
buông lơi	34331	buongloi
buông thõng	34330	buongthong
bún thang	34329	bunthang
bút máy	34328	butmay
bất nghĩa	34327	batnghia
bất thình lình	34326	batthinhlinh
bệ rạc	34325	berac
bệ vệ	34324	beve
bồ nông	34323	bonong
bổ đề	34322	bode
chi lưu	34321	chiluu
chuột lang	34320	chuotlang
chân phương	34319	chanphuong
chìm nổi	34318	chimnoi
chí tuyến	34317	chituyen
chạm ngõ	34316	chamngo
chạnh	34315	chanh
chạy chợ	34314	chaycho
chắt bóp	34313	chatbop
chịu lửa	34312	chiulua
coban	34311	coban
câu cú	34310	caucu
công quả	34309	congqua
cơ man	34308	coman
cấm chỉ	34307	camchi
cọn	34306	con
cỏ may	34305	comay
cửa quyền	34304	cuaquyen
dụng công	34303	dungcong
gioăng	34302	gioang
giòn rụm	34301	gionrum
giầm	34300	giam
gà ác	34299	gaac
hai chấm	34298	haicham
hiếu thuận	34297	hieuthuan
hiện tượng học	34296	hientuonghoc
hiệp khách	34295	hiepkhach
hoa tay	34294	hoatay
hàm nghĩa	34293	hamnghia
hàm súc	34292	hamsuc
học lỏm	34291	hoclom
khinh khi	34290	khinhkhi
khệ nệ	34289	khene
khệnh khạng	34288	khenhkhang
kềnh càng	34287	kenhcang
la liếm	34286	laliem
lai láng	34285	lailang
làng nước	34284	langnuoc
lông nheo	34283	longnheo
lăm le	34282	lamle
lơ thơ	34281	lotho
lần lữa	34280	lanlua
lụa là	34279	luala
lừ đừ	34278	ludu
mướp tây	34277	muoptay
mắc mưu	34276	macmuu
mắm muối	34275	mammuoi
nem rán	34274	nemran
ngũ cung	34273	ngucung
người ngợm	34272	nguoingom
ngột	34271	ngot
nhiễu sự	34270	nhieusu
nhong nhong	34269	nhongnhong
nhà xuất bản	34268	nhaxuatban
nhân từ	34267	nhantu
nhạt nhoà	34266	nhatnhoa
nhẹ tênh	34265	nhetenh
niền	34264	nien
nín nhịn	34263	ninnhin
nặc	34262	nac
nội tỉnh	34261	noitinh
oai vệ	34260	oaive
ong ong	34259	ongong
pháp danh	34258	phapdanh
phản đòn	34257	phandon
quáng	34256	quang
rớm	34255	rom
sa mạc hoá	34254	samachoa
song hỷ	34253	songhy
sũng	34252	sung
sấn	34251	san
sặt	34250	sat
sữa đậu nành	34249	suadaunanh
te tua	34248	tetua
thanh điệu	34247	thanhdieu
thao diễn	34246	thaodien
thiết tưởng	34245	thiettuong
thuổng	34244	thuong
thuỷ tạ	34243	thuyta
thò lò	34242	tholo
thất thểu	34241	thattheu
thật lực	34240	thatluc
tin vịt	34239	tinvit
toà lãnh sự	34238	toalanhsu
truỵ lạc	34237	truylac
trùng phùng	34236	trungphung
trạnh	34235	tranh
trần ai	34234	tranai
trề	34233	tre
trộm vía	34232	tromvia
trực hệ	34231	truche
tài cán	34230	taican
tào phớ	34229	taopho
tăm hơi	34228	tamhoi
tư lự	34227	tulu
tản mát	34226	tanmat
tảng lờ	34225	tanglo
tầm vông	34224	tamvong
tợ	34223	to
ui da	34222	uida
uỵch	34221	uych
vang lừng	34220	vanglung
vo vo	34219	vovo
vành khuyên	34218	vanhkhuyen
vương tử	34217	vuongtu
vả chăng	34216	vachang
vắng hoe	34215	vanghoe
xanh rì	34214	xanhri
xi nhan	34213	xinhan
xá xíu	34212	xaxiu
xì xụp	34211	xixup
xầm xì	34210	xamxi
xập xình	34209	xapxinh
xực	34208	xuc
yếm khí	34207	yemkhi
áng chừng	34206	angchung
ô môi	34205	omoi
Đàng Trong	34204	dangtrong
Đình Bảng	34203	dinhbang
Đông Kinh	34202	dongkinh
đoản mạch	34201	doanmach
đũa cả	34200	duaca
đầu đinh	34199	daudinh
đậu ván	34198	dauvan
đậu đũa	34197	daudua
A Di Đà Phật	34196	adidaphat
Ba Na	34195	bana
Bà La Môn	34194	balamon
CLB	34193	clb
Cao Hùng	34192	caohung
Cáp Nhĩ Tân	34190	capnhitan
Nam Chiếu	34188	namchieu
Quảng Đà	34187	quangda
Song Sinh	34186	songsinh
Sán Dìu	34185	sandiu
thoan	34184	thoan
Trung Phi	34183	trungphi
Tây Hán	34182	tayhan
Tây Ấn	34181	tayan
Vĩnh Điện	34180	vinhdien
Xiêm La	34179	xiemla
Yên Nghĩa	34178	yennghia
an hưởng	34177	anhuong
anh hùng rơm	34176	anhhungrom
antimon	34175	antimon
axetic	34174	axetic
ba rọi	34173	baroi
ban nhạc	34172	bannhac
bánh bò	34171	banhbo
bánh hỏi	34170	banhhoi
bâng quơ	34169	bangquo
bão bùng	34168	baobung
bình định	34167	binhdinh
bích quy	34166	bichquy
bạc bẽo	34165	bacbeo
bất nhất	34164	batnhat
bất nhẫn	34163	batnhan
bất tín nhiệm	34162	battinnhiem
bắt đền	34161	batden
bọng đái	34160	bongdai
bợn	34159	bon
chu tất	34158	chutat
chuồi	34157	chuoi
chùm ruột	34156	chumruot
chú dẫn	34155	chudan
chập choạng	34154	chapchoang
chẹt	34153	chet
chẽn	34152	chen
chễm chệ	34151	chemche
chỉnh huấn	34150	chinhhuan
cá đối	34149	cadoi
cám cảnh	34148	camcanh
cô liêu	34147	colieu
côi cút	34146	coicut
cầu gai	34145	caugai
củ ấu	34144	cuau
cửi	34143	cui
cực thịnh	34142	cucthinh
diếp cá	34141	diepca
dung tha	34140	dungtha
dạ khúc	34139	dakhuc
dằm	34138	dam
dịu hiền	34137	diuhien
dừa xiêm	34136	duaxiem
giao hoà	34135	giaohoa
giun kim	34134	giunkim
giẻ cùi	34133	giecui
huyết chiến	34132	huyetchien
hàm hồ	34131	hamho
hàn vi	34130	hanvi
hành khất	34129	hanhkhat
hẻo	34128	heo
học vẹt	34127	hocvet
hồn phách	34126	honphach
hợp thức	34125	hopthuc
kem que	34124	kemque
khiên cưỡng	34123	khiencuong
khác gì	34122	khacgi
khăn đóng	34121	khandong
kẹo dừa	34120	keodua
liên khúc	34119	lienkhuc
luận cương	34118	luancuong
láu lỉnh	34117	laulinh
lâm râm	34116	lamram
lèm bèm	34115	lembem
lép kẹp	34114	lepkep
lò vi sóng	34113	lovisong
lơ ngơ	34112	longo
mai hoa	34111	maihoa
mán	34110	man
mười tám	34109	muoitam
mạc phủ	34108	macphu
mẹ nó	34107	meno
mịt mùng	34106	mitmung
mồm mép	34105	mommep
ngay cả	34104	ngayca
nguyên cáo	34103	nguyencao
ngón tay	34102	ngontay
ngụp	34101	ngup
nhao	34100	nhao
nhân hoà	34099	nhanhoa
nhũ hương	34098	nhuhuong
nhạt thếch	34097	nhatthech
nhổm	34096	nhom
non choẹt	34095	nonchoet
não nề	34094	naone
nói móc	34093	noimoc
nước đôi	34092	nuocdoi
nắc nẻ	34091	nacne
nồi niêu	34090	noinieu
nực	34089	nuc
phe phẩy	34088	phephay
phong thần	34087	phongthan
phát dục	34086	phatduc
phòi	34085	phoi
phóng tác	34084	phongtac
phôi pha	34083	phoipha
phất phơ	34082	phatpho
ra rả	34081	rara
rau sam	34080	rausam
riu	34079	riu
ruột gà	34078	ruotga
rượi	34077	ruoi
sãi	34076	sai
sơn tra	34075	sontra
số nhiều	34074	sonhieu
sức hút	34073	suchut
tam giác cân	34072	tamgiaccan
thiên thần sa ngã	34071	thienthansanga
thuyền chài	34070	thuyenchai
tháng tư	34069	thangtu
thánh thượng	34068	thanhthuong
thánh tích	34067	thanhtich
thăng long	34066	thanglong
thấm thoát	34065	thamthoat
thầy đồ	34064	thaydo
thổ huyết	34063	thohuyet
ti hí	34062	tihi
tiết hạnh	34061	tiethanh
trùng trùng	34060	trungtrung
trúng gió	34059	trunggio
trạng ngữ	34058	trangngu
trắm	34057	tram
tuyn	34056	tuyn
tí tách	34055	titach
tươm	34054	tuom
tỉnh bơ	34053	tinhbo
tịch mịch	34052	tichmich
tỏi tây	34051	toitay
từ chương	34050	tuchuong
viên tịch	34049	vientich
viễn du	34048	viendu
văn hoá phẩm	34047	vanhoapham
xe lu	34046	xelu
y chang	34045	ychang
y lệnh	34044	ylenh
ác bá	34043	acba
ái hữu	34042	aihuu
âu phục	34041	auphuc
ông Táo	34040	ongtao
Đài Nam	34039	dainam
đông y	34038	dongy
Đức Thánh Cha	34037	ducthanhcha
điện thoại viên	34036	dienthoaivien
đại học sĩ	34035	daihocsi
đấu tố	34034	dauto
đẹt	34033	det
đốp	34032	dop
đồ gốm	34031	dogom
đồ hàng	34030	dohang
đứt ruột	34029	dutruot
Bắc Băng Dương	34028	bacbangduong
Bắc Nguỵ	34027	bacnguy
Cam Túc	34026	camtuc
Chân Lạp	34025	chanlap
Cầu Giấy	34024	caugiay
Cửu Chân	34023	cuuchan
Dương Châu	34022	duongchau
Hán Việt	34021	hanviet
Khang Hy	34020	khanghy
Liễu Hạnh	34019	lieuhanh
lự	34018	lu
Móng Cái	34017	mongcai
Mộc Tinh	34016	moctinh
TPHCM	34015	tphcm
Thượng Đình	34014	thuongdinh
Tây Hạ	34013	tayha
bao lơn	34012	baolon
binh thư	34011	binhthu
biến loạn	34010	bienloan
bánh kếp	34009	banhkep
bùa yêu	34008	buayeu
bảo chứng	34007	baochung
bậu	34006	bau
bặm trợn	34005	bamtron
bồn địa	34004	bondia
bổ củi	34003	bocui
bổ khuyết	34002	bokhuyet
bỗ bã	34001	boba
bội phần	34000	boiphan
bớp	33999	bop
bức tử	33998	buctu
chiến địa	33997	chiendia
châm chích	33996	chamchich
chấp bút	33995	chapbut
chống giữ	33994	chonggiu
chủ sự	33993	chusu
cu li	33992	culi
cà cuống	33991	cacuong
cô ta	33990	cota
cút đi	33989	cutdi
cản quang	33988	canquang
cầu khỉ	33987	caukhi
cỏ tranh	33986	cotranh
cực tiểu	33985	cuctieu
cực trị	33984	cuctri
diễn ngôn	33983	dienngon
dành dành	33982	danhdanh
dôn	33981	don
dược sư	33980	duocsu
dợ	33979	do
gali	33978	gali
gian nguy	33977	giannguy
giun tròn	33976	giuntron
giãy chết	33975	giaychet
gió lốc	33974	gioloc
giội	33973	gioi
giừ	33972	giu
gấm vóc	33971	gamvoc
hoá độ	33970	hoado
hoán dụ	33969	hoandu
hoả tốc	33968	hoatoc
hí hoáy	33967	hihoay
hạch sách	33966	hachsach
hậu tố	33965	hauto
hửi	33964	hui
khuynh diệp	33963	khuynhdiep
khuyết danh	33962	khuyetdanh
khêu	33961	kheu
không hề	33960	khonghe
khướu	33959	khuou
khấc	33958	khac
khổ nhục kế	33957	khonhucke
kiến lập	33956	kienlap
lem luốc	33955	lemluoc
lo buồn	33954	lobuon
luận đề	33953	luande
lách tách	33952	lachtach
lê dương	33951	leduong
lấy lệ	33950	layle
lễ lạt	33949	lelat
lộ tẩy	33948	lotay
lộng quyền	33947	longquyen
lộp bộp	33946	lopbop
lục phủ	33945	lucphu
lừ lừ	33944	lulu
muộn mằn	33943	muonman
măng sét	33942	mangset
mấp mé	33941	mapme
mỏng dính	33940	mongdinh
ngay ngáy	33939	ngayngay
ngoại sinh	33938	ngoaisinh
ngâu	33937	ngau
ngù	33936	ngu
ngũ giới	33935	ngugioi
ngứa tay	33934	nguatay
ngữ hệ	33933	nguhe
nhá nhem	33932	nhanhem
nhót	33931	nhot
như thế	33930	nhuthe
nhạc đỏ	33929	nhacdo
náng	33928	nang
nước nặng	33927	nuocnang
nấm mèo	33926	nammeo
nầm	33925	nam
nịnh đầm	33924	ninhdam
oóc	33923	ooc
phoi	33922	phoi
phong thánh	33921	phongthanh
phòng xa	33920	phongxa
qua quýt	33919	quaquyt
quảy	33918	quay
quốc dân	33917	quocdan
run rủi	33916	runrui
ruột rà	33915	ruotra
samari	33914	samari
sâu róm	33913	saurom
sính lễ	33912	sinhle
sõng	33911	song
sở đoản	33910	sodoan
thiên tuế	33909	thientue
thiên địa hội	33908	thiendiahoi
thoát y	33907	thoaty
thánh thót	33906	thanhthot
thói đời	33905	thoidoi
thườn thượt	33904	thuonthuot
tinh tướng	33903	tinhtuong
tiếng thơm	33902	tiengthom
tiền nhân	33901	tiennhan
trái khoáy	33900	traikhoay
tré	33899	tre
tròng trành	33898	trongtranh
trảy	33897	tray
trầm mình	33896	tramminh
trống cơm	33895	trongcom
tu hú	33894	tuhu
tuyệt tình	33893	tuyettinh
tuổi ta	33892	tuoita
tâm lực	33891	tamluc
tân niên	33890	tannien
tê thấp	33889	tethap
tên tự	33888	tentu
tòi	33887	toi
túm tụm	33886	tumtum
tột	33885	tot
tự kỷ	33884	tuky
u minh	33883	uminh
ve vẩy	33882	vevay
vi phẫu	33881	viphau
vần vũ	33880	vanvu
vầu	33879	vau
vận số	33878	vanso
xoàng xĩnh	33877	xoangxinh
xuống cân	33876	xuongcan
xuống tóc	33875	xuongtoc
xúm xít	33874	xumxit
xấu bụng	33873	xaubung
xống	33872	xong
Úc Châu	33871	ucchau
á quân	33870	aquan
ôzôn	33869	ozon
đăng ten	33868	dangten
đại để	33867	daide
đầy tớ	33866	dayto
đền thờ	33865	dentho
đối số	33864	doiso
đớn	33863	don
ẻ	33862	e
ọc	33861	oc
ốc bươu	33860	ocbuou
ớt hiểm	33859	othiem
Canh Tuất	33858	canhtuat
choang	33857	choang
Cựu Ước	33856	cuuuoc
hoa kiều	33855	hoakieu
Hố Nai	33854	honai
Lô Lô	33853	lolo
Nam Xương	33852	namxuong
Ngọc Lân	33851	ngoclan
Phù Yên	33850	phuyen
Phật Đản	33849	phatdan
Viễn Tây	33848	vientay
Vạn Thọ	33847	vantho
biếng nhác	33846	biengnhac
biệt xứ	33845	bietxu
bá quyền	33844	baquyen
bánh kem	33843	banhkem
bánh phồng tôm	33842	banhphongtom
bìm bìm	33841	bimbim
bìm bịp	33840	bimbip
bóng đè	33839	bongde
bạch phiến	33838	bachphien
bặm	33837	bam
bội tinh	33836	boitinh
bụm	33835	bum
cao minh	33834	caominh
chanh chua	33833	chanhchua
chia lửa	33832	chialua
chuông gió	33831	chuonggio
chánh niệm	33830	chanhniem
chão	33829	chao
chòng	33828	chong
chạy làng	33827	chaylang
chầu chực	33826	chauchuc
chợ cóc	33825	chococ
cuồng bạo	33824	cuongbao
càn khôn	33823	cankhon
cáo chung	33822	caochung
căm tức	33821	camtuc
cạo gió	33820	caogio
cải thìa	33819	caithia
cảm lạnh	33818	camlanh
cốp pha	33817	coppha
cổ ngữ	33816	congu
cột cờ	33815	cotco
debut	33814	debut
di cảo	33813	dicao
di lý	33812	dily
dè sẻn	33811	desen
dấu chấm than	33810	dauchamthan
dọi	33809	doi
dổ	33808	do
giấy bồi	33807	giayboi
giấy nhám	33806	giaynham
giấy than	33805	giaythan
glucozơ	33804	glucozo
gái bao	33803	gaibao
hiđrocacbon	33802	hidrocacbon
hiến tế	33801	hiente
hoen	33800	hoen
hoà nhã	33799	hoanha
hung hiểm	33798	hunghiem
huýt	33797	huyt
hà hiếp	33796	hahiep
hà tất	33795	hatat
hàng chợ	33794	hangcho
hát tuồng	33793	hattuong
hãn hữu	33792	hanhuu
héo hắt	33791	heohat
hôi tanh	33790	hoitanh
hỗn hào	33789	honhao
hợm	33788	hom
hủ bại	33787	hubai
hữu khuynh	33786	huukhuynh
khè	33785	khe
khúc chiết	33784	khucchiet
kim tiêm	33783	kimtiem
kị sĩ	33782	kisi
kỳ giông	33781	kygiong
lom khom	33780	lomkhom
lu bù	33779	lubu
luồn cúi	33778	luoncui
lá mía	33777	lamia
lá ngón	33776	langon
lè tè	33775	lete
lơ xe	33774	loxe
lược dịch	33773	luocdich
lạc tiên	33772	lactien
lậm	33771	lam
lộp độp	33770	lopdop
ma giáo	33769	magiao
mòi	33768	moi
mù u	33767	muu
măng đá	33766	mangda
mịt	33765	mit
nan hoa	33764	nanhoa
ngập ngụa	33763	ngapngua
ngữ khí	33762	ngukhi
ngữ liệu	33761	ngulieu
nhiễu nhương	33760	nhieunhuong
nho nhã	33759	nhonha
nhà cầu	33758	nhacau
nhược cơ	33757	nhuocco
nhạc vàng	33756	nhacvang
nhồng	33755	nhong
nhời	33754	nhoi
nơm	33753	nom
nước nôi	33752	nuocnoi
nẫu	33751	nau
nậu	33750	nau
oản	33749	oan
phách lối	33748	phachloi
phó từ	33747	photu
phụng phịu	33746	phungphiu
quạnh quẽ	33745	quanhque
quạu quọ	33744	quauquo
rau cải	33743	raucai
riu riu	33742	riuriu
rùng	33741	rung
siêu hình học	33740	sieuhinhhoc
sạch bách	33739	sachbach
sắt son	33738	satson
sồ	33737	so
sớt	33736	sot
tam giác đều	33735	tamgiacdeu
thiên tính	33734	thientinh
thạch sùng	33733	thachsung
thập thò	33732	thaptho
thẳng băng	33731	thangbang
toà sen	33730	toasen
trung liên	33729	trunglien
trung tiện	33728	trungtien
tráng kiện	33727	trangkien
tráng sĩ	33726	trangsi
trót dại	33725	trotdai
trùng trục	33724	trungtruc
trạng nguyên	33723	trangnguyen
trớn	33722	tron
trục hoành	33721	truchoanh
tuần phủ	33720	tuanphu
tôn xưng	33719	tonxung
túi bóng	33718	tuibong
tận số	33717	tanso
tởn	33716	ton
tủi hờn	33715	tuihon
vid	33714	vid
vô tiền khoáng hậu	33713	votienkhoanghau
vạn chài	33712	vanchai
vần thơ	33711	vantho
vằng vặc	33710	vangvac
xép	33709	xep
xương cùng	33708	xuongcung
ân nghĩa	33707	annghia
ú tim	33706	utim
đinh vít	33705	dinhvit
đoảng	33704	doang
đạo đức học	33703	daoduchoc
đằng đằng	33702	dangdang
địa lý học	33701	dialyhoc
đỏ gay	33700	dogay
đỏ quạch	33699	doquach
đổ đốn	33698	dodon
ứng thí	33697	ungthi
Bách Tế	33696	bachte
chứt	33695	chut
Dương Tiễn	33694	duongtien
Hoành Sơn	33693	hoanhson
Hán Thành	33692	hanthanh
Khải Hoàn Môn	33691	khaihoanmon
nhữ	33690	nhu
Quý Dương	33689	quyduong
Sao Thuỷ	33687	saothuy
Tam Á	33686	tama
tiều	33685	tieu
Trang Tử	33684	trangtu
Xiêng Khoảng	33683	xiengkhoang
an toàn khu	33682	antoankhu
bay bướm	33681	baybuom
biên niên sử	33680	bienniensu
biếm	33679	biem
bèo tây	33678	beotay
bêu riếu	33677	beurieu
bôi bác	33676	boibac
bút hiệu	33675	buthieu
băng vệ sinh	33674	bangvesinh
bươi	33673	buoi
bương	33672	buong
bảng nhãn	33671	bangnhan
bất minh	33670	batminh
bố cáo	33668	bocao
bố phòng	33667	bophong
bốn bể	33666	bonbe
bồng lai	33665	bonglai
chim chích	33664	chimchich
chiêu đãi viên	33663	chieudaivien
chiền	33662	chien
chèo chống	33661	cheochong
chìa vôi	33660	chiavoi
chĩnh	33659	chinh
chỉ thực	33658	chithuc
chủ chứa	33657	chuchua
cáu tiết	33656	cautiet
côca	33655	coca
căm căm	33654	camcam
cũn cỡn	33653	cuncon
cơ hàn	33652	cohan
cắt đặt	33651	catdat
cỗi	33650	coi
cục tác	33649	cuctac
cụm từ	33648	cumtu
cửa mình	33647	cuaminh
danh xưng	33646	danhxung
dao nhíp	33645	daonhip
dung dưỡng	33644	dungduong
duyên cớ	33643	duyenco
dàn bài	33642	danbai
dướng	33641	duong
dầm dề	33640	damde
dập dềnh	33639	dapdenh
dỏng	33638	dong
giao tuyến	33637	giaotuyen
giả cầy	33636	giacay
giặc lái	33635	giaclai
giữ kẽ	33634	giuke
gà ri	33633	gari
ho he	33632	hohe
hoa niên	33631	hoanien
hom hem	33630	homhem
huống gì	33629	huonggi
hĩm	33628	him
hồng xiêm	33627	hongxiem
hụp	33626	hup
hủ lậu	33625	hulau
hức	33624	huc
khoằm	33623	khoam
khuây khoả	33622	khuaykhoa
khuất bóng	33621	khuatbong
khích bác	33620	khichbac
khạp	33619	khap
khẩu khí	33618	khaukhi
khẩu ngữ	33617	khaungu
khổ não	33616	khonao
la đà	33615	lada
lau lách	33614	laulach
leo lét	33613	leolet
lu bu	33612	lubu
lô hội	33611	lohoi
lơ lớ	33610	lolo
lẹ làng	33609	lelang
lừng khừng	33608	lungkhung
mỏ hàn	33607	mohan
mủn	33606	mun
nghìn thu	33605	nghinthu
nghĩa sĩ	33604	nghiasi
nghề ngỗng	33603	nghengong
ngoải	33602	ngoai
ngắc ngoải	33601	ngacngoai
nhem nhuốc	33600	nhemnhuoc
nhuần	33599	nhuan
nhận chân	33598	nhanchan
nhận thức luận	33597	nhanthucluan
nhủi	33596	nhui
nuối	33595	nuoi
nàng tiên	33594	nangtien
nói thách	33593	noithach
nước cứng	33592	nuoccung
nịch	33591	nich
nội san	33590	noisan
nội tạng	33589	noitang
phây	33588	phay
phó nháy	33587	phonhay
phó tế	33586	phote
phụ hệ	33585	phuhe
quen thói	33584	quenthoi
quật khởi	33583	quatkhoi
quở	33582	quo
ru rú	33581	ruru
rõi	33580	roi
rần rật	33579	ranrat
rộc	33578	roc
sa sầm	33577	sasam
sinh quán	33576	sinhquan
soọc	33575	sooc
sâu cay	33574	saucay
sạo	33573	sao
sạt nghiệp	33572	satnghiep
số thực	33571	sothuc
tay nải	33570	taynai
thu lu	33569	thulu
thuốc tím	33568	thuoctim
thuốc đỏ	33567	thuocdo
thổ sản	33566	thosan
thủ hiến	33565	thuhien
tiêu thổ	33564	tieutho
tiết khí	33563	tietkhi
tiểu hành tinh	33562	tieuhanhtinh
toàn bích	33561	toanbich
trường độ	33560	truongdo
trợ chiến	33559	trochien
trục tung	33558	tructung
trừu	33557	truu
trừu tượng hoá	33556	truutuonghoa
tàn tệ	33555	tante
tôm he	33554	tomhe
tùng xẻo	33553	tungxeo
tắt điện	33552	tatdien
tổ tôm	33551	totom
uyển ngữ	33550	uyenngu
vây cánh	33549	vaycanh
vằng	33548	vang
vẹm	33547	vem
vốt	33546	vot
vờ vịt	33545	vovit
xoi mói	33544	xoimoi
xoành xoạch	33543	xoanhxoach
xuân thu	33542	xuanthu
xuôi chiều	33541	xuoichieu
xương cụt	33540	xuongcut
xửng	33539	xung
á thần	33538	athan
ánh đèn	33537	anhden
ê hề	33536	ehe
Đào Viên	33535	daovien
đại thừa	33534	daithua
đô la hoá	33533	dolahoa
đường bệ	33532	duongbe
địa y	33531	diay
đồng thuận	33530	dongthuan
ơn nghĩa	33529	onnghia
ươi	33528	uoi
ẩn danh	33527	andanh
ỏng	33526	ong
ứng khẩu	33525	ungkhau
Bồng Miêu	33524	bongmieu
Chu Tước	33523	chutuoc
Chức Nữ	33522	chucnu
Di Lặc	33521	dilac
Huyền Vũ	33520	huyenvu
Hải Khẩu	33519	haikhau
La Hủ	33518	lahu
lê sơ	33517	leso
lừ	33516	lu
Mậu Tuất	33515	mautuat
Nam Tào	33514	namtao
Nam Vang	33513	namvang
Nhà Xanh	33512	nhaxanh
phật tử	33511	phattu
Thiên Lôi	33510	thienloi
Thỏ Ngọc	33509	thongoc
Triều Châu	33508	trieuchau
Tân Ước	33507	tanuoc
Vinh Sơn	33506	vinhson
Văn Lãng	33505	vanlang
an thai	33504	anthai
anken	33503	anken
bà nội	33502	banoi
bá vơ	33501	bavo
bánh chay	33500	banhchay
bánh giầy	33499	banhgiay
bánh ú	33498	banhu
bổ ngữ	33497	bongu
bội tín	33496	boitin
bộp	33495	bop
bời lời	33494	boiloi
bủng	33493	bung
bứa	33492	bua
ca từ	33491	catu
chim chuột	33490	chimchuot
chuếnh choáng	33489	chuenhchoang
chuột chù	33488	chuotchu
chí thành	33487	chithanh
chí tôn	33486	chiton
chôn vùi	33485	chonvui
chăn gối	33484	changoi
chả lụa	33483	chalua
chụp mũ	33482	chupmu
cá chuồn	33481	cachuon
câu thúc	33480	cauthuc
cúm gia cầm	33479	cumgiacam
cạnh huyền	33478	canhhuyen
cải hoá	33477	caihoa
cợt	33476	cot
cứng họng	33475	cunghong
diếp	33474	diep
doa	33473	doa
dượt	33472	duot
dị nguyên	33471	dinguyen
dợm	33470	dom
ghèn	33469	ghen
gia chủ	33468	giachu
giãy nảy	33467	giaynay
giú	33466	giu
giảng hoà	33465	gianghoa
giặc giã	33464	giacgia
gươm giáo	33463	guomgiao
hèn mạt	33462	henmat
hèo	33461	heo
hé lộ	33460	helo
hình thái học	33459	hinhthaihoc
hươu sao	33458	huousao
hạ giá	33457	hagia
hạ sách	33456	hasach
học liệu	33455	hoclieu
hổ sư	33454	hosu
khoái trá	33453	khoaitra
khôi nguyên	33452	khoinguyen
khăn piêu	33451	khanpieu
kiêng dè	33450	kiengde
kiêng nể	33449	kiengne
kèn cựa	33448	kencua
kỳ khôi	33447	kykhoi
kỵ khí	33446	kykhi
liến thoắng	33445	lienthoang
loè loẹt	33444	loeloet
lòng đào	33443	longdao
lẹt đẹt	33442	letdet
lọp	33441	lop
lỗ lã	33440	lola
lừng	33439	lung
man dại	33438	mandai
mau mắn	33437	mauman
màng lưới	33436	mangluoi
máy bộ đàm	33435	maybodam
mũ len	33434	mulen
mặc tình	33433	mactinh
mọc sừng	33432	mocsung
mừng quýnh	33431	mungquynh
nai nịt	33430	nainit
nam giao	33429	namgiao
nguỵ quân tử	33428	nguyquantu
ngái	33427	ngai
ngọt xớt	33426	ngotxot
ngợm	33425	ngom
nhiếp ảnh gia	33424	nhiepanhgia
nhất tề	33423	nhatte
nhớp	33422	nhop
nõ	33421	no
nữa là	33420	nuala
oan trái	33419	oantrai
phong tình	33418	phongtinh
phân tâm	33417	phantam
phét lác	33416	phetlac
phịa	33415	phia
phố cổ	33414	phoco
phổng phao	33413	phongphao
plutoni	33412	plutoni
quyệt	33411	quyet
quành	33410	quanh
quý danh	33409	quydanh
quốc phục	33408	quocphuc
quỳnh hương	33407	quynhhuong
ra ràng	33406	rarang
rũa	33405	rua
rạm	33404	ram
rảy	33403	ray
sa tế	33402	sate
seng	33401	seng
siêu vi trùng	33400	sieuvitrung
sui gia	33399	suigia
sát sạt	33398	satsat
số phức	33397	sophuc
sống mái	33396	songmai
sụm	33395	sum
sức vóc	33394	sucvoc
tali	33393	tali
thuế khoá	33392	thuekhoa
tháp ngà	33391	thapnga
thư hoạ	33390	thuhoa
thượng thừa	33389	thuongthua
thị phạm	33388	thipham
thợ nề	33387	thone
trầu không	33386	traukhong
trị thuỷ	33385	trithuy
trọc lốc	33384	trocloc
tuyệt phẩm	33383	tuyetpham
tuổi xanh	33382	tuoixanh
tuỳ bút	33381	tuybut
tà tà	33380	tata
tàu chợ	33379	taucho
táo tây	33378	taotay
túc tắc	33377	tuctac
viễn chí	33376	vienchi
viễn thị	33375	vienthi
vân vê	33374	vanve
vùng vằng	33373	vungvang
văn vần	33372	vanvan
vợ lớn	33371	volon
xú uế	33370	xuue
xơ múi	33369	xomui
xốc nổi	33368	xocnoi
yểng	33367	yeng
ánh sao	33366	anhsao
ô rô	33365	oro
ăn bận	33364	anban
ăn thịt	33363	anthit
Đa Minh	33362	daminh
Đông Tấn	33361	dongtan
đa ngôn ngữ	33360	dangonngu
đa phương hoá	33359	daphuonghoa
điện tử học	33358	dientuhoc
đuôi sam	33357	duoisam
đuỹ	33356	duy
đèn đóm	33355	dendom
đĩa quang	33354	diaquang
đường sinh	33353	duongsinh
đại hồng thuỷ	33352	daihongthuy
đại mạch	33351	daimach
đảng phí	33350	dangphi
đầu ruồi	33349	dauruoi
địa chấn học	33348	diachanhoc
đỏ au	33347	doau
đỏ lòm	33346	dolom
đồi truỵ	33345	doitruy
độp	33344	dop
ứng tác	33343	ungtac
Anh Quốc	33342	anhquoc
brâu	33341	brau
Bắc Tề	33340	bacte
Bắc Tống	33339	bactong
Cà Lồ	33338	calo
Hợp Thành	33337	hopthanh
Kinh Thi	33336	kinhthi
La Chí	33335	lachi
Ngũ Đế	33333	ngude
Phúc Châu	33332	phucchau
quan thoại	33331	quanthoai
sử ký	33330	suky
Thánh Linh	33329	thanhlinh
Thánh Thể	33328	thanhthe
Tân Thế Giới	33327	tanthegioi
Việt Tân	33326	viettan
ankin	33325	ankin
bia ôm	33324	biaom
binh lửa	33323	binhlua
biến cách	33322	biencach
biếu xén	33321	bieuxen
báo ân	33320	baoan
bòn bon	33319	bonbon
bông tuyết	33318	bongtuyet
bẹo	33317	beo
bếp ga	33316	bepga
bề bề	33315	bebe
bị gậy	33314	bigay
bờm xờm	33313	bomxom
chai lì	33312	chaili
choãi	33311	choai
choại	33310	choai
chu choa	33309	chuchoa
chu sa	33308	chusa
chào cờ	33307	chaoco
chôn sống	33306	chonsong
chĩa ba	33305	chiaba
chấm phẩy	33304	champhay
chếnh choáng	33303	chenhchoang
chết hụt	33302	chethut
chỉ lệnh	33301	chilenh
chủ hôn	33300	chuhon
cách ngôn	33299	cachngon
căn nguyên	33298	cannguyen
cơ thủ	33297	cothu
cảnh huống	33296	canhhuong
cập rập	33295	caprap
củ năng	33294	cunang
cự đà	33293	cuda
dìu dặt	33292	diudat
dông bão	33291	dongbao
dạm ngõ	33290	damngo
dợn	33289	don
freeship	33288	freeship
ghém	33287	ghem
giáng hạ	33286	giangha
giảo hoạt	33285	giaohoat
gọ	33284	go
gộc	33283	goc
hiệu phó	33282	hieupho
hoàng thái tử	33281	hoangthaitu
hoạ viên	33280	hoavien
huỵch toẹt	33279	huychtoet
hạ nghị viện	33278	hanghivien
hải vị	33277	haivi
hắng	33276	hang
hốt nhiên	33275	hotnhien
hồ cầm	33274	hocam
hồng nhan	33273	hongnhan
khai hoa	33272	khaihoa
khiếp nhược	33271	khiepnhuoc
khoeo	33270	khoeo
khách thể	33269	khachthe
khư	33268	khu
khắc kỷ	33267	khacky
khẹc	33266	khec
ký thác	33265	kythac
kền	33264	ken
kỳ nam	33263	kynam
kỳ ngộ	33262	kyngo
luỹ thừa	33261	luythua
lún phún	33260	lunphun
lưỡi gà	33259	luoiga
lẹm	33258	lem
lốc xoáy	33257	locxoay
lốp bốp	33256	lopbop
lỡ đường	33255	loduong
muồng	33254	muong
màng nhện	33253	mangnhen
mông muội	33252	mongmuoi
múp	33251	mup
mặt chữ điền	33250	matchudien
nghĩa phụ	33249	nghiaphu
nghẹ	33248	nghe
ngũ quan	33247	nguquan
ngắc ngứ	33246	ngacngu
nhu đạo	33245	nhudao
nhuôm	33244	nhuom
nhà thổ	33243	nhatho
nhách	33242	nhach
nhăn nhở	33241	nhannho
nhướn	33240	nhuon
nhẫy	33239	nhay
nhậu nhẹt	33238	nhaunhet
nác	33237	nac
não nùng	33236	naonung
núc	33235	nuc
phiên chế	33234	phienche
phá giới	33233	phagioi
phân ưu	33232	phanuu
phép nhân	33231	phepnhan
phản vật chất	33230	phanvatchat
phản đế	33229	phande
phới	33228	phoi
phục sức	33227	phucsuc
quy nạp	33226	quynap
quyền Anh	33225	quyenanh
quốc thể	33224	quocthe
ruồi trâu	33223	ruoitrau
rân	33222	ran
rẩy	33221	ray
rắn mối	33220	ranmoi
rế	33219	re
rịt	33218	rit
rối beng	33217	roibeng
rột	33216	rot
sau rốt	33215	saurot
siêu phẩm	33214	sieupham
tam cương	33213	tamcuong
tam tai	33212	tamtai
thâm thuý	33211	thamthuy
thói thường	33210	thoithuong
thùa	33209	thua
thưng	33208	thung
thương nghiệp	33207	thuongnghiep
thịnh suy	33206	thinhsuy
thủ bút	33205	thubut
thứ bậc	33204	thubac
tim đen	33203	timden
tinh sương	33202	tinhsuong
tiên giới	33201	tiengioi
tiên hiệp	33200	tienhiep
ton hót	33199	tonhot
tranh tài	33198	tranhtai
tri huyện	33197	trihuyen
truân chuyên	33196	truanchuyen
trí giả	33195	trigia
trù trừ	33194	trutru
trưởng nam	33193	truongnam
trầm kha	33192	tramkha
trầu cau	33191	traucau
trầy trụa	33190	traytrua
tuỳ duyên	33189	tuyduyen
tàu hủ	33188	tauhu
táu	33187	tau
tò vò	33186	tovo
tương kỵ	33185	tuongky
tạp chủng	33184	tapchung
tổng giáo phận	33183	tonggiaophan
tự điền	33182	tudien
uy phong	33181	uyphong
viên ngoại	33180	vienngoai
viễn xứ	33179	vienxu
voi biển	33178	voibien
vàng tây	33177	vangtay
vô sỉ	33176	vosi
võ tướng	33175	votuong
vằn thắn	33174	vanthan
xe điện	33173	xedien
Ôn Châu	33172	onchau
ác chiến	33171	acchien
ác khẩu	33170	ackhau
áo bào	33169	aobao
âm ty	33168	amty
âm vị	33167	amvi
ân sư	33166	ansu
ăn sáng	33165	ansang
Đông Kinh nghĩa thục	33164	dongkinhnghiathuc
điện động	33163	diendong
điệu đàng	33162	dieudang
đàn nguyệt	33161	dannguyet
đàn đáy	33160	danday
đình bản	33159	dinhban
đầu đảng	33158	daudang
đầy tháng	33157	daythang
đề đốc	33156	dedoc
địch hoạ	33155	dichhoa
địch vận	33154	dichvan
đỏ chói	33153	dochoi
đồng phẳng	33152	dongphang
đồng thoại	33151	dongthoai
đụ má	33150	duma
ướt nhẹp	33149	uotnhep
ắp	33148	ap
ịch	33147	ich
ở riêng	33146	orieng
ụt ịt	33145	utit
An Phong	33144	anphong
Cơ Ho	33143	coho
Cư Kuin	33142	cukuin
Cổ Cò	33141	coco
Cộng hoà Séc	33140	conghoasec
GATO	33139	gato
Gia Rai	33138	giarai
Giẻ Triêng	33137	gietrieng
Hoa Liên	33136	hoalien
Hoàn Nhan	33135	hoannhan
Khơ Mú	33134	khomu
khổng giáo	33133	khonggiao
Lâm An	33132	laman
Mẫu Thượng Ngàn	33131	mauthuongngan
Mỹ Quốc	33130	myquoc
nghèn	33129	nghen
Ngưu Lang	33128	nguulang
Phù Lá	33126	phula
Phù Đổng Thiên Vương	33125	phudongthienvuong
q	33124	q
SIDA	33123	sida
Tân La	33122	tanla
Xơ Đăng	33121	xodang
ankan	33120	ankan
bang bang	33119	bangbang
bi ca	33118	bica
bi ve	33117	bive
biến trở	33116	bientro
biện bác	33115	bienbac
bài bác	33114	baibac
bách thanh	33113	bachthanh
bánh vẽ	33112	banhve
bát âm	33111	batam
bãi biển	33110	baibien
bép	33109	bep
bìu dái	33108	biudai
bíu	33107	biu
bói cá	33106	boica
bón phân	33105	bonphan
bươm	33104	buom
bễ	33103	be
bộng	33102	bong
cao lớn	33101	caolon
chanh leo	33100	chanhleo
chim sâu	33099	chimsau
chiến đấu cơ	33098	chiendauco
chuẩn đoán	33097	chuandoan
chính cương	33096	chinhcuong
chúc phúc	33095	chucphuc
chướng khí	33094	chuongkhi
chế tác	33093	chetac
chết tươi	33092	chettuoi
chỉnh lưu	33091	chinhluu
chụt	33090	chut
chửi thề	33089	chuithe
con vật	33088	convat
cung đình	33087	cungdinh
cá hồng	33086	cahong
cáo bạch	33085	caobach
cát cánh	33084	catcanh
cát kết	33083	catket
câng	33082	cang
cú vọ	33081	cuvo
cơm cháo	33080	comchao
cần xé	33079	canxe
cố tật	33078	cotat
da thịt	33077	dathit
diễn giả	33076	diengia
dâm dật	33075	damdat
dân quốc	33074	danquoc
dã tràng	33073	datrang
dưa gang	33072	duagang
dưa góp	33071	duagop
dức	33070	duc
ghệt	33069	ghet
gia cảnh	33068	giacanh
giáp trạng	33067	giaptrang
gần gụi	33066	gangui
gẫu	33065	gau
gật đầu	33064	gatdau
gợi tả	33063	goita
hoà hảo	33062	hoahao
hoả mù	33061	hoamu
huỳnh huỵch	33060	huynhhuych
hú hoạ	33059	huhoa
hẹo	33058	heo
hữu thanh	33057	huuthanh
khang an	33056	khangan
khinh bạc	33055	khinhbac
khoá học	33054	khoahoc
khoẻ re	33053	khoere
khí khái	33052	khikhai
khó xử	33051	khoxu
khấp khểnh	33050	khapkhenh
khề khà	33049	khekha
khổ nỗi	33048	khonoi
kính vạn hoa	33047	kinhvanhoa
kĩu kịt	33046	kiukit
kềnh	33045	kenh
kỵ nước	33044	kynuoc
le le	33043	lele
liên kiều	33042	lienkieu
liếm láp	33041	liemlap
lông mao	33040	longmao
lõ	33039	lo
lạc tướng	33038	lactuong
lỡ lầm	33037	lolam
meme	33036	meme
muỗm	33035	muom
mén	33034	men
móng tay	33033	mongtay
mô tê	33032	mote
mùa đông	33031	muadong
mưa ngâu	33030	muangau
mộ chí	33029	mochi
mủi	33028	mui
ngay tức thì	33026	ngaytucthi
nghệt	33025	nghet
ngoe nguẩy	33024	ngoenguay
nguyên lão	33023	nguyenlao
ngâm vịnh	33022	ngamvinh
ngọc phả	33021	ngocpha
ngọng nghịu	33020	ngongnghiu
nha đam	33019	nhadam
nhiếc	33018	nhiec
nhiều nhặn	33017	nhieunhan
nhà Mạc	33016	nhamac
nháo	33015	nhao
nhát gừng	33014	nhatgung
nhược thị	33013	nhuocthi
nhệch	33012	nhech
niên biểu	33011	nienbieu
não bộ	33010	naobo
nò	33009	no
phi cảng	33008	phicang
phành phạch	33007	phanhphach
phè phỡn	33006	phephon
phìa	33005	phia
phải gió	33004	phaigio
phụng hoàng	33003	phunghoang
quán ăn	33002	quanan
quân sĩ	33001	quansi
quéo	33000	queo
quýnh quáng	32999	quynhquang
rén	32998	ren
rún	32997	run
sa đoạ	32996	sadoa
sung công	32995	sungcong
suy vi	32994	suyvi
sù sụ	32993	susu
sơ kỳ	32992	soky
sắc lẻm	32991	saclem
số chia	32990	sochia
sởn gáy	32989	songay
sửng	32988	sung
thanh khiết	32987	thanhkhiet
thao láo	32986	thaolao
thi phú	32985	thiphu
thiên di	32984	thiendi
thiểu não	32983	thieunao
thuần chất	32982	thuanchat
thuế gián thu	32981	thuegianthu
thuốc lắc	32980	thuoclac
thánh thể	32979	thanhthe
thòi lòi	32978	thoiloi
thói tật	32977	thoitat
thạch quyển	32976	thachquyen
thập giá	32975	thapgia
thập ác	32974	thapac
thẳng thớm	32973	thangthom
thế thân	32972	thethan
thị kính	32971	thikinh
thồi	32970	thoi
tin nhắn	32969	tinnhan
tinh đời	32968	tinhdoi
tiểu thuỳ	32967	tieuthuy
truyền tin	32966	truyentin
trí mạng	32965	trimang
trôn ốc	32964	tronoc
trùng roi	32963	trungroi
trẩy	32962	tray
trỉa	32961	tria
trối chết	32960	troichet
trụ sinh	32959	trusinh
tuyệt giao	32958	tuyetgiao
tả chân	32957	tachan
tả khuynh	32956	takhuynh
tợn	32955	ton
tứ đức	32954	tuduc
tử thù	32953	tuthu
vun xới	32952	vunxoi
vàng khè	32951	vangkhe
vô ngần	32950	vongan
vồng	32949	vong
xuất nhập cảnh	32948	xuatnhapcanh
xăng xái	32947	xangxai
xẹo	32946	xeo
xởi lởi	32945	xoiloi
yêu thuật	32944	yeuthuat
ác nhân	32943	acnhan
âm binh	32942	ambinh
Địa Tạng	32941	diatang
đi lạc	32940	dilac
điều nghiên	32939	dieunghien
đánh gió	32938	danhgio
đèn đuốc	32937	denduoc
đơm đặt	32936	domdat
đường phên	32935	duongphen
đại pháo	32934	daiphao
đả thông	32933	dathong
đậu trắng	32932	dautrang
đằng này	32931	dangnay
đặm	32930	dam
động đực	32929	dongduc
đợ	32928	do
ưu phiền	32927	uuphien
ầu ơ	32926	auo
ộp	32925	op
ủn ỉn	32924	unin
An Ngãi	32923	anngai
Bàn Cổ	32922	banco
EU	32921	eu
hoa ngữ	32920	hoangu
Hậu Nghệ	32919	haunghe
Hổ Cáp	32918	hocap
Kim Môn	32917	kimmon
La Ha	32915	laha
phanxicô	32914	phanxico
sịa	32913	sia
Thái Bình Thiên Quốc	32912	thaibinhthienquoc
Thánh Giá	32911	thanhgia
Thổ Tinh	32910	thotinh
Tiểu Hùng	32909	tieuhung
Tiểu Á	32908	tieua
Trung Âu	32907	trungau
Tây Vương Mẫu	32906	tayvuongmau
Tứ Hải	32905	tuhai
xtiêng	32904	xtieng
anh ánh	32903	anhanh
axeton	32902	axeton
ba que	32901	baque
bao hoa	32900	baohoa
bi phẫn	32899	biphan
biệt đội	32898	bietdoi
bàn thạch	32897	banthach
bàng hệ	32896	banghe
bá đạo	32895	badao
bánh kẹp	32894	banhkep
bư	32893	bu
bầm giập	32892	bamgiap
bầu sao	32891	bausao
bập bõm	32890	bapbom
bắt con	32889	batcon
bặt thiệp	32888	batthiep
bệnh lý học	32887	benhlyhoc
bỏ nhỏ	32886	bonho
bỏm bẻm	32885	bombem
bổ dụng	32884	bodung
bộ điệu	32883	bodieu
bởi lẽ	32882	boile
chiến tướng	32881	chientuong
chuối ngự	32880	chuoingu
chuồn chuồn kim	32879	chuonchuonkim
cháo hoa	32878	chaohoa
chèo bẻo	32877	cheobeo
chênh chếch	32876	chenhchech
chó biển	32875	chobien
chượp	32874	chuop
chẹo	32873	cheo
chống nạnh	32872	chongnanh
chờ chực	32871	chochuc
chờn vờn	32870	chonvon
chục	32869	chuc
chứ lị	32868	chuli
cà dái dê	32867	cadaide
cà khịa	32866	cakhia
cà tưng	32865	catung
cá chuối	32864	cachuoi
cá nheo	32863	canheo
cá sộp	32862	casop
cánh cam	32861	canhcam
công hữu	32860	conghuu
cạp nia	32859	capnia
cải củ	32858	caicu
cảm từ	32857	camtu
cầu cạnh	32856	caucanh
cầu hoà	32855	cauhoa
cốt tuỷ	32854	cottuy
cụt lủn	32853	cutlun
củ từ	32852	cutu
cự nự	32851	cunu
danh gia	32850	danhgia
du di	32849	dudi
dân vệ	32848	danve
dông tố	32847	dongto
dầu vậy	32846	dauvay
dẽ giun	32845	degiun
dịch học	32844	dichhoc
dốt đặc	32843	dotdac
dộc	32842	doc
gà đồng	32841	gadong
gãy gọn	32840	gaygon
góc tù	32839	goctu
gắm	32838	gam
hoà vốn	32837	hoavon
hoàng đản	32836	hoangdan
hoả xa	32835	hoaxa
huỵch	32834	huych
hươu cao cổ	32833	huoucaoco
hổ quyền	32832	hoquyen
hừng đông	32831	hungdong
khuyên lơn	32830	khuyenlon
khuất núi	32829	khuatnui
khả kiến	32828	khakien
khả ố	32827	khao
khảo chứng	32826	khaochung
khới	32825	khoi
khở	32824	kho
liên đội trưởng	32823	liendoitruong
loi choi	32822	loichoi
loại suy	32821	loaisuy
là đà	32820	lada
lí lắc	32819	lilac
lít nhít	32818	litnhit
lôgarit	32817	logarit
lôm côm	32816	lomcom
lõng bõng	32815	longbong
lưới lửa	32814	luoilua
lập bập	32813	lapbap
lọc lõi	32812	locloi
lớp lang	32811	loplang
lụ khụ	32810	lukhu
lụi hụi	32809	luihui
lử	32808	lu
lữ quán	32807	luquan
muối mè	32806	muoime
mát mặt	32805	matmat
mũ cối	32804	mucoi
mướt mát	32803	muotmat
mẫu hậu	32802	mauhau
nao nức	32801	naonuc
napan	32800	napan
ngay thật	32799	ngaythat
nghìn xưa	32798	nghinxua
ngoại tiếp	32797	ngoaitiep
nguýt	32796	nguyt
ngỏng	32795	ngong
nhuyễn thể	32794	nhuyenthe
nhà Thanh	32793	nhathanh
nhõn	32792	nhon
nhảy mũi	32791	nhaymui
nhởi	32790	nhoi
nốt đen	32789	notden
nỡm	32788	nom
oải hương	32787	oaihuong
phim sex	32786	phimsex
phát ốm	32785	phatom
phân hội	32784	phanhoi
phùn	32783	phun
phú hộ	32782	phuho
phơn	32781	phon
phản đề	32780	phande
phốp pháp	32779	phopphap
quày quả	32778	quayqua
quần tây	32777	quantay
quặm	32776	quam
quỷ kế	32775	quyke
ràn	32774	ran
rên xiết	32773	renxiet
rơm rác	32772	romrac
rề	32771	re
rịn	32770	rin
sâm cầm	32769	samcam
sông băng	32768	songbang
sản nghiệp	32767	sannghiep
sầu đâu	32766	saudau
số trừ	32765	sotru
sốp	32764	sop
ta thán	32763	tathan
tam khôi	32762	tamkhoi
tam tòng	32761	tamtong
thanh yên	32760	thanhyen
thao luyện	32759	thaoluyen
thiên thượng	32758	thienthuong
thiền vu	32757	thienvu
thuồng luồng	32756	thuongluong
thuỳ trán	32755	thuytran
thâm nho	32754	thamnho
thích chí	32753	thichchi
thông tỏ	32752	thongto
thạch lựu	32751	thachluu
thảng hoặc	32750	thanghoac
thẩu	32749	thau
thậm thụt	32748	thamthut
thống soái	32747	thongsoai
thở than	32746	thothan
thực từ	32745	thuctu
tiên dung	32744	tiendung
tiên nghiệm	32743	tiennghiem
tiếng Anh	32742	tienganh
tiết chế	32741	tietche
tranh truyện	32740	tranhtruyen
triều chính	32739	trieuchinh
truyền nhân	32738	truyennhan
trác tuyệt	32737	tractuyet
trân trối	32736	trantroi
trí năng	32735	trinang
trận vong	32734	tranvong
trắng dã	32733	trangda
trừ bị	32732	trubi
tu chí	32731	tuchi
tuỳ thời	32730	tuythoi
tà dương	32729	taduong
tác động vật lý	32728	tacdongvatly
tám hoánh	32727	tamhoanh
tấn tới	32726	tantoi
tằng tịu	32725	tangtiu
tỏm	32724	tom
tợp	32723	top
tứ trụ	32722	tutru
tử số	32721	tuso
tỳ hưu	32720	tyhuu
vâng dạ	32719	vangda
vòi vọi	32718	voivoi
vô thanh	32717	vothanh
võ hiệp	32716	vohiep
võ đoán	32715	vodoan
vọ	32714	vo
xoe	32713	xoe
xách tay	32712	xachtay
xái	32711	xai
xênh xang	32710	xenhxang
xí xoá	32709	xixoa
xốc xếch	32708	xocxech
y như rằng	32707	ynhurang
áo tơi	32706	aotoi
áp kế	32705	apke
âm học	32704	amhoc
è cổ	32703	eco
Đông Bắc Á	32702	dongbaca
Đông Chu	32701	dongchu
Đường Sơn	32700	duongson
điểm nhấn	32699	diemnhan
đô trưởng	32698	dotruong
đĩa nhạc	32697	dianhac
đũa thần	32696	duathan
đại giáo đường	32695	daigiaoduong
đẵn	32694	dan
đẻn	32693	den
đệ tam	32692	detam
đệ tứ	32691	detu
đổi ý	32690	doiy
Ấn Độ giáo	32689	andogiao
Ất Tỵ	32688	atty
ẩu tả	32687	auta
ễnh ương	32686	enhuong
ống quyển	32685	ongquyen
Bắc Chu	32684	bacchu
Can Chi	32683	canchi
Chu Ru	32682	churu
chũ	32681	chu
Cơ Long	32680	colong
Cận Đông	32679	candong
Cờ Lao	32678	colao
davao	32677	davao
Giao Chỉ	32676	giaochi
Huệ Châu	32675	huechau
hồng lâu mộng	32674	honglaumong
Kiên Hải	32672	kienhai
Luận Ngữ	32671	luanngu
nho giáo	32670	nhogiao
Nhu Nhiên	32669	nhunhien
Phổ Hiền	32667	phohien
piô	32666	pio
Pu Péo	32665	pupeo
Quý Mão	32664	quymao
Si La	32663	sila
Sơn Vi	32662	sonvi
Sầm Nưa	32661	samnua
Thiên Đàn	32660	thiendan
Tiểu Mễ	32659	tieume
truồi	32658	truoi
Trường Thạnh	32657	truongthanh
Tuần Thánh	32656	tuanthanh
tác ta	32655	tacta
Tân Giới	32654	tangioi
Tân Trúc	32653	tantruc
Tây Tấn	32652	taytan
Tứ Linh	32651	tulinh
Tứ Pháp	32650	tuphap
Việt Nam học	32649	vietnamhoc
vưu	32648	vuu
Xi Vưu	32647	xivuu
xuất hành	32646	xuathanh
a hoàn	32645	ahoan
bài ngoại	32644	baingoai
bèo cái	32643	beocai
bí tích	32642	bitich
bò vẽ	32641	bove
bôm bốp	32640	bombop
bạc má	32639	bacma
bạc nhạc	32638	bacnhac
bạch biến	32637	bachbien
bạch huyết cầu	32636	bachhuyetcau
bạch quả	32635	bachqua
bản địa hoá	32634	bandiahoa
bầu rượu	32633	bauruou
bậc thầy	32632	bacthay
bến cảng	32631	bencang
bệch	32630	bech
bọ dừa	32629	bodua
bọ que	32628	boque
bỏ mứa	32627	bomua
bổi hổi	32626	boihoi
bụ	32625	bu
cao nhã	32624	caonha
chi thu	32623	chithu
chia buồn	32622	chiabuon
chim ngói	32621	chimngoi
chiếp	32620	chiep
chiếu nghỉ	32619	chieunghi
chiền chiện	32618	chienchien
choai	32617	choai
choắt	32616	choat
chùng chình	32615	chungchinh
chạo	32614	chao
chẻo	32613	cheo
chịt	32612	chit
chịu phép	32611	chiuphep
chỏng	32610	chong
chốc lở	32609	choclo
chống chếnh	32608	chongchenh
chửa hoang	32607	chuahoang
cung nữ	32606	cungnu
cà na	32605	cana
cá viên	32604	cavien
côn trùng học	32603	contrunghoc
công nghệ sinh học	32602	congnghesinhhoc
cơ trí	32601	cotri
cươi	32600	cuoi
cạnh khoé	32599	canhkhoe
cả nghĩ	32598	canghi
cảnh binh	32597	canhbinh
cầy hương	32596	cayhuong
cậy cục	32595	caycuc
cờ xí	32594	coxi
diễn tiến	32593	dientien
diệp lục tố	32592	dieplucto
dác	32591	dac
dư dật	32590	dudat
dặt dìu	32589	datdiu
dẹp tiệm	32588	deptiem
dịch máy	32587	dichmay
gian hùng	32586	gianhung
giáo hạt	32585	giaohat
giả thử	32584	giathu
giếm	32583	giem
giỗ kỵ	32582	gioky
giới từ	32581	gioitu
giở quẻ	32580	gioque
goá bụa	32579	goabua
góc bẹt	32578	gocbet
gấu lợn	32577	gaulon
gấu ngựa	32576	gaungua
hoa lơ	32575	hoalo
hoa trà	32574	hoatra
hoàng bào	32573	hoangbao
hoàng phi	32572	hoangphi
hình vị	32571	hinhvi
húi	32570	hui
húng lìu	32569	hungliu
hải trình	32568	haitrinh
hẩm	32567	ham
hồng mao	32566	hongmao
khoá kéo	32565	khoakeo
khuếch	32564	khuech
khò khò	32563	khokho
khăn san	32562	khansan
khước từ	32561	khuoctu
kilômet	32560	kilomet
kinh khủng khiếp	32559	kinhkhungkhiep
kiễng	32558	kieng
kỷ tử	32557	kytu
lang ben	32556	langben
linh vật	32555	linhvat
liếm gót	32554	liemgot
loắt choắt	32553	loatchoat
lân quang	32552	lanquang
lò vôi	32551	lovoi
lông măng	32550	longmang
lăng trì	32549	langtri
lấm láp	32548	lamlap
lập loè	32547	laploe
lắt lay	32546	latlay
lếu láo	32545	leulao
lộp cộp	32544	lopcop
lỡ làng	32543	lolang
man trá	32542	mantra
minh xác	32541	minhxac
máy phát điện	32540	mayphatdien
mèo mướp	32539	meomuop
mù tạc	32538	mutac
mươn	32537	muon
mại bản	32536	maiban
nam trầm	32535	namtram
nghển	32534	nghen
nghệ tây	32533	nghetay
nghịch biến	32532	nghichbien
nguyên uỷ	32531	nguyenuy
ngò gai	32530	ngogai
ngũ âm	32529	nguam
ngưu bàng	32528	nguubang
ngặt nỗi	32527	ngatnoi
ngọc lan tây	32526	ngoclantay
nha đầu	32525	nhadau
nhiễn	32524	nhien
nhu thuật	32523	nhuthuat
nhà Tần	32522	nhatan
nhà Tống	32521	nhatong
nhà dòng	32520	nhadong
nhây	32519	nhay
nhũn nhặn	32518	nhunnhan
nhấn chuột	32517	nhanchuot
nhền nhện	32516	nhennhen
nhị đực	32515	nhiduc
nhợn	32514	nhon
niễng	32513	nieng
núc nác	32512	nucnac
núng	32511	nung
nậy	32510	nay
nị	32509	ni
nọng	32508	nong
ong bầu	32507	ongbau
oán hờn	32506	oanhon
phiếm chỉ	32505	phiemchi
phong sương	32504	phongsuong
phu thê	32503	phuthe
phát bệnh	32502	phatbenh
phân bì	32501	phanbi
phúng phính	32500	phungphinh
phăng teo	32499	phangteo
phương ngôn	32498	phuongngon
phản chứng	32497	phanchung
phần mộ	32496	phanmo
phụ trương	32495	phutruong
platin	32494	platin
quang lâm	32493	quanglam
quân vương	32492	quanvuong
quạnh	32491	quanh
quản tượng	32490	quantuong
quốc học	32489	quochoc
quốc tế ngữ	32488	quoctengu
quỹ tích	32487	quytich
ra sao	32486	rasao
rau bina	32485	raubina
ru hời	32484	ruhoi
ruột tượng	32483	ruottuong
ríu	32482	riu
rượu mùi	32481	ruoumui
rệ	32480	re
rọ mõm	32479	romom
rứt ruột	32478	rutruot
rừng mưa	32477	rungmua
soóc	32476	sooc
sông Cái	32475	songcai
sùm sụp	32474	sumsup
sĩ tử	32473	situ
sơn pháo	32472	sonphao
sượng	32471	suong
sống sượng	32470	songsuong
sốt vàng	32469	sotvang
sở hữu trí tuệ	32468	sohuutritue
sử xanh	32467	suxanh
tai quái	32466	taiquai
tam cúc	32465	tamcuc
tam thức	32464	tamthuc
thanh tẩy	32463	thanhtay
thori	32462	thori
thuỷ cầm	32461	thuycam
thuỷ năng	32460	thuynang
thuỷ tức	32459	thuytuc
thánh lễ	32458	thanhle
thông thiên	32457	thongthien
thần phong	32456	thanphong
thần quyền	32455	thanquyen
thần y	32454	thany
thỉnh giáo	32453	thinhgiao
thịch	32452	thich
tinh thành	32451	tinhthanh
tinh thể học	32450	tinhthehoc
truyền dịch	32449	truyendich
trà sữa	32448	trasua
trá hàng	32447	trahang
trâng tráo	32446	trangtrao
trí trá	32445	tritra
trễ tràng	32444	tretrang
trực thu	32443	tructhu
trực tâm	32442	tructam
tuỷ xương	32441	tuyxuong
tân chủ tịch	32440	tanchutich
tênh	32439	tenh
tô mộc	32438	tomoc
tĩn	32437	tin
tương sinh	32436	tuongsinh
tượng thanh	32435	tuongthanh
tất tần tật	32434	tattantat
tắp	32433	tap
tối dạ	32432	toida
tổ lái	32431	tolai
tổn thọ	32430	tontho
tủn mủn	32429	tunmun
từ tố	32428	tuto
uôn	32427	uon
van vỉ	32426	vanvi
vi sinh vật học	32425	visinhvathoc
vô đối	32424	vodoi
văn sĩ	32423	vansi
vườn bách thảo	32422	vuonbachthao
vện	32421	ven
vịt xiêm	32420	vitxiem
vồn	32419	von
vỡ giọng	32418	vogiong
xanh dương	32417	xanhduong
xeton	32416	xeton
xà tích	32415	xatich
xà ích	32414	xaich
xíu mại	32413	xiumai
xảo thuật	32412	xaothuat
xẹp lép	32411	xeplep
xịu	32410	xiu
yếu lĩnh	32409	yeulinh
á sừng	32408	asung
ác miệng	32407	acmieng
ông vải	32406	ongvai
ăn đong	32405	andong
Đột Quyết	32404	dotquyet
đa đa	32403	dada
điêu ngoa	32402	dieungoa
đo đỏ	32401	dodo
đành hanh	32400	danhhanh
đưới	32399	duoi
đại quan	32398	daiquan
đại sự	32397	daisu
đầm lầy	32396	damlay
đậu tây	32395	dautay
đồi não	32394	doinao
đồng đại	32393	dongdai
đột khởi	32392	dotkhoi
đớ	32391	do
đức ông	32390	ducong
đừ	32389	du
ơ hay	32388	ohay
ạch	32387	ach
ắng	32386	ang
ẳng	32385	ang
ỉu	32384	iu
ốm nhách	32383	omnhach
ống bơ	32382	ongbo
ống nhổ	32381	ongnho
ồm ồm	32380	omom
ổ mềm	32379	omem
An Tôn	32378	anton
anh giáo	32377	anhgiao
antôn	32376	anton
Binh pháp Tôn Tử	32375	binhphaptontu
Bánh Thánh	32374	banhthanh
Bố Y	32373	boy
Cao Lệ	32372	caole
chúa nhật	32371	chuanhat
Chương Hoá	32370	chuonghoa
Hoả Diệm Sơn	32368	hoadiemson
Hàn Lâm Viện	32367	hanlamvien
Hải Sư	32366	haisu
Hậu Lê	32365	haule
Long Thụ	32363	longthu
Long Đất	32362	longdat
Lưu Tống	32361	luutong
Nam Tề	32360	namte
Nam Âu	32359	namau
Nam Đầu	32358	namdau
Nghĩa Hoà Đoàn	32357	nghiahoadoan
ngũ kinh	32356	ngukinh
Phật Dược Sư	32355	phatduocsu
Pà Thẻn	32354	pathen
Sán Chay	32353	sanchay
Sở Khanh	32352	sokhanh
Thanh Quang	32351	thanhquang
thần đạo	32350	thandao
Trung Dung	32349	trungdung
Trung Ấn	32348	trungan
tây lịch	32347	taylich
voòng	32346	voong
Vạn Tượng	32345	vantuong
Xạ Thủ	32344	xathu
a men	32343	amen
an tử	32342	antu
anh ách	32341	anhach
biên thuỳ	32340	bienthuy
biến điệu	32339	biendieu
biền ngẫu	32338	bienngau
biệt đãi	32337	bietdai
bách phân	32336	bachphan
bánh vòng	32335	banhvong
bát đĩa	32334	batdia
bát độ	32333	batdo
bén ngót	32332	benngot
búp phê	32331	bupphe
bưng biền	32330	bungbien
bạch thoại	32329	bachthoai
bạn thân	32328	banthan
bất hợp lý	32327	bathoply
bầu phiếu	32326	bauphieu
bằng cứ	32325	bangcu
bị chú	32324	bichu
bồm bộp	32323	bombop
cao lầu	32322	caolau
cao tay ấn	32321	caotayan
cheo cheo	32320	cheocheo
chi đội trưởng	32319	chidoitruong
chia sớt	32318	chiasot
chuẩn đô đốc	32317	chuandodoc
chà bá	32316	chaba
chân tay	32315	chantay
chí công	32314	chicong
chò chỉ	32313	chochi
chó đểu	32312	chodeu
chưn	32311	chun
chầu rìa	32310	chauria
chắn song	32309	chansong
chối từ	32308	choitu
chủ tịch đoàn	32307	chutichdoan
chứng lý	32306	chungly
chữ vạn	32305	chuvan
co thắt	32304	cothat
come out	32303	comeout
cà bát	32302	cabat
cà kê	32301	cake
cá hố	32300	caho
cá đao	32299	cadao
cách quãng	32298	cachquang
còm nhom	32297	comnhom
có tuổi	32296	cotuoi
cô em	32295	coem
cù nhây	32294	cunhay
căn thức	32293	canthuc
cạm	32292	cam
cạp nong	32291	capnong
cải xoăn	32290	caixoan
cầu chui	32289	cauchui
cập nhập	32288	capnhap
cỏ gà	32287	coga
cứu chúa	32286	cuuchua
diêu bông	32285	dieubong
dáng bộ	32284	dangbo
dương thế	32283	duongthe
dập tắt	32282	daptat
dật dờ	32281	datdo
dềnh	32280	denh
eo éo	32279	eoeo
gia tư	32278	giatu
giai phẩm	32277	giaipham
gian tà	32276	gianta
giao hoán	32275	giaohoan
giải nguyên	32274	giainguyen
giấy nến	32273	giaynen
giấy sáp	32272	giaysap
giết người	32271	gietnguoi
gà qué	32270	gaque
gấu chó	32269	gaucho
hiếu sự	32268	hieusu
hoà mục	32267	hoamuc
hoạt ngôn	32266	hoatngon
hà chính	32265	hachinh
hàn đới	32264	handoi
hán tử	32263	hantu
háo nước	32262	haonuoc
hùm xám	32261	humxam
hư từ	32260	hutu
hương sắc	32259	huongsac
hắc tố	32258	hacto
hổ báo	32257	hobao
hổm	32256	hom
hỗn số	32255	honso
hội quán	32254	hoiquan
hờn tủi	32253	hontui
khai quốc	32252	khaiquoc
khai tâm	32251	khaitam
khinh nhờn	32250	khinhnhon
khoáy	32249	khoay
khải hoàn môn	32248	khaihoanmon
khảnh	32247	khanh
khẳn	32246	khan
khổng tước	32245	khongtuoc
kiềm toả	32244	kiemtoa
kèo nèo	32243	keoneo
kê đơn	32242	kedon
kêu cứu	32241	keucuu
kính cáo	32240	kinhcao
kỹ nghệ	32239	kynghe
lantan	32238	lantan
luýt	32237	luyt
lượng tử hoá	32236	luongtuhoa
lẳn	32235	lan
lịch pháp	32234	lichphap
lịch đại	32233	lichdai
lồm	32232	lom
lớp trưởng	32231	loptruong
lụp	32230	lup
lực kế	32229	lucke
moạ	32228	moa
mèm	32227	mem
mô thức	32226	mothuc
môn đệ	32225	monde
mùa hạ	32224	muaha
mỏ ác	32223	moac
mục sở thị	32222	mucsothi
ngay cạnh	32221	ngaycanh
nghẹo	32220	ngheo
ngoé	32219	ngoe
ngoắt ngoéo	32218	ngoatngoeo
ngoẹo	32217	ngoeo
ngũ ngôn	32216	ngungon
người Mỹ	32215	nguoimy
ngữ âm học	32214	nguamhoc
nhiệt lượng kế	32213	nhietluongke
nho lâm	32212	nholam
nhà Lý	32211	nhaly
nhà Minh	32210	nhaminh
nhà Trần	32209	nhatran
nháy nháy	32208	nhaynhay
nhất là	32207	nhatla
nhập đề	32206	nhapde
nhễu	32205	nheu
nhị thức	32204	nhithuc
nhồm nhoàm	32203	nhomnhoam
não nuột	32202	naonuot
nơi chốn	32201	noichon
nước mắt cá sấu	32200	nuocmatcasau
nạ dòng	32199	nadong
nạnh	32198	nanh
nẳm	32197	nam
nặng tai	32196	nangtai
oặt	32195	oat
phenolphtalein	32194	phenolphtalein
phì đại	32193	phidai
phăng phăng	32192	phangphang
phạm thượng	32191	phamthuong
phảng	32190	phang
phật tính	32189	phattinh
phục quốc	32188	phucquoc
quan nhân	32187	quannhan
quan quân	32186	quanquan
quang tuyến	32185	quangtuyen
quái xế	32184	quaixe
quán quân	32183	quanquan
quần xì	32182	quanxi
quẫn bách	32181	quanbach
ra đi	32180	radi
rong kinh	32179	rongkinh
ruỗng	32178	ruong
râu dê	32177	raude
rùn	32176	run
rập rờn	32175	rapron
rẻo	32174	reo
rờn	32173	ron
stronti	32172	stronti
sàn sàn	32171	sansan
sáo ngữ	32170	saongu
sóng soài	32169	songsoai
sùi sụt	32168	suisut
sút kém	32167	sutkem
sứ đồ	32166	sudo
tam tiêu	32165	tamtieu
thiên cầu	32164	thiencau
thiếu nam	32163	thieunam
thiện tai	32162	thientai
thoạ	32161	thoa
thuở bé	32160	thuobe
thài lài	32159	thailai
tháng sáu	32158	thangsau
thân thủ	32157	thanthu
thương số	32156	thuongso
thước đo góc	32155	thuocdogoc
thạch bản	32154	thachban
thần dược	32153	thanduoc
thập tự giá	32152	thaptugia
thịt thà	32151	thittha
thủ cấp	32150	thucap
thứ yếu	32149	thuyeu
tiêu ma	32148	tieuma
tiền đúc	32147	tienduc
trang mạng	32146	trangmang
tranh vẽ	32145	tranhve
trái cấm	32144	traicam
trùng sinh	32143	trungsinh
trúng thực	32142	trungthuc
trưởng nữ	32141	truongnu
trằm	32140	tram
trốt	32139	trot
trời đất ơi	32138	troidatoi
tuyệt sắc	32137	tuyetsac
tuần san	32136	tuansan
tàu lửa	32135	taulua
tông miếu	32134	tongmieu
tư biện	32133	tubien
tầm nhìn	32132	tamnhin
tầm soát	32131	tamsoat
tắc tị	32130	tacti
tội nhân	32129	toinhan
tự điển	32128	tudien
vách đá	32127	vachda
váng vất	32126	vangvat
vêu	32125	veu
vô tỷ	32124	voty
văn ngôn	32123	vanngon
vượn cáo	32122	vuoncao
vị thành niên	32121	vithanhnien
vịm	32120	vim
xoắn xuýt	32119	xoanxuyt
xupap	32118	xupap
xén tóc	32117	xentoc
xường xám	32116	xuongxam
xệch	32115	xech
ác đấu	32114	acdau
ê a	32113	ea
đaminh	32112	daminh
Đà Lôi	32111	daloi
Đại Ngu	32110	daingu
Đạo Đức Kinh	32109	daoduckinh
Địa Chi	32108	diachi
điều hợp	32107	dieuhop
điều răn	32106	dieuran
điểu học	32105	dieuhoc
điện cơ đồ	32104	diencodo
đàn tam	32103	dantam
đào tẩu	32102	daotau
đánh thắng	32101	danhthang
đèn bão	32100	denbao
đại kỵ	32099	daiky
đập phá	32098	dappha
đậu rồng	32097	daurong
địa chủ	32096	diachu
địa cực	32095	diacuc
định ngữ	32094	dinhngu
ất giáp	32093	atgiap
ẩn hoạ	32092	anhoa
ễnh	32091	enh
ống thông	32090	ongthong
AQ	32089	aq
Bằng Hữu	32087	banghuu
Bồn Man	32086	bonman
Cao Bằng	32085	caobang
Chơ Ro	32084	choro
chệch	32083	chech
Cát Dài	32082	catdai
CĐ	32081	cd
Cờ Vàng	32080	covang
Gia Hưng	32079	giahung
grêgôriô	32078	gregorio
hoa lục	32077	hoaluc
Hàn Xẻng	32076	hanxeng
hán văn	32075	hanvan
inhaxiô	32074	inhaxio
Kim Bình Mai	32073	kimbinhmai
Kinh Lễ	32072	kinhle
Kinh Thư	32071	kinhthu
NASA	32070	nasa
nho học	32069	nhohoc
Nhân Mã	32068	nhanma
Nước Trời	32067	nuoctroi
Phi Mã	32066	phima
Phạm Thiên	32065	phamthien
Phật Đà	32064	phatda
Song Nam	32063	songnam
Sừng châu Phi	32062	sungchauphi
THPT	32061	thpt
Thiên Can	32060	thiencan
Thiên Xứng	32059	thienxung
Thiên Yết	32058	thienyet
Thiết Mộc Chân	32057	thietmocchan
Thánh Tổ	32056	thanhto
Thát Đát	32055	thatdat
Tiền Lý	32054	tienly
Tiểu Sài Gòn	32053	tieusaigon
Tây Nguỵ	32052	taynguy
têrêsa	32051	teresa
Tết Tây	32050	tettay
tứ thư	32049	tuthu
Vân Lâm	32048	vanlam
Vương Hãn	32047	vuonghan
x quang	32046	xquang
actini	32045	actini
agon	32044	agon
an toạ	32043	antoa
ang áng	32042	angang
ba toong	32041	batoong
bao sân	32040	baosan
binh bị	32039	binhbi
bom tấn	32038	bomtan
buông tuồng	32037	buongtuong
bà phước	32036	baphuoc
bà tám	32035	batam
bàn toạ	32034	bantoa
bình bình	32033	binhbinh
bí kíp	32032	bikip
bính âm	32031	binham
bóp chẹt	32030	bopchet
bút chiến	32029	butchien
băng qua	32028	bangqua
bơi chó	32027	boicho
bươu	32026	buou
bạch tuột	32025	bachtuot
bảnh mắt	32024	banhmat
bất hại	32023	bathai
bất hợp lệ	32022	bathople
bất nhã	32021	batnha
bộp chộp	32020	bopchop
cai cơ	32019	caico
chanh muối	32018	chanhmuoi
chia phôi	32017	chiaphoi
chiêu hiền	32016	chieuhien
chiêu liêu	32015	chieulieu
chiết quang	32014	chietquang
chung chiêng	32013	chungchieng
chung sức	32012	chungsuc
chuyển tự	32011	chuyentu
chuyển động học	32010	chuyendonghoc
chuôm	32009	chuom
chàng ràng	32008	changrang
chân ngôn	32007	channgon
chên	32006	chen
chí choé	32005	chichoe
chích choè	32004	chichchoe
chính đề	32003	chinhde
chó lài	32002	cholai
chú mục	32001	chumuc
chưởng cơ	32000	chuongco
chạng	31999	chang
chấn thuỷ	31998	chanthuy
chẫu	31997	chau
chắc dạ	31996	chacda
chết giấc	31995	chetgiac
chồm hỗm	31994	chomhom
chủ tướng	31993	chutuong
chủi	31992	chui
clohiđric	31991	clohidric
coi mắt	31990	coimat
cun cút	31989	cuncut
cà khổ	31988	cakho
cà ràng	31987	carang
cà rỡn	31986	caron
cá tuyết	31985	catuyet
cái ghẻ	31984	caighe
cám hấp	31983	camhap
câu hỏi	31982	cauhoi
cóc nhảy	31981	cocnhay
cô bé	31980	cobe
công sản	31979	congsan
côsin	31978	cosin
cún con	31977	cuncon
cười mỉm	31976	cuoimim
cười nhạo	31975	cuoinhao
cải dạng	31974	caidang
cải làn	31973	cailan
cải xanh	31972	caixanh
cảnh sát trưởng	31971	canhsattruong
cấm cố	31970	camco
cắc củm	31969	caccum
cồm cộp	31968	comcop
cồn cát	31967	concat
cụ kỵ	31966	cuky
cứu chuộc	31965	cuuchuoc
danh phận	31964	danhphan
di chiếu	31963	dichieu
di thực	31962	dithuc
dinh thự	31961	dinhthu
duyến	31960	duyen
dái mít	31959	daimit
dây sống	31958	daysong
dê cụ	31957	decu
dích dắc	31956	dichdac
dù dì	31955	dudi
dưa muối	31954	duamuoi
dấu chấm phẩy	31953	dauchamphay
dằn túi	31952	dantui
eng éc	31951	engec
gia phổ	31950	giapho
gia quyền	31949	giaquyen
giâu	31948	giau
giùi	31947	giui
giảm nhiệt	31946	giamnhiet
giản thể	31945	gianthe
giảnh	31944	gianh
giằm	31943	giam
giống má	31942	giongma
giống như	31941	giongnhu
giụi	31940	giui
gần đây	31939	ganday
ham chuộng	31938	hamchuong
hiền nhân	31937	hiennhan
hoa hiên	31936	hoahien
hoành độ	31935	hoanhdo
hoá năng	31934	hoanang
hoạ báo	31933	hoabao
huyền thuật	31932	huyenthuat
hypebol	31931	hypebol
hàm hợp	31930	hamhop
hàm lượng giác	31929	hamluonggiac
hóng gió	31928	honggio
hôn quân	31927	honquan
hơi cay	31926	hoicay
hương thơm	31925	huongthom
hươu xạ	31924	huouxa
hưởng dương	31923	huongduong
hạ độc	31922	hadoc
hải tượng	31921	haituong
hầu gái	31920	haugai
hằm hằm	31919	hamham
hệ phái	31918	hephai
hồ thuỷ	31917	hothuy
i tờ	31916	ito
inđi	31915	indi
khoáng vật học	31914	khoangvathoc
khu chế xuất	31913	khuchexuat
khách điếm	31912	khachdiem
khái luận	31911	khailuan
kháy	31910	khay
không dám	31909	khongdam
kiếm đạo	31908	kiemdao
kèn bầu	31907	kenbau
kéo lê	31906	keole
kính hiển vi	31905	kinhhienvi
kẹo đồng	31904	keodong
lao móc	31903	laomoc
lay phay	31902	layphay
lo phiền	31901	lophien
long quyền	31900	longquyen
loạng quạng	31899	loangquang
luyện thi	31898	luyenthi
luyện đan	31897	luyendan
luốc	31896	luoc
là là	31895	lala
làm dầm	31894	lamdam
lãng nhân	31893	langnhan
lão thị	31892	laothi
lính canh	31891	linhcanh
lô xô	31890	loxo
lý học	31889	lyhoc
lũ ống	31888	luong
lưỡi hái	31887	luoihai
lược đồ	31886	luocdo
lặng thầm	31885	langtham
lễ lạc	31884	lelac
lọ nghẹ	31883	longhe
lỏm	31882	lom
lồng đèn	31881	longden
lớn bổng	31880	lonbong
lớt phớt	31879	lotphot
lợn cợn	31878	loncon
ma ha tát	31877	mahatat
mai gầm	31876	maigam
manh tâm	31875	manhtam
mi nhon	31874	minhon
miễn bàn	31873	mienban
mo nang	31872	monang
màn thầu	31871	manthau
mây tích	31870	maytich
mãnh lực	31869	manhluc
mía lau	31868	mialau
mòng két	31867	mongket
mông đít	31866	mongdit
mả cha	31865	macha
mấn	31864	man
mắc mỏ	31863	macmo
mổ cò	31862	moco
mới coong	31861	moicoong
mửa mật	31860	muamat
mực nang	31859	mucnang
nam chính	31858	namchinh
nanh nọc	31857	nanhnoc
nghĩa dũng	31856	nghiadung
nghếch	31855	nghech
nguyên niên	31854	nguyennien
ngã tư	31853	ngatu
ngũ gia bì	31852	ngugiabi
ngũ uẩn	31851	nguuan
ngứa miệng	31850	nguamieng
ngứa nghề	31849	nguanghe
ngứa tai	31848	nguatai
nhi hoá	31847	nhihoa
nhiếp chính	31846	nhiepchinh
nhà Hán	31845	nhahan
nhà Lê	31844	nhale
nhà Tây Sơn	31843	nhatayson
nhà Tấn	31842	nhatan
nhân dục	31841	nhanduc
nhạc chế	31840	nhacche
nhỏng	31839	nhong
niobi	31838	niobi
niệm chú	31837	niemchu
nuông	31836	nuong
nóp	31835	nop
năm mới	31834	nammoi
nước Mỹ	31833	nuocmy
obitan	31832	obitan
phau	31831	phau
phát cuồng	31830	phatcuong
phân loại học	31829	phanloaihoc
phò mã	31828	phoma
phù chú	31827	phuchu
phù đồ	31826	phudo
phạm lỗi	31825	phamloi
phả hệ	31824	phahe
phẻ	31823	phe
phọt phẹt	31822	photphet
phớt tỉnh	31821	phottinh
phởn phơ	31820	phonpho
poloni	31819	poloni
píp	31818	pip
quang cầu	31817	quangcau
quy đầu	31816	quydau
quán rượu	31815	quanruou
quân cờ	31814	quanco
quả thể	31813	quathe
quản thủ	31812	quanthu
quợn	31811	quon
rađi	31810	radi
râu quai nón	31809	rauquainon
rù rì	31808	ruri
rấm	31807	ram
rấp	31806	rap
rều	31805	reu
se sẻ	31804	sese
shipper	31803	shipper
sinh tiền	31802	sinhtien
siểm	31801	siem
suối vàng	31800	suoivang
sâu đo	31799	saudo
sông Lô	31798	songlo
súng hoả mai	31797	sunghoamai
sạu	31796	sau
sầm sập	31795	samsap
sẹc	31794	sec
sẻ chia	31793	sechia
số không	31792	sokhong
tam suất	31791	tamsuat
thanh ngang	31790	thanhngang
thiên tư	31789	thientu
thoá mạ	31788	thoama
thoái chí	31787	thoaichi
thoát hiểm	31786	thoathiem
thu phí	31785	thuphi
thum	31784	thum
thuế trực thu	31783	thuetructhu
thuỵ hiệu	31782	thuyhieu
thuỷ quyển	31781	thuyquyen
thuỷ tề	31780	thuyte
thám hoa	31779	thamhoa
thánh thất	31778	thanhthat
tháo thân	31777	thaothan
thông thiên học	31776	thongthienhoc
thăm quan	31775	thamquan
thư phòng	31774	thuphong
thạch dừa	31773	thachdua
thất chí	31772	thatchi
thấu thị	31771	thauthi
thẩm du	31770	thamdu
thế à	31769	thea
thồn	31768	thon
thờn bơn	31767	thonbon
thợ gốm	31766	thogom
thợ sơn	31765	thoson
thực dân hoá	31764	thucdanhoa
thực thà	31763	thuctha
tia cực tím	31762	tiacuctim
tiên nga	31761	tiennga
tiếng Trung	31760	tiengtrung
tiền biên	31759	tienbien
tiểu dẫn	31758	tieudan
tiệm cận	31757	tiemcan
tiệm ăn	31756	tieman
tre pheo	31755	trepheo
tro tàn	31754	trotan
trung hữu	31753	trunghuu
trung trinh	31752	trungtrinh
trà đen	31751	traden
trông thấy	31750	trongthay
trùng phương	31749	trungphuong
trúm	31748	trum
trúng số	31747	trungso
trước khi	31746	truockhi
trạng huống	31745	tranghuong
tu huýt	31744	tuhuyt
tuổi xuân	31743	tuoixuan
tán thủ	31742	tanthu
táo ta	31741	taota
tân cổ điển	31740	tancodien
tân học	31739	tanhoc
tèm lem	31738	temlem
tìm thấy	31737	timthay
tí tị	31736	titi
tính tiền	31735	tinhtien
túc cầu	31734	tuccau
tăng già	31733	tanggia
tầm ma	31732	tamma
tằng hắng	31731	tanghang
tẽ	31730	te
tể tướng	31729	tetuong
tới bến	31728	toiben
tự chế	31727	tuche
tự luận	31726	tuluan
tỷ dụ	31725	tydu
u ẩn	31724	uan
vên vên	31723	venven
vô ngã	31722	vonga
vô ngôn	31721	vongon
vô năng	31720	vonang
vô phước	31719	vophuoc
vô tướng	31718	votuong
vũ lượng	31717	vuluong
vương hậu	31716	vuonghau
vườn rau	31715	vuonrau
vườn thượng uyển	31714	vuonthuonguyen
vật tổ	31713	vatto
vặc	31712	vac
vọp	31711	vop
vờ vĩnh	31710	vovinh
xe ben	31709	xeben
xe gắn máy	31708	xeganmay
xà cột	31707	xacot
xì tố	31706	xito
xìa	31705	xia
xí muội	31704	ximuoi
xí ngầu	31703	xingau
xí xớn	31702	xixon
xôi vò	31701	xoivo
xạ khuẩn	31700	xakhuan
xắc cốt	31699	xaccot
y xì	31698	yxi
á thánh	31697	athanh
án thư	31696	anthu
ô danh	31695	odanh
ăn quỵt	31694	anquyt
Đài Sơn	31692	daison
Đại Hàn Dân Quốc	31691	daihandanquoc
đau nhức	31690	daunhuc
điêu linh	31689	dieulinh
điện thoại bàn	31688	dienthoaiban
đoác	31687	doac
đàn nhị	31686	dannhi
đáng ngại	31685	dangngai
đì đùng	31684	didung
đòng đòng	31683	dongdong
đôm đốp	31682	domdop
đương thì	31681	duongthi
đại nghị	31680	dainghi
đậu ngự	31679	daungu
đắng nghét	31678	dangnghet
đẳng lập	31677	danglap
đặt tên	31676	datten
đẻ đái	31675	dedai
đối đỉnh	31674	doidinh
đức dục	31673	ducduc
ơn ớn	31672	onon
ưu trương	31671	uutruong
ậu	31670	au
ẹp	31669	ep
ịn	31668	in
ốm o	31667	omo
ADN	31666	adn
alexanđê	31665	alexande
Biện Hàn	31664	bienhan
Bàn Môn Điếm	31663	banmondiem
Bành Hồ	31662	banhho
Bác Hồ	31661	bacho
Bách Việt	31660	bachviet
bênađô	31659	benado
bênêđictô	31658	benedicto
Bố Đại	31657	bodai
Châu Hải	31656	chauhai
Chất Tri	31655	chattri
côrnêliô	31654	cornelio
Căm Bốt	31653	cambot
Cần Giờ	31652	cangio
Cầu Đỏ	31651	caudo
Cộng hoà Trung Phi	31650	conghoatrungphi
Cụ Hồ	31649	cuho
Cự Giải	31648	cugiai
Diên Biên	31647	dienbien
dàng	31646	dang
giuđa	31645	giuda
giáp xác	31644	giapxac
gióp	31643	giop
hán học	31642	hanhoc
hán triều	31641	hantrieu
Hình Thiên	31640	hinhthien
Hậu Trần	31639	hautran
Hợp Phố	31638	hoppho
Khổng Phu Tử	31637	khongphutu
Kỳ Anh	31636	kyanh
La Sát	31635	lasat
Lan Xang	31634	lanxang
Luy Lâu	31633	luylau
lão giáo	31632	laogiao
Lưu Cầu	31631	luucau
Ma Da	31630	mada
micae	31629	micae
mônica	31628	monica
mỹ hoá	31627	myhoa
Nam Băng Dương	31626	nambangduong
nam tiến	31625	namtien
Nguyễn Thị B	31624	nguyenthib
Nguyễn Văn A	31623	nguyenvana
nguyễn triều	31622	nguyentrieu
Ngũ Đại Thập Quốc	31621	ngudaithapquoc
Niu Oóc	31620	niuooc
Nãi Man	31619	naiman
Phục Hy	31617	phuchy
Quán Thế Âm	31616	quantheam
Quảng Huế	31615	quanghue
Soi Nhụ	31614	soinhu
sáng thế ký	31613	sangtheky
tam thiên tự	31612	tamthientu
Thiên Hạt	31611	thienhat
Thiên Hậu Thánh Mẫu	31610	thienhauthanhmau
Thiên Ma	31609	thienma
Tháp nghiêng Pisa	31608	thapnghiengpisa
Thượng Đô	31607	thuongdo
Thất Tịch	31606	thattich
tiến quân ca	31605	tienquanca
Triết Biệt	31604	trietbiet
Tung Hoành gia	31603	tunghoanhgia
Tuyền Châu	31602	tuyenchau
Tây Chu	31601	taychu
Tây Liêu	31600	taylieu
tây y	31599	tayy
Tôn Thất	31598	tonthat
Tấn Giang	31597	tangiang
tết dương lịch	31596	tetduonglich
Tứ Phủ	31595	tuphu
tứ đại danh tác	31594	tudaidanhtac
urbanô	31593	urbano
uên	31592	uen
Viêm Đế	31591	viemde
xaviê	31590	xavie
Xinh Mun	31589	xinhmun
Xiêm Riệp	31588	xiemriep
ampe kế	31587	ampeke
an cư lạc nghiệp	31586	anculacnghiep
an ninh mạng	31585	anninhmang
an trí	31584	antri
an vui	31583	anvui
anđêhit	31582	andehit
aptomat	31581	aptomat
ba cái	31580	bacai
bao cao su	31579	baocaosu
beri	31578	beri
berili	31577	berili
bia miệng	31576	biamieng
bim bim	31575	bimbim
binh chế	31574	binhche
bitmut	31573	bitmut
biên cảnh	31572	biencanh
biến mất	31571	bienmat
biến thân	31570	bienthan
bom nguyên tử	31569	bomnguyentu
buồn khổ	31568	buonkho
buồn lòng	31567	buonlong
buổi sáng	31566	buoisang
bàn ghế	31565	banghe
bám sát	31564	bamsat
bán chác	31563	banchac
bán khai	31562	bankhai
bánh da lợn	31561	banhdalon
bánh pía	31560	banhpia
bánh xếp	31559	banhxep
báo giới	31558	baogioi
bãi binh	31557	baibinh
bãi trường	31556	baitruong
bê đê	31555	bede
bên ngoài	31554	benngoai
bình chân	31553	binhchan
bình xăng	31552	binhxang
bít tết	31551	bittet
bò viên	31550	bovien
bóng bảy	31549	bongbay
bóng vợt	31548	bongvot
bóng đái	31547	bongdai
bôm	31546	bom
bút đàm	31545	butdam
băng ghế	31544	bangghe
băng trôi	31543	bangtroi
bưu phí	31542	buuphi
bạch cập	31541	bachcap
bất khả chiến bại	31540	batkhachienbai
bần đạo	31539	bandao
bẩm tính	31538	bamtinh
bẫy mìn	31537	baymin
bắp non	31536	bapnon
bắp rang	31535	baprang
bắt máy	31534	batmay
bằng trắc	31533	bangtrac
bốn bề	31532	bonbe
bồ đề tâm	31531	bodetam
bồi bút	31530	boibut
bồn binh	31529	bonbinh
bộ tứ	31528	botu
bớt miệng	31527	botmieng
bợm bãi	31526	bombai
bục giảng	31525	bucgiang
bửu bối	31524	buuboi
ca ve	31523	cave
cai đội	31522	caidoi
canh tân	31521	canhtan
cađimi	31520	cadimi
chanh dây	31519	chanhday
chanh tây	31518	chanhtay
chinh phạt	31517	chinhphat
chiến cụ	31516	chiencu
chiến đội	31515	chiendoi
chiếu sáng	31514	chieusang
choài	31513	choai
chua lè	31512	chuale
chuyển chú	31511	chuyenchu
chuyển giới	31510	chuyengioi
chuột sóc	31509	chuotsoc
chàng hảng	31508	changhang
chàng trai	31507	changtrai
chán phè	31506	chanphe
chán vạn	31505	chanvan
chí chát	31504	chichat
chích bông	31503	chichbong
chính hãng	31502	chinhhang
chính sự	31501	chinhsu
chúa Xuân	31500	chuaxuan
chưa hề	31499	chuahe
chưởng dinh	31498	chuongdinh
chạy giặc	31497	chaygiac
chạy loạn	31496	chayloan
chấm thi	31495	chamthi
chấn tâm	31494	chantam
chất trắng	31493	chattrang
chấy rận	31492	chayran
chủ nhà	31491	chunha
chủn	31490	chun
chức nghiệp	31489	chucnghiep
chừng nào	31488	chungnao
chữ Nho	31487	chunho
chữ Nôm	31486	chunom
chữa bệnh	31485	chuabenh
cung thành	31484	cungthanh
cung đấu	31483	cungdau
cuối tuần	31482	cuoituan
cà rá	31481	cara
cà vẹt	31480	cavet
cá cháy	31479	cachay
cá cóc	31478	cacoc
cá măng	31477	camang
cá tràu	31476	catrau
cánh hữu	31475	canhhuu
cánh tả	31474	canhta
cát tuyến	31473	cattuyen
cát tặc	31472	cattac
cát đằng	31471	catdang
câu cấu	31470	caucau
công binh xưởng	31469	congbinhxuong
công công	31468	congcong
công dung ngôn hạnh	31467	congdungngonhanh
công lịch	31466	conglich
công thự	31465	congthu
công truyền	31464	congtruyen
cú pháp học	31463	cuphaphoc
cơ sở hạ tầng	31462	cosohatang
cơ tim	31461	cotim
cạn lời	31460	canloi
cải giá	31459	caigia
cải đạo	31458	caidao
cảy	31457	cay
cấm cung	31456	camcung
cấm kỵ	31455	camky
cấu chí	31454	cauchi
cấy hái	31453	cayhai
cầu kỳ	31452	cauky
cậu bé	31451	caube
cắt lượt	31450	catluot
cắt đứt	31449	catdut
cỏ bợ	31448	cobo
cồm cộm	31447	comcom
cờ hó	31446	coho
củ chuối	31445	cuchuoi
cứu nạn	31444	cuunan
cử tạ	31443	cuta
di ngôn	31442	dingon
diễn hoạt	31441	dienhoat
diễn kịch	31440	dienkich
dây gắm	31439	daygam
dây nịt	31438	daynit
dê xồm	31437	dexom
dóm	31436	dom
dĩn	31435	din
dược khoa	31434	duockhoa
dấu Thánh Giá	31433	dauthanhgia
dấu nháy	31432	daunhay
dẫn thân	31431	danthan
dật sử	31430	datsu
dế dũi	31429	dedui
dện	31428	den
dị giới	31427	digioi
dị tính	31426	ditinh
dồng dộc	31425	dongdoc
dửng	31424	dung
europi	31423	europi
fen	31422	fen
giao hàng	31421	giaohang
giao tế	31420	giaote
giun dẹp	31419	giundep
giun đốt	31418	giundot
giày ống	31417	giayong
giá chợ	31416	giacho
gián cách	31415	giancach
giáng thuỷ	31414	giangthuy
giáp cốt	31413	giapcot
gió bấc	31412	giobac
giạng	31411	giang
giảm phân	31410	giamphan
giản đồ	31409	giando
giảng đạo	31408	giangdao
giấy bạc	31407	giaybac
giần	31406	gian
giẹp	31405	giep
giếng trời	31404	giengtroi
giọi	31403	gioi
gùn	31402	gun
gẫm	31401	gam
hafini	31400	hafini
hai mươi mốt	31399	haimuoimot
hanh thông	31398	hanhthong
heo đất	31397	heodat
hiền sĩ	31396	hiensi
hoang mạc hoá	31395	hoangmachoa
hoá dục	31394	hoaduc
hoá sinh học	31393	hoasinhhoc
hoạ may	31392	hoamay
hàm mũ	31391	hammu
hào môn	31390	haomon
hãn quốc	31389	hanquoc
hít thở	31388	hittho
hôn phối	31387	honphoi
húng dổi	31386	hungdoi
hư văn	31385	huvan
hạ bạc	31384	habac
hạc quyền	31383	hacquyen
hải ngoại	31382	haingoai
hảo hán	31381	haohan
hậu thân	31380	hauthan
hết cả	31379	hetca
hệch	31378	hech
hồng trà	31377	hongtra
hợp long	31376	hoplong
hợp số	31375	hopso
hứng chí	31374	hungchi
hữu lý	31373	huuly
hữu tỷ	31372	huuty
kenvin	31371	kenvin
khai sáng	31370	khaisang
khoa học gia	31369	khoahocgia
khoai nước	31368	khoainuoc
khoảng trống	31367	khoangtrong
khuyến thiện	31366	khuyenthien
khôn lanh	31365	khonlanh
không ngờ	31364	khongngo
khạc nhổ	31363	khacnho
khảy	31362	khay
khấn khứa	31361	khankhua
khẩu nghiệp	31360	khaunghiep
khắc chế	31359	khacche
khổ sai	31358	khosai
kia kìa	31357	kiakia
kinh truyện	31356	kinhtruyen
kiêu bạc	31355	kieubac
kiền kiền	31354	kienkien
kiều mạch	31353	kieumach
kêu nài	31352	keunai
kính ngữ	31351	kinhngu
kết bài	31350	ketbai
kết giới sư	31349	ketgioisu
kịch phát	31348	kichphat
kỳ lân biển	31347	kylanbien
liên Triều	31346	lientrieu
long diên hương	31345	longdienhuong
loán	31344	loan
loạn ly	31343	loanly
luận chiến	31342	luanchien
luận lý	31341	luanly
ly hương	31340	lyhuong
lâm ba	31339	lamba
lân bang	31338	lanbang
lâu đài	31337	laudai
lãng nhách	31336	langnhach
lãng xẹt	31335	langxet
lãnh án	31334	lanhan
lên đỉnh	31333	lendinh
lính thuỷ đánh bộ	31332	linhthuydanhbo
lò gạch	31331	logach
lò than	31330	lothan
lưu chiếu	31329	luuchieu
lướt mướt	31328	luotmuot
lưỡng dụng	31327	luongdung
lượng chất	31326	luongchat
lại hồn	31325	laihon
lắc bạc	31324	lacbac
lỏ	31323	lo
lốp cốp	31322	lopcop
lồng bàn	31321	longban
lời chào	31320	loichao
lời hứa	31319	loihua
lục súc	31318	lucsuc
ma gà	31317	maga
ma đói	31316	madoi
minh ty	31315	minhty
miền Nam	31314	miennam
moscovi	31313	moscovi
muồi	31312	muoi
mái ấm	31311	maiam
mân côi	31310	mancoi
mã cầu	31309	macau
mì Quảng	31308	miquang
mì Ý	31307	miy
mòng biển	31306	mongbien
mô Phật	31305	mophat
mùa hè	31304	muahe
mùa thu	31303	muathu
mùi soa	31302	muisoa
mũ miện	31301	mumien
mười một	31300	muoimot
mại vô	31299	maivo
mạo từ	31298	maotu
mả mẹ	31297	mame
mẫu quốc	31296	mauquoc
mặc khải	31295	mackhai
một tỷ	31294	motty
mục súc	31293	mucsuc
mục vụ	31292	mucvu
mứa	31291	mua
nghiêng nghiêng	31290	nghiengnghieng
nghênh xuân	31289	nghenhxuan
nghĩa huynh	31288	nghiahuynh
nghĩa mẹ	31287	nghiame
nghĩa đệ	31286	nghiade
nghịch nhĩ	31285	nghichnhi
nghịt	31284	nghit
ngoảy	31283	ngoay
ngoặc vuông	31282	ngoacvuong
nguỵ khoa học	31281	nguykhoahoc
ngày rày	31280	ngayray
ngáo đá	31279	ngaoda
ngân quỹ	31278	nganquy
ngã nước	31277	nganuoc
ngò rí	31276	ngori
ngõi	31275	ngoi
ngũ luân	31274	nguluan
ngư thuyền	31273	nguthuyen
ngạ quỷ	31272	ngaquy
ngọc lam	31271	ngoclam
ngỏ ý	31270	ngoy
ngốt	31269	ngot
ngớp	31268	ngop
ngữ nghĩa học	31267	ngunghiahoc
nha dịch	31266	nhadich
nhà Chu	31265	nhachu
nhà giả kim	31264	nhagiakim
nhà lá	31263	nhala
nhà tranh	31262	nhatranh
nhà Đinh	31261	nhadinh
nhà Đường	31260	nhaduong
nhìn thấy	31259	nhinthay
nhũ mẫu	31258	nhumau
như gió	31257	nhugio
nhược tiểu	31256	nhuoctieu
nhạc chuông	31255	nhacchuong
nhẫn thuật	31254	nhanthuat
nhập thành	31253	nhapthanh
nhật tâm	31252	nhattam
nhội	31251	nhoi
nhỡ nhàng	31250	nhonhang
niên đại học	31249	niendaihoc
niệm Phật	31248	niemphat
niệu khoa	31247	nieukhoa
néc	31246	nec
ném bom	31245	nembom
ném tạ	31244	nemta
ní	31243	ni
nói đớt	31242	noidot
nón len	31241	nonlen
nón lá	31240	nonla
nôn khan	31239	nonkhan
nôốc	31238	nooc
núi Nhạn	31237	nuinhan
núi ngầm	31236	nuingam
nơi sinh	31235	noisinh
nương thân	31234	nuongthan
nước Nam	31233	nuocnam
nẩu	31232	nau
nếp sống	31231	nepsong
nệ	31230	ne
nịt vú	31229	nitvu
nốt trắng	31228	nottrang
nồi áp suất	31227	noiapsuat
nội thuỷ	31226	noithuy
nữ vương	31225	nuvuong
oanh tạc cơ	31224	oanhtacco
oàm oạp	31223	oamoap
phim hài	31222	phimhai
phim tài liệu	31221	phimtailieu
phiên phiến	31220	phienphien
phiên thiết	31219	phienthiet
pháo tay	31218	phaotay
pháp gia	31217	phapgia
phát kiến	31216	phatkien
phè	31215	phe
phép trừ	31214	pheptru
phòng ngủ	31213	phongngu
phó giáp	31212	phogiap
phú nông	31211	phunong
phản hạt	31210	phanhat
phản tư	31209	phantu
phỏng dịch	31208	phongdich
phồn thể	31207	phonthe
phụ tố	31206	phuto
phụng mệnh	31205	phungmenh
pin sạc	31204	pinsac
polyetylen	31203	polyetylen
protactini	31202	protactini
prôton	31201	proton
quan chế	31200	quanche
quyền Pháp	31199	quyenphap
quyền pháp	31198	quyenphap
quái thú	31197	quaithu
quần chíp	31196	quanchip
quần yếm	31195	quanyem
quỵ luỵ	31194	quyluy
ra đa	31193	rada
rao vặt	31192	raovat
rau dớn	31191	raudon
rong chơi	31190	rongchoi
rođi	31189	rodi
ràng ràng	31188	rangrang
râu mép	31187	raumep
rượn	31186	ruon
rượu táo	31185	ruoutao
rắn hổ	31184	ranho
rặc	31183	rac
rẻ thối	31182	rethoi
rếch	31181	rech
rối trí	31180	roitri
rủn	31179	run
sa di	31178	sadi
sa kê	31177	sake
sao Thổ	31176	saotho
say rượu	31175	sayruou
sen đầm	31174	sendam
si đa	31173	sida
sinh đồ	31172	sinhdo
so tài	31171	sotai
song tiết	31170	songtiet
sách giáo khoa	31169	sachgiaokhoa
sáng bạch	31168	sangbach
sáng chói	31167	sangchoi
sâm panh	31166	sampanh
sâng	31165	sang
sâu thẳm	31164	sautham
sênh tiền	31163	senhtien
sò điệp	31162	sodiep
sóc bay	31161	socbay
sóc vọng	31160	socvong
sóng triều	31159	songtrieu
sơn nữ	31158	sonnu
sơn tặc	31157	sontac
sư muội	31156	sumuoi
sư thúc	31155	suthuc
sầm sì	31154	samsi
sầu bi	31153	saubi
sầu muộn	31152	saumuon
sắp tới	31151	saptoi
sỉa	31150	sia
sịch	31149	sich
sọi	31148	soi
sở thuộc	31147	sothuoc
sử địa	31146	sudia
ta luy	31145	taluy
tai chua	31144	taichua
tam thập lục	31143	tamthapluc
teencode	31142	teencode
thanh tra viên	31141	thanhtravien
theo đòi	31140	theodoi
thi triển	31139	thitrien
thi đậu	31138	thidau
thiên điểu	31137	thiendieu
thiên đỉnh	31136	thiendinh
thiết kế đồ hoạ	31135	thietkedohoa
thiện nguyện viên	31134	thiennguyenvien
thiệt tình	31133	thiettinh
thong manh	31132	thongmanh
thoát nạn	31131	thoatnan
thuỷ phủ	31130	thuyphu
thuỷ triều đỏ	31129	thuytrieudo
thuỷ âm	31128	thuyam
thuỷ động lực học	31127	thuydongluchoc
thánh cả	31126	thanhca
thân hữu	31125	thanhuu
thạch tùng	31124	thachtung
thảo mai	31123	thaomai
thần trí	31122	thantri
thầy cãi	31121	thaycai
thầy tào	31120	thaytao
thỉnh nguyện	31119	thinhnguyen
thổ lâu	31118	tholau
thủ tiết	31117	thutiet
thử tài	31116	thutai
tiêu ngữ	31115	tieungu
tiến thoái lưỡng nan	31114	tienthoailuongnan
tiếng Phạn	31113	tiengphan
tiếng Việt	31112	tiengviet
tiết tháo	31111	tietthao
tiểu hình	31110	tieuhinh
tiểu tam	31109	tieutam
tiểu đối	31108	tieudoi
tiệt trùng	31107	tiettrung
trai bao	31106	traibao
trai lơ	31105	trailo
triều phục	31104	trieuphuc
truy bức	31103	truybuc
trí dục	31102	triduc
trí sĩ	31101	trisi
trùn quế	31100	trunque
trúng kế	31099	trungke
trúng tủ	31098	trungtu
trương tuần	31097	truongtuan
trường nghề	31096	truongnghe
trạ	31095	tra
trải nghiệm	31094	trainghiem
trảu	31093	trau
trận thế	31092	tranthe
trắng lốp	31091	tranglop
trở cờ	31090	troco
trợ từ	31089	trotu
trứng rán	31088	trungran
tu từ	31087	tutu
tung độ	31086	tungdo
tuyệt cú	31085	tuyetcu
tuý quyền	31084	tuyquyen
ty thể	31083	tythe
tà phái	31082	taphai
tâm thế	31081	tamthe
tâm truyền	31080	tamtruyen
tân cử	31079	tancu
tãi	31078	tai
tên tục	31077	tentuc
tính mệnh	31076	tinhmenh
tôn giáo học	31075	tongiaohoc
tôn hiệu	31074	tonhieu
tông hiến	31073	tonghien
tông huấn	31072	tonghuan
tú cầu	31071	tucau
tăng động	31070	tangdong
tại hạ	31069	taiha
tấp tểnh	31068	taptenh
tẩn mẩn	31067	tanman
tập tạ	31066	tapta
tỉnh dậy	31065	tinhday
tọp	31064	top
tối cổ	31063	toico
tối kiến	31062	toikien
tụng kinh	31061	tungkinh
tứ dân	31060	tudan
tứ thiết	31059	tuthiet
từ nguyên học	31058	tunguyenhoc
tửa	31057	tua
tửu quán	31056	tuuquan
tựa đề	31055	tuade
ung thư gan	31054	ungthugan
uý lạo	31053	uylao
vanađi	31052	vanadi
viêm gan	31051	viemgan
vonfam	31050	vonfam
vái giời	31049	vaigioi
vô gia cư	31048	vogiacu
vú vê	31047	vuve
vũ kế	31046	vuke
vườn trẻ	31045	vuontre
vịt lộn	31044	vitlon
vọng ngoại	31043	vongngoai
vỏ lãi	31042	volai
vỡ tan	31041	votan
vứt bỏ	31040	vutbo
xe lôi	31039	xeloi
xe van	31038	xevan
xe điện đụng	31037	xediendung
xeri	31036	xeri
xiệp	31035	xiep
xuân hạ thu đông	31034	xuanhathudong
xuân đào	31033	xuandao
xuất trận	31032	xuattran
xác ướp	31031	xacuop
xì dách	31030	xidach
xưng bá	31029	xungba
xưng xưng	31028	xungxung
xẵng	31027	xang
xốt vang	31026	xotvang
y viện	31025	yvien
y văn	31024	yvan
yếu điểm	31023	yeudiem
Âu Dương	31021	auduong
Âu Lạc	31020	aulac
Ô Hoàn	31019	ohoan
á phiện	31018	aphien
ác hiểm	31017	achiem
ám quẻ	31016	amque
ánh nắng	31015	anhnang
áp phe	31014	apphe
âm tố	31013	amto
ây da	31012	ayda
êtanol	31011	etanol
ô tô buýt	31010	otobuyt
ô văng	31009	ovang
ông cụ	31008	ongcu
ún	31007	un
út nam	31006	utnam
ăn cơm	31005	ancom
ăn vã	31004	anva
Đa Đảo	31003	dadao
Đông Hồi	31002	donghoi
Đại Tống	31001	daitong
đại tạng kinh	31000	daitangkinh
Đạo Mẫu	30999	daomau
đa tiết	30998	datiet
đa tạng	30997	datang
đan viện	30996	danvien
đi bộ	30995	dibo
đi chơi	30994	dichoi
điện Kremli	30993	dienkremli
điện khí	30992	dienkhi
đài quyền đạo	30991	daiquyendao
đàn cò	30990	danco
đàn hạc	30989	danhac
đàn xếp	30988	danxep
đào lộn hột	30987	daolonhot
đáng khinh	30986	dangkhinh
đáng kiếp	30985	dangkiep
đáng sợ	30984	dangso
đáng tiếc	30983	dangtiec
đánh chữ	30982	danhchu
đía	30981	dia
đòm	30980	dom
đôi lúc	30979	doiluc
đạc điền	30978	dacdien
đại cục	30977	daicuc
đại ngu	30976	daingu
đại số học	30975	daisohoc
đạo Cơ Đốc	30974	daocodoc
đạo quân	30973	daoquan
đả nữ	30972	danu
đất đá	30971	datda
đậu xị	30970	dauxi
đế quốc Mỹ	30969	dequocmy
địa bạ	30968	diaba
địa hoá học	30967	diahoahoc
đồ lề	30966	dole
đồm độp	30965	domdop
đồn trú	30964	dontru
đồng hao	30963	donghao
đồng hồ cát	30962	donghocat
độc hành	30961	dochanh
động từ	30960	dongtu
đớt	30959	dot
ấn chuột	30958	anchuot
ấn chương	30957	anchuong
ịt	30956	it
ốp la	30955	opla
ồm	30954	om
ỷ y	30953	yy
