word	freq	romanized
ที่	49999	ที่
จะ	49998	จะ
เป็น	49997	เป็น
ไป	49996	ไป
ก็	49995	ก็
ไม่	49994	ไม่
มี	49993	มี
ได้	49992	ได้
ว่า	49991	ว่า
ให้	49990	ให้
มา	49989	มา
ของ	49988	ของ
ใน	49987	ใน
และ	49986	และ
ความ	49985	ความ
แล้ว	49984	แล้ว
การ	49983	การ
อยู่	49982	อยู่
คน	49981	คน
กัน	49980	กัน
แต่	49979	แต่
เขา	49978	เขา
นั้น	49977	นั้น
กับ	49976	กับ
นี้	49975	นี้
ขึ้น	49974	ขึ้น
ด้วย	49973	ด้วย
หรือ	49972	หรือ
จึง	49971	จึง
อย่าง	49970	อย่าง
เรา	49969	เรา
ต้อง	49968	ต้อง
ทำ	49967	ทำ
ฉัน	49966	ฉัน
คำ	49965	คำ
หนึ่ง	49964	หนึ่ง
เห็น	49963	เห็น
ผู้	49962	ผู้
เมื่อ	49961	เมื่อ
ใช้	49960	ใช้
จาก	49959	จาก
แม่	49958	แม่
ตัว	49957	ตัว
มัน	49956	มัน
ออก	49955	ออก
เข้า	49954	เข้า
ตาม	49953	ตาม
ดี	49952	ดี
ยัง	49951	ยัง
เรื่อง	49950	เรื่อง
พูด	49949	พูด
ไว้	49948	ไว้
มาก	49947	มาก
ลูก	49946	ลูก
อีก	49945	อีก
ถึง	49944	ถึง
เพราะ	49943	เพราะ
ท่าน	49942	ท่าน
ลง	49941	ลง
เสียง	49940	เสียง
ซึ่ง	49939	ซึ่ง
ดู	49938	ดู
รู้	49937	รู้
ถ้า	49936	ถ้า
ทั้ง	49935	ทั้ง
เอา	49934	เอา
พระ	49933	พระ
พ่อ	49932	พ่อ
คิด	49931	คิด
บ้าน	49930	บ้าน
อะไร	49929	อะไร
วัน	49928	วัน
ทาง	49927	ทาง
คือ	49926	คือ
หา	49925	หา
บอก	49924	บอก
ทุก	49923	ทุก
เวลา	49922	เวลา
อ่าน	49921	อ่าน
เช่น	49920	เช่น
สอง	49919	สอง
น้ำ	49918	น้ำ
เพื่อ	49917	เพื่อ
เลย	49916	เลย
กิน	49915	กิน
ภาษา	49914	ภาษา
ผม	49913	ผม
รับ	49912	รับ
จน	49911	จน
ช่วย	49910	ช่วย
เจ้า	49909	เจ้า
โดย	49908	โดย
เกิด	49907	เกิด
เสีย	49906	เสีย
หน้า	49905	หน้า
ทำให้	49904	ทำให้
กลับ	49903	กลับ
อาจ	49902	อาจ
กว่า	49901	กว่า
เหมือน	49900	เหมือน
ฟัง	49899	ฟัง
ข้าพเจ้า	49898	ข้าพเจ้า
พอ	49897	พอ
แก่	49896	แก่
เธอ	49895	เธอ
ไทย	49894	ไทย
คง	49893	คง
เดิน	49892	เดิน
เด็ก	49891	เด็ก
อัน	49890	อัน
ใคร	49889	ใคร
เคย	49888	เคย
บ้าง	49887	บ้าง
งาน	49886	งาน
นำ	49885	นำ
เมือง	49884	เมือง
ใจ	49883	ใจ
ถาม	49882	ถาม
ควร	49881	ควร
บาง	49880	บาง
ทรง	49879	ทรง
ครั้ง	49878	ครั้ง
ใด	49877	ใด
พวก	49876	พวก
ใหญ่	49875	ใหญ่
ขอ	49874	ขอ
แสดง	49873	แสดง
หลาย	49872	หลาย
ต่างๆ	49871	ต่างๆ
สี	49870	สี
ถูก	49869	ถูก
ก่อน	49868	ก่อน
กำลัง	49867	กำลัง
สิ่ง	49866	สิ่ง
หนังสือ	49865	หนังสือ
พา	49864	พา
เขียน	49863	เขียน
ส่วน	49862	ส่วน
เล่า	49861	เล่า
ต่อ	49860	ต่อ
อื่น	49859	อื่น
ตน	49858	ตน
นั่ง	49857	นั่ง
บน	49856	บน
นี่	49855	นี่
เอง	49854	เอง
กล่าว	49853	กล่าว
อาหาร	49852	อาหาร
รู้สึก	49851	รู้สึก
รัก	49850	รัก
นก	49849	นก
นะ	49848	นะ
เล่น	49847	เล่น
เรียน	49846	เรียน
อย่างไร	49845	อย่างไร
ตอบ	49844	ตอบ
ชอบ	49843	ชอบ
อยาก	49842	อยาก
นักเรียน	49841	นักเรียน
ร้อง	49840	ร้อง
น่า	49839	น่า
ต่อไป	49838	ต่อไป
นัก	49837	นัก
ชื่อ	49836	ชื่อ
แห่ง	49835	แห่ง
จริง	49834	จริง
ชีวิต	49833	ชีวิต
น้อย	49832	น้อย
สามารถ	49831	สามารถ
เข้าใจ	49830	เข้าใจ
อย่า	49829	อย่า
ตา	49828	ตา
ข้า	49827	ข้า
ต้น	49826	ต้น
ปี	49825	ปี
เรือ	49824	เรือ
เดียว	49823	เดียว
แก	49822	แก
สัตว์	49821	สัตว์
ต่าง	49820	ต่าง
คุณ	49819	คุณ
ป่า	49818	ป่า
ยิ่ง	49817	ยิ่ง
นาย	49816	นาย
ตาย	49815	ตาย
สำคัญ	49814	สำคัญ
เพื่อน	49813	เพื่อน
ละ	49812	ละ
วิ่ง	49811	วิ่ง
ดัง	49810	ดัง
โรงเรียน	49809	โรงเรียน
พบ	49808	พบ
หลัง	49807	หลัง
มนุษย์	49806	มนุษย์
ไม้	49805	ไม้
นอน	49804	นอน
ประโยค	49803	ประโยค
เงิน	49802	เงิน
มอง	49801	มอง
เรียก	49800	เรียก
ตั้ง	49799	ตั้ง
สาม	49798	สาม
ยก	49797	ยก
สัก	49796	สัก
ส่ง	49795	ส่ง
ใช่	49794	ใช่
ทราบ	49793	ทราบ
หล่อน	49792	หล่อน
รู้จัก	49791	รู้จัก
ตรง	49790	ตรง
ครู	49789	ครู
จับ	49788	จับ
หมด	49787	หมด
นาง	49786	นาง
หนู	49785	หนู
พี่	49784	พี่
ความหมาย	49783	ความหมาย
ครับ	49782	ครับ
บท	49781	บท
สำหรับ	49780	สำหรับ
ไหน	49779	ไหน
เพียง	49778	เพียง
ตอน	49777	ตอน
รถ	49776	รถ
มือ	49775	มือ
ไหม	49774	ไหม
ประโยชน์	49773	ประโยชน์
ใหม่	49772	ใหม่
เท่านั้น	49771	เท่านั้น
ได้ยิน	49770	ได้ยิน
ชาย	49769	ชาย
รีบ	49768	รีบ
ต้องการ	49767	ต้องการ
ยืน	49766	ยืน
ผล	49765	ผล
ฝ่าย	49764	ฝ่าย
มัก	49763	มัก
ตัวอย่าง	49762	ตัวอย่าง
ห้อง	49761	ห้อง
ทหาร	49760	ทหาร
เลี้ยง	49759	เลี้ยง
ผิด	49758	ผิด
ปลา	49757	ปลา
ใส่	49756	ใส่
ข้าง	49755	ข้าง
นาน	49754	นาน
ขาย	49753	ขาย
ชนิด	49752	ชนิด
ที่สุด	49751	ที่สุด
ข้าว	49750	ข้าว
สอน	49749	สอน
ทำไม	49748	ทำไม
ซื้อ	49747	ซื้อ
สุข	49746	สุข
แม้	49745	แม้
สูง	49744	สูง
หนี	49743	หนี
เก็บ	49742	เก็บ
เสมอ	49741	เสมอ
กลัว	49740	กลัว
โลก	49739	โลก
รูป	49738	รูป
มิได้	49737	มิได้
พระองค์	49736	พระองค์
ชั้น	49735	ชั้น
คอย	49734	คอย
น้อง	49733	น้อง
บุคคล	49732	บุคคล
เที่ยว	49731	เที่ยว
ตลอด	49730	ตลอด
แรก	49729	แรก
คืน	49728	คืน
ศึกษา	49727	ศึกษา
ต้นไม้	49726	ต้นไม้
อื่นๆ	49725	อื่นๆ
ทั้งหลาย	49724	ทั้งหลาย
วัด	49723	วัด
ชาว	49722	ชาว
ย่อม	49721	ย่อม
ติด	49720	ติด
จัด	49719	จัด
ตั้งแต่	49718	ตั้งแต่
ตก	49717	ตก
จง	49716	จง
แล	49715	แล
พยายาม	49714	พยายาม
เหตุ	49713	เหตุ
นึก	49712	นึก
ลักษณะ	49711	ลักษณะ
เล็ก	49710	เล็ก
ช้าง	49709	ช้าง
หมา	49708	หมา
จำ	49707	จำ
ดอก	49706	ดอก
ราช	49705	ราช
ล่ะ	49704	ล่ะ
คุณแม่	49703	คุณแม่
วิธี	49702	วิธี
เช้า	49701	เช้า
ด้าน	49700	ด้าน
ที	49699	ที
ถือ	49698	ถือ
ผ่าน	49697	ผ่าน
สร้าง	49696	สร้าง
ใบ	49695	ใบ
เชื่อ	49694	เชื่อ
หาย	49693	หาย
ข้อ	49692	ข้อ
ครั้น	49691	ครั้น
ระหว่าง	49690	ระหว่าง
เลือก	49689	เลือก
ร่วม	49688	ร่วม
ใกล้	49687	ใกล้
หน้าที่	49686	หน้าที่
คะ	49685	คะ
เรียกว่า	49684	เรียกว่า
ยอม	49683	ยอม
เป็นต้น	49682	เป็นต้น
นา	49681	นา
ม้า	49680	ม้า
หัว	49679	หัว
เดิม	49678	เดิม
ประเทศ	49677	ประเทศ
อาศัย	49676	อาศัย
หญิง	49675	หญิง
หยุด	49674	หยุด
ยาย	49673	ยาย
ตี	49672	ตี
ปาก	49671	ปาก
เดียวกัน	49670	เดียวกัน
ดังนี้	49669	ดังนี้
โอกาส	49668	โอกาส
นั่น	49667	นั่น
น่ะ	49666	น่ะ
ยาว	49665	ยาว
รักษา	49664	รักษา
ผู้ใหญ่	49663	ผู้ใหญ่
แบบ	49662	แบบ
ปลูก	49661	ปลูก
แต่ง	49660	แต่ง
หัวเราะ	49659	หัวเราะ
วันนี้	49658	วันนี้
เด็กๆ	49657	เด็กๆ
วาง	49656	วาง
สาร	49655	สาร
บิน	49654	บิน
เครื่อง	49653	เครื่อง
ปรากฏ	49652	ปรากฏ
ผ้า	49651	ผ้า
ค่ะ	49650	ค่ะ
ใต้	49649	ใต้
พร้อม	49648	พร้อม
กลุ่ม	49647	กลุ่ม
ฝน	49646	ฝน
เช่นนี้	49645	เช่นนี้
พลาง	49644	พลาง
เดือน	49643	เดือน
โต	49642	โต
เริ่ม	49641	เริ่ม
หรอก	49640	หรอก
สั่ง	49639	สั่ง
นิทาน	49638	นิทาน
ดิน	49637	ดิน
เล็กๆ	49636	เล็กๆ
ประการ	49635	ประการ
ดังนั้น	49634	ดังนั้น
จริงๆ	49633	จริงๆ
สังเกต	49632	สังเกต
เสร็จ	49631	เสร็จ
ประตู	49630	ประตู
อายุ	49629	อายุ
แรง	49628	แรง
เกี่ยวกับ	49627	เกี่ยวกับ
ชาติ	49626	ชาติ
สนใจ	49625	สนใจ
พิจารณา	49624	พิจารณา
ประชุม	49623	ประชุม
เย็น	49622	เย็น
งาม	49621	งาม
สาว	49620	สาว
ฆ่า	49619	ฆ่า
ร้อน	49618	ร้อน
ไกล	49617	ไกล
เหตุผล	49616	เหตุผล
รวม	49615	รวม
นาม	49614	นาม
สมัย	49613	สมัย
ตนเอง	49612	ตนเอง
ยา	49611	ยา
ทัน	49610	ทัน
แต่ละ	49609	แต่ละ
สวน	49608	สวน
กลาง	49607	กลาง
ร้าน	49606	ร้าน
หาก	49605	หาก
เดินทาง	49604	เดินทาง
สื่อสาร	49603	สื่อสาร
สระ	49602	สระ
ตัด	49601	ตัด
ยิ้ม	49600	ยิ้ม
อาจารย์	49599	อาจารย์
สู่	49598	สู่
เหล่านี้	49597	เหล่านี้
ลุก	49596	ลุก
ซี	49595	ซี
ชวน	49594	ชวน
หลัก	49593	หลัก
วิชา	49592	วิชา
ทัพ	49591	ทัพ
เกิน	49590	เกิน
เช่นนั้น	49589	เช่นนั้น
พวกเรา	49588	พวกเรา
จำเป็น	49587	จำเป็น
แทน	49586	แทน
เถิด	49585	เถิด
ขาว	49584	ขาว
ทันที	49583	ทันที
ทิ้ง	49582	ทิ้ง
ยาก	49581	ยาก
เพลง	49580	เพลง
ไก่	49579	ไก่
เต็ม	49578	เต็ม
เจ้าของ	49577	เจ้าของ
ขน	49576	ขน
เสด็จ	49575	เสด็จ
หัน	49574	หัน
ไฟ	49573	ไฟ
ปัญหา	49572	ปัญหา
สิบ	49571	สิบ
มิ	49570	มิ
จบ	49569	จบ
หญ้า	49568	หญ้า
หลับ	49567	หลับ
คราว	49566	คราว
ข้อความ	49565	ข้อความ
แน่	49564	แน่
ประจำ	49563	ประจำ
เปิด	49562	เปิด
ต่อมา	49561	ต่อมา
บิดา	49560	บิดา
รอ	49559	รอ
ประเภท	49558	ประเภท
เปลี่ยน	49557	เปลี่ยน
จำนวน	49556	จำนวน
สี่	49555	สี่
เร็ว	49554	เร็ว
ขาด	49553	ขาด
ชม	49552	ชม
ซิ	49551	ซิ
ปล่อย	49550	ปล่อย
กระทำ	49549	กระทำ
ทะเล	49548	ทะเล
ทีเดียว	49547	ทีเดียว
ช่าง	49546	ช่าง
นอกจาก	49545	นอกจาก
สบาย	49544	สบาย
หมายถึง	49543	หมายถึง
เถอะ	49542	เถอะ
วัว	49541	วัว
เรือน	49540	เรือน
พ่อแม่	49539	พ่อแม่
ภาพ	49538	ภาพ
เท่า	49537	เท่า
ขา	49536	ขา
เสือ	49535	เสือ
ลุง	49534	ลุง
วรรค	49533	วรรค
องค์	49532	องค์
กอง	49531	กอง
ดำ	49530	ดำ
มารดา	49529	มารดา
จดหมาย	49528	จดหมาย
ประกอบ	49527	ประกอบ
ตั้งใจ	49526	ตั้งใจ
ตัวเอง	49525	ตัวเอง
สู้	49524	สู้
บางที	49523	บางที
ถ้อยคำ	49522	ถ้อยคำ
ณ	49521	ณ
พัก	49520	พัก
พอใจ	49519	พอใจ
ดีใจ	49518	ดีใจ
นิยม	49517	นิยม
ผู้หญิง	49516	ผู้หญิง
เหลือ	49515	เหลือ
ครอบครัว	49514	ครอบครัว
ถูกต้อง	49513	ถูกต้อง
ช้า	49512	ช้า
ลา	49511	ลา
แดง	49510	แดง
ค่า	49509	ค่า
เนื้อ	49508	เนื้อ
บุตร	49507	บุตร
เกาะ	49506	เกาะ
โกรธ	49505	โกรธ
สังคม	49504	สังคม
ง่าย	49503	ง่าย
หมู่บ้าน	49502	หมู่บ้าน
พยัญชนะ	49501	พยัญชนะ
ลม	49500	ลม
สวัสดี	49500	สวัสดี
สนุก	49499	สนุก
เท้า	49498	เท้า
ดอกไม้	49497	ดอกไม้
ชาวบ้าน	49496	ชาวบ้าน
ทอง	49495	ทอง
เจริญ	49494	เจริญ
เหล่านั้น	49493	เหล่านั้น
สงสัย	49492	สงสัย
ไล่	49491	ไล่
อธิบาย	49490	อธิบาย
สาย	49489	สาย
เพื่อนๆ	49488	เพื่อนๆ
กำหนด	49487	กำหนด
ปฏิบัติ	49486	ปฏิบัติ
นอก	49485	นอก
ตกใจ	49484	ตกใจ
กลิ่น	49483	กลิ่น
ธรรมชาติ	49482	ธรรมชาติ
ทุกข์	49481	ทุกข์
ขณะที่	49480	ขณะที่
ขนาด	49479	ขนาด
เฉพาะ	49478	เฉพาะ
เชิญ	49477	เชิญ
สม	49476	สม
เหตุการณ์	49475	เหตุการณ์
ผัก	49474	ผัก
ลืม	49473	ลืม
หยิบ	49472	หยิบ
แม่น้ำ	49471	แม่น้ำ
กรุง	49470	กรุง
งู	49469	งู
หมาป่า	49468	หมาป่า
ชี้	49467	ชี้
ชั่ว	49466	ชั่ว
ตื่น	49465	ตื่น
ยิง	49464	ยิง
เสื้อ	49463	เสื้อ
แบ่ง	49462	แบ่ง
ระดับ	49461	ระดับ
รับประทาน	49460	รับประทาน
สิ้น	49459	สิ้น
หลาน	49458	หลาน
กล้า	49457	กล้า
ฝูง	49456	ฝูง
ลำ	49455	ลำ
วรรณคดี	49454	วรรณคดี
ทั่ว	49453	ทั่ว
เกือบ	49452	เกือบ
เปล่า	49451	เปล่า
เหนือ	49450	เหนือ
ขนม	49449	ขนม
จ๊ะ	49448	จ๊ะ
สำเร็จ	49447	สำเร็จ
หนัก	49446	หนัก
ถนน	49445	ถนน
ประมาณ	49444	ประมาณ
พ้น	49443	พ้น
สวย	49442	สวย
คู่	49441	คู่
คุณพ่อ	49440	คุณพ่อ
รอบ	49439	รอบ
นิ่ง	49438	นิ่ง
ปัจจุบัน	49437	ปัจจุบัน
ขยาย	49436	ขยาย
บริเวณ	49435	บริเวณ
กลาย	49434	กลาย
ห้า	49433	ห้า
มากมาย	49432	มากมาย
ถวาย	49431	ถวาย
บาท	49430	บาท
ไหล	49429	ไหล
นับ	49428	นับ
อาการ	49427	อาการ
หน่อย	49426	หน่อย
อ้าย	49425	อ้าย
ที่ไหน	49424	ที่ไหน
ผู้ฟัง	49423	ผู้ฟัง
กัด	49422	กัด
แหละ	49421	แหละ
ตรัส	49420	ตรัส
แก้	49419	แก้
ทั้งปวง	49418	ทั้งปวง
จนถึง	49417	จนถึง
กริยา	49416	กริยา
เฝ้า	49415	เฝ้า
ยาม	49414	ยาม
ลอง	49413	ลอง
อา	49412	อา
หมู่	49411	หมู่
ชัดเจน	49410	ชัดเจน
ร้อย	49409	ร้อย
อ่อน	49408	อ่อน
บัดนี้	49407	บัดนี้
ปิด	49406	ปิด
หวัง	49405	หวัง
เรื่องราว	49404	เรื่องราว
แมว	49403	แมว
อากาศ	49402	อากาศ
เก่ง	49401	เก่ง
พื้น	49400	พื้น
โรง	49399	โรง
พม่า	49398	พม่า
มหา	49397	มหา
สะอาด	49396	สะอาด
เก่า	49395	เก่า
เรียบร้อย	49394	เรียบร้อย
รบ	49393	รบ
ไข่	49392	ไข่
เลิก	49391	เลิก
กระโดด	49390	กระโดด
ลำดับ	49389	ลำดับ
ปลาย	49388	ปลาย
แก้ว	49387	แก้ว
โปรด	49386	โปรด
ประพันธ์	49385	ประพันธ์
ภาค	49384	ภาค
คอ	49383	คอ
จ้ะ	49382	จ้ะ
หนุ่ม	49381	หนุ่ม
ผูก	49380	ผูก
ซ้ำ	49379	ซ้ำ
ละคร	49378	ละคร
แทบ	49377	แทบ
ทั่วไป	49376	ทั่วไป
อารมณ์	49375	อารมณ์
โต๊ะ	49374	โต๊ะ
ภรรยา	49373	ภรรยา
ทูล	49372	ทูล
สำนวน	49371	สำนวน
หมอ	49370	หมอ
กา	49369	กา
ริม	49368	ริม
อันตราย	49367	อันตราย
ปลาวาฬ	49366	ปลาวาฬ
เตรียม	49365	เตรียม
เล่ม	49364	เล่ม
หู	49363	หู
แจ้ง	49362	แจ้ง
กระต่าย	49361	กระต่าย
กลับบ้าน	49360	กลับบ้าน
ยินดี	49359	ยินดี
ค่ำ	49358	ค่ำ
วันที่	49357	วันที่
ร้าย	49356	ร้าย
ข่าว	49355	ข่าว
โทษ	49354	โทษ
ได้แก่	49353	ได้แก่
ธรรม	49352	ธรรม
หลวง	49351	หลวง
ปัญญา	49350	ปัญญา
เพิ่ม	49349	เพิ่ม
ทั้งหมด	49348	ทั้งหมด
พยางค์	49347	พยางค์
พิเศษ	49346	พิเศษ
ไร่	49345	ไร่
คัน	49344	คัน
จีน	49343	จีน
ร้องไห้	49342	ร้องไห้
ท่า	49341	ท่า
เมีย	49340	เมีย
จังหวัด	49339	จังหวัด
ลอย	49338	ลอย
เอ๋ย	49337	เอ๋ย
ย่า	49336	ย่า
คุย	49335	คุย
บ้านเมือง	49334	บ้านเมือง
ประธาน	49333	ประธาน
ท่าทาง	49332	ท่าทาง
ธรรมดา	49331	ธรรมดา
ชน	49330	ชน
ผู้เขียน	49329	ผู้เขียน
เสนอ	49328	เสนอ
รัง	49327	รัง
ท้าย	49326	ท้าย
แตก	49325	แตก
ขับ	49324	ขับ
มิใช่	49323	มิใช่
ยอด	49322	ยอด
คำพูด	49321	คำพูด
ประ	49320	ประ
ประกาศ	49319	ประกาศ
สถานที่	49318	สถานที่
พัฒนา	49317	พัฒนา
ปกติ	49316	ปกติ
ศีรษะ	49315	ศีรษะ
คล้าย	49314	คล้าย
สนทนา	49313	สนทนา
เหมาะสม	49312	เหมาะสม
ท้อง	49311	ท้อง
เสียก่อน	49310	เสียก่อน
ดูแล	49309	ดูแล
เอย	49308	เอย
ศรี	49307	ศรี
หอม	49306	หอม
ฝั่ง	49305	ฝั่ง
ฟ้า	49304	ฟ้า
เรียง	49303	เรียง
ไม่ค่อย	49302	ไม่ค่อย
ราคา	49301	ราคา
ก็ตาม	49300	ก็ตาม
กี่	49299	กี่
นั้นๆ	49298	นั้นๆ
ก็ดี	49297	ก็ดี
ฟัน	49296	ฟัน
พอดี	49295	พอดี
สมเด็จ	49294	สมเด็จ
แนะนำ	49293	แนะนำ
สุด	49292	สุด
เกวียน	49291	เกวียน
แปลก	49290	แปลก
พระเจ้า	49289	พระเจ้า
แปล	49288	แปล
ไหว้	49287	ไหว้
ค่อย	49286	ค่อย
ต่อสู้	49285	ต่อสู้
ในที่สุด	49284	ในที่สุด
นิสัย	49283	นิสัย
บันทึก	49282	บันทึก
เล็กน้อย	49281	เล็กน้อย
หาง	49280	หาง
ฝาก	49279	ฝาก
แห้ง	49278	แห้ง
กระดาษ	49277	กระดาษ
เหนื่อย	49276	เหนื่อย
ตกลง	49275	ตกลง
ช่วยเหลือ	49274	ช่วยเหลือ
ลำบาก	49273	ลำบาก
เคารพ	49272	เคารพ
ภายใน	49271	ภายใน
แสน	49270	แสน
คุณย่า	49269	คุณย่า
แยก	49268	แยก
เมืองไทย	49267	เมืองไทย
กู	49266	กู
คิดเห็น	49265	คิดเห็น
สื่อ	49264	สื่อ
สงสาร	49263	สงสาร
หมู	49262	หมู
อังกฤษ	49261	อังกฤษ
ก๋ง	49260	ก๋ง
คิดถึง	49259	คิดถึง
คุณครู	49258	คุณครู
ดื่ม	49257	ดื่ม
ราชการ	49256	ราชการ
บังคับ	49255	บังคับ
หิน	49254	หิน
คุณค่า	49253	คุณค่า
ทน	49252	ทน
ดิฉัน	49251	ดิฉัน
เขียว	49250	เขียว
ครัว	49249	ครัว
ฉลาด	49248	ฉลาด
อำนาจ	49247	อำนาจ
แถว	49246	แถว
กล่าวถึง	49245	กล่าวถึง
กลอน	49244	กลอน
เหลือเกิน	49243	เหลือเกิน
คุณปู่	49242	คุณปู่
ระวัง	49241	ระวัง
กะ	49240	กะ
ข้าม	49239	ข้าม
เพิ่ง	49238	เพิ่ง
วิธีการ	49237	วิธีการ
วรรณยุกต์	49236	วรรณยุกต์
กษัตริย์	49235	กษัตริย์
คณะ	49234	คณะ
นั่นเอง	49233	นั่นเอง
กรรม	49232	กรรม
กลางคืน	49231	กลางคืน
โบราณ	49230	โบราณ
แต่งตัว	49229	แต่งตัว
ค่อยๆ	49228	ค่อยๆ
จิต	49227	จิต
ตลาด	49226	ตลาด
ประสงค์	49225	ประสงค์
ดำเนิน	49224	ดำเนิน
ระยะ	49223	ระยะ
ขอรับ	49222	ขอรับ
อักษร	49221	อักษร
ใกล้ๆ	49220	ใกล้ๆ
ล้วน	49219	ล้วน
ฤดู	49218	ฤดู
โรค	49217	โรค
ถิ่น	49216	ถิ่น
พี่น้อง	49215	พี่น้อง
สุดท้าย	49214	สุดท้าย
กุมาร	49213	กุมาร
ยังไง	49212	ยังไง
กล้วย	49211	กล้วย
ฝีมือ	49210	ฝีมือ
ผี	49209	ผี
รุ่ง	49208	รุ่ง
เอ็ง	49207	เอ็ง
แผ่นดิน	49206	แผ่นดิน
ผู้นั้น	49205	ผู้นั้น
แล่น	49204	แล่น
แสง	49203	แสง
บ่น	49202	บ่น
ป้า	49201	ป้า
ขอบคุณ	49200	ขอบคุณ
สวม	49200	สวม
เชิง	49199	เชิง
กาย	49198	กาย
ตัก	49197	ตัก
จุด	49196	จุด
ปู่	49195	ปู่
ผู้ชาย	49194	ผู้ชาย
รูปร่าง	49193	รูปร่าง
สิ	49192	สิ
เชือก	49191	เชือก
สะดวก	49190	สะดวก
จิตใจ	49189	จิตใจ
เนื้อหา	49188	เนื้อหา
แท้	49187	แท้
ทั้งนี้	49186	ทั้งนี้
เกรง	49185	เกรง
กลางวัน	49184	กลางวัน
แขน	49183	แขน
ฉะนั้น	49182	ฉะนั้น
ต่ำ	49181	ต่ำ
พระทัย	49180	พระทัย
พืช	49179	พืช
ญาติ	49178	ญาติ
ตำแหน่ง	49177	ตำแหน่ง
บาลี	49176	บาลี
ลาน	49175	ลาน
หนัง	49174	หนัง
พัด	49173	พัด
ศัพท์	49172	ศัพท์
ห้าม	49171	ห้าม
กิริยา	49170	กิริยา
ขี่	49169	ขี่
พัน	49168	พัน
หอย	49167	หอย
ภัย	49166	ภัย
สนิท	49165	สนิท
คำถาม	49164	คำถาม
ฐานะ	49163	ฐานะ
สงคราม	49162	สงคราม
สืบ	49161	สืบ
ศาสนา	49160	ศาสนา
เดี๋ยวนี้	49159	เดี๋ยวนี้
เป็นอันมาก	49158	เป็นอันมาก
ไพเราะ	49157	ไพเราะ
ตื่นเต้น	49156	ตื่นเต้น
ทั้งนั้น	49155	ทั้งนั้น
ลิง	49154	ลิง
เส้น	49153	เส้น
โคลง	49152	โคลง
โดยเฉพาะ	49151	โดยเฉพาะ
หัวหน้า	49150	หัวหน้า
อก	49149	อก
เอ่ย	49148	เอ่ย
เสียใจ	49147	เสียใจ
แตกต่าง	49146	แตกต่าง
ยักษ์	49145	ยักษ์
ระเบียบ	49144	ระเบียบ
ดวง	49143	ดวง
ทรรศนะ	49142	ทรรศนะ
อนุญาต	49141	อนุญาต
อด	49140	อด
วัฒนธรรม	49139	วัฒนธรรม
ข้อมูล	49138	ข้อมูล
สินค้า	49137	สินค้า
ประเพณี	49136	ประเพณี
ล้ม	49135	ล้ม
ก้ม	49134	ก้ม
หัก	49133	หัก
เปลี่ยนแปลง	49132	เปลี่ยนแปลง
แน่นอน	49131	แน่นอน
กราบ	49130	กราบ
หิว	49129	หิว
พร้อมกับ	49128	พร้อมกับ
วัย	49127	วัย
สั้น	49126	สั้น
สุภาพ	49125	สุภาพ
ครึ่ง	49124	ครึ่ง
ชาวนา	49123	ชาวนา
ป้องกัน	49122	ป้องกัน
สรรพนาม	49121	สรรพนาม
สรุป	49120	สรุป
ผู้คน	49119	ผู้คน
สงบ	49118	สงบ
ข้างหน้า	49117	ข้างหน้า
ติดต่อ	49116	ติดต่อ
ร่างกาย	49115	ร่างกาย
เหมือนกับ	49114	เหมือนกับ
ทิศ	49113	ทิศ
นคร	49112	นคร
ห่าง	49111	ห่าง
ตำบล	49110	ตำบล
เหมาะ	49109	เหมาะ
แผ่น	49108	แผ่น
ไร	49107	ไร
สายตา	49106	สายตา
เจ็บ	49105	เจ็บ
ราวกับ	49104	ราวกับ
ห่อ	49103	ห่อ
เดี๋ยว	49102	เดี๋ยว
หก	49101	หก
เบาๆ	49100	เบาๆ
จนกระทั่ง	49099	จนกระทั่ง
ทราย	49098	ทราย
หัวใจ	49097	หัวใจ
อาทิตย์	49096	อาทิตย์
ทำลาย	49095	ทำลาย
หมายความ	49094	หมายความ
นับถือ	49093	นับถือ
บ่อยๆ	49092	บ่อยๆ
ย่อ	49091	ย่อ
หากิน	49090	หากิน
เลือด	49089	เลือด
กวาง	49088	กวาง
ทุ่ง	49087	ทุ่ง
บูชา	49086	บูชา
ล้าง	49085	ล้าง
สันสกฤต	49084	สันสกฤต
บุญ	49083	บุญ
ร่าง	49082	ร่าง
ชัก	49081	ชัก
รวดเร็ว	49080	รวดเร็ว
สมควร	49079	สมควร
สัญญา	49078	สัญญา
ขณะ	49077	ขณะ
ภายหลัง	49076	ภายหลัง
ประชาชน	49075	ประชาชน
ประเด็น	49074	ประเด็น
หนาว	49073	หนาว
กระเป๋า	49072	กระเป๋า
ปรารถนา	49071	ปรารถนา
นม	49070	นม
กิ่ง	49069	กิ่ง
ผลไม้	49068	ผลไม้
หลังจาก	49067	หลังจาก
ปืน	49066	ปืน
เพราะฉะนั้น	49065	เพราะฉะนั้น
ไอ้	49064	ไอ้
ทำเป็น	49063	ทำเป็น
จด	49062	จด
พิธี	49061	พิธี
แดด	49060	แดด
ครู่	49059	ครู่
ตัวละคร	49058	ตัวละคร
กรุณา	49057	กรุณา
ลูกชาย	49056	ลูกชาย
วิเศษ	49055	วิเศษ
กว้าง	49054	กว้าง
สัมผัส	49053	สัมผัส
เมตตา	49052	เมตตา
ศัตรู	49051	ศัตรู
สนุกสนาน	49050	สนุกสนาน
แข็งแรง	49049	แข็งแรง
ลด	49048	ลด
วง	49047	วง
หลง	49046	หลง
กราบทูล	49045	กราบทูล
ต่อไปนี้	49044	ต่อไปนี้
ประพฤติ	49043	ประพฤติ
เอก	49042	เอก
ฉบับ	49041	ฉบับ
ถือว่า	49040	ถือว่า
นึกถึง	49039	นึกถึง
สามี	49038	สามี
อภิปราย	49037	อภิปราย
สภาพ	49036	สภาพ
ไผ่	49035	ไผ่
รส	49034	รส
ใครๆ	49033	ใครๆ
ขัน	49032	ขัน
นอกจากนี้	49031	นอกจากนี้
แต่ก่อน	49030	แต่ก่อน
ฝึก	49029	ฝึก
แน่น	49028	แน่น
โจร	49027	โจร
ครู่หนึ่ง	49026	ครู่หนึ่ง
นิ้ว	49025	นิ้ว
ไหว	49024	ไหว
หน้าตา	49023	หน้าตา
เดือดร้อน	49022	เดือดร้อน
พระยา	49021	พระยา
รายงาน	49020	รายงาน
รวมทั้ง	49019	รวมทั้ง
กิจกรรม	49018	กิจกรรม
ดูเหมือน	49017	ดูเหมือน
ตะโกน	49016	ตะโกน
สวยงาม	49015	สวยงาม
ดึง	49014	ดึง
บรรดา	49013	บรรดา
หมาย	49012	หมาย
เยี่ยม	49011	เยี่ยม
ครบ	49010	ครบ
มองเห็น	49009	มองเห็น
ทรัพย์	49008	ทรัพย์
ขุด	49007	ขุด
ทั้งสิ้น	49006	ทั้งสิ้น
ประสม	49005	ประสม
ยอมรับ	49004	ยอมรับ
อาชีพ	49003	อาชีพ
ก้อน	49002	ก้อน
กองทัพ	49001	กองทัพ
ขอโทษ	49000	ขอโทษ
ช่วง	49000	ช่วง
ติดตาม	48999	ติดตาม
รถไฟ	48998	รถไฟ
แก้ไข	48997	แก้ไข
พันธุ์	48996	พันธุ์
เจ็ด	48995	เจ็ด
ค่าย	48994	ค่าย
ลูกสาว	48993	ลูกสาว
จัก	48992	จัก
รอย	48991	รอย
แกะ	48990	แกะ
ซ้อน	48989	ซ้อน
น้ำตา	48988	น้ำตา
อาบน้ำ	48987	อาบน้ำ
เทวดา	48986	เทวดา
คุณยาย	48985	คุณยาย
พ่อค้า	48984	พ่อค้า
ระ	48983	ระ
ถุง	48982	ถุง
พรุ่งนี้	48981	พรุ่งนี้
ชัด	48980	ชัด
รำ	48979	รำ
วิเคราะห์	48978	วิเคราะห์
ตอนนี้	48977	ตอนนี้
พูดจา	48976	พูดจา
เหลือง	48975	เหลือง
ถ้ำ	48974	ถ้ำ
บ่าย	48973	บ่าย
ปู	48972	ปู
แมลง	48971	แมลง
ชุด	48970	ชุด
เงียบ	48969	เงียบ
คำสั่ง	48968	คำสั่ง
โขลง	48967	โขลง
ต่างประเทศ	48965	ต่างประเทศ
มิให้	48964	มิให้
วาจา	48963	วาจา
ห่วง	48962	ห่วง
เตือน	48961	เตือน
กวี	48960	กวี
ล่า	48959	ล่า
เปลือก	48958	เปลือก
ธุระ	48957	ธุระ
บันได	48956	บันได
มืด	48955	มืด
สมบัติ	48954	สมบัติ
เจดีย์	48953	เจดีย์
เสื้อผ้า	48952	เสื้อผ้า
แม้แต่	48951	แม้แต่
พึง	48950	พึง
พื้นดิน	48949	พื้นดิน
ร้องเพลง	48948	ร้องเพลง
แอบ	48947	แอบ
ขณะนั้น	48946	ขณะนั้น
ราว	48945	ราว
โน้น	48944	โน้น
เศษ	48943	เศษ
รา	48942	รา
ศิษย์	48941	ศิษย์
เป็นไร	48940	เป็นไร
เรียนรู้	48939	เรียนรู้
แพะ	48938	แพะ
ตำรวจ	48937	ตำรวจ
ประกอบด้วย	48936	ประกอบด้วย
รางวัล	48935	รางวัล
สนาม	48934	สนาม
ขยัน	48933	ขยัน
หลบ	48932	หลบ
คนเรา	48931	คนเรา
สำนัก	48930	สำนัก
สีหน้า	48929	สีหน้า
เกลียด	48928	เกลียด
แข่งขัน	48927	แข่งขัน
รั้ว	48926	รั้ว
ใบไม้	48925	ใบไม้
ภูเขา	48924	ภูเขา
หัด	48923	หัด
เรื่อยๆ	48922	เรื่อยๆ
งดงาม	48921	งดงาม
ดุ	48920	ดุ
รับสั่ง	48919	รับสั่ง
ลับ	48918	ลับ
ลึก	48917	ลึก
ส่วนตัว	48916	ส่วนตัว
ขวา	48915	ขวา
คำตอบ	48914	คำตอบ
แคว้น	48912	แคว้น
แพ้	48911	แพ้
ข้างต้น	48910	ข้างต้น
ซ้าย	48909	ซ้าย
ทำนอง	48908	ทำนอง
มึง	48907	มึง
ใส	48906	ใส
บ่อ	48905	บ่อ
ฝัน	48904	ฝัน
พระราชา	48903	พระราชา
พี่ชาย	48902	พี่ชาย
ศิลปะ	48901	ศิลปะ
คลอง	48900	คลอง
จมูก	48899	จมูก
ธนู	48898	ธนู
ว่าง	48897	ว่าง
สว่าง	48896	สว่าง
สิ่งของ	48895	สิ่งของ
อย่างยิ่ง	48894	อย่างยิ่ง
อำเภอ	48893	อำเภอ
เออ	48892	เออ
ศพ	48891	ศพ
เป็นอัน	48890	เป็นอัน
ซ่อน	48889	ซ่อน
น่ารัก	48888	น่ารัก
หนา	48887	หนา
ร่ม	48886	ร่ม
สุนัข	48885	สุนัข
เห็นด้วย	48884	เห็นด้วย
แท้จริง	48883	แท้จริง
กรณี	48882	กรณี
สั่น	48881	สั่น
ส่งเสียง	48880	ส่งเสียง
ส่อง	48879	ส่อง
หน้าต่าง	48878	หน้าต่าง
กอด	48877	กอด
รด	48876	รด
พระบรม	48875	พระบรม
ง่ายๆ	48874	ง่ายๆ
ตัวสะกด	48873	ตัวสะกด
ประสบการณ์	48872	ประสบการณ์
ฝรั่ง	48871	ฝรั่ง
ส่วนใหญ่	48870	ส่วนใหญ่
เว้น	48869	เว้น
เสา	48868	เสา
ดูก่อน	48867	ดูก่อน
หม้อ	48866	หม้อ
อุ้ม	48865	อุ้ม
เครื่องหมาย	48864	เครื่องหมาย
กระไร	48863	กระไร
ทุกๆ	48862	ทุกๆ
ปีก	48861	ปีก
โต้แย้ง	48860	โต้แย้ง
มอบ	48859	มอบ
สมุด	48858	สมุด
สอบ	48857	สอบ
ชั่วโมง	48856	ชั่วโมง
มั่นคง	48855	มั่นคง
เผา	48854	เผา
มิตร	48853	มิตร
หลักการ	48852	หลักการ
เท่าไร	48851	เท่าไร
กระ	48850	กระ
คำนึง	48849	คำนึง
เต่า	48848	เต่า
ใดๆ	48847	ใดๆ
กฎหมาย	48846	กฎหมาย
ขอบใจ	48845	ขอบใจ
ค่อนข้าง	48844	ค่อนข้าง
สมบูรณ์	48843	สมบูรณ์
เมื่อไร	48842	เมื่อไร
ไง	48841	ไง
จังหวะ	48840	จังหวะ
มากๆ	48839	มากๆ
ขโมย	48838	ขโมย
ปรึกษา	48837	ปรึกษา
โน้มน้าว	48836	โน้มน้าว
พระราชทาน	48835	พระราชทาน
ย้าย	48834	ย้าย
รอบๆ	48833	รอบๆ
หน	48832	หน
เช่นเดียว	48831	เช่นเดียว
เด็กชาย	48830	เด็กชาย
เร่ง	48829	เร่ง
เศร้า	48828	เศร้า
โง่	48827	โง่
จัดการ	48826	จัดการ
ดังกล่าว	48825	ดังกล่าว
ทำท่า	48824	ทำท่า
อบรม	48823	อบรม
เชื่อม	48822	เชื่อม
แปลง	48821	แปลง
บิดามารดา	48820	บิดามารดา
ร้อยกรอง	48819	ร้อยกรอง
กบ	48818	กบ
ล้อม	48817	ล้อม
วัง	48816	วัง
อร่อย	48815	อร่อย
ทันใด	48814	ทันใด
พิษ	48813	พิษ
รัชกาล	48812	รัชกาล
น้ำใจ	48811	น้ำใจ
รึ	48810	รึ
ล้อ	48809	ล้อ
หวาน	48808	หวาน
เพียงแต่	48807	เพียงแต่
ฉันท์	48806	ฉันท์
นับว่า	48805	นับว่า
ราย	48804	ราย
เปรียบเทียบ	48803	เปรียบเทียบ
แต่ว่า	48802	แต่ว่า
ปกครอง	48801	ปกครอง
สัมพันธ์	48800	สัมพันธ์
เต็มที่	48799	เต็มที่
เอาใจใส่	48798	เอาใจใส่
ชายหนุ่ม	48797	ชายหนุ่ม
ตรวจ	48796	ตรวจ
หมาก	48795	หมาก
เป็ด	48794	เป็ด
แกล้ง	48793	แกล้ง
ตัดสินใจ	48792	ตัดสินใจ
มารยาท	48791	มารยาท
รุ่น	48790	รุ่น
หมี	48789	หมี
จากนั้น	48788	จากนั้น
ถ้วย	48787	ถ้วย
เขต	48786	เขต
แนว	48785	แนว
กาล	48784	กาล
รอง	48783	รอง
ราชสีห์	48782	ราชสีห์
พลอย	48781	พลอย
ใคร่	48780	ใคร่
ขั้น	48779	ขั้น
ควาย	48778	ควาย
มอญ	48777	มอญ
รูปแบบ	48776	รูปแบบ
สา	48775	สา
เก้าอี้	48774	เก้าอี้
กางเกง	48773	กางเกง
ชี้แจง	48772	ชี้แจง
ลาก	48771	ลาก
ประสบ	48770	ประสบ
เสียที	48769	เสียที
กล	48768	กล
ก่อ	48767	ก่อ
เสริม	48766	เสริม
แม้ว่า	48765	แม้ว่า
ยกย่อง	48764	ยกย่อง
อ้อ	48763	อ้อ
จ๋า	48762	จ๋า
ทักทาย	48761	ทักทาย
น้ำตาล	48760	น้ำตาล
บัณฑิต	48759	บัณฑิต
แข็ง	48758	แข็ง
ยาง	48757	ยาง
จ้อง	48756	จ้อง
ชนะ	48755	ชนะ
ดนตรี	48754	ดนตรี
พุทธ	48753	พุทธ
เจ้าคุณ	48752	เจ้าคุณ
ที่จริง	48751	ที่จริง
บวช	48750	บวช
สั่งสอน	48749	สั่งสอน
อ้วน	48748	อ้วน
กรุงเทพฯ	48747	กรุงเทพฯ
ก้าว	48746	ก้าว
ควบ	48745	ควบ
ช่อง	48744	ช่อง
นี่แหละ	48743	นี่แหละ
พยัก	48742	พยัก
มะพร้าว	48741	มะพร้าว
หนังสือพิมพ์	48740	หนังสือพิมพ์
เจ้าหน้าที่	48739	เจ้าหน้าที่
ผึ้ง	48738	ผึ้ง
มุ่ง	48737	มุ่ง
ลำธาร	48736	ลำธาร
สนับสนุน	48735	สนับสนุน
เงา	48734	เงา
น้อยๆ	48733	น้อยๆ
ผิว	48732	ผิว
เท่ากับ	48731	เท่ากับ
ไร้	48730	ไร้
คาบ	48729	คาบ
จัง	48728	จัง
ทอด	48727	ทอด
ประวัติ	48726	ประวัติ
อิ่ม	48725	อิ่ม
โอ	48724	โอ
แน่ใจ	48723	แน่ใจ
ดีๆ	48722	ดีๆ
ตามใจ	48721	ตามใจ
น้ำเสียง	48720	น้ำเสียง
คุม	48719	คุม
กรม	48718	กรม
ชื่อเสียง	48717	ชื่อเสียง
ต้ม	48716	ต้ม
กิ่งไม้	48715	กิ่งไม้
ติ	48714	ติ
บุรุษ	48713	บุรุษ
ระบบ	48712	ระบบ
สด	48711	สด
สตางค์	48710	สตางค์
แหม	48709	แหม
ตลอดจน	48708	ตลอดจน
สามัคคี	48707	สามัคคี
อำมาตย์	48706	อำมาตย์
อุบาย	48705	อุบาย
เบา	48704	เบา
ชอบใจ	48703	ชอบใจ
บทความ	48702	บทความ
ลาย	48701	ลาย
หลุด	48700	หลุด
ขัด	48699	ขัด
ทุกที	48698	ทุกที
มัว	48697	มัว
แม้น	48696	แม้น
สมาชิก	48695	สมาชิก
แหล่ง	48694	แหล่ง
ขุนนาง	48693	ขุนนาง
ข้อเท็จจริง	48692	ข้อเท็จจริง
ปลอดภัย	48691	ปลอดภัย
ละเอียด	48690	ละเอียด
เจรจา	48689	เจรจา
ศาลา	48688	ศาลา
เล่าเรียน	48687	เล่าเรียน
กระมัง	48686	กระมัง
น้องชาย	48685	น้องชาย
ในขณะที่	48684	ในขณะที่
วิชาการ	48683	วิชาการ
ขอบ	48682	ขอบ
ข้อคิด	48681	ข้อคิด
บรรยาย	48680	บรรยาย
พราหมณ์	48679	พราหมณ์
เกี่ยวข้อง	48678	เกี่ยวข้อง
ขยะ	48677	ขยะ
อาวุธ	48676	อาวุธ
อ้าง	48675	อ้าง
ถึงกับ	48674	ถึงกับ
ผัว	48673	ผัว
ข้าราชการ	48672	ข้าราชการ
น้า	48671	น้า
ชิ้น	48670	ชิ้น
ประหลาด	48669	ประหลาด
ประเดี๋ยว	48668	ประเดี๋ยว
ปัก	48667	ปัก
วาด	48666	วาด
วิเศษณ์	48665	วิเศษณ์
เมล็ด	48664	เมล็ด
เศรษฐี	48663	เศรษฐี
กฎ	48662	กฎ
ถอน	48661	ถอน
สาระ	48660	สาระ
เนื่องจาก	48659	เนื่องจาก
เหล้า	48658	เหล้า
ไว	48657	ไว
กาพย์	48656	กาพย์
น้ำมัน	48655	น้ำมัน
ประเมิน	48654	ประเมิน
พระมหากษัตริย์	48653	พระมหากษัตริย์
ลูกๆ	48652	ลูกๆ
วงศ์	48651	วงศ์
สามัญ	48650	สามัญ
โทรศัพท์	48649	โทรศัพท์
นั่นแหละ	48648	นั่นแหละ
ราษฎร	48647	ราษฎร
ศึก	48646	ศึก
หนอง	48645	หนอง
เติบโต	48644	เติบโต
ตุ๊กตา	48643	ตุ๊กตา
ถัง	48642	ถัง
แค่	48641	แค่
กิจ	48640	กิจ
ตระกูล	48639	ตระกูล
ส่วนมาก	48638	ส่วนมาก
เจ้านาย	48637	เจ้านาย
บาน	48636	บาน
ฝา	48635	ฝา
สะพาน	48634	สะพาน
ขบวน	48633	ขบวน
ทางการ	48632	ทางการ
รอด	48631	รอด
ครอง	48630	ครอง
พิมพ์	48629	พิมพ์
อดทน	48628	อดทน
โน่น	48627	โน่น
จอด	48626	จอด
ดาว	48625	ดาว
ตึก	48624	ตึก
ประหยัด	48623	ประหยัด
พูดถึง	48622	พูดถึง
ยื่น	48621	ยื่น
เร็วๆ	48620	เร็วๆ
แขก	48619	แขก
ขยับ	48618	ขยับ
วา	48617	วา
วิจารณ์	48616	วิจารณ์
สักหน่อย	48615	สักหน่อย
แท้ๆ	48614	แท้ๆ
มะม่วง	48613	มะม่วง
เครื่องมือ	48612	เครื่องมือ
เพลิดเพลิน	48611	เพลิดเพลิน
ชุมชน	48610	ชุมชน
ทำร้าย	48609	ทำร้าย
สาเหตุ	48608	สาเหตุ
เตียง	48607	เตียง
เพียงใด	48606	เพียงใด
แล้วแต่	48605	แล้วแต่
โดน	48604	โดน
โท	48603	โท
กิจการ	48602	กิจการ
ชา	48601	ชา
ดำรง	48600	ดำรง
ตำรา	48599	ตำรา
สตรี	48598	สตรี
เทียว	48597	เทียว
เรียบเรียง	48596	เรียบเรียง
แปด	48595	แปด
ซัก	48594	ซัก
พระราชนิพนธ์	48593	พระราชนิพนธ์
พวกเขา	48592	พวกเขา
พี่เลี้ยง	48591	พี่เลี้ยง
อาย	48590	อาย
เนื้อความ	48589	เนื้อความ
เบื่อ	48588	เบื่อ
เปรียบ	48587	เปรียบ
บก	48586	บก
ย่าง	48585	ย่าง
ใหม่ๆ	48584	ใหม่ๆ
ธิดา	48583	ธิดา
นิด	48582	นิด
มุม	48581	มุม
รายละเอียด	48580	รายละเอียด
โค	48579	โค
โวหาร	48578	โวหาร
ข้างๆ	48577	ข้างๆ
ชาม	48576	ชาม
ต้อนรับ	48575	ต้อนรับ
ทำบุญ	48574	ทำบุญ
ท้องฟ้า	48573	ท้องฟ้า
รัฐบาล	48572	รัฐบาล
หายใจ	48571	หายใจ
อุปสรรค	48570	อุปสรรค
เพราะว่า	48569	เพราะว่า
แวะ	48568	แวะ
ตัวผู้	48567	ตัวผู้
ทำนา	48566	ทำนา
ขวด	48565	ขวด
ตะ	48564	ตะ
พร	48563	พร
รายการ	48562	รายการ
สุโขทัย	48561	สุโขทัย
ดาบ	48560	ดาบ
ประหลาดใจ	48559	ประหลาดใจ
พักผ่อน	48558	พักผ่อน
อนาคต	48557	อนาคต
ที่อยู่	48556	ที่อยู่
บ้า	48555	บ้า
แต่งงาน	48554	แต่งงาน
ท่อง	48553	ท่อง
สติปัญญา	48552	สติปัญญา
สะกด	48551	สะกด
เนื้อเรื่อง	48550	เนื้อเรื่อง
การงาน	48549	การงาน
ขอม	48548	ขอม
ชุมนุม	48547	ชุมนุม
ตะวันออก	48546	ตะวันออก
ทับ	48545	ทับ
อนึ่ง	48544	อนึ่ง
เม็ด	48543	เม็ด
แจ่มใส	48542	แจ่มใส
กว้างขวาง	48541	กว้างขวาง
ศักดิ์	48540	ศักดิ์
สติ	48539	สติ
แทนที่	48538	แทนที่
กระทบ	48537	กระทบ
ตำ	48536	ตำ
ถนัด	48535	ถนัด
น้ำหนัก	48534	น้ำหนัก
ข้าศึก	48533	ข้าศึก
ชรา	48532	ชรา
ดวงอาทิตย์	48531	ดวงอาทิตย์
ทุกวันนี้	48530	ทุกวันนี้
รู	48529	รู
สุ	48528	สุ
ทั้งๆ	48527	ทั้งๆ
นอกจากนั้น	48526	นอกจากนั้น
ผืน	48525	ผืน
พึ่ง	48524	พึ่ง
หมวก	48523	หมวก
ค้างคาว	48522	ค้างคาว
ตีน	48521	ตีน
พล	48520	พล
อาสา	48519	อาสา
เหล่า	48518	เหล่า
ค้นคว้า	48517	ค้นคว้า
ตาก	48516	ตาก
สุภาษิต	48515	สุภาษิต
เกษตร	48514	เกษตร
โรงพยาบาล	48513	โรงพยาบาล
คุณตา	48512	คุณตา
จม	48511	จม
เท่านี้	48510	เท่านี้
ฝิ่น	48509	ฝิ่น
พลู	48508	พลู
เสียหาย	48507	เสียหาย
กันและกัน	48506	กันและกัน
สวรรค์	48505	สวรรค์
แจก	48504	แจก
ฐาน	48503	ฐาน
ต่างหาก	48502	ต่างหาก
ถั่ว	48501	ถั่ว
ทาน	48500	ทาน
ยินดีต้อนรับ	48500	ยินดีต้อนรับ
ยศ	48499	ยศ
ย่อย	48498	ย่อย
เรื่อย	48497	เรื่อย
แหลม	48496	แหลม
กวาด	48495	กวาด
ชู	48494	ชู
ยึด	48493	ยึด
ฤทธิ์	48492	ฤทธิ์
กับข้าว	48491	กับข้าว
จึ่ง	48490	จึ่ง
ชื่น	48489	ชื่น
หลักฐาน	48488	หลักฐาน
หลังคา	48487	หลังคา
ผู้แต่ง	48486	ผู้แต่ง
สถาน	48485	สถาน
สัปดาห์	48484	สัปดาห์
เฒ่า	48483	เฒ่า
ค้าขาย	48482	ค้าขาย
ตัดสิน	48481	ตัดสิน
สุก	48480	สุก
บริษัท	48479	บริษัท
พระราชวัง	48478	พระราชวัง
โมง	48477	โมง
ก่อให้เกิด	48476	ก่อให้เกิด
คา	48475	คา
นัยน์ตา	48474	นัยน์ตา
ปน	48473	ปน
ระมัดระวัง	48472	ระมัดระวัง
ว่ายน้ำ	48471	ว่ายน้ำ
หลายๆ	48470	หลายๆ
เพียงไร	48469	เพียงไร
แย่ง	48468	แย่ง
กรุงเทพ	48467	กรุงเทพ
ชำนาญ	48466	ชำนาญ
ทา	48465	ทา
คุณธรรม	48464	คุณธรรม
ทดลอง	48463	ทดลอง
นาฬิกา	48462	นาฬิกา
ฝรั่งเศส	48461	ฝรั่งเศส
รำคาญ	48460	รำคาญ
หนอ	48459	หนอ
ดับ	48458	ดับ
ผสม	48457	ผสม
พระสงฆ์	48456	พระสงฆ์
อ้าว	48455	อ้าว
ไหม้	48454	ไหม้
ขวบ	48453	ขวบ
ขี้	48452	ขี้
ทำมาหากิน	48451	ทำมาหากิน
มัด	48450	มัด
รองเท้า	48449	รองเท้า
ส่งเสริม	48448	ส่งเสริม
หัวข้อ	48447	หัวข้อ
เท	48446	เท
เพลิน	48445	เพลิน
เอ	48444	เอ
แสงแดด	48443	แสงแดด
ตะกร้า	48442	ตะกร้า
สั้นๆ	48441	สั้นๆ
เด็กหญิง	48440	เด็กหญิง
นาที	48439	นาที
มงคล	48438	มงคล
ยากจน	48437	ยากจน
โฆษณา	48436	โฆษณา
ขัง	48435	ขัง
ท่อน	48434	ท่อน
รับผิดชอบ	48433	รับผิดชอบ
ลัก	48432	ลัก
สรรเสริญ	48431	สรรเสริญ
เติม	48430	เติม
เพิ่มเติม	48429	เพิ่มเติม
ญวน	48428	ญวน
ดังที่	48427	ดังที่
พญา	48426	พญา
พุ่ง	48425	พุ่ง
รบกวน	48424	รบกวน
รวบรวม	48423	รวบรวม
รักใคร่	48422	รักใคร่
ลงโทษ	48421	ลงโทษ
สังข์	48420	สังข์
เพื่อนบ้าน	48419	เพื่อนบ้าน
ช้าๆ	48417	ช้าๆ
ด่า	48416	ด่า
ทะเลาะ	48415	ทะเลาะ
มื้อ	48414	มื้อ
เทียบ	48413	เทียบ
นานๆ	48412	นานๆ
วิทยุ	48411	วิทยุ
โชคดี	48410	โชคดี
ไฟฟ้า	48409	ไฟฟ้า
กำแพง	48408	กำแพง
คลื่น	48407	คลื่น
ชะนี	48406	ชะนี
ดวงจันทร์	48405	ดวงจันทร์
ภูมิใจ	48404	ภูมิใจ
เมื่อนั้น	48403	เมื่อนั้น
แน่ะ	48402	แน่ะ
ข้างหลัง	48401	ข้างหลัง
คนใช้	48400	คนใช้
รับใช้	48399	รับใช้
ราชาศัพท์	48398	ราชาศัพท์
หมุน	48397	หมุน
คอมพิวเตอร์	48396	คอมพิวเตอร์
บัว	48395	บัว
อี	48394	อี
เรื่องสั้น	48393	เรื่องสั้น
พาย	48392	พาย
มิฉะนั้น	48391	มิฉะนั้น
รับรอง	48390	รับรอง
หล่น	48389	หล่น
อาจารย์ใหญ่	48388	อาจารย์ใหญ่
เทพ	48387	เทพ
เลว	48386	เลว
คม	48385	คม
จำพวก	48384	จำพวก
ถอย	48383	ถอย
ปฏิเสธ	48382	ปฏิเสธ
วัตถุ	48381	วัตถุ
สอด	48380	สอด
สู	48379	สู
เน้น	48378	เน้น
แทรก	48377	แทรก
ปรีชา	48376	ปรีชา
สบายใจ	48375	สบายใจ
โผล่	48374	โผล่
กระทรวง	48373	กระทรวง
กังวล	48372	กังวล
เพียร	48371	เพียร
เมฆ	48370	เมฆ
เอ็นดู	48369	เอ็นดู
กระจาย	48368	กระจาย
บึง	48367	บึง
พระพุทธศาสนา	48366	พระพุทธศาสนา
ล่าง	48365	ล่าง
หมาจิ้งจอก	48364	หมาจิ้งจอก
แค้น	48363	แค้น
กลม	48362	กลม
กำเนิด	48361	กำเนิด
ขณะนี้	48360	ขณะนี้
ดั่ง	48359	ดั่ง
ป่วย	48358	ป่วย
รถยนต์	48357	รถยนต์
ห้องเรียน	48356	ห้องเรียน
เจอ	48355	เจอ
สำราญ	48354	สำราญ
อุทาน	48353	อุทาน
โอรส	48352	โอรส
ไฉน	48351	ไฉน
กล้าหาญ	48350	กล้าหาญ
คุณลุง	48349	คุณลุง
ลูกหลาน	48348	ลูกหลาน
เคราะห์	48347	เคราะห์
แข่ง	48346	แข่ง
แผล	48345	แผล
โยน	48344	โยน
คติ	48343	คติ
ดึก	48342	ดึก
ตัวเรา	48341	ตัวเรา
บริวาร	48340	บริวาร
สันธาน	48339	สันธาน
จุดมุ่งหมาย	48338	จุดมุ่งหมาย
จ่าย	48337	จ่าย
ที่ดิน	48336	ที่ดิน
รายได้	48335	รายได้
หลุม	48334	หลุม
เสียดาย	48333	เสียดาย
ใบหน้า	48332	ใบหน้า
กระซิบ	48331	กระซิบ
กระสุน	48330	กระสุน
ก้าวหน้า	48329	ก้าวหน้า
ข้าพระพุทธเจ้า	48328	ข้าพระพุทธเจ้า
พระเจ้าแผ่นดิน	48327	พระเจ้าแผ่นดิน
หนึ่งๆ	48326	หนึ่งๆ
หมื่น	48325	หมื่น
อวด	48324	อวด
เกล้า	48323	เกล้า
กลอง	48322	กลอง
ดง	48321	ดง
นักปราชญ์	48320	นักปราชญ์
สหาย	48319	สหาย
แย่	48318	แย่
ใช้ได้	48317	ใช้ได้
กอ	48316	กอ
คัด	48315	คัด
จำกัด	48314	จำกัด
ชัย	48313	ชัย
นานา	48312	นานา
ปราศจาก	48311	ปราศจาก
ล่วง	48310	ล่วง
สมอง	48309	สมอง
สัตย์	48308	สัตย์
โครงการ	48307	โครงการ
ใหญ่ๆ	48306	ใหญ่ๆ
ข้อสรุป	48305	ข้อสรุป
ควัน	48304	ควัน
ปะ	48303	ปะ
สมาส	48302	สมาส
อ้า	48301	อ้า
เงย	48300	เงย
แกง	48299	แกง
ครั้งนั้น	48298	ครั้งนั้น
ทั้งคู่	48297	ทั้งคู่
ประทับ	48296	ประทับ
หาด	48295	หาด
เต้น	48294	เต้น
แปลกใจ	48293	แปลกใจ
โพรง	48292	โพรง
คว้า	48291	คว้า
พราน	48290	พราน
พาล	48289	พาล
เหล็ก	48288	เหล็ก
จาน	48287	จาน
นายพราน	48286	นายพราน
พระที่นั่ง	48285	พระที่นั่ง
ห่ม	48284	ห่ม
เลข	48283	เลข
ใกล้เคียง	48282	ใกล้เคียง
กระป๋อง	48281	กระป๋อง
ก้อนหิน	48280	ก้อนหิน
ดัก	48279	ดัก
ยังงั้น	48278	ยังงั้น
เจ้าพระยา	48277	เจ้าพระยา
ฝึกฝน	48276	ฝึกฝน
วะ	48275	วะ
สมาคม	48274	สมาคม
กำ	48273	กำ
ควบคุม	48272	ควบคุม
งา	48271	งา
ทั้งที่	48270	ทั้งที่
บรรทุก	48269	บรรทุก
ปั้น	48268	ปั้น
พื้นที่	48267	พื้นที่
มีด	48266	มีด
ลั่น	48265	ลั่น
หมอน	48264	หมอน
เรียบ	48263	เรียบ
โทรทัศน์	48262	โทรทัศน์
ค้า	48261	ค้า
ชื่นชม	48260	ชื่นชม
เริ่มต้น	48259	เริ่มต้น
โคน	48258	โคน
ใจดี	48257	ใจดี
ทุน	48256	ทุน
ระลึก	48255	ระลึก
ลิ้น	48254	ลิ้น
สร้างสรรค์	48253	สร้างสรรค์
หาบ	48252	หาบ
เป่า	48251	เป่า
เลีย	48250	เลีย
ขุน	48249	ขุน
ผู้ปกครอง	48248	ผู้ปกครอง
หุ่น	48247	หุ่น
เกณฑ์	48246	เกณฑ์
เทียน	48245	เทียน
เพลิง	48244	เพลิง
เหยี่ยว	48243	เหยี่ยว
เหลียว	48242	เหลียว
กล่อม	48241	กล่อม
กุ้ง	48240	กุ้ง
ชมรม	48239	ชมรม
ตะวันตก	48238	ตะวันตก
ทักษะ	48237	ทักษะ
ยุค	48236	ยุค
ลงมือ	48235	ลงมือ
วุ่นวาย	48234	วุ่นวาย
เงียบๆ	48233	เงียบๆ
เชื่อถือ	48232	เชื่อถือ
จนกว่า	48231	จนกว่า
ตรี	48230	ตรี
ประทาน	48229	ประทาน
รู้ตัว	48228	รู้ตัว
เกี่ยว	48227	เกี่ยว
เงินทอง	48226	เงินทอง
เหยียบ	48225	เหยียบ
คบ	48224	คบ
บ้านเรือน	48223	บ้านเรือน
ราชา	48222	ราชา
สมัคร	48221	สมัคร
อุตส่าห์	48220	อุตส่าห์
เพียงพอ	48219	เพียงพอ
เมา	48218	เมา
แล้ง	48217	แล้ง
มั่น	48216	มั่น
ราง	48215	ราง
สาน	48214	สาน
เกียรติ	48213	เกียรติ
ไซร้	48212	ไซร้
ตะวัน	48211	ตะวัน
ถ่าน	48210	ถ่าน
ทวน	48209	ทวน
พรรณนา	48208	พรรณนา
ยุ่ง	48207	ยุ่ง
กระท่อม	48206	กระท่อม
น่ากลัว	48205	น่ากลัว
บำรุง	48204	บำรุง
ป้าย	48203	ป้าย
ฝัง	48202	ฝัง
สิ่งแวดล้อม	48201	สิ่งแวดล้อม
ห่าน	48200	ห่าน
คุ้นเคย	48199	คุ้นเคย
ประดับ	48198	ประดับ
ปราบ	48197	ปราบ
หมั่น	48196	หมั่น
เตรียมตัว	48195	เตรียมตัว
เที่ยง	48194	เที่ยง
เมื่อใด	48193	เมื่อใด
โชค	48192	โชค
ค้าง	48191	ค้าง
เทา	48190	เทา
ก้าน	48189	ก้าน
พี่ๆ	48188	พี่ๆ
เข้าสู่	48187	เข้าสู่
เถียง	48186	เถียง
เพชร	48185	เพชร
เลี้ยงดู	48184	เลี้ยงดู
กด	48183	กด
ก้อง	48182	ก้อง
บาป	48181	บาป
เก	48180	เก
เฉยๆ	48179	เฉยๆ
กรุงศรีอยุธยา	48178	กรุงศรีอยุธยา
จา	48177	จา
ธาตุ	48176	ธาตุ
บรรจุ	48175	บรรจุ
บัตร	48174	บัตร
ยี่สิบ	48173	ยี่สิบ
ไข้	48172	ไข้
กีฬา	48171	กีฬา
ว่าย	48170	ว่าย
สะ	48169	สะ
สับสน	48168	สับสน
กร	48167	กร
จันทร์	48166	จันทร์
ทอดพระเนตร	48165	ทอดพระเนตร
ทำงาน	48164	ทำงาน
ธง	48163	ธง
ผ่อน	48162	ผ่อน
รังเกียจ	48161	รังเกียจ
วาน	48160	วาน
หนทาง	48159	หนทาง
จุดประสงค์	48158	จุดประสงค์
ถึงแม้	48157	ถึงแม้
ถ่ายทอด	48156	ถ่ายทอด
ทอ	48155	ทอ
ปีน	48154	ปีน
เอ๊ะ	48153	เอ๊ะ
แทง	48152	แทง
ขอร้อง	48151	ขอร้อง
คลอด	48150	คลอด
คุณนาย	48149	คุณนาย
ฉาก	48148	ฉาก
พุ่ม	48147	พุ่ม
หีบ	48146	หีบ
เชื่อฟัง	48145	เชื่อฟัง
คลาย	48144	คลาย
ตรงกัน	48143	ตรงกัน
ปรกติ	48142	ปรกติ
ละก็	48141	ละก็
วรรณกรรม	48140	วรรณกรรม
สดชื่น	48139	สดชื่น
สำเนียง	48138	สำเนียง
อาคาร	48137	อาคาร
เจตนา	48136	เจตนา
เย็บ	48135	เย็บ
แขวน	48134	แขวน
ชมพู	48133	ชมพู
ซับซ้อน	48132	ซับซ้อน
ยืม	48131	ยืม
ราก	48130	ราก
เสวย	48129	เสวย
แสวงหา	48128	แสวงหา
โจน	48127	โจน
กระดูก	48126	กระดูก
พยาบาล	48125	พยาบาล
สกปรก	48124	สกปรก
ห้อย	48123	ห้อย
เรียงความ	48122	เรียงความ
แบบแผน	48121	แบบแผน
ค้นหา	48120	ค้นหา
งั้น	48119	งั้น
ดีงาม	48118	ดีงาม
ยิ้มแย้ม	48117	ยิ้มแย้ม
ย่อหน้า	48116	ย่อหน้า
เต็มใจ	48115	เต็มใจ
เสื่อ	48114	เสื่อ
แถบ	48113	แถบ
โดยทั่วไป	48112	โดยทั่วไป
ใจความ	48111	ใจความ
ตัวอักษร	48110	ตัวอักษร
ถอด	48109	ถอด
ท่องเที่ยว	48108	ท่องเที่ยว
ประกวด	48107	ประกวด
พระพุทธเจ้า	48106	พระพุทธเจ้า
วานนี้	48105	วานนี้
วิทยาศาสตร์	48104	วิทยาศาสตร์
เปื้อน	48103	เปื้อน
เสนา	48102	เสนา
กล่าวคือ	48101	กล่าวคือ
ถัด	48100	ถัด
พร้อมทั้ง	48099	พร้อมทั้ง
มหาวิทยาลัย	48098	มหาวิทยาลัย
สยาม	48097	สยาม
โครง	48096	โครง
โดยตรง	48095	โดยตรง
ใหญ่โต	48094	ใหญ่โต
คอก	48093	คอก
จวน	48092	จวน
ตอนเช้า	48091	ตอนเช้า
ที่นอน	48090	ที่นอน
นัด	48089	นัด
ฟอง	48088	ฟอง
แสดงออก	48087	แสดงออก
ตู้	48086	ตู้
ทัก	48085	ทัก
ประจักษ์	48084	ประจักษ์
ปัจจัย	48083	ปัจจัย
รับคำ	48082	รับคำ
ส้ม	48081	ส้ม
แง่	48080	แง่
แน่ๆ	48079	แน่ๆ
แพง	48078	แพง
กก	48077	กก
ข้างใน	48076	ข้างใน
ชิง	48075	ชิง
ฟาด	48074	ฟาด
ลอด	48073	ลอด
หนวด	48072	หนวด
เคลื่อน	48071	เคลื่อน
เทคโนโลยี	48070	เทคโนโลยี
แป้ง	48069	แป้ง
ขวัญ	48068	ขวัญ
บทบาท	48067	บทบาท
ประเสริฐ	48066	ประเสริฐ
ร่วง	48065	ร่วง
สำนึก	48064	สำนึก
อะไรๆ	48063	อะไรๆ
อาลัย	48062	อาลัย
แจ่มแจ้ง	48061	แจ่มแจ้ง
แนวทาง	48060	แนวทาง
ใย	48059	ใย
ก้น	48058	ก้น
คาน	48057	คาน
บังเอิญ	48056	บังเอิญ
พฤติกรรม	48055	พฤติกรรม
วิสัย	48054	วิสัย
สถานี	48053	สถานี
สลับ	48052	สลับ
สัญญาณ	48051	สัญญาณ
เหยื่อ	48050	เหยื่อ
แหวน	48049	แหวน
กั้น	48048	กั้น
ขวาง	48047	ขวาง
ขืน	48046	ขืน
ข้างบน	48045	ข้างบน
น้องๆ	48044	น้องๆ
รอบคอบ	48043	รอบคอบ
สถาบัน	48042	สถาบัน
สิทธิ์	48041	สิทธิ์
อย่างน้อย	48040	อย่างน้อย
เค้า	48039	เค้า
เล็บ	48038	เล็บ
ข้างล่าง	48037	ข้างล่าง
ดม	48036	ดม
บุหรี่	48035	บุหรี่
ประถมศึกษา	48034	ประถมศึกษา
พระนาง	48033	พระนาง
ฟืน	48032	ฟืน
รี	48031	รี
ล่วงหน้า	48030	ล่วงหน้า
สง่า	48029	สง่า
อย่างไรก็ตาม	48028	อย่างไรก็ตาม
เปล่ง	48027	เปล่ง
กระจก	48026	กระจก
จัดแจง	48025	จัดแจง
ดวงตา	48024	ดวงตา
ดูซิ	48023	ดูซิ
นวนิยาย	48022	นวนิยาย
พระพุทธเจ้าข้า	48021	พระพุทธเจ้าข้า
มุ่งหมาย	48020	มุ่งหมาย
รุ่งเรือง	48019	รุ่งเรือง
ลูกค้า	48018	ลูกค้า
สร้อย	48017	สร้อย
หลอก	48016	หลอก
เด่น	48015	เด่น
ไท	48014	ไท
บริโภค	48013	บริโภค
บุญคุณ	48012	บุญคุณ
ประมาท	48011	ประมาท
ประวัติศาสตร์	48010	ประวัติศาสตร์
มั่นใจ	48009	มั่นใจ
ยุโรป	48008	ยุโรป
ริมฝีปาก	48007	ริมฝีปาก
สุรา	48006	สุรา
กำกับ	48005	กำกับ
คลุม	48004	คลุม
จะเห็นได้ว่า	48003	จะเห็นได้ว่า
ฉะนี้	48002	ฉะนี้
ต่อๆ	48001	ต่อๆ
พลัน	48000	พลัน
ภาษาไทย	48000	ภาษาไทย
ลือ	47999	ลือ
สูบ	47998	สูบ
เข็ม	47997	เข็ม
ระเบียง	47996	ระเบียง
รับราชการ	47995	รับราชการ
อิทธิพล	47994	อิทธิพล
เป็นอันขาด	47993	เป็นอันขาด
เหงื่อ	47992	เหงื่อ
ใกล้ชิด	47991	ใกล้ชิด
ก็แล้วกัน	47990	ก็แล้วกัน
ชนบท	47989	ชนบท
ป่าไม้	47988	ป่าไม้
พระเจ้าอยู่หัว	47987	พระเจ้าอยู่หัว
อบอุ่น	47986	อบอุ่น
เคือง	47985	เคือง
เยาะ	47984	เยาะ
ประดิษฐ์	47983	ประดิษฐ์
ปราสาท	47982	ปราสาท
ผู้นำ	47981	ผู้นำ
สกุล	47980	สกุล
เกเร	47979	เกเร
ไอ	47978	ไอ
กระทิง	47977	กระทิง
กล่อง	47976	กล่อง
ข้างนอก	47975	ข้างนอก
คาด	47974	คาด
จระเข้	47973	จระเข้
ต่อหน้า	47972	ต่อหน้า
นุ่ง	47971	นุ่ง
ปุ๋ย	47970	ปุ๋ย
ผลงาน	47969	ผลงาน
ผลิต	47968	ผลิต
ภายนอก	47967	ภายนอก
ละมุน	47966	ละมุน
สะสม	47965	สะสม
ไมตรี	47964	ไมตรี
กุหลาบ	47963	กุหลาบ
ข้าวสาร	47962	ข้าวสาร
ตอบแทน	47961	ตอบแทน
ตีความ	47960	ตีความ
ต่อเนื่อง	47959	ต่อเนื่อง
ส่วนรวม	47958	ส่วนรวม
อิสระ	47957	อิสระ
เลื่อน	47956	เลื่อน
เห่า	47955	เห่า
แบก	47954	แบก
ไหล่	47953	ไหล่
ปลาร้า	47952	ปลาร้า
สลด	47951	สลด
เท่าไหร่	47950	เท่าไหร่
โธ่	47949	โธ่
โปรดเกล้า	47948	โปรดเกล้า
กระบวนการ	47947	กระบวนการ
ทีหลัง	47946	ทีหลัง
ปกากะญอ	47945	ปกากะญอ
ล่อง	47944	ล่อง
หนอน	47943	หนอน
หุง	47942	หุง
เชียว	47941	เชียว
เห็นใจ	47940	เห็นใจ
แผลง	47939	แผลง
จูง	47938	จูง
ท้องถิ่น	47937	ท้องถิ่น
บริจาค	47936	บริจาค
พระภิกษุ	47935	พระภิกษุ
สุจริต	47934	สุจริต
อินเดีย	47933	อินเดีย
โลหิต	47932	โลหิต
กำลังใจ	47931	กำลังใจ
ขู่	47930	ขู่
ซื่อสัตย์	47929	ซื่อสัตย์
มาตรา	47928	มาตรา
ยุติธรรม	47927	ยุติธรรม
หนี้	47926	หนี้
เครื่องใช้	47925	เครื่องใช้
เชื้อ	47924	เชื้อ
เช็ด	47923	เช็ด
เผอิญ	47922	เผอิญ
เสนาบดี	47921	เสนาบดี
กตัญญู	47920	กตัญญู
คัดค้าน	47919	คัดค้าน
ชัยชนะ	47918	ชัยชนะ
ประหนึ่ง	47917	ประหนึ่ง
ผลัก	47916	ผลัก
ฟัก	47915	ฟัก
รุนแรง	47914	รุนแรง
ไต่	47913	ไต่
กระบอก	47912	กระบอก
กลวิธี	47911	กลวิธี
ก๊ก	47910	ก๊ก
ฉลอง	47909	ฉลอง
ช้านาน	47908	ช้านาน
ปรับปรุง	47907	ปรับปรุง
พอสมควร	47906	พอสมควร
ฟาง	47905	ฟาง
ยิ่งใหญ่	47904	ยิ่งใหญ่
รับรู้	47903	รับรู้
ลืมตา	47902	ลืมตา
สมัยก่อน	47901	สมัยก่อน
หงสาวดี	47900	หงสาวดี
หนักหนา	47899	หนักหนา
เท่าใด	47898	เท่าใด
โรงแรม	47897	โรงแรม
ฉวย	47896	ฉวย
ทุ่ม	47895	ทุ่ม
ร้อยแก้ว	47894	ร้อยแก้ว
วินัย	47893	วินัย
เงาะ	47892	เงาะ
เหน็ดเหนื่อย	47891	เหน็ดเหนื่อย
โล่ง	47890	โล่ง
กรอก	47889	กรอก
จดจำ	47888	จดจำ
บริการ	47887	บริการ
พระกรุณา	47886	พระกรุณา
มั่ง	47885	มั่ง
อวยพร	47884	อวยพร
เหยียด	47883	เหยียด
แพร่หลาย	47882	แพร่หลาย
ปราศรัย	47881	ปราศรัย
ปลอบ	47880	ปลอบ
ผู้ดี	47879	ผู้ดี
สนิทสนม	47878	สนิทสนม
สัมฤทธิ์	47877	สัมฤทธิ์
หน่วย	47876	หน่วย
อุ	47875	อุ
แก่ตัว	47874	แก่ตัว
แดน	47873	แดน
โคลน	47872	โคลน
กำชับ	47871	กำชับ
ขั้นตอน	47870	ขั้นตอน
บ่	47869	บ่
ฝ่า	47868	ฝ่า
พระคุณ	47867	พระคุณ
มุ้ง	47866	มุ้ง
มเหสี	47865	มเหสี
ศรัทธา	47864	ศรัทธา
อม	47863	อม
เฉย	47862	เฉย
เต็มที	47861	เต็มที
เวร	47860	เวร
แก้ม	47859	แก้ม
กิจธุระ	47858	กิจธุระ
คุณสมบัติ	47857	คุณสมบัติ
ชักชวน	47856	ชักชวน
ตักเตือน	47855	ตักเตือน
นิดเดียว	47854	นิดเดียว
บริบูรณ์	47853	บริบูรณ์
รังแก	47852	รังแก
ราม	47851	ราม
เพียงนี้	47850	เพียงนี้
แพทย์	47849	แพทย์
ขับร้อง	47848	ขับร้อง
ตรงนี้	47847	ตรงนี้
ท้าว	47846	ท้าว
บำเพ็ญ	47845	บำเพ็ญ
ผัน	47844	ผัน
พระบาทสมเด็จ	47843	พระบาทสมเด็จ
พึมพำ	47842	พึมพำ
ระงับ	47841	ระงับ
ลำพัง	47840	ลำพัง
เกลือ	47839	เกลือ
แปลกหน้า	47838	แปลกหน้า
ดิ้น	47837	ดิ้น
ที่มา	47836	ที่มา
นาค	47835	นาค
บริสุทธิ์	47834	บริสุทธิ์
ปาน	47833	ปาน
พักตร์	47832	พักตร์
ร่าย	47831	ร่าย
สุขภาพ	47830	สุขภาพ
หอ	47829	หอ
ไข	47828	ไข
ไว้ใจ	47827	ไว้ใจ
คู	47826	คู
ถ้าหาก	47825	ถ้าหาก
พื้นบ้าน	47824	พื้นบ้าน
พ้อง	47823	พ้อง
มด	47822	มด
วินิจฉัย	47821	วินิจฉัย
เพศ	47820	เพศ
ตำนาน	47819	ตำนาน
ต่อจากนั้น	47818	ต่อจากนั้น
ผิดพลาด	47817	ผิดพลาด
พนัน	47816	พนัน
ยะ	47815	ยะ
ลำน้ำ	47814	ลำน้ำ
วัตถุประสงค์	47813	วัตถุประสงค์
สรรพ	47812	สรรพ
สารคดี	47811	สารคดี
เชียงใหม่	47810	เชียงใหม่
เทียม	47809	เทียม
จ้า	47808	จ้า
ชมเชย	47807	ชมเชย
ตรงกันข้าม	47806	ตรงกันข้าม
ตรา	47805	ตรา
ทำตัว	47804	ทำตัว
ปรบมือ	47803	ปรบมือ
ผอม	47802	ผอม
รับจ้าง	47801	รับจ้าง
หันหน้า	47800	หันหน้า
อดีต	47799	อดีต
เดา	47798	เดา
เอาแต่	47797	เอาแต่
โห่	47796	โห่
กาด	47795	กาด
ข้าวโพด	47794	ข้าวโพด
ค้น	47793	ค้น
ชะลอม	47792	ชะลอม
ซักถาม	47791	ซักถาม
ทั่วๆ	47790	ทั่วๆ
ฝึกหัด	47789	ฝึกหัด
มหาดเล็ก	47788	มหาดเล็ก
เลิศ	47787	เลิศ
เลี้ยว	47786	เลี้ยว
เวียน	47785	เวียน
เสมือน	47784	เสมือน
แต่งกาย	47783	แต่งกาย
โต้ตอบ	47782	โต้ตอบ
โศก	47781	โศก
กรง	47780	กรง
กลืน	47779	กลืน
ทำนาย	47778	ทำนาย
ท่ามกลาง	47777	ท่ามกลาง
ผลัด	47776	ผลัด
พลิก	47775	พลิก
รับแขก	47774	รับแขก
ละโว้	47773	ละโว้
วิทยา	47772	วิทยา
อุดมสมบูรณ์	47771	อุดมสมบูรณ์
เขมร	47770	เขมร
เคยชิน	47769	เคยชิน
เมืองหลวง	47768	เมืองหลวง
เมื่อกี้	47767	เมื่อกี้
เสาร์	47766	เสาร์
กระนั้น	47765	กระนั้น
ถู	47764	ถู
ทรมาน	47763	ทรมาน
ธรรมเนียม	47762	ธรรมเนียม
นี่เอง	47761	นี่เอง
บันดาล	47760	บันดาล
ปรับ	47759	ปรับ
ปีใหม่	47758	ปีใหม่
ผู้น้อย	47757	ผู้น้อย
พระจันทร์	47756	พระจันทร์
รำพึง	47755	รำพึง
ร่วมมือ	47754	ร่วมมือ
ลึกซึ้ง	47753	ลึกซึ้ง
สวด	47752	สวด
เก่าๆ	47751	เก่าๆ
โทรเลข	47750	โทรเลข
คำนำ	47749	คำนำ
จับใจ	47748	จับใจ
จารึก	47747	จารึก
ซอง	47746	ซอง
ทีนี้	47745	ทีนี้
ฟาก	47744	ฟาก
มังกร	47743	มังกร
มุง	47742	มุง
ลูบ	47741	ลูบ
สวยๆ	47740	สวยๆ
อนุรักษ์	47739	อนุรักษ์
เกราะ	47738	เกราะ
เหลือบ	47737	เหลือบ
แผ่	47736	แผ่
ขาน	47735	ขาน
คลาน	47734	คลาน
ชิด	47733	ชิด
ตอนเย็น	47732	ตอนเย็น
บรรยากาศ	47731	บรรยากาศ
บันเทิง	47730	บันเทิง
บารมี	47729	บารมี
บ่อย	47728	บ่อย
พัง	47727	พัง
ราชบุตร	47726	ราชบุตร
ฤๅษี	47725	ฤๅษี
เอ้า	47724	เอ้า
กฎเกณฑ์	47723	กฎเกณฑ์
ขนมปัง	47722	ขนมปัง
คุณป้า	47721	คุณป้า
ช่อ	47720	ช่อ
ดำเนินการ	47719	ดำเนินการ
ดูด	47718	ดูด
ที่พัก	47717	ที่พัก
ม่าน	47716	ม่าน
ย่ำ	47715	ย่ำ
ล่อ	47714	ล่อ
สาธารณะ	47713	สาธารณะ
อิฐ	47712	อิฐ
อีสาน	47711	อีสาน
เครื่องแบบ	47710	เครื่องแบบ
เจ็บปวด	47709	เจ็บปวด
กระดิก	47708	กระดิก
กาแฟ	47707	กาแฟ
คุณภาพ	47706	คุณภาพ
จิ้ม	47705	จิ้ม
ชิน	47704	ชิน
ดินแดน	47703	ดินแดน
นัย	47702	นัย
นี่แน่ะ	47701	นี่แน่ะ
บ่าว	47700	บ่าว
ประกาย	47699	ประกาย
พิศวง	47698	พิศวง
พูดคุย	47697	พูดคุย
รัด	47696	รัด
วลี	47695	วลี
ห้องแถว	47694	ห้องแถว
เกียจคร้าน	47693	เกียจคร้าน
เปล่าๆ	47692	เปล่าๆ
เรือรบ	47691	เรือรบ
แฝง	47690	แฝง
โรงงาน	47689	โรงงาน
กวน	47688	กวน
กำจัด	47687	กำจัด
ขัดแย้ง	47686	ขัดแย้ง
ขึ้นอยู่กับ	47685	ขึ้นอยู่กับ
คล้อยตาม	47684	คล้อยตาม
งง	47683	งง
จินตนาการ	47682	จินตนาการ
น่าเชื่อ	47681	น่าเชื่อ
พลาด	47680	พลาด
พิเคราะห์	47679	พิเคราะห์
ลูกไก่	47678	ลูกไก่
สันนิษฐาน	47677	สันนิษฐาน
เกี่ยวข้าว	47676	เกี่ยวข้าว
เก้า	47675	เก้า
เขลา	47674	เขลา
เคลื่อนไหว	47673	เคลื่อนไหว
เบื้อง	47672	เบื้อง
เล้า	47671	เล้า
แม่ค้า	47670	แม่ค้า
โขน	47669	โขน
ค่านิยม	47668	ค่านิยม
ต่อย	47667	ต่อย
ทูต	47666	ทูต
น้ำผึ้ง	47665	น้ำผึ้ง
น้ำเงิน	47664	น้ำเงิน
บรรทม	47663	บรรทม
บัง	47662	บัง
บังเกิด	47661	บังเกิด
ปลอม	47660	ปลอม
ปวด	47659	ปวด
พจนานุกรม	47658	พจนานุกรม
ลำตัว	47657	ลำตัว
อ่อนๆ	47656	อ่อนๆ
เงือก	47655	เงือก
เผลอ	47654	เผลอ
เพรา	47653	เพรา
เพื่อนฝูง	47652	เพื่อนฝูง
เสื่อม	47651	เสื่อม
เอื้อเฟื้อ	47650	เอื้อเฟื้อ
ซน	47649	ซน
พินิจ	47648	พินิจ
รก	47647	รก
ศักดิ์สิทธิ์	47646	ศักดิ์สิทธิ์
สนอง	47645	สนอง
หมอบ	47644	หมอบ
หลีก	47643	หลีก
หิ้ว	47642	หิ้ว
อุตสาหกรรม	47641	อุตสาหกรรม
เน่า	47640	เน่า
เบียดเบียน	47639	เบียดเบียน
เอะอะ	47638	เอะอะ
กรรมการ	47637	กรรมการ
ขีด	47636	ขีด
คิ้ว	47635	คิ้ว
จุก	47634	จุก
จ้าง	47633	จ้าง
ชาดก	47632	ชาดก
ปลุก	47631	ปลุก
ผู้ใช้	47630	ผู้ใช้
ยืนยัน	47629	ยืนยัน
ย้อน	47628	ย้อน
ฤๅ	47627	ฤๅ
สบ	47626	สบ
สับ	47625	สับ
อ้อม	47624	อ้อม
เบ็ด	47623	เบ็ด
แถม	47622	แถม
โค้ง	47621	โค้ง
ไทร	47620	ไทร
กลิ้ง	47619	กลิ้ง
จำแนก	47618	จำแนก
ทบทวน	47617	ทบทวน
ที่นั่ง	47616	ที่นั่ง
นางฟ้า	47615	นางฟ้า
ผ่า	47614	ผ่า
พงศาวดาร	47613	พงศาวดาร
พระบาทสมเด็จพระเจ้าอยู่หัว	47612	พระบาทสมเด็จพระเจ้าอยู่หัว
มั่งมี	47611	มั่งมี
ว่องไว	47610	ว่องไว
สภาพแวดล้อม	47609	สภาพแวดล้อม
สิง	47608	สิง
สูญ	47607	สูญ
เคลื่อนที่	47606	เคลื่อนที่
เอาละ	47605	เอาละ
โคร่ง	47604	โคร่ง
ทาย	47603	ทาย
นึกคิด	47602	นึกคิด
ผีเสื้อ	47601	ผีเสื้อ
สอดคล้อง	47600	สอดคล้อง
สิน	47599	สิน
แนวคิด	47598	แนวคิด
ใต้ถุน	47597	ใต้ถุน
กาลเทศะ	47596	กาลเทศะ
ของเล่น	47595	ของเล่น
ง่วง	47594	ง่วง
จำต้อง	47593	จำต้อง
บ่า	47592	บ่า
ปรุง	47591	ปรุง
รัฐ	47590	รัฐ
ล้ำ	47589	ล้ำ
วน	47588	วน
สะดุ้ง	47587	สะดุ้ง
สำรวจ	47586	สำรวจ
ห้องสมุด	47585	ห้องสมุด
อัธยาศัย	47584	อัธยาศัย
เปียก	47583	เปียก
แพ	47582	แพ
คดี	47581	คดี
คนงาน	47580	คนงาน
ตัวเลข	47579	ตัวเลข
บรรพบุรุษ	47578	บรรพบุรุษ
บัญชี	47577	บัญชี
ริน	47576	ริน
ร่ำรวย	47575	ร่ำรวย
ลงท้าย	47574	ลงท้าย
ลูกเสือ	47573	ลูกเสือ
หอบ	47572	หอบ
อยุธยา	47571	อยุธยา
อำนวย	47570	อำนวย
เศรษฐกิจ	47569	เศรษฐกิจ
เอียง	47568	เอียง
กาเหว่า	47567	กาเหว่า
คนไข้	47566	คนไข้
ปี่	47565	ปี่
ภายหน้า	47564	ภายหน้า
มหาชน	47563	มหาชน
ยกเว้น	47562	ยกเว้น
ระฆัง	47561	ระฆัง
รื่นเริง	47560	รื่นเริง
ลูกไม้	47559	ลูกไม้
วิตก	47558	วิตก
หยด	47557	หยด
อุ่น	47556	อุ่น
อ้อนวอน	47555	อ้อนวอน
เผ่า	47554	เผ่า
เอกสาร	47553	เอกสาร
แก่ง	47552	แก่ง
โดยที่	47551	โดยที่
ใบตอง	47550	ใบตอง
ครุ	47549	ครุ
ชำระ	47548	ชำระ
ดอกบัว	47547	ดอกบัว
ตามลำพัง	47546	ตามลำพัง
ทาส	47545	ทาส
ธนาคาร	47544	ธนาคาร
บัดนั้น	47543	บัดนั้น
ประทับใจ	47542	ประทับใจ
ประเทศชาติ	47541	ประเทศชาติ
พริก	47540	พริก
สัน	47539	สัน
หัวเมือง	47538	หัวเมือง
หุ้ม	47537	หุ้ม
แพร	47536	แพร
โอ่ง	47535	โอ่ง
คำแนะนำ	47534	คำแนะนำ
ถึงแม้ว่า	47533	ถึงแม้ว่า
นวล	47532	นวล
นิราศ	47531	นิราศ
บาดเจ็บ	47530	บาดเจ็บ
ฟุ้ง	47529	ฟุ้ง
สมมุติ	47528	สมมุติ
สัญลักษณ์	47527	สัญลักษณ์
สาด	47526	สาด
สำคัญๆ	47525	สำคัญๆ
หยาบ	47524	หยาบ
เจ้าชาย	47523	เจ้าชาย
เหาะ	47522	เหาะ
จอม	47521	จอม
ชะงัก	47520	ชะงัก
ตบ	47519	ตบ
ติดตัว	47518	ติดตัว
ทุกสิ่งทุกอย่าง	47517	ทุกสิ่งทุกอย่าง
นิยาย	47516	นิยาย
พวง	47515	พวง
ร่ำ	47514	ร่ำ
ศร	47513	ศร
ศาล	47512	ศาล
ศิลา	47511	ศิลา
เหงา	47510	เหงา
ไกลๆ	47509	ไกลๆ
ดินสอ	47508	ดินสอ
ตรงข้าม	47507	ตรงข้าม
ถวายบังคม	47506	ถวายบังคม
ทรัพย์สิน	47505	ทรัพย์สิน
นายทหาร	47504	นายทหาร
ร้าง	47503	ร้าง
ลาภ	47502	ลาภ
ลายมือ	47501	ลายมือ
ประเทศไทย	47500	ประเทศไทย
ลูกจ้าง	47500	ลูกจ้าง
ว่าว	47499	ว่าว
สนั่น	47498	สนั่น
อาบ	47497	อาบ
เข่า	47496	เข่า
เข้มแข็ง	47495	เข้มแข็ง
เอาชนะ	47494	เอาชนะ
แปลกๆ	47493	แปลกๆ
แลกเปลี่ยน	47492	แลกเปลี่ยน
แสงสว่าง	47491	แสงสว่าง
โมโห	47490	โมโห
การันต์	47489	การันต์
ครบถ้วน	47488	ครบถ้วน
ด่วน	47487	ด่วน
ต่อเมื่อ	47486	ต่อเมื่อ
ปก	47485	ปก
พระพุทธรูป	47484	พระพุทธรูป
พลเมือง	47483	พลเมือง
มณฑล	47482	มณฑล
หย่อน	47481	หย่อน
เกียรติยศ	47480	เกียรติยศ
เขื่อน	47479	เขื่อน
เจ้าหล่อน	47478	เจ้าหล่อน
เทศน์	47477	เทศน์
เผื่อ	47476	เผื่อ
เลื่อมใส	47475	เลื่อมใส
แม่น	47474	แม่น
โดยสาร	47473	โดยสาร
ไพร	47472	ไพร
กุศล	47471	กุศล
จริงจัง	47470	จริงจัง
จิ๋ว	47469	จิ๋ว
ดก	47468	ดก
ดุจ	47467	ดุจ
ตรอง	47466	ตรอง
ตรึกตรอง	47465	ตรึกตรอง
ที่ผ่านมา	47464	ที่ผ่านมา
บาตร	47463	บาตร
ผัด	47462	ผัด
ภาระ	47461	ภาระ
มรดก	47460	มรดก
ยัก	47459	ยัก
สมรรถภาพ	47458	สมรรถภาพ
หลากหลาย	47457	หลากหลาย
ห่วงใย	47456	ห่วงใย
เช่า	47455	เช่า
เป้น	47454	เป้น
เหรียญ	47453	เหรียญ
ข้อสังเกต	47452	ข้อสังเกต
ข้าวต้ม	47451	ข้าวต้ม
ซุ่ม	47450	ซุ่ม
ดา	47449	ดา
ดูหมิ่น	47448	ดูหมิ่น
ตำหนิ	47447	ตำหนิ
ทางเดิน	47446	ทางเดิน
นิจ	47445	นิจ
บุพบท	47444	บุพบท
พาราณสี	47443	พาราณสี
ภูมิ	47442	ภูมิ
ร่าเริง	47441	ร่าเริง
สงกรานต์	47440	สงกรานต์
สละ	47439	สละ
สืบไป	47438	สืบไป
ส่าย	47437	ส่าย
เขี้ยว	47436	เขี้ยว
เฆี่ยน	47435	เฆี่ยน
เลี่ยง	47434	เลี่ยง
เหม็น	47433	เหม็น
กระรอก	47432	กระรอก
กล้ำ	47431	กล้ำ
กาง	47430	กาง
กางเขน	47429	กางเขน
กู้	47428	กู้
ขอบเขต	47427	ขอบเขต
ชุบ	47426	ชุบ
ปีศาจ	47425	ปีศาจ
ผู้ร้าย	47424	ผู้ร้าย
พลัด	47423	พลัด
พับ	47422	พับ
พายุ	47421	พายุ
ฟื้น	47420	ฟื้น
มหาราช	47419	มหาราช
ยากลำบาก	47418	ยากลำบาก
หนาม	47417	หนาม
หลับตา	47416	หลับตา
หวาย	47415	หวาย
เตะ	47414	เตะ
เบิกบาน	47413	เบิกบาน
เอื้อม	47412	เอื้อม
คลอ	47411	คลอ
จริงใจ	47410	จริงใจ
ต้อน	47409	ต้อน
ถูกใจ	47408	ถูกใจ
ประกอบการ	47407	ประกอบการ
พราย	47406	พราย
พาน	47405	พาน
ยอ	47404	ยอ
ระยะทาง	47403	ระยะทาง
วาระ	47402	วาระ
อพยพ	47401	อพยพ
อ่อนโยน	47400	อ่อนโยน
เรือง	47399	เรือง
แลก	47398	แลก
กรอบ	47397	กรอบ
กระทง	47396	กระทง
ขว้าง	47395	ขว้าง
คล้อง	47394	คล้อง
ซอย	47393	ซอย
นรก	47392	นรก
นักหนา	47391	นักหนา
บรรทัด	47390	บรรทัด
ประณีต	47389	ประณีต
ปา	47388	ปา
มวย	47387	มวย
วาย	47386	วาย
สะบัด	47385	สะบัด
สาขา	47384	สาขา
อัศจรรย์	47383	อัศจรรย์
อุปมา	47382	อุปมา
เข้าหา	47381	เข้าหา
กำไร	47380	กำไร
ชก	47379	ชก
ตรงๆ	47378	ตรงๆ
บทเรียน	47377	บทเรียน
บันเทิงคดี	47376	บันเทิงคดี
ปากกา	47375	ปากกา
พื้นฐาน	47374	พื้นฐาน
ย้ำ	47373	ย้ำ
สูงๆ	47372	สูงๆ
หนูน้อย	47371	หนูน้อย
เคี้ยว	47370	เคี้ยว
เจาะ	47369	เจาะ
เมตร	47368	เมตร
กระหาย	47367	กระหาย
คำนับ	47366	คำนับ
ชะโงก	47365	ชะโงก
ตับ	47364	ตับ
ทรัพย์สมบัติ	47363	ทรัพย์สมบัติ
บ้านพัก	47362	บ้านพัก
ปลาช่อน	47361	ปลาช่อน
ปลื้ม	47360	ปลื้ม
ปัด	47359	ปัด
ภาพยนตร์	47358	ภาพยนตร์
ราชทูต	47357	ราชทูต
ศาสตร์	47356	ศาสตร์
องค์ประกอบ	47355	องค์ประกอบ
อ๋อ	47354	อ๋อ
เจ็บป่วย	47353	เจ็บป่วย
เดี่ยว	47352	เดี่ยว
แต่เดิม	47351	แต่เดิม
แนะ	47350	แนะ
ในขณะนั้น	47349	ในขณะนั้น
กัง	47348	กัง
งอกงาม	47347	งอกงาม
ท้า	47346	ท้า
พร้อมๆ	47345	พร้อมๆ
ราศี	47344	ราศี
ลอบ	47343	ลอบ
ศีล	47342	ศีล
สถานการณ์	47341	สถานการณ์
สวดมนต์	47340	สวดมนต์
หลังจากนั้น	47339	หลังจากนั้น
ฮะ	47338	ฮะ
เสมอๆ	47337	เสมอๆ
เอกลักษณ์	47336	เอกลักษณ์
แค่นี้	47335	แค่นี้
กระโจน	47334	กระโจน
ขวิด	47333	ขวิด
คงคา	47332	คงคา
ชี	47331	ชี
ปรารภ	47330	ปรารภ
รุม	47329	รุม
ลาด	47328	ลาด
วานร	47327	วานร
เอว	47326	เอว
กระเด็น	47325	กระเด็น
ซึม	47324	ซึม
ญาณ	47323	ญาณ
ติเตียน	47322	ติเตียน
ที่ปรึกษา	47321	ที่ปรึกษา
พอใช้	47320	พอใช้
พ่น	47319	พ่น
มาตรฐาน	47318	มาตรฐาน
มูล	47317	มูล
ย่ะ	47316	ย่ะ
ราตรี	47315	ราตรี
วันหยุด	47314	วันหยุด
วิงวอน	47313	วิงวอน
สะท้อน	47312	สะท้อน
อุตสาหะ	47311	อุตสาหะ
เกรงใจ	47310	เกรงใจ
เคราะห์ร้าย	47309	เคราะห์ร้าย
เจ้าหญิง	47308	เจ้าหญิง
เหนียว	47307	เหนียว
แม่นยำ	47306	แม่นยำ
ไม้เท้า	47305	ไม้เท้า
ของกิน	47304	ของกิน
คาง	47303	คาง
ช้อน	47302	ช้อน
ซุก	47301	ซุก
ดวงใจ	47300	ดวงใจ
ตลก	47299	ตลก
ทองคำ	47298	ทองคำ
น้ำท่วม	47297	น้ำท่วม
พนม	47296	พนม
พรรณ	47295	พรรณ
ยืดยาว	47294	ยืดยาว
ลีลา	47293	ลีลา
สิงห์	47292	สิงห์
อุปราช	47291	อุปราช
เครื่องประดับ	47290	เครื่องประดับ
เบื้องหน้า	47289	เบื้องหน้า
โยคี	47288	โยคี
กล้อง	47287	กล้อง
ข้อควร	47286	ข้อควร
คุณหญิง	47285	คุณหญิง
จัตวา	47284	จัตวา
ซ่อม	47283	ซ่อม
ตัวเมีย	47282	ตัวเมีย
ตาราง	47281	ตาราง
ประหาร	47280	ประหาร
ป้อน	47279	ป้อน
ภาชนะ	47278	ภาชนะ
ราชธานี	47277	ราชธานี
ลักษณนาม	47276	ลักษณนาม
สดใส	47275	สดใส
หมูป่า	47274	หมูป่า
เป็นอย่างยิ่ง	47273	เป็นอย่างยิ่ง
เรียว	47272	เรียว
เสี่ยง	47271	เสี่ยง
เห่	47270	เห่
ใช้จ่าย	47269	ใช้จ่าย
ไม่ใคร่	47268	ไม่ใคร่
กลีบ	47267	กลีบ
จักร	47266	จักร
ฉุด	47265	ฉุด
ชะ	47264	ชะ
ชั่ง	47263	ชั่ง
ตัวแทน	47262	ตัวแทน
นั่นคือ	47261	นั่นคือ
ปฐม	47260	ปฐม
วิวาท	47259	วิวาท
หลีกเลี่ยง	47258	หลีกเลี่ยง
แซ่	47257	แซ่
ไถ	47256	ไถ
กระจ่าง	47255	กระจ่าง
กระบวน	47254	กระบวน
กระผม	47253	กระผม
คราง	47252	คราง
งอก	47251	งอก
ฉาย	47250	ฉาย
ประสิทธิภาพ	47249	ประสิทธิภาพ
อรุณ	47248	อรุณ
อินเดียนแดง	47247	อินเดียนแดง
อ้างอิง	47246	อ้างอิง
เสบียง	47245	เสบียง
โครงเรื่อง	47244	โครงเรื่อง
โอ้	47243	โอ้
กระจาบ	47242	กระจาบ
กันเอง	47241	กันเอง
ขี้เกียจ	47240	ขี้เกียจ
ข้าวของ	47239	ข้าวของ
คำราม	47238	คำราม
ชมพู่	47237	ชมพู่
ญี่ปุ่น	47236	ญี่ปุ่น
ตระหนัก	47235	ตระหนัก
ตลิ่ง	47234	ตลิ่ง
ถ่าย	47233	ถ่าย
ธูป	47232	ธูป
ผลประโยชน์	47231	ผลประโยชน์
ยุ	47230	ยุ
รุ่งเช้า	47229	รุ่งเช้า
สารพัด	47228	สารพัด
สำแดง	47227	สำแดง
เข้าเฝ้า	47226	เข้าเฝ้า
เฉลียวฉลาด	47225	เฉลียวฉลาด
เอาใจ	47224	เอาใจ
แวว	47223	แวว
โบสถ์	47222	โบสถ์
กุ	47221	กุ
คล้ายคลึง	47220	คล้ายคลึง
ควาญ	47219	ควาญ
งูเห่า	47218	งูเห่า
ชอบกล	47217	ชอบกล
ตกแต่ง	47216	ตกแต่ง
ประคอง	47215	ประคอง
ผง	47214	ผง
มนต์	47213	มนต์
รัตนโกสินทร์	47212	รัตนโกสินทร์
ศอก	47211	ศอก
สะอื้น	47210	สะอื้น
สูงสุด	47209	สูงสุด
หาไม่	47208	หาไม่
อบ	47207	อบ
เบื่อหน่าย	47206	เบื่อหน่าย
เผ่น	47205	เผ่น
เมื่อไหร่	47204	เมื่อไหร่
โตๆ	47203	โตๆ
ใต้ฝ่าละอองธุลีพระบาท	47202	ใต้ฝ่าละอองธุลีพระบาท
กระดาน	47201	กระดาน
กว้างใหญ่	47200	กว้างใหญ่
ข่าวสาร	47199	ข่าวสาร
คล่องแคล่ว	47198	คล่องแคล่ว
จิก	47197	จิก
ฉันใด	47196	ฉันใด
ดำรงชีวิต	47195	ดำรงชีวิต
น้ำแข็ง	47194	น้ำแข็ง
พื้นเมือง	47193	พื้นเมือง
สงฆ์	47192	สงฆ์
ห้องน้ำ	47191	ห้องน้ำ
อนุมาน	47190	อนุมาน
เกม	47189	เกม
เสภา	47188	เสภา
คด	47187	คด
คล่อง	47186	คล่อง
คล้ายๆ	47185	คล้ายๆ
นมัสการ	47184	นมัสการ
พระผู้เป็นเจ้า	47183	พระผู้เป็นเจ้า
ราชคฤห์	47182	ราชคฤห์
ลหุ	47181	ลหุ
วางแผน	47180	วางแผน
สมิง	47179	สมิง
สมุนไพร	47178	สมุนไพร
สังเคราะห์	47177	สังเคราะห์
หน้าผาก	47176	หน้าผาก
อำลา	47175	อำลา
เฉลียง	47174	เฉลียง
เป้าหมาย	47173	เป้าหมาย
เพ่ง	47172	เพ่ง
เยาว์	47171	เยาว์
เลื้อย	47170	เลื้อย
แปรง	47169	แปรง
โฉม	47168	โฉม
โรงนา	47167	โรงนา
ใจคอ	47166	ใจคอ
ไพร่พล	47165	ไพร่พล
ขัดข้อง	47164	ขัดข้อง
ชาน	47163	ชาน
ดีด	47162	ดีด
บรรจง	47161	บรรจง
พยาน	47160	พยาน
พระบาท	47159	พระบาท
ฟ้อน	47158	ฟ้อน
ย่อง	47157	ย่อง
รัศมี	47156	รัศมี
ร่มรื่น	47155	ร่มรื่น
สนธิ	47154	สนธิ
สุนทร	47153	สุนทร
เทพเจ้า	47152	เทพเจ้า
แตงโม	47151	แตงโม
ขบขัน	47150	ขบขัน
คณะกรรมการ	47149	คณะกรรมการ
คำกล่าว	47148	คำกล่าว
คุ้มครอง	47147	คุ้มครอง
จำลอง	47146	จำลอง
ถึงคราว	47145	ถึงคราว
ทวี	47144	ทวี
นิดหน่อย	47143	นิดหน่อย
น้อยใจ	47142	น้อยใจ
บดี	47141	บดี
ร่วมใจ	47140	ร่วมใจ
สิ้นสุด	47139	สิ้นสุด
หมดสิ้น	47138	หมดสิ้น
หวี	47137	หวี
อินทร์	47136	อินทร์
อ่อนหวาน	47135	อ่อนหวาน
เด็ดขาด	47134	เด็ดขาด
เยาวชน	47133	เยาวชน
เย้ย	47132	เย้ย
แห	47131	แห
โกง	47130	โกง
ใต้เท้า	47129	ใต้เท้า
ไตร	47128	ไตร
ขวาน	47127	ขวาน
ชีพ	47126	ชีพ
ชุ่ม	47125	ชุ่ม
ด้าย	47124	ด้าย
บรม	47123	บรม
ประชา	47122	ประชา
ผา	47121	ผา
รอบรู้	47120	รอบรู้
ลุ่ม	47119	ลุ่ม
สิทธิ	47118	สิทธิ
อารี	47117	อารี
แม่ทัพ	47116	แม่ทัพ
แย้ง	47115	แย้ง
โดด	47114	โดด
ใช้สอย	47113	ใช้สอย
คัดเลือก	47112	คัดเลือก
คารวะ	47111	คารวะ
ฉมวก	47110	ฉมวก
ดุร้าย	47109	ดุร้าย
ตั้งต้น	47108	ตั้งต้น
ทวีป	47107	ทวีป
ทิศทาง	47106	ทิศทาง
ทุกแห่ง	47105	ทุกแห่ง
บัญชา	47104	บัญชา
ลาบ	47103	ลาบ
สมมติ	47102	สมมติ
หน่วยงาน	47101	หน่วยงาน
หันหลัง	47100	หันหลัง
หารือ	47099	หารือ
อีกหน่อย	47098	อีกหน่อย
เนิน	47097	เนิน
เวตาล	47096	เวตาล
เสพ	47095	เสพ
แบบอย่าง	47094	แบบอย่าง
ไปรษณีย์	47093	ไปรษณีย์
ขอเดชะ	47092	ขอเดชะ
ขัดขวาง	47091	ขัดขวาง
งวง	47090	งวง
นักเลง	47089	นักเลง
น้ำค้าง	47088	น้ำค้าง
พิศ	47087	พิศ
ยังงี้	47086	ยังงี้
รวง	47085	รวง
รามเกียรติ์	47084	รามเกียรติ์
ริ	47083	ริ
ริษยา	47082	ริษยา
ร่มเย็น	47081	ร่มเย็น
สูด	47080	สูด
อุโบสถ	47079	อุโบสถ
อ่าว	47078	อ่าว
เคียง	47077	เคียง
เปลือง	47076	เปลือง
แท่ง	47075	แท่ง
แฮ	47074	แฮ
ขนุน	47073	ขนุน
ครรภ์	47072	ครรภ์
คำอธิบาย	47071	คำอธิบาย
น้อม	47070	น้อม
บรรลุ	47069	บรรลุ
มัง	47068	มัง
สามสิบ	47067	สามสิบ
อนิจจา	47066	อนิจจา
อุปกรณ์	47065	อุปกรณ์
เครื่องบิน	47064	เครื่องบิน
เตี้ย	47063	เตี้ย
เอ็ด	47062	เอ็ด
เอ้อ	47061	เอ้อ
แผนที่	47060	แผนที่
โน	47059	โน
โหร	47058	โหร
กระแส	47057	กระแส
กึ่ง	47056	กึ่ง
ขลาด	47055	ขลาด
คว่ำ	47054	คว่ำ
ชัง	47053	ชัง
ทะลุ	47052	ทะลุ
ท่าที	47051	ท่าที
นายช่าง	47050	นายช่าง
ปะปน	47049	ปะปน
ผูกพัน	47048	ผูกพัน
ภาคภูมิใจ	47047	ภาคภูมิใจ
มานะ	47046	มานะ
รวย	47045	รวย
ละลาย	47044	ละลาย
ลำคลอง	47043	ลำคลอง
หมายเลข	47042	หมายเลข
อย่างไรก็ดี	47041	อย่างไรก็ดี
เสมียน	47040	เสมียน
แห้งแล้ง	47039	แห้งแล้ง
โอบ	47038	โอบ
กุญแจ	47037	กุญแจ
คำขวัญ	47036	คำขวัญ
ซื่อ	47035	ซื่อ
ดังๆ	47034	ดังๆ
ดำริ	47033	ดำริ
ตอนต้น	47032	ตอนต้น
ตายาย	47031	ตายาย
ประสาน	47030	ประสาน
ป่าน	47029	ป่าน
ป่านนี้	47028	ป่านนี้
ผู้ใหญ่บ้าน	47027	ผู้ใหญ่บ้าน
ฝีเท้า	47026	ฝีเท้า
พลับพลา	47025	พลับพลา
มะเขือ	47024	มะเขือ
วิตกกังวล	47023	วิตกกังวล
หนักแน่น	47022	หนักแน่น
ออกปาก	47021	ออกปาก
อิน	47020	อิน
เชื่อมั่น	47019	เชื่อมั่น
เช้าตรู่	47018	เช้าตรู่
เตา	47017	เตา
เลียน	47016	เลียน
แมลงปอ	47015	แมลงปอ
แห่	47014	แห่
ใฝ่	47013	ใฝ่
ขับไล่	47012	ขับไล่
ควัก	47011	ควัก
จริงอยู่	47010	จริงอยู่
ประดิษฐาน	47009	ประดิษฐาน
มณี	47008	มณี
ระบุ	47007	ระบุ
ลมหายใจ	47006	ลมหายใจ
ลิจฉวี	47005	ลิจฉวี
สำเภา	47004	สำเภา
อาวุโส	47003	อาวุโส
อึ่งอ่าง	47002	อึ่งอ่าง
เรียงราย	47001	เรียงราย
เข้าสู่ระบบ	47000	เข้าสู่ระบบ
เวทนา	47000	เวทนา
เวที	46999	เวที
คล้องจอง	46998	คล้องจอง
คะแนน	46997	คะแนน
ค้อน	46996	ค้อน
ฆ้อง	46995	ฆ้อง
จรรโลง	46994	จรรโลง
จัดทำ	46993	จัดทำ
ซีก	46992	ซีก
ปรางค์	46991	ปรางค์
ปุ	46990	ปุ
พลัง	46989	พลัง
มะตูม	46988	มะตูม
มาลัย	46987	มาลัย
รุ้ง	46986	รุ้ง
ลังเล	46985	ลังเล
ลาง	46984	ลาง
สิงโต	46983	สิงโต
อธิษฐาน	46982	อธิษฐาน
อิจฉา	46981	อิจฉา
เกสร	46980	เกสร
เถาวัลย์	46979	เถาวัลย์
เท็จ	46978	เท็จ
เสน่ห์	46977	เสน่ห์
แกม	46976	แกม
โพธิ์	46975	โพธิ์
กะทัดรัด	46974	กะทัดรัด
ขอยืม	46973	ขอยืม
คุ้ม	46972	คุ้ม
จักรยาน	46971	จักรยาน
ชั่วคราว	46970	ชั่วคราว
ดื้อ	46969	ดื้อ
ธาร	46968	ธาร
ประสานเสียง	46967	ประสานเสียง
ผู้เรียน	46966	ผู้เรียน
พระนิพนธ์	46965	พระนิพนธ์
มาร	46964	มาร
ม้วน	46963	ม้วน
ยืด	46962	ยืด
ย้อม	46961	ย้อม
รี่	46960	รี่
สำรับ	46959	สำรับ
เคร่งครัด	46958	เคร่งครัด
เงื่อนไข	46957	เงื่อนไข
เศร้าโศก	46956	เศร้าโศก
แก่น	46955	แก่น
แช่	46954	แช่
แมลงวัน	46953	แมลงวัน
แรม	46952	แรม
โพก	46951	โพก
ใจหาย	46950	ใจหาย
จอง	46949	จอง
ต้นเหตุ	46948	ต้นเหตุ
นุ่ม	46947	นุ่ม
ผิวน้ำ	46946	ผิวน้ำ
พระครู	46945	พระครู
ฟ้อง	46944	ฟ้อง
ภาวะ	46943	ภาวะ
ยุ่งยาก	46942	ยุ่งยาก
ราโชวาท	46941	ราโชวาท
รุกราน	46940	รุกราน
ละออง	46939	ละออง
ลูกศิษย์	46938	ลูกศิษย์
สนุกๆ	46937	สนุกๆ
สำรวม	46936	สำรวม
ห่างๆ	46935	ห่างๆ
เจ๊ก	46934	เจ๊ก
เด็ด	46933	เด็ด
เลื่อย	46932	เลื่อย
แยกย้าย	46931	แยกย้าย
ขำ	46930	ขำ
ขุ่น	46929	ขุ่น
ข่ม	46928	ข่ม
จราจร	46927	จราจร
ชัน	46926	ชัน
ซอก	46925	ซอก
ซาก	46924	ซาก
ดัน	46923	ดัน
นักร้อง	46922	นักร้อง
นักศึกษา	46921	นักศึกษา
บัญญัติ	46920	บัญญัติ
ปรานี	46919	ปรานี
ฝ่ามือ	46918	ฝ่ามือ
พระนครศรีอยุธยา	46917	พระนครศรีอยุธยา
พาด	46916	พาด
พิสูจน์	46915	พิสูจน์
ภาวนา	46914	ภาวนา
ยับยั้ง	46913	ยับยั้ง
รวบ	46912	รวบ
ลัง	46911	ลัง
หลักเกณฑ์	46910	หลักเกณฑ์
ออ	46909	ออ
อึดอัด	46908	อึดอัด
อุดม	46907	อุดม
เขย	46906	เขย
เรือใบ	46905	เรือใบ
โผ	46904	โผ
ไต่ถาม	46903	ไต่ถาม
จำหน่าย	46902	จำหน่าย
ชื่อเรื่อง	46901	ชื่อเรื่อง
ซุกซน	46900	ซุกซน
ตอนนั้น	46899	ตอนนั้น
ถ้วน	46898	ถ้วน
นิดๆ	46897	นิดๆ
บุตรี	46896	บุตรี
ปด	46895	ปด
ปล้น	46894	ปล้น
ผู้โดยสาร	46893	ผู้โดยสาร
พระโอรส	46892	พระโอรส
พุด	46891	พุด
พุทโธ่	46890	พุทโธ่
มนตร์	46889	มนตร์
รู้อยู่	46888	รู้อยู่
ลบ	46887	ลบ
ลวง	46886	ลวง
ลุ่มน้ำ	46885	ลุ่มน้ำ
วาสนา	46884	วาสนา
สารภาพ	46883	สารภาพ
หมอก	46882	หมอก
ออกลูก	46881	ออกลูก
เข้ม	46880	เข้ม
เดช	46879	เดช
เพลา	46878	เพลา
เอน	46877	เอน
แจ่ม	46876	แจ่ม
แด่	46875	แด่
แรงงาน	46874	แรงงาน
ของขวัญ	46873	ของขวัญ
จอ	46872	จอ
จัดงาน	46871	จัดงาน
ซ้อม	46870	ซ้อม
ตะลึง	46869	ตะลึง
ตัน	46868	ตัน
ตื้น	46867	ตื้น
พนักงาน	46866	พนักงาน
ภาษิต	46865	ภาษิต
มะละกอ	46864	มะละกอ
ยุง	46863	ยุง
ระยะๆ	46862	ระยะๆ
รั้ง	46861	รั้ง
วิหาร	46860	วิหาร
สมาธิ	46859	สมาธิ
สัตว์เลี้ยง	46858	สัตว์เลี้ยง
หนุ่มๆ	46857	หนุ่มๆ
หล่อ	46856	หล่อ
องค์การ	46855	องค์การ
อาทิ	46854	อาทิ
เปิดเผย	46853	เปิดเผย
เวียง	46852	เวียง
เสียสละ	46851	เสียสละ
แต่อย่างใด	46850	แต่อย่างใด
แถลง	46849	แถลง
กะเหรี่ยง	46848	กะเหรี่ยง
ขัดสน	46847	ขัดสน
ฉีก	46846	ฉีก
ดอย	46845	ดอย
นักกีฬา	46844	นักกีฬา
บริหาร	46843	บริหาร
บา	46842	บา
ปูน	46841	ปูน
พง	46840	พง
พระราชโอรส	46839	พระราชโอรส
ยิ่งกว่านั้น	46838	ยิ่งกว่านั้น
ร้ายแรง	46837	ร้ายแรง
ศุกร์	46836	ศุกร์
สงวน	46835	สงวน
สมภาร	46834	สมภาร
สาบาน	46833	สาบาน
หวน	46832	หวน
หว้า	46831	หว้า
หัตถ์	46830	หัตถ์
อันดี	46829	อันดี
เถื่อน	46828	เถื่อน
เบิก	46827	เบิก
เว้นแต่	46826	เว้นแต่
เส	46825	เส
เหลวไหล	46824	เหลวไหล
เฮ้ย	46823	เฮ้ย
ไขมัน	46822	ไขมัน
กระด้าง	46821	กระด้าง
ของใช้	46820	ของใช้
ข้าเจ้า	46819	ข้าเจ้า
คะนอง	46818	คะนอง
ฉงน	46817	ฉงน
ทำนองเสนาะ	46816	ทำนองเสนาะ
นิเวศน์	46815	นิเวศน์
บรรดาศักดิ์	46814	บรรดาศักดิ์
บรรเทา	46813	บรรเทา
บ่วง	46812	บ่วง
ฟุ่มเฟือย	46811	ฟุ่มเฟือย
มะลิ	46810	มะลิ
ร้านค้า	46809	ร้านค้า
หาญ	46808	หาญ
องอาจ	46807	องอาจ
เกษตรกร	46806	เกษตรกร
เก้ง	46805	เก้ง
เครือ	46804	เครือ
เดือด	46803	เดือด
เยอรมัน	46802	เยอรมัน
ไย	46801	ไย
ขัดใจ	46800	ขัดใจ
ข่า	46799	ข่า
คล้ำ	46798	คล้ำ
งัด	46797	งัด
จำเริญ	46796	จำเริญ
จ่า	46795	จ่า
ทันสมัย	46794	ทันสมัย
ธรณี	46793	ธรณี
นโยบาย	46792	นโยบาย
บิด	46791	บิด
พระฤๅษี	46790	พระฤๅษี
พิง	46789	พิง
ภาคเรียน	46788	ภาคเรียน
ภู	46787	ภู
ม่วง	46786	ม่วง
รอก	46785	รอก
รื้อ	46784	รื้อ
ลงทุน	46783	ลงทุน
เงินเดือน	46782	เงินเดือน
แสตมป์	46781	แสตมป์
โลภ	46780	โลภ
โอวาท	46779	โอวาท
ไหนๆ	46778	ไหนๆ
ขนำ	46777	ขนำ
ข้อเขียน	46776	ข้อเขียน
ชาติไทย	46775	ชาติไทย
ซบ	46774	ซบ
ซุ้ม	46773	ซุ้ม
ด้วยเหตุนี้	46772	ด้วยเหตุนี้
ตรงกลาง	46771	ตรงกลาง
ตอ	46770	ตอ
ตั้งตัว	46769	ตั้งตัว
ถึงขนาด	46768	ถึงขนาด
ที่อยู่อาศัย	46767	ที่อยู่อาศัย
นินทา	46766	นินทา
น้ำลาย	46765	น้ำลาย
พังพอน	46764	พังพอน
พิสดาร	46763	พิสดาร
ยุยง	46762	ยุยง
ละเล่น	46761	ละเล่น
สกัด	46760	สกัด
ออกดอก	46759	ออกดอก
อีกา	46758	อีกา
เกะกะ	46757	เกะกะ
เครื่องกล	46756	เครื่องกล
เถ้าแก่	46755	เถ้าแก่
เนื่อง	46754	เนื่อง
เนื้อที่	46753	เนื้อที่
เบี้ย	46752	เบี้ย
แจกัน	46751	แจกัน
แผด	46750	แผด
โบ	46749	โบ
กรรเชียง	46748	กรรเชียง
กระชับ	46747	กระชับ
กระตุ้น	46746	กระตุ้น
ข้าวเหนียว	46745	ข้าวเหนียว
ชาญ	46744	ชาญ
ดำรัส	46743	ดำรัส
ทรงจำ	46742	ทรงจำ
ธุรกิจ	46741	ธุรกิจ
นักเขียน	46740	นักเขียน
นิยาม	46739	นิยาม
น้ำพริก	46738	น้ำพริก
บุ	46737	บุ
ปลด	46736	ปลด
ผนัง	46735	ผนัง
พราก	46734	พราก
มคธ	46733	มคธ
มิถุนายน	46732	มิถุนายน
ยึดถือ	46731	ยึดถือ
รำพัน	46730	รำพัน
ลวดลาย	46729	ลวดลาย
สึก	46728	สึก
หน่อ	46727	หน่อ
หวง	46726	หวง
เท่าๆ	46725	เท่าๆ
เพดาน	46724	เพดาน
แก้ตัว	46723	แก้ตัว
แคร่	46722	แคร่
แววตา	46721	แววตา
แสร้ง	46720	แสร้ง
โขง	46719	โขง
กระดี่	46718	กระดี่
ขึง	46717	ขึง
คำตาย	46716	คำตาย
จักจั่น	46715	จักจั่น
ชาวสวน	46714	ชาวสวน
ดังเช่น	46713	ดังเช่น
ดั้น	46712	ดั้น
ตวาด	46711	ตวาด
ตื่นนอน	46710	ตื่นนอน
ทึ่ม	46709	ทึ่ม
นิพนธ์	46708	นิพนธ์
นิล	46707	นิล
พระราชดำรัส	46706	พระราชดำรัส
พะ	46705	พะ
มหรสพ	46704	มหรสพ
มะนาว	46703	มะนาว
ยิ้มๆ	46702	ยิ้มๆ
รถเมล์	46701	รถเมล์
ล้าน	46700	ล้าน
สืบทอด	46699	สืบทอด
สุบิน	46698	สุบิน
สู้รบ	46697	สู้รบ
ห่างไกล	46696	ห่างไกล
อักษรสูง	46695	อักษรสูง
เค็ม	46694	เค็ม
เปล	46693	เปล
เริง	46692	เริง
แคบ	46691	แคบ
แต่งตั้ง	46690	แต่งตั้ง
แพร่	46689	แพร่
แรงๆ	46688	แรงๆ
แวดล้อม	46687	แวดล้อม
ไห	46686	ไห
กรรมกร	46685	กรรมกร
กังวาน	46684	กังวาน
ข้อเสนอ	46683	ข้อเสนอ
คมคาย	46682	คมคาย
คำนวณ	46681	คำนวณ
งอ	46680	งอ
ดูถูก	46679	ดูถูก
ตะปู	46678	ตะปู
ตาล	46677	ตาล
ต่างจังหวัด	46676	ต่างจังหวัด
นิมิต	46675	นิมิต
ปริมาณ	46674	ปริมาณ
ปลาตะเพียน	46673	ปลาตะเพียน
ปลิว	46672	ปลิว
ผู้ป่วย	46671	ผู้ป่วย
มะขาม	46670	มะขาม
ยง	46669	ยง
ยินยอม	46668	ยินยอม
ลัทธิ	46667	ลัทธิ
วิถีทาง	46666	วิถีทาง
สม่ำเสมอ	46665	สม่ำเสมอ
สิ้นพระชนม์	46664	สิ้นพระชนม์
สโมสร	46663	สโมสร
ออกกำลังกาย	46662	ออกกำลังกาย
เข็ด	46661	เข็ด
เมื่อย	46660	เมื่อย
แส้	46659	แส้
โปรย	46658	โปรย
ก่อนๆ	46657	ก่อนๆ
ข้อมือ	46656	ข้อมือ
ครา	46655	ครา
ค้าน	46654	ค้าน
จ้องมอง	46653	จ้องมอง
ช่องทาง	46652	ช่องทาง
ซาบซึ้ง	46651	ซาบซึ้ง
ทยอย	46650	ทยอย
ที่พึ่ง	46649	ที่พึ่ง
ผลสำเร็จ	46648	ผลสำเร็จ
ผู้เฒ่า	46647	ผู้เฒ่า
ฝืน	46646	ฝืน
พวงมาลัย	46645	พวงมาลัย
ฟอร์ม	46644	ฟอร์ม
มอ	46643	มอ
มะเฟือง	46642	มะเฟือง
ย่าน	46641	ย่าน
ลังกา	46640	ลังกา
สะใภ้	46639	สะใภ้
หนุน	46638	หนุน
หลาก	46637	หลาก
อภัย	46636	อภัย
อ่อนน้อม	46635	อ่อนน้อม
เฉลิม	46634	เฉลิม
เบื้องต้น	46633	เบื้องต้น
เปลี่ยว	46632	เปลี่ยว
เพิ่มพูน	46631	เพิ่มพูน
แม่บ้าน	46630	แม่บ้าน
โกหก	46629	โกหก
กระโปรง	46628	กระโปรง
ขบ	46627	ขบ
ต้านทาน	46626	ต้านทาน
ถึงแก่กรรม	46625	ถึงแก่กรรม
ทราม	46624	ทราม
ที่ระลึก	46623	ที่ระลึก
นอกนั้น	46622	นอกนั้น
บทนำ	46621	บทนำ
บรรเลง	46620	บรรเลง
พรรษา	46619	พรรษา
ฟุต	46618	ฟุต
ราบ	46617	ราบ
รีด	46616	รีด
ล่าม	46615	ล่าม
วงกลม	46614	วงกลม
หยิก	46613	หยิก
อันดับ	46612	อันดับ
อุปถัมภ์	46611	อุปถัมภ์
ฮือ	46610	ฮือ
เยอะ	46609	เยอะ
เลยทีเดียว	46608	เลยทีเดียว
เหรอ	46607	เหรอ
เอาเปรียบ	46606	เอาเปรียบ
แสบ	46605	แสบ
โปร่ง	46604	โปร่ง
ไพร่	46603	ไพร่
กลมกลืน	46602	กลมกลืน
กองไฟ	46601	กองไฟ
ขม	46600	ขม
ขันแข็ง	46599	ขันแข็ง
ซัด	46598	ซัด
นิ	46597	นิ
ผู้อำนวยการ	46596	ผู้อำนวยการ
ฝุ่น	46595	ฝุ่น
ภิกษุ	46594	ภิกษุ
มหาสมุทร	46593	มหาสมุทร
ยากเย็น	46592	ยากเย็น
ยาวๆ	46591	ยาวๆ
สื่อมวลชน	46590	สื่อมวลชน
หน้าอก	46589	หน้าอก
อาญา	46588	อาญา
อ่อนแอ	46587	อ่อนแอ
เซ็งแซ่	46586	เซ็งแซ่
เผยแพร่	46585	เผยแพร่
เผื่อแผ่	46584	เผื่อแผ่
เศียร	46583	เศียร
เส้นทาง	46582	เส้นทาง
แตะ	46581	แตะ
แผนก	46580	แผนก
กระบือ	46579	กระบือ
คำมูล	46578	คำมูล
ซ้ำๆ	46577	ซ้ำๆ
ดอกเบี้ย	46576	ดอกเบี้ย
ดอง	46575	ดอง
ด่าน	46574	ด่าน
ตรวจสอบ	46573	ตรวจสอบ
ตลบ	46572	ตลบ
ตอนแรก	46571	ตอนแรก
ทึบ	46570	ทึบ
ท่วม	46569	ท่วม
ธรรมะ	46568	ธรรมะ
นิ่งเงียบ	46567	นิ่งเงียบ
น้ำปลา	46566	น้ำปลา
บกพร่อง	46565	บกพร่อง
ประชาธิปไตย	46564	ประชาธิปไตย
ประสาท	46563	ประสาท
ผาสุก	46562	ผาสุก
พระเดชพระคุณ	46561	พระเดชพระคุณ
มติ	46560	มติ
มอบหมาย	46559	มอบหมาย
มัธยมศึกษา	46558	มัธยมศึกษา
ร่อง	46557	ร่อง
ลึกลับ	46556	ลึกลับ
สลัด	46555	สลัด
สอบสวน	46554	สอบสวน
สาง	46553	สาง
หงส์	46552	หงส์
หวัด	46551	หวัด
เครื่องจักร	46550	เครื่องจักร
เครื่องแต่งกาย	46549	เครื่องแต่งกาย
เบียด	46548	เบียด
เสียบ	46547	เสียบ
แผนการ	46546	แผนการ
แสงไฟ	46545	แสงไฟ
แหงน	46544	แหงน
ใส่ใจ	46543	ใส่ใจ
ไข่ไก่	46542	ไข่ไก่
ไถนา	46541	ไถนา
กระเช้า	46540	กระเช้า
กลบ	46539	กลบ
ข้อบังคับ	46538	ข้อบังคับ
จักรพรรดิ	46537	จักรพรรดิ
จัน	46536	จัน
ถี่ถ้วน	46535	ถี่ถ้วน
นายอำเภอ	46534	นายอำเภอ
น่าเสียดาย	46533	น่าเสียดาย
ปฏิบัติงาน	46532	ปฏิบัติงาน
ผู้ชม	46531	ผู้ชม
พระราชธิดา	46530	พระราชธิดา
ฟุตบอล	46529	ฟุตบอล
มน	46528	มน
ยั่ว	46527	ยั่ว
ยิน	46526	ยิน
ราชาธิราช	46525	ราชาธิราช
ร้ายกาจ	46524	ร้ายกาจ
ลายลักษณ์	46523	ลายลักษณ์
ลูกกรง	46522	ลูกกรง
วนเวียน	46521	วนเวียน
ศูนย์	46520	ศูนย์
สาหัส	46519	สาหัส
หกล้ม	46518	หกล้ม
หมายเหตุ	46517	หมายเหตุ
อัตรา	46516	อัตรา
อาขยาน	46515	อาขยาน
อำ	46514	อำ
อุโมงค์	46513	อุโมงค์
อเมริกา	46512	อเมริกา
เชิงเขา	46511	เชิงเขา
เทศนา	46510	เทศนา
เปรียบเหมือน	46509	เปรียบเหมือน
กรวด	46508	กรวด
กำนัน	46507	กำนัน
กุลี	46506	กุลี
กู่	46505	กู่
คนจน	46504	คนจน
ครึ้ม	46503	ครึ้ม
คลุก	46502	คลุก
คิดอ่าน	46501	คิดอ่าน
คุ้น	46500	คุ้น
ตั้งค่า	46500	ตั้งค่า
ชนช้าง	46499	ชนช้าง
ชานุ	46498	ชานุ
ชายหาด	46497	ชายหาด
ดัดแปลง	46496	ดัดแปลง
ดิ้นรน	46495	ดิ้นรน
ติดใจ	46494	ติดใจ
ตุ่ม	46493	ตุ่ม
ทูน	46492	ทูน
ทแกล้วทหาร	46491	ทแกล้วทหาร
น้ำตก	46490	น้ำตก
บุก	46489	บุก
บ้านนอก	46488	บ้านนอก
ปิศาจ	46487	ปิศาจ
พรหม	46486	พรหม
พวกพ้อง	46485	พวกพ้อง
พิษณุโลก	46484	พิษณุโลก
ภาษี	46483	ภาษี
ระตู	46482	ระตู
รุงรัง	46481	รุงรัง
ลื่น	46480	ลื่น
ล้น	46479	ล้น
วิด	46478	วิด
วิธีคิด	46477	วิธีคิด
สรง	46476	สรง
สอบถาม	46475	สอบถาม
สัญจร	46474	สัญจร
สันติ	46473	สันติ
สัมภาษณ์	46472	สัมภาษณ์
หยาบคาย	46471	หยาบคาย
ออกบวช	46470	ออกบวช
อาน	46469	อาน
อาศรม	46468	อาศรม
เร่	46467	เร่
เห็นชอบ	46466	เห็นชอบ
โถ	46465	โถ
โพธิสัตว์	46464	โพธิสัตว์
ในขณะนี้	46463	ในขณะนี้
ไหวพริบ	46462	ไหวพริบ
กง	46461	กง
กราบบังคมทูล	46460	กราบบังคมทูล
คุก	46459	คุก
ชนนี	46458	ชนนี
ชายฝั่ง	46457	ชายฝั่ง
ธนบุรี	46456	ธนบุรี
บรรณาการ	46455	บรรณาการ
ผ้าขาวม้า	46454	ผ้าขาวม้า
พร่ำ	46453	พร่ำ
พ่อเจ้า	46452	พ่อเจ้า
ยี่	46451	ยี่
ระเบิด	46450	ระเบิด
ลำคอ	46449	ลำคอ
วางไข่	46448	วางไข่
สดับ	46447	สดับ
สลบ	46446	สลบ
สิริ	46445	สิริ
สุขใจ	46444	สุขใจ
สุพรรณ	46443	สุพรรณ
ส่งกลิ่น	46442	ส่งกลิ่น
ส่งผล	46441	ส่งผล
อนุ	46440	อนุ
เข้าถึง	46439	เข้าถึง
เจาะจง	46438	เจาะจง
เบื้องหลัง	46437	เบื้องหลัง
เพิง	46436	เพิง
เม่น	46435	เม่น
เหงือก	46434	เหงือก
แจว	46433	แจว
แหวก	46432	แหวก
โบก	46431	โบก
โรย	46430	โรย
กรมพระยา	46429	กรมพระยา
กระหม่อม	46428	กระหม่อม
กลั้น	46427	กลั้น
กาลเวลา	46426	กาลเวลา
กิโลเมตร	46425	กิโลเมตร
คล้อย	46424	คล้อย
คับ	46423	คับ
จุฬา	46422	จุฬา
จุ่ม	46421	จุ่ม
ฉะ	46420	ฉะ
ฉัตร	46419	ฉัตร
ชำเลือง	46418	ชำเลือง
ญาติพี่น้อง	46417	ญาติพี่น้อง
ดวงดาว	46416	ดวงดาว
ตะครุบ	46415	ตะครุบ
ติดๆ	46414	ติดๆ
ต่อว่า	46413	ต่อว่า
ถา	46412	ถา
ถ้อย	46411	ถ้อย
ท่าเรือ	46410	ท่าเรือ
นุ่มนวล	46409	นุ่มนวล
บอกกล่าว	46408	บอกกล่าว
บีบ	46407	บีบ
ประจำตัว	46406	ประจำตัว
ผลิ	46405	ผลิ
พยาบาท	46404	พยาบาท
ลพบุรี	46403	ลพบุรี
ลักษณ์	46402	ลักษณ์
ล้างมือ	46401	ล้างมือ
สนามหลวง	46400	สนามหลวง
สะพาย	46399	สะพาย
สิ่งมีชีวิต	46398	สิ่งมีชีวิต
อินเทอร์เน็ต	46397	อินเทอร์เน็ต
อุปการะ	46396	อุปการะ
เข็น	46395	เข็น
เข้าแถว	46394	เข้าแถว
เร้า	46393	เร้า
แกว่ง	46392	แกว่ง
แก้แค้น	46391	แก้แค้น
โป่ง	46390	โป่ง
โหดร้าย	46389	โหดร้าย
โอ้โฮ	46388	โอ้โฮ
กำนัล	46387	กำนัล
คราม	46386	คราม
งด	46385	งด
จร	46384	จร
จรรยา	46383	จรรยา
จำปา	46382	จำปา
จิ	46381	จิ
ชวา	46380	ชวา
ที่แท้	46379	ที่แท้
ทุกหนทุกแห่ง	46378	ทุกหนทุกแห่ง
ทุจริต	46377	ทุจริต
ผลเสีย	46376	ผลเสีย
รสชาติ	46375	รสชาติ
รอคอย	46374	รอคอย
ละแวก	46373	ละแวก
วางใจ	46372	วางใจ
สงเคราะห์	46371	สงเคราะห์
สน	46370	สน
สวรรคต	46369	สวรรคต
หนี้สิน	46368	หนี้สิน
หม่อมฉัน	46367	หม่อมฉัน
อดอยาก	46366	อดอยาก
อาณาเขต	46365	อาณาเขต
อาราม	46364	อาราม
อุบัติเหตุ	46363	อุบัติเหตุ
อ่อนเพลีย	46362	อ่อนเพลีย
เตาไฟ	46361	เตาไฟ
เติบ	46360	เติบ
เตือนใจ	46359	เตือนใจ
เปี่ยม	46358	เปี่ยม
เพาะปลูก	46357	เพาะปลูก
เยอะแยะ	46356	เยอะแยะ
เลอะเทอะ	46355	เลอะเทอะ
เห	46354	เห
เหมียว	46353	เหมียว
แมงมุม	46352	แมงมุม
กระถาง	46351	กระถาง
กริ่ง	46350	กริ่ง
กลุ้ม	46349	กลุ้ม
ครูบาอาจารย์	46348	ครูบาอาจารย์
จงรักภักดี	46347	จงรักภักดี
ดิบ	46346	ดิบ
ด้านหน้า	46345	ด้านหน้า
ตาข่าย	46344	ตาข่าย
ต้นฉบับ	46343	ต้นฉบับ
ถ้าหากว่า	46342	ถ้าหากว่า
ทะ	46341	ทะ
ท่องจำ	46340	ท่องจำ
ท้าทาย	46339	ท้าทาย
ประสูติ	46338	ประสูติ
ปาง	46337	ปาง
ผู้แสดง	46336	ผู้แสดง
ผ้าเช็ดหน้า	46335	ผ้าเช็ดหน้า
พบปะ	46334	พบปะ
พิธีการ	46333	พิธีการ
มือหนึ่ง	46332	มือหนึ่ง
ริเริ่ม	46331	ริเริ่ม
ฤกษ์	46330	ฤกษ์
ลาว	46329	ลาว
สบู่	46328	สบู่
สระน้ำ	46327	สระน้ำ
สละสลวย	46326	สละสลวย
สลึง	46325	สลึง
หงส์ทอง	46324	หงส์ทอง
หมวด	46323	หมวด
อุทยาน	46322	อุทยาน
เกลี้ยกล่อม	46321	เกลี้ยกล่อม
เก่าแก่	46320	เก่าแก่
เตรียมพร้อม	46319	เตรียมพร้อม
เพาะ	46318	เพาะ
เลื่องลือ	46317	เลื่องลือ
เอร็ดอร่อย	46316	เอร็ดอร่อย
แว่ว	46315	แว่ว
โต้เถียง	46314	โต้เถียง
โรหิณี	46313	โรหิณี
ไส้	46312	ไส้
กรุงเทพมหานคร	46311	กรุงเทพมหานคร
ก็ช่าง	46310	ก็ช่าง
ข้อเสนอแนะ	46309	ข้อเสนอแนะ
ข้าวเปลือก	46308	ข้าวเปลือก
ซี่	46307	ซี่
ด้าม	46306	ด้าม
ตักบาตร	46305	ตักบาตร
ถาวร	46304	ถาวร
ธานี	46303	ธานี
นอกเหนือ	46302	นอกเหนือ
นิดหนึ่ง	46301	นิดหนึ่ง
ประพฤติปฏิบัติ	46300	ประพฤติปฏิบัติ
ประพาส	46299	ประพาส
ผิดหวัง	46298	ผิดหวัง
พุธ	46297	พุธ
มหึมา	46296	มหึมา
ราชสำนัก	46295	ราชสำนัก
รูปทรง	46294	รูปทรง
สนม	46293	สนม
สวัสดิ์	46292	สวัสดิ์
อวดดี	46291	อวดดี
เปรียญ	46290	เปรียญ
เรียกร้อง	46289	เรียกร้อง
เรือไฟ	46288	เรือไฟ
เร่งรีบ	46287	เร่งรีบ
แท่น	46286	แท่น
แสงอาทิตย์	46285	แสงอาทิตย์
แหง	46284	แหง
โม	46283	โม
โว้ย	46282	โว้ย
โอ๊ย	46281	โอ๊ย
กน	46280	กน
กินเวลา	46279	กินเวลา
คาว	46278	คาว
ฉันนั้น	46277	ฉันนั้น
ถล่ม	46276	ถล่ม
ถ่องแท้	46275	ถ่องแท้
ทุบ	46274	ทุบ
นวด	46273	นวด
บางกอก	46272	บางกอก
บุตรธิดา	46271	บุตรธิดา
ประเดี๋ยวเดียว	46270	ประเดี๋ยวเดียว
ผู้เล่น	46269	ผู้เล่น
พระราชพิธี	46268	พระราชพิธี
พลาสติก	46267	พลาสติก
พิการ	46266	พิการ
มกราคม	46265	มกราคม
ย่าม	46264	ย่าม
รม	46263	รม
รั่ว	46262	รั่ว
ราชวงศ์	46261	ราชวงศ์
ราด	46260	ราด
ลงชื่อ	46259	ลงชื่อ
ลัด	46258	ลัด
สถิต	46257	สถิต
สลาย	46256	สลาย
สิ้นชีวิต	46255	สิ้นชีวิต
สุดท้อง	46254	สุดท้อง
สูญเสีย	46253	สูญเสีย
หน้าเป็น	46252	หน้าเป็น
หมั่นเพียร	46251	หมั่นเพียร
หอก	46250	หอก
หิมพานต์	46249	หิมพานต์
อคติ	46248	อคติ
อนุชา	46247	อนุชา
อุดหนุน	46246	อุดหนุน
อุทิศ	46245	อุทิศ
เกย	46244	เกย
เจ็บไข้	46243	เจ็บไข้
เซ	46242	เซ
เทอม	46241	เทอม
เนืองๆ	46240	เนืองๆ
เผชิญ	46239	เผชิญ
แนบ	46238	แนบ
โฮเต็ล	46237	โฮเต็ล
ในขณะเดียวกัน	46236	ในขณะเดียวกัน
กริ้ว	46235	กริ้ว
ข้อคิดเห็น	46234	ข้อคิดเห็น
ครองราชย์	46233	ครองราชย์
ครุฑ	46232	ครุฑ
ชะรอย	46231	ชะรอย
ชิงช้า	46230	ชิงช้า
ดำๆ	46229	ดำๆ
ตบมือ	46228	ตบมือ
ถนอม	46227	ถนอม
ถม	46226	ถม
ทรุด	46225	ทรุด
นัดหมาย	46224	นัดหมาย
นุ่งห่ม	46223	นุ่งห่ม
น้ำตาย	46222	น้ำตาย
บทกลอน	46221	บทกลอน
บทสนทนา	46220	บทสนทนา
ประดุจ	46219	ประดุจ
ปลูกฝัง	46218	ปลูกฝัง
ปี๊บ	46217	ปี๊บ
ป้อง	46216	ป้อง
พจน์	46215	พจน์
พระราชสาส์น	46214	พระราชสาส์น
พระเมตตา	46213	พระเมตตา
พาหนะ	46212	พาหนะ
ภริยา	46211	ภริยา
ม้วย	46210	ม้วย
รีบร้อน	46209	รีบร้อน
ร่อน	46208	ร่อน
ลูกผู้ชาย	46207	ลูกผู้ชาย
สูญหาย	46206	สูญหาย
ส่วย	46205	ส่วย
อาสาสมัคร	46204	อาสาสมัคร
อุดร	46203	อุดร
เจ้าฟ้า	46202	เจ้าฟ้า
เนตร	46201	เนตร
เฮ้อ	46200	เฮ้อ
แกล้ว	46199	แกล้ว
แข้ง	46198	แข้ง
แยะ	46197	แยะ
โบราณคดี	46196	โบราณคดี
ไม่แพ้	46195	ไม่แพ้
กระแสน้ำ	46194	กระแสน้ำ
คชาธาร	46193	คชาธาร
ครู่เดียว	46192	ครู่เดียว
คาถา	46191	คาถา
คุณอา	46190	คุณอา
คุ้ง	46189	คุ้ง
ค่อน	46188	ค่อน
ตรึง	46187	ตรึง
ตะไคร้	46186	ตะไคร้
ถิ่นฐาน	46185	ถิ่นฐาน
ทะนง	46184	ทะนง
นกยูง	46183	นกยูง
นามสกุล	46182	นามสกุล
บริบท	46181	บริบท
ปู่ย่า	46180	ปู่ย่า
ฝ้าย	46179	ฝ้าย
พระคลัง	46178	พระคลัง
พระราชประสงค์	46177	พระราชประสงค์
พอง	46176	พอง
ยุติ	46175	ยุติ
รำลึก	46174	รำลึก
ลิลิต	46173	ลิลิต
วก	46172	วก
วัสดุ	46171	วัสดุ
สงัด	46170	สงัด
สถิติ	46169	สถิติ
สะพรั่ง	46168	สะพรั่ง
ห้วย	46167	ห้วย
อีเห็น	46166	อีเห็น
อื้ออึง	46165	อื้ออึง
เคียว	46164	เคียว
เชิด	46163	เชิด
เผือก	46162	เผือก
เผ่าพันธุ์	46161	เผ่าพันธุ์
เรื่อ	46160	เรื่อ
เสาะ	46159	เสาะ
โต้วาที	46158	โต้วาที
โยก	46157	โยก
ใคร่ครวญ	46156	ใคร่ครวญ
กระบี่	46155	กระบี่
กระวนกระวาย	46154	กระวนกระวาย
กำพร้า	46153	กำพร้า
กำเริบ	46152	กำเริบ
คฤหัสถ์	46151	คฤหัสถ์
คืบ	46150	คืบ
คุณน้า	46149	คุณน้า
ซื่อตรง	46148	ซื่อตรง
ฎีกา	46147	ฎีกา
ดอกมะลิ	46146	ดอกมะลิ
ดั้งเดิม	46145	ดั้งเดิม
ดาบส	46144	ดาบส
ตอบรับ	46143	ตอบรับ
ตึง	46142	ตึง
ทศ	46141	ทศ
น้ำหวาน	46140	น้ำหวาน
บู่	46139	บู่
ปริญญา	46138	ปริญญา
ผู้แทน	46137	ผู้แทน
ผ่อง	46136	ผ่อง
ฝึกซ้อม	46135	ฝึกซ้อม
พ่าย	46134	พ่าย
ยั้ง	46133	ยั้ง
ยาน	46132	ยาน
ระดม	46131	ระดม
รูปสระ	46130	รูปสระ
ฤ	46129	ฤ
วิสรรชนีย์	46128	วิสรรชนีย์
สอบไล่	46127	สอบไล่
สาป	46126	สาป
สำนักงาน	46125	สำนักงาน
หามิได้	46124	หามิได้
อัศวิน	46123	อัศวิน
เกา	46122	เกา
เทศกาล	46121	เทศกาล
เยือน	46120	เยือน
เอื้อน	46119	เอื้อน
แต่ทว่า	46118	แต่ทว่า
แผน	46117	แผน
โครงสร้าง	46116	โครงสร้าง
โค่น	46115	โค่น
ไตร่ตรอง	46114	ไตร่ตรอง
กระชั้น	46113	กระชั้น
กระบะ	46112	กระบะ
ขวนขวาย	46111	ขวนขวาย
ขาดทุน	46110	ขาดทุน
ข่มเหง	46109	ข่มเหง
ข้อง	46108	ข้อง
จำปี	46107	จำปี
ชุม	46106	ชุม
ซุง	46105	ซุง
ดาหา	46104	ดาหา
ตกเป็น	46103	ตกเป็น
ตำลึง	46102	ตำลึง
ติดมือ	46101	ติดมือ
ทดแทน	46100	ทดแทน
ทฤษฎี	46099	ทฤษฎี
ทอดเสียง	46098	ทอดเสียง
ทัดทาน	46097	ทัดทาน
ทารุณ	46096	ทารุณ
ทุกข์สุข	46095	ทุกข์สุข
พริบ	46094	พริบ
พอเหมาะ	46093	พอเหมาะ
พ่อเมือง	46092	พ่อเมือง
มะกรูด	46091	มะกรูด
ยานี	46090	ยานี
ล้วง	46089	ล้วง
วับ	46088	วับ
หลักสูตร	46087	หลักสูตร
อวัยวะ	46086	อวัยวะ
ออกแรง	46085	ออกแรง
อาฆาต	46084	อาฆาต
อุ๊ย	46083	อุ๊ย
อู่	46082	อู่
เกลื่อน	46081	เกลื่อน
เกื้อกูล	46080	เกื้อกูล
เครื่องราช	46079	เครื่องราช
เคาะ	46078	เคาะ
เชษฐา	46077	เชษฐา
เมาะ	46076	เมาะ
เหน็บ	46075	เหน็บ
เอาเรื่อง	46074	เอาเรื่อง
แผนภูมิ	46073	แผนภูมิ
โลดเต้น	46072	โลดเต้น
ได้ที	46071	ได้ที
ได้สติ	46070	ได้สติ
กระเทียม	46069	กระเทียม
ก๋วยเตี๋ยว	46068	ก๋วยเตี๋ยว
ขจัด	46067	ขจัด
คั่น	46066	คั่น
จักรี	46065	จักรี
จูบ	46064	จูบ
ชิม	46063	ชิม
ซิ้ม	46062	ซิ้ม
ดำน้ำ	46061	ดำน้ำ
ตรวจตรา	46060	ตรวจตรา
ทะนาน	46059	ทะนาน
ทางเข้า	46058	ทางเข้า
ทารก	46057	ทารก
ทำตา	46056	ทำตา
ทำโทษ	46055	ทำโทษ
ธนบัตร	46054	ธนบัตร
ธุลี	46053	ธุลี
นับแต่	46052	นับแต่
นายจ้าง	46051	นายจ้าง
บด	46050	บด
ปวารณา	46049	ปวารณา
ปี่พาทย์	46048	ปี่พาทย์
ปุ่ม	46047	ปุ่ม
ผจญ	46046	ผจญ
ผลิตภัณฑ์	46045	ผลิตภัณฑ์
พุทธศักราช	46044	พุทธศักราช
ยัน	46043	ยัน
ย่น	46042	ย่น
รื่น	46041	รื่น
ลองดู	46040	ลองดู
ลับหลัง	46039	ลับหลัง
วิญญาณ	46038	วิญญาณ
วุ่น	46037	วุ่น
สากล	46036	สากล
หด	46035	หด
หน้าร้าน	46034	หน้าร้าน
หวาดหวั่น	46033	หวาดหวั่น
อย่างไรๆ	46032	อย่างไรๆ
ออมสิน	46031	ออมสิน
อักษรกลาง	46030	อักษรกลาง
เกลี้ยง	46029	เกลี้ยง
เขิน	46028	เขิน
เครื่องยนต์	46027	เครื่องยนต์
เชิดชู	46026	เชิดชู
เชี่ยวชาญ	46025	เชี่ยวชาญ
เตียน	46024	เตียน
เพชรบุรี	46023	เพชรบุรี
เมษายน	46022	เมษายน
เลียบ	46021	เลียบ
เล็ง	46020	เล็ง
เหมือนเดิม	46019	เหมือนเดิม
โศกเศร้า	46018	โศกเศร้า
ขนบธรรมเนียม	46017	ขนบธรรมเนียม
ขนาน	46016	ขนาน
ของดี	46015	ของดี
คนร้าย	46014	คนร้าย
ค่าใช้จ่าย	46013	ค่าใช้จ่าย
งิ้ว	46012	งิ้ว
ชักจูง	46011	ชักจูง
ชื่นบาน	46010	ชื่นบาน
ซะ	46009	ซะ
ตริตรอง	46008	ตริตรอง
ถอยหลัง	46007	ถอยหลัง
ถาด	46006	ถาด
ทดสอบ	46005	ทดสอบ
ผจญภัย	46004	ผจญภัย
พระราชวงศ์	46003	พระราชวงศ์
พระเกียรติ	46002	พระเกียรติ
พากเพียร	46001	พากเพียร
ภูมิปัญญา	46000	ภูมิปัญญา
มาน	45999	มาน
ย่อท้อ	45998	ย่อท้อ
รอดพ้น	45997	รอดพ้น
ราบเรียบ	45996	ราบเรียบ
รุ	45995	รุ
รู้เห็น	45994	รู้เห็น
ร้อยละ	45993	ร้อยละ
ลอก	45992	ลอก
ลาม	45991	ลาม
ลืมตัว	45990	ลืมตัว
ลูกปลา	45989	ลูกปลา
ล้อมรอบ	45988	ล้อมรอบ
วิถีชีวิต	45987	วิถีชีวิต
ศิลปิน	45986	ศิลปิน
สมเด็จพระสังฆราช	45985	สมเด็จพระสังฆราช
หมุนเวียน	45984	หมุนเวียน
หวาด	45983	หวาด
หั่น	45982	หั่น
อยู่ๆ	45981	อยู่ๆ
อั๊ว	45980	อั๊ว
อู	45979	อู
อ้อย	45978	อ้อย
เสนอแนะ	45977	เสนอแนะ
เสมอหน้า	45976	เสมอหน้า
เหย้า	45975	เหย้า
ใจร้าย	45974	ใจร้าย
กระจัด	45973	กระจัด
กระบุง	45972	กระบุง
ขมขื่น	45971	ขมขื่น
คุกเข่า	45970	คุกเข่า
จุ	45969	จุ
ดีเด่น	45968	ดีเด่น
ทรวง	45967	ทรวง
ทำขวัญ	45966	ทำขวัญ
ที่ๆ	45965	ที่ๆ
ท่วงที	45964	ท่วงที
นักรบ	45963	นักรบ
น้ำอบ	45962	น้ำอบ
ปม	45961	ปม
ประถม	45960	ประถม
ผลาญ	45959	ผลาญ
ผุด	45958	ผุด
พงศ์	45957	พงศ์
พระอาจารย์	45956	พระอาจารย์
พฤศจิกายน	45955	พฤศจิกายน
ภักดี	45954	ภักดี
ภาพพจน์	45953	ภาพพจน์
ยาสูบ	45952	ยาสูบ
รูปภาพ	45951	รูปภาพ
ร่า	45950	ร่า
วันๆ	45949	วันๆ
สมุทร	45948	สมุทร
สายน้ำ	45947	สายน้ำ
หรู	45946	หรู
หล้า	45945	หล้า
อร่าม	45944	อร่าม
เขย่า	45943	เขย่า
เจี๊ยบ	45942	เจี๊ยบ
เฉียง	45941	เฉียง
เทพยดา	45940	เทพยดา
เนื้อสัตว์	45939	เนื้อสัตว์
เป็นได้	45938	เป็นได้
เป้า	45937	เป้า
แทะ	45936	แทะ
แบน	45935	แบน
แม่เลี้ยง	45934	แม่เลี้ยง
แยบคาย	45933	แยบคาย
แส	45932	แส
โบกมือ	45931	โบกมือ
ไกร	45930	ไกร
กงจักร	45929	กงจักร
กระจาด	45928	กระจาด
กุม	45927	กุม
กุ๊ก	45926	กุ๊ก
ขออภัย	45925	ขออภัย
ขาดแคลน	45924	ขาดแคลน
คดโกง	45923	คดโกง
ครอบคลุม	45922	ครอบคลุม
งามๆ	45921	งามๆ
ฉีด	45920	ฉีด
ฉ่ำ	45919	ฉ่ำ
ชอุ่ม	45918	ชอุ่ม
ตอม	45917	ตอม
ถาง	45916	ถาง
บรรพต	45915	บรรพต
ผู้ช่วย	45914	ผู้ช่วย
ผ่องใส	45913	ผ่องใส
ฝัก	45912	ฝัก
พรวน	45911	พรวน
พร้อมหน้า	45910	พร้อมหน้า
พร้อมใจ	45909	พร้อมใจ
พลาย	45908	พลาย
พุทธศาสนา	45907	พุทธศาสนา
ฟ้าผ่า	45906	ฟ้าผ่า
มาลา	45905	มาลา
ร้อนๆ	45904	ร้อนๆ
ลูกตา	45903	ลูกตา
ล่ม	45902	ล่ม
วิจารณญาณ	45901	วิจารณญาณ
วิจิตร	45900	วิจิตร
สง	45899	สง
สันดาน	45898	สันดาน
หน้าไม้	45897	หน้าไม้
หวั่นไหว	45896	หวั่นไหว
อลหม่าน	45895	อลหม่าน
อวกาศ	45894	อวกาศ
ฮา	45893	ฮา
เกลียดชัง	45892	เกลียดชัง
เกล็ด	45891	เกล็ด
เถ้า	45890	เถ้า
เนินเขา	45889	เนินเขา
เมื่อตะกี้	45888	เมื่อตะกี้
แจ่ว	45887	แจ่ว
แตร	45886	แตร
โยง	45885	โยง
ในหลวง	45884	ในหลวง
ใฝ่ฝัน	45883	ใฝ่ฝัน
ไว้วางใจ	45882	ไว้วางใจ
กระเทือน	45881	กระเทือน
กรุงเก่า	45880	กรุงเก่า
กรู	45879	กรู
กลางคน	45878	กลางคน
ขมวด	45877	ขมวด
คุณงาม	45876	คุณงาม
จิบ	45875	จิบ
ตั้งหน้า	45874	ตั้งหน้า
ทรุดโทรม	45873	ทรุดโทรม
ทอดแห	45872	ทอดแห
ทางออก	45871	ทางออก
ธรรม์	45870	ธรรม์
นับตั้งแต่	45869	นับตั้งแต่
บุษบา	45868	บุษบา
ปกคลุม	45867	ปกคลุม
ปฏิสังขรณ์	45866	ปฏิสังขรณ์
ปรากฏการณ์	45865	ปรากฏการณ์
ผลผลิต	45864	ผลผลิต
พก	45863	พก
พอๆ	45862	พอๆ
พิลึก	45861	พิลึก
ภา	45860	ภา
มดแดง	45859	มดแดง
มัธยม	45858	มัธยม
ระบาย	45857	ระบาย
สอดแทรก	45856	สอดแทรก
อาภรณ์	45855	อาภรณ์
อุปนิสัย	45854	อุปนิสัย
เครื่องคอมพิวเตอร์	45853	เครื่องคอมพิวเตอร์
เช้ามืด	45852	เช้ามืด
เบื้องบน	45851	เบื้องบน
เลขานุการ	45850	เลขานุการ
เส้นด้าย	45849	เส้นด้าย
แว่นตา	45848	แว่นตา
โก่ง	45847	โก่ง
โบย	45846	โบย
ใช้งาน	45845	ใช้งาน
ให้อภัย	45844	ให้อภัย
การณ์	45843	การณ์
การ์ตูน	45842	การ์ตูน
ขอด	45841	ขอด
ขึ้นๆ	45840	ขึ้นๆ
ครอบครอง	45839	ครอบครอง
คร่ำครวญ	45838	คร่ำครวญ
ค่าง	45837	ค่าง
ค่าจ้าง	45836	ค่าจ้าง
งับ	45835	งับ
ชุบเลี้ยง	45834	ชุบเลี้ยง
ดาวหาง	45833	ดาวหาง
ด้อย	45832	ด้อย
ทรพี	45831	ทรพี
ทาสี	45830	ทาสี
ทิว	45829	ทิว
นอบน้อม	45828	นอบน้อม
บัน	45827	บัน
บำเหน็จ	45826	บำเหน็จ
ปราชญ์	45825	ปราชญ์
ผิวพรรณ	45824	ผิวพรรณ
พรรคพวก	45823	พรรคพวก
พลั้ง	45822	พลั้ง
พังเพย	45821	พังเพย
พินาศ	45820	พินาศ
พึ่งพา	45819	พึ่งพา
ภายใต้	45818	ภายใต้
มหัศจรรย์	45817	มหัศจรรย์
มหาดไทย	45816	มหาดไทย
ยั่งยืน	45815	ยั่งยืน
ระแวง	45814	ระแวง
รื่นรมย์	45813	รื่นรมย์
ลิ้นชัก	45812	ลิ้นชัก
วาบ	45811	วาบ
สมทบ	45810	สมทบ
สังหาร	45809	สังหาร
สัจ	45808	สัจ
หว่า	45807	หว่า
หอน	45806	หอน
อนามัย	45805	อนามัย
อักขรวิธี	45804	อักขรวิธี
อักษรต่ำ	45803	อักษรต่ำ
อัด	45802	อัด
อิ่มหนำ	45801	อิ่มหนำ
เกือก	45800	เกือก
เจียว	45799	เจียว
เจ้าพ่อ	45798	เจ้าพ่อ
เทพธิดา	45797	เทพธิดา
เทวรูป	45796	เทวรูป
เสียเถอะ	45795	เสียเถอะ
เอ๊ย	45794	เอ๊ย
แผนผัง	45793	แผนผัง
แยกแยะ	45792	แยกแยะ
แรกๆ	45791	แรกๆ
ไวยากรณ์	45790	ไวยากรณ์
กรกฎาคม	45789	กรกฎาคม
กวด	45788	กวด
กัก	45787	กัก
กำลังกาย	45786	กำลังกาย
ขายหน้า	45785	ขายหน้า
ขูด	45784	ขูด
ครวญคราง	45783	ครวญคราง
ครอบ	45782	ครอบ
ครัน	45781	ครัน
คำบอกเล่า	45780	คำบอกเล่า
งบประมาณ	45779	งบประมาณ
งูเหลือม	45778	งูเหลือม
จดหมายเหตุ	45777	จดหมายเหตุ
จันทน์	45776	จันทน์
ชั่วร้าย	45775	ชั่วร้าย
ซิ่น	45774	ซิ่น
ดัด	45773	ดัด
ดาดฟ้า	45772	ดาดฟ้า
ดินสอพอง	45771	ดินสอพอง
ถลา	45770	ถลา
ทั้งคน	45769	ทั้งคน
ทำนุบำรุง	45768	ทำนุบำรุง
บาดแผล	45767	บาดแผล
ประกัน	45766	ประกัน
ปลิด	45765	ปลิด
ผู้จัดการ	45764	ผู้จัดการ
พลัดพราก	45763	พลัดพราก
พารา	45762	พารา
พ่ายแพ้	45761	พ่ายแพ้
มาลี	45760	มาลี
รอยยิ้ม	45759	รอยยิ้ม
รัชสมัย	45758	รัชสมัย
รับทราบ	45757	รับทราบ
ลิ	45756	ลิ
วรรณะ	45755	วรรณะ
วายร้าย	45754	วายร้าย
ศาสดา	45753	ศาสดา
สัง	45752	สัง
สาบ	45751	สาบ
สุม	45750	สุม
สุวรรณ	45749	สุวรรณ
หงาย	45748	หงาย
หน่อไม้	45747	หน่อไม้
หยอด	45746	หยอด
อาตมา	45745	อาตมา
อือ	45744	อือ
เทศ	45743	เทศ
เป็นไป	45742	เป็นไป
เพียงนั้น	45741	เพียงนั้น
เยือกเย็น	45740	เยือกเย็น
เล่ห์	45739	เล่ห์
เวสสันดร	45738	เวสสันดร
เอเชีย	45737	เอเชีย
แตง	45736	แตง
แน่ชัด	45735	แน่ชัด
แน่วแน่	45734	แน่วแน่
โคก	45733	โคก
โคม	45732	โคม
ไข่มุก	45731	ไข่มุก
ได้เปรียบ	45730	ได้เปรียบ
ไถล	45729	ไถล
ไฟฉาย	45728	ไฟฉาย
คนๆ	45727	คนๆ
ครก	45726	ครก
ครองเรือน	45725	ครองเรือน
คึกคัก	45724	คึกคัก
จูงมือ	45723	จูงมือ
ตาบอด	45722	ตาบอด
ถีบ	45721	ถีบ
ทะเลสาบ	45720	ทะเลสาบ
ทานตะวัน	45719	ทานตะวัน
ธันวาคม	45718	ธันวาคม
นอ	45717	นอ
นิพพาน	45716	นิพพาน
ปฏิกิริยา	45715	ปฏิกิริยา
ปรนนิบัติ	45714	ปรนนิบัติ
ประคุณ	45713	ประคุณ
พระราชหฤทัย	45712	พระราชหฤทัย
พรุ	45711	พรุ
พิกล	45710	พิกล
พิกุล	45709	พิกุล
มนตรี	45708	มนตรี
มาด	45707	มาด
ยาวนาน	45706	ยาวนาน
ราชบัณฑิตยสถาน	45705	ราชบัณฑิตยสถาน
วรรณศิลป์	45704	วรรณศิลป์
วิวาห์	45703	วิวาห์
สรร	45702	สรร
สักการะ	45701	สักการะ
สำเพ็ง	45700	สำเพ็ง
หงุดหงิด	45699	หงุดหงิด
หนังตะลุง	45698	หนังตะลุง
หยอก	45697	หยอก
หวด	45696	หวด
หวั่น	45695	หวั่น
หว่าน	45694	หว่าน
หัวร่อ	45693	หัวร่อ
อวย	45692	อวย
อีฉัน	45691	อีฉัน
เข้าข้าง	45690	เข้าข้าง
เครา	45689	เครา
เจ้าพนักงาน	45688	เจ้าพนักงาน
เฉพาะตัว	45687	เฉพาะตัว
เตี้ยๆ	45686	เตี้ยๆ
เสียด	45685	เสียด
เหว	45684	เหว
เหวี่ยง	45683	เหวี่ยง
แอ่งน้ำ	45682	แอ่งน้ำ
โกน	45681	โกน
โทสะ	45680	โทสะ
โอสถ	45679	โอสถ
กบฏ	45678	กบฏ
กรรไกร	45677	กรรไกร
กระทั่ง	45676	กระทั่ง
กราว	45675	กราว
กล่าวหา	45674	กล่าวหา
ขมิ้น	45673	ขมิ้น
ขรรค์	45672	ขรรค์
ครู่ใหญ่	45671	ครู่ใหญ่
คั่ว	45670	คั่ว
คาม	45669	คาม
คุ้มค่า	45668	คุ้มค่า
ชอบพอ	45667	ชอบพอ
ชะตา	45666	ชะตา
ดึกดำบรรพ์	45665	ดึกดำบรรพ์
ตอบสนอง	45664	ตอบสนอง
ต่อรอง	45663	ต่อรอง
ถือโอกาส	45662	ถือโอกาส
ทว่า	45661	ทว่า
ท้องที่	45660	ท้องที่
นิตยสาร	45659	นิตยสาร
นิมนต์	45658	นิมนต์
นิ่งๆ	45657	นิ่งๆ
บึ้ง	45656	บึ้ง
ประดา	45655	ประดา
ประมวล	45654	ประมวล
ปราบปราม	45653	ปราบปราม
ปอง	45652	ปอง
ปัน	45651	ปัน
ปีกลาย	45650	ปีกลาย
ผุ	45649	ผุ
พระราชดำริ	45648	พระราชดำริ
พิภพ	45647	พิภพ
มิด	45646	มิด
ยู่	45645	ยู่
รถจักรยาน	45644	รถจักรยาน
รองรับ	45643	รองรับ
รังนก	45642	รังนก
ฤดูกาล	45641	ฤดูกาล
ละเว้น	45640	ละเว้น
ศีลธรรม	45639	ศีลธรรม
สดๆ	45638	สดๆ
หลานๆ	45637	หลานๆ
หวาดกลัว	45636	หวาดกลัว
หาร	45635	หาร
อับอาย	45634	อับอาย
อิเล็กทรอนิกส์	45633	อิเล็กทรอนิกส์
อุดมคติ	45632	อุดมคติ
อเมริกัน	45631	อเมริกัน
เกี้ยว	45630	เกี้ยว
เขียง	45629	เขียง
เขียด	45628	เขียด
เชื่อมโยง	45627	เชื่อมโยง
เณร	45626	เณร
เลือน	45625	เลือน
เล่นหัว	45624	เล่นหัว
เสร็จสิ้น	45623	เสร็จสิ้น
แข็งขัน	45622	แข็งขัน
แท้ที่จริง	45621	แท้ที่จริง
กรอง	45620	กรอง
กระชาก	45619	กระชาก
กระดุกกระดิก	45618	กระดุกกระดิก
กรีด	45617	กรีด
กว้างๆ	45616	กว้างๆ
กินรี	45615	กินรี
ขาก	45614	ขาก
คนตาย	45613	คนตาย
คลี่	45612	คลี่
คัมภีร์	45611	คัมภีร์
คิดค้น	45610	คิดค้น
คู่ครอง	45609	คู่ครอง
จดจ่อ	45608	จดจ่อ
จากนี้	45607	จากนี้
จำเพาะ	45606	จำเพาะ
ชายทะเล	45605	ชายทะเล
ชุกชุม	45604	ชุกชุม
ติดขัด	45603	ติดขัด
ถ่ายรูป	45602	ถ่ายรูป
ทองกวาว	45601	ทองกวาว
ทิฐิ	45600	ทิฐิ
ธงชาติ	45599	ธงชาติ
นักท่องเที่ยว	45598	นักท่องเที่ยว
ปอบ	45597	ปอบ
ปัง	45596	ปัง
ปากน้ำ	45595	ปากน้ำ
ปีเศษ	45594	ปีเศษ
ปุโรหิต	45593	ปุโรหิต
ฝี	45592	ฝี
พระเจ้าบรมวงศ์เธอ	45591	พระเจ้าบรมวงศ์เธอ
พร้อมเพรียง	45590	พร้อมเพรียง
พฤษภาคม	45589	พฤษภาคม
พลังงาน	45588	พลังงาน
มงกุฎ	45587	มงกุฎ
มุด	45586	มุด
รอดชีวิต	45585	รอดชีวิต
ราชบัณฑิต	45584	ราชบัณฑิต
ร้อนรน	45583	ร้อนรน
ละอาย	45582	ละอาย
ลับตา	45581	ลับตา
วกวน	45580	วกวน
วิมาน	45579	วิมาน
สภา	45578	สภา
สลัก	45577	สลัก
สวามี	45576	สวามี
สีสัน	45575	สีสัน
หน้าผา	45574	หน้าผา
หฤทัย	45573	หฤทัย
หลงใหล	45572	หลงใหล
หลักแหลม	45571	หลักแหลม
หัวแม่มือ	45570	หัวแม่มือ
หุ่นยนต์	45569	หุ่นยนต์
อุดมการณ์	45568	อุดมการณ์
เด่นชัด	45567	เด่นชัด
เบือน	45566	เบือน
เย้า	45565	เย้า
เลือกสรร	45564	เลือกสรร
เล็ม	45563	เล็ม
เล่นคำ	45562	เล่นคำ
เสียว	45561	เสียว
เหลา	45560	เหลา
เหี่ยว	45559	เหี่ยว
แกลง	45558	แกลง
แขวง	45557	แขวง
แต้ม	45556	แต้ม
แบ่งปัน	45555	แบ่งปัน
แฟน	45554	แฟน
แม่เจ้า	45553	แม่เจ้า
แหย่	45552	แหย่
โฆษณาชวนเชื่อ	45551	โฆษณาชวนเชื่อ
ไชโย	45550	ไชโย
กระดาก	45549	กระดาก
กระตือรือร้น	45548	กระตือรือร้น
กระทู้	45547	กระทู้
กวีนิพนธ์	45546	กวีนิพนธ์
กันยายน	45545	กันยายน
กำมือ	45544	กำมือ
ครุ่นคิด	45543	ครุ่นคิด
คร้าน	45542	คร้าน
คลำ	45541	คลำ
งอบ	45540	งอบ
จาง	45539	จาง
จำใจ	45538	จำใจ
ฉิบหาย	45537	ฉิบหาย
ชนชาติ	45536	ชนชาติ
ชำรุด	45535	ชำรุด
ช้างเผือก	45534	ช้างเผือก
ดูเถิด	45533	ดูเถิด
ตะเกียกตะกาย	45532	ตะเกียกตะกาย
ตะเกียง	45531	ตะเกียง
ประชด	45530	ประชด
ประทีป	45529	ประทีป
ประทุษร้าย	45528	ประทุษร้าย
ผละ	45527	ผละ
พระเชตุพน	45526	พระเชตุพน
พรายน้ำ	45525	พรายน้ำ
พี	45524	พี
พู	45523	พู
มีชัย	45522	มีชัย
ยำเกรง	45521	ยำเกรง
ระบำ	45520	ระบำ
รายชื่อ	45519	รายชื่อ
ริมทาง	45518	ริมทาง
ลูกคิด	45517	ลูกคิด
วันพระ	45516	วันพระ
วิถี	45515	วิถี
สะกิด	45514	สะกิด
สัมผัสสระ	45513	สัมผัสสระ
หนาแน่น	45512	หนาแน่น
หน้าซีด	45511	หน้าซีด
หมึก	45510	หมึก
อับ	45509	อับ
อานุภาพ	45508	อานุภาพ
อ่าง	45507	อ่าง
เข็ญ	45506	เข็ญ
เตย	45505	เตย
เพลีย	45504	เพลีย
เสนาะ	45503	เสนาะ
เสียเถิด	45502	เสียเถิด
โดยมาก	45501	โดยมาก
โน้ม	45500	โน้ม
ใหญ่หลวง	45499	ใหญ่หลวง
กระเบื้อง	45498	กระเบื้อง
กันดาร	45497	กันดาร
กำปั้น	45496	กำปั้น
ขรึม	45495	ขรึม
ของเก่า	45494	ของเก่า
คนกลาง	45493	คนกลาง
คริสตัง	45492	คริสตัง
จับจ่าย	45491	จับจ่าย
ชนก	45490	ชนก
ตัวดี	45489	ตัวดี
ถอนใจใหญ่	45488	ถอนใจใหญ่
ทีท่า	45487	ทีท่า
ท่วงทำนอง	45486	ท่วงทำนอง
ท่อ	45485	ท่อ
นามธรรม	45484	นามธรรม
บิ	45483	บิ
บ๊อกเซ่อร์	45482	บ๊อกเซ่อร์
ปรองดอง	45481	ปรองดอง
ปอนด์	45480	ปอนด์
ผึ่ง	45479	ผึ่ง
พิชัย	45478	พิชัย
มาณพ	45477	มาณพ
มิตรสหาย	45476	มิตรสหาย
ยอดเยี่ยม	45475	ยอดเยี่ยม
ยาเสพติด	45474	ยาเสพติด
รีรอ	45473	รีรอ
หมัก	45472	หมัก
หรูหรา	45471	หรูหรา
หาว	45470	หาว
อภิเษก	45469	อภิเษก
อัง	45468	อัง
อัชฌาสัย	45467	อัชฌาสัย
เชี่ยนหมาก	45466	เชี่ยนหมาก
เซนติเมตร	45465	เซนติเมตร
เตร่	45464	เตร่
เผ็ด	45463	เผ็ด
แกว	45462	แกว
แก่ๆ	45461	แก่ๆ
แว่นแคว้น	45460	แว่นแคว้น
โชก	45459	โชก
ไปรษณียบัตร	45458	ไปรษณียบัตร
ไพศาล	45457	ไพศาล
ไส	45456	ไส
กระจายเสียง	45455	กระจายเสียง
กวดขัน	45454	กวดขัน
กัณฑ์	45453	กัณฑ์
กุฏิ	45452	กุฏิ
ขจี	45451	ขจี
ขัดเคือง	45450	ขัดเคือง
คมนาคม	45449	คมนาคม
คอน	45448	คอน
คาดคะเน	45447	คาดคะเน
จัดตั้ง	45446	จัดตั้ง
จูงใจ	45445	จูงใจ
ชาวไร่	45444	ชาวไร่
ซื้อขาย	45443	ซื้อขาย
ตระหนก	45442	ตระหนก
ตั้งท่า	45441	ตั้งท่า
ตุลาคม	45440	ตุลาคม
ตู่	45439	ตู่
ทอดทิ้ง	45438	ทอดทิ้ง
นกกระจอก	45437	นกกระจอก
บรรจบ	45436	บรรจบ
บรรลัย	45435	บรรลัย
ประจบ	45434	ประจบ
ปลอบใจ	45433	ปลอบใจ
ปวง	45432	ปวง
ปีติ	45431	ปีติ
ภาคภูมิ	45430	ภาคภูมิ
มั่งคั่ง	45429	มั่งคั่ง
ราชอาณาจักร	45428	ราชอาณาจักร
ราชโองการ	45427	ราชโองการ
ราหู	45426	ราหู
ลิ่ว	45425	ลิ่ว
ล่อลวง	45424	ล่อลวง
วงเล็บ	45423	วงเล็บ
ว้าเหว่	45422	ว้าเหว่
สบถ	45421	สบถ
สายลม	45420	สายลม
สาวก	45419	สาวก
สืบเนื่อง	45418	สืบเนื่อง
สูงอายุ	45417	สูงอายุ
หมัด	45416	หมัด
หิ้ง	45415	หิ้ง
ห้วง	45414	ห้วง
อิริยาบถ	45413	อิริยาบถ
ฮึ	45412	ฮึ
เกลือก	45411	เกลือก
เกษตรกรรม	45410	เกษตรกรรม
เขี่ย	45409	เขี่ย
เคร่งเครียด	45408	เคร่งเครียด
เค้าโครง	45407	เค้าโครง
เจ้าหนู	45406	เจ้าหนู
เช็ดน้ำ	45405	เช็ดน้ำ
เปลวไฟ	45404	เปลวไฟ
เย็นๆ	45403	เย็นๆ
เสียหลาย	45402	เสียหลาย
แปร	45401	แปร
โถง	45400	โถง
ไคล	45399	ไคล
กระแทก	45398	กระแทก
กิโลกรัม	45397	กิโลกรัม
กีดขวาง	45396	กีดขวาง
กี้	45395	กี้
ก้อ	45394	ก้อ
คริสต์	45393	คริสต์
ครึกครื้น	45392	ครึกครื้น
คอบ	45391	คอบ
จอมปลวก	45390	จอมปลวก
จ่ายตลาด	45389	จ่ายตลาด
ชุ่มชื้น	45388	ชุ่มชื้น
ซุบซิบ	45387	ซุบซิบ
ด่าง	45386	ด่าง
ตกปลา	45385	ตกปลา
ตักกศิลา	45384	ตักกศิลา
ตามๆ	45383	ตามๆ
ทัด	45382	ทัด
นักบวช	45381	นักบวช
นิทรรศการ	45380	นิทรรศการ
นึกออก	45379	นึกออก
บางๆ	45378	บางๆ
ปลาดุก	45377	ปลาดุก
ปลูกฝี	45376	ปลูกฝี
ผิดๆ	45375	ผิดๆ
ผ่านพ้น	45374	ผ่านพ้น
ภู่	45373	ภู่
มลายู	45372	มลายู
มาศ	45371	มาศ
ราบรื่น	45370	ราบรื่น
ละทิ้ง	45369	ละทิ้ง
ศึกษาธิการ	45368	ศึกษาธิการ
สมเหตุสมผล	45367	สมเหตุสมผล
สรวล	45366	สรวล
สะท้าน	45365	สะท้าน
สัมผัสใน	45364	สัมผัสใน
หมันหยา	45363	หมันหยา
หลั่ง	45362	หลั่ง
หาม	45361	หาม
อมรรัตน์	45360	อมรรัตน์
อยุติธรรม	45359	อยุติธรรม
อาณา	45358	อาณา
อาณาจักร	45357	อาณาจักร
อินทรี	45356	อินทรี
เชิ้ต	45355	เชิ้ต
เถา	45354	เถา
เนื้อตัว	45353	เนื้อตัว
เป็นต้นมา	45352	เป็นต้นมา
เพ	45351	เพ
เมล์	45350	เมล์
แกว่น	45349	แกว่น
แจ่มชัด	45348	แจ่มชัด
แสงจันทร์	45347	แสงจันทร์
โฉบ	45346	โฉบ
โบกขรณี	45345	โบกขรณี
ไส้กรอก	45344	ไส้กรอก
กาญจนบุรี	45343	กาญจนบุรี
กำปั่น	45342	กำปั่น
กึกก้อง	45341	กึกก้อง
กุมภาพันธ์	45340	กุมภาพันธ์
ขอทาน	45339	ขอทาน
ขับขี่	45338	ขับขี่
ขากลับ	45337	ขากลับ
คดเคี้ยว	45336	คดเคี้ยว
คบหา	45335	คบหา
ครอบงำ	45334	ครอบงำ
คับขัน	45333	คับขัน
คุ	45332	คุ
ค้นพบ	45331	ค้นพบ
จงรัก	45330	จงรัก
จอบ	45329	จอบ
จัดหา	45328	จัดหา
จันทบุรี	45327	จันทบุรี
จับตา	45326	จับตา
ชั่วขณะ	45325	ชั่วขณะ
ดินเหนียว	45324	ดินเหนียว
ดึงดูด	45323	ดึงดูด
ด้วน	45322	ด้วน
ตระเวน	45321	ตระเวน
ตะกั่ว	45320	ตะกั่ว
ตัง	45319	ตัง
ตำรับ	45318	ตำรับ
ต่อต้าน	45317	ต่อต้าน
ถมไป	45316	ถมไป
ทั่วถึง	45315	ทั่วถึง
นอกชาน	45314	นอกชาน
บุรี	45313	บุรี
บ่ง	45312	บ่ง
ประชวร	45311	ประชวร
ประปา	45310	ประปา
ปริศนา	45309	ปริศนา
ปิดปาก	45308	ปิดปาก
ป่น	45307	ป่น
ผิวหนัง	45306	ผิวหนัง
ฝาแฝด	45305	ฝาแฝด
พยากรณ์	45304	พยากรณ์
พระเนตร	45303	พระเนตร
พึงพอใจ	45302	พึงพอใจ
ย้อนกลับ	45301	ย้อนกลับ
รังผึ้ง	45300	รังผึ้ง
รัดกุม	45299	รัดกุม
ราษฎร์	45298	ราษฎร์
รุ่งโรจน์	45297	รุ่งโรจน์
ลอนดอน	45296	ลอนดอน
ลอยกระทง	45295	ลอยกระทง
ละเลย	45294	ละเลย
ลิบ	45293	ลิบ
วิตามิน	45292	วิตามิน
ศักดินา	45291	ศักดินา
สะดุด	45290	สะดุด
สัจจะ	45289	สัจจะ
สี่เหลี่ยม	45288	สี่เหลี่ยม
สูตร	45287	สูตร
หนำซ้ำ	45286	หนำซ้ำ
หยัน	45285	หยัน
อาเจียน	45284	อาเจียน
อินทรีย์	45283	อินทรีย์
เก็บเกี่ยว	45282	เก็บเกี่ยว
เครื่องดนตรี	45281	เครื่องดนตรี
เงื่อน	45280	เงื่อน
เปลื้อง	45279	เปลื้อง
เผง	45278	เผง
เลือกตั้ง	45277	เลือกตั้ง
เสด็จพระราชดำเนิน	45276	เสด็จพระราชดำเนิน
เห่เรือ	45275	เห่เรือ
เฮฮา	45274	เฮฮา
แดงๆ	45273	แดงๆ
โวนุง	45272	โวนุง
ไอน้ำ	45271	ไอน้ำ
กติกา	45270	กติกา
กระสอบ	45269	กระสอบ
กะปิ	45268	กะปิ
กาบ	45267	กาบ
ขรุขระ	45266	ขรุขระ
ขัดคอ	45265	ขัดคอ
คติชาวบ้าน	45264	คติชาวบ้าน
คลาดเคลื่อน	45263	คลาดเคลื่อน
คุณวุฒิ	45262	คุณวุฒิ
ฉับพลัน	45261	ฉับพลัน
ช้ำ	45260	ช้ำ
ดวงตะวัน	45259	ดวงตะวัน
ถึงกัน	45258	ถึงกัน
ทุ่น	45257	ทุ่น
นาก	45256	นาก
นิ่งเฉย	45255	นิ่งเฉย
น้ำดื่ม	45254	น้ำดื่ม
บทร้อง	45253	บทร้อง
บังคม	45252	บังคม
บั้งไฟ	45251	บั้งไฟ
ประชิด	45250	ประชิด
ปรัชญา	45249	ปรัชญา
ปลอก	45248	ปลอก
ปลอดโปร่ง	45247	ปลอดโปร่ง
ปอด	45246	ปอด
ปิ้ง	45245	ปิ้ง
ผสมผสาน	45244	ผสมผสาน
ผู้สอน	45243	ผู้สอน
พระคัมภีร์	45242	พระคัมภีร์
พระดำริ	45241	พระดำริ
พรั่น	45240	พรั่น
พอกัน	45239	พอกัน
พิธีกรรม	45238	พิธีกรรม
ภพ	45237	ภพ
ยล	45236	ยล
ยัด	45235	ยัด
ยิ้มเยาะ	45234	ยิ้มเยาะ
ย่อๆ	45233	ย่อๆ
รอน	45232	รอน
ลุกลาม	45231	ลุกลาม
ล้นพ้น	45230	ล้นพ้น
วี	45229	วี
สมอ	45228	สมอ
สักวา	45227	สักวา
สำ	45226	สำ
หล่ม	45225	หล่ม
หัวค่ำ	45224	หัวค่ำ
ออกพรรษา	45223	ออกพรรษา
อัญประกาศ	45222	อัญประกาศ
อาวรณ์	45221	อาวรณ์
เจียม	45220	เจียม
เชี่ยว	45219	เชี่ยว
เชื่อง	45218	เชื่อง
เต้นรำ	45217	เต้นรำ
เปื่อย	45216	เปื่อย
เสือดำ	45215	เสือดำ
เอาเถิด	45214	เอาเถิด
แขนง	45213	แขนง
แร้ว	45212	แร้ว
โกย	45211	โกย
โอชา	45210	โอชา
ไชย	45209	ไชย
กระด้ง	45208	กระด้ง
กายา	45207	กายา
ขอน	45206	ขอน
ขาวๆ	45205	ขาวๆ
ข้าหลวง	45204	ข้าหลวง
คับคั่ง	45203	คับคั่ง
ค่าเช่า	45202	ค่าเช่า
จอก	45201	จอก
จีบ	45200	จีบ
จืด	45199	จืด
จุดอ่อน	45198	จุดอ่อน
ชั้นใน	45197	ชั้นใน
ดอน	45196	ดอน
ตระ	45195	ตระ
ตระหง่าน	45194	ตระหง่าน
ตายตัว	45193	ตายตัว
ถี่	45192	ถี่
ทักท้วง	45191	ทักท้วง
ทำบาป	45190	ทำบาป
นกแก้ว	45189	นกแก้ว
นครราชสีมา	45188	นครราชสีมา
นอง	45187	นอง
นาถ	45186	นาถ
น่ารำคาญ	45185	น่ารำคาญ
น้ำหอม	45184	น้ำหอม
บายศรี	45183	บายศรี
บ่าง	45182	บ่าง
บ้านช่อง	45181	บ้านช่อง
ประมง	45180	ประมง
ปลอด	45179	ปลอด
ปลัด	45178	ปลัด
ปลายทาง	45177	ปลายทาง
ปิดบัง	45176	ปิดบัง
ผู้ตัดสิน	45175	ผู้ตัดสิน
มาตรว่า	45174	มาตรว่า
มิตรภาพ	45173	มิตรภาพ
มุข	45172	มุข
มุ่งหน้า	45171	มุ่งหน้า
ระทม	45170	ระทม
รายวัน	45169	รายวัน
วังเวง	45168	วังเวง
ว่างเปล่า	45167	ว่างเปล่า
ศิลปวิทยา	45166	ศิลปวิทยา
สมัครใจ	45165	สมัครใจ
สลัว	45164	สลัว
สัมพันธภาพ	45163	สัมพันธภาพ
หยั่ง	45162	หยั่ง
อบอ้าว	45161	อบอ้าว
อมยิ้ม	45160	อมยิ้ม
เกรงขาม	45159	เกรงขาม
เต้า	45158	เต้า
เนื่องด้วย	45157	เนื่องด้วย
เปรอะ	45156	เปรอะ
เปรี้ยว	45155	เปรี้ยว
เลขที่	45154	เลขที่
เลน	45153	เลน
เลี้ยงชีพ	45152	เลี้ยงชีพ
เสริมสร้าง	45151	เสริมสร้าง
เสียม	45150	เสียม
เสียหน่อย	45149	เสียหน่อย
เห็นดี	45148	เห็นดี
โจมตี	45147	โจมตี
ใจเย็น	45146	ใจเย็น
ไกว	45145	ไกว
กระดก	45144	กระดก
กระตุก	45143	กระตุก
กราย	45142	กราย
กล้ามเนื้อ	45141	กล้ามเนื้อ
กอบ	45140	กอบ
การุณยเวช	45139	การุณยเวช
ขวามือ	45138	ขวามือ
ของหวาน	45137	ของหวาน
ขะโมย	45136	ขะโมย
ข้อบกพร่อง	45135	ข้อบกพร่อง
คณิตศาสตร์	45134	คณิตศาสตร์
คลั่ง	45133	คลั่ง
จัดสรร	45132	จัดสรร
ชนม์	45131	ชนม์
ชะเง้อ	45130	ชะเง้อ
ชายา	45129	ชายา
ชายแดน	45128	ชายแดน
ชิ	45127	ชิ
ชุลมุน	45126	ชุลมุน
ซีด	45125	ซีด
ตระเตรียม	45124	ตระเตรียม
ตอก	45123	ตอก
ต้องโทษ	45122	ต้องโทษ
ทะเบียน	45121	ทะเบียน
ทัศนคติ	45120	ทัศนคติ
ที่ราบ	45119	ที่ราบ
น่าน	45118	น่าน
น้ำมนต์	45117	น้ำมนต์
บวร	45116	บวร
ปกป้อง	45115	ปกป้อง
ประชาสัมพันธ์	45114	ประชาสัมพันธ์
ปอก	45113	ปอก
ปืนใหญ่	45112	ปืนใหญ่
ผิดเพี้ยน	45111	ผิดเพี้ยน
พญานาค	45110	พญานาค
พรม	45109	พรม
ย้อย	45108	ย้อย
รณรงค์	45107	รณรงค์
ราวๆ	45106	ราวๆ
รูปธรรม	45105	รูปธรรม
ลน	45104	ลน
ลาออก	45103	ลาออก
ลิ่ม	45102	ลิ่ม
ล้อเลียน	45101	ล้อเลียน
วันเวลา	45100	วันเวลา
สมจริง	45099	สมจริง
สันทัด	45098	สันทัด
สารภี	45097	สารภี
สืบเสาะ	45096	สืบเสาะ
สุขุม	45095	สุขุม
สุพรรณบุรี	45094	สุพรรณบุรี
หมอง	45093	หมอง
หลอกลวง	45092	หลอกลวง
อนุเคราะห์	45091	อนุเคราะห์
อึกอัก	45090	อึกอัก
เกษม	45089	เกษม
เงื้อ	45088	เงื้อ
เฉพาะหน้า	45087	เฉพาะหน้า
เชือด	45086	เชือด
เชื้อสาย	45085	เชื้อสาย
เท่าเทียม	45084	เท่าเทียม
เบ่ง	45083	เบ่ง
เปรียบเสมือน	45082	เปรียบเสมือน
เปลว	45081	เปลว
เปอร์เซ็นต์	45080	เปอร์เซ็นต์
เป็นลม	45079	เป็นลม
เพี้ยน	45078	เพี้ยน
เรียบๆ	45077	เรียบๆ
เสน่หา	45076	เสน่หา
เห่อ	45075	เห่อ
เอาการ	45074	เอาการ
แป๊ะ	45073	แป๊ะ
โขด	45072	โขด
โทรสาร	45071	โทรสาร
โสด	45070	โสด
ไต้	45069	ไต้
ไพศาลี	45068	ไพศาลี
กระทะ	45067	กระทะ
ก่อสร้าง	45066	ก่อสร้าง
ขิง	45065	ขิง
ข่าย	45064	ข่าย
ครอก	45063	ครอก
คุณหมอ	45062	คุณหมอ
ค่าแรง	45061	ค่าแรง
ค้ำ	45060	ค้ำ
ฉุน	45059	ฉุน
ชง	45058	ชง
ชื่นชมยินดี	45057	ชื่นชมยินดี
ดำดิน	45056	ดำดิน
ตกตะลึง	45055	ตกตะลึง
ตั๊กแตน	45054	ตั๊กแตน
ตั๋ว	45053	ตั๋ว
ตาแดง	45052	ตาแดง
ทวง	45051	ทวง
ทัศนศึกษา	45050	ทัศนศึกษา
ท้อ	45049	ท้อ
นารี	45048	นารี
บอ	45047	บอ
บังคับบัญชา	45046	บังคับบัญชา
บางปะอิน	45045	บางปะอิน
บ้าๆ	45044	บ้าๆ
ปฐมวัย	45043	ปฐมวัย
ประชากร	45042	ประชากร
ปล่อยตัว	45041	ปล่อยตัว
ปะทะ	45040	ปะทะ
ผนวช	45039	ผนวช
ผิน	45038	ผิน
ผู้บริโภค	45037	ผู้บริโภค
พระบรมมหาราชวัง	45036	พระบรมมหาราชวัง
พระพุทธเจ้าหลวง	45035	พระพุทธเจ้าหลวง
พระมหากรุณาธิคุณ	45034	พระมหากรุณาธิคุณ
พระองค์เจ้า	45033	พระองค์เจ้า
พฤฒา	45032	พฤฒา
พักแรม	45031	พักแรม
พืชพันธุ์	45030	พืชพันธุ์
พุง	45029	พุง
พ่อคุณ	45028	พ่อคุณ
ฟั่น	45027	ฟั่น
ภารกิจ	45026	ภารกิจ
มหาธาตุ	45025	มหาธาตุ
ยนต์	45024	ยนต์
รน	45023	รน
ระกา	45022	ระกา
รัตนตรัย	45021	รัตนตรัย
รัตน์	45020	รัตน์
ราชสาสน์	45019	ราชสาสน์
ลำเอียง	45018	ลำเอียง
ล่ำสัน	45017	ล่ำสัน
วัชชี	45016	วัชชี
วันเพ็ญ	45015	วันเพ็ญ
วัยรุ่น	45014	วัยรุ่น
สภาพการณ์	45013	สภาพการณ์
สร่าง	45012	สร่าง
สวามิภักดิ์	45011	สวามิภักดิ์
สหรัฐอเมริกา	45010	สหรัฐอเมริกา
สะสวย	45009	สะสวย
สังกะสี	45008	สังกะสี
สาคร	45007	สาคร
สำรอง	45006	สำรอง
สุดแต่	45005	สุดแต่
อยู่รอด	45004	อยู่รอด
อันว่า	45003	อันว่า
อิสรภาพ	45002	อิสรภาพ
อึ้ง	45001	อึ้ง
อ๊อด	45000	อ๊อด
อ๊ะ	44999	อ๊ะ
เกลียว	44998	เกลียว
เกาทัณฑ์	44997	เกาทัณฑ์
เข้าพรรษา	44996	เข้าพรรษา
เคล้า	44995	เคล้า
เทคนิค	44994	เทคนิค
เทือกเขา	44993	เทือกเขา
เท่าทัน	44992	เท่าทัน
เนย	44991	เนย
เพ็ญ	44990	เพ็ญ
เมรัย	44989	เมรัย
เหตุร้าย	44988	เหตุร้าย
เหมา	44987	เหมา
เหมือง	44986	เหมือง
เหลียวหลัง	44985	เหลียวหลัง
แคบๆ	44984	แคบๆ
แถวๆ	44983	แถวๆ
แย่งชิง	44982	แย่งชิง
แว่น	44981	แว่น
โอษฐ์	44980	โอษฐ์
ไมตรีจิต	44979	ไมตรีจิต
กระจง	44978	กระจง
กะลาสี	44977	กะลาสี
ก้าวร้าว	44976	ก้าวร้าว
ขจร	44975	ขจร
ขรม	44974	ขรม
ขวักไขว่	44973	ขวักไขว่
ขุนแผน	44972	ขุนแผน
ครวญ	44971	ครวญ
คาดหมาย	44970	คาดหมาย
ค้างคืน	44969	ค้างคืน
จ้ำ	44968	จ้ำ
ฉกรรจ์	44967	ฉกรรจ์
ฉิว	44966	ฉิว
ชอบธรรม	44965	ชอบธรรม
ชีวิตชีวา	44964	ชีวิตชีวา
ชีเปลือย	44963	ชีเปลือย
ซ้ายมือ	44962	ซ้ายมือ
ดีละ	44961	ดีละ
ตระหนี่	44960	ตระหนี่
ตัดบท	44959	ตัดบท
ตื่นตูม	44958	ตื่นตูม
ถกเถียง	44957	ถกเถียง
ทวด	44956	ทวด
ทึ่ง	44955	ทึ่ง
นัดดา	44954	นัดดา
บอน	44953	บอน
ปทุมธานี	44952	ปทุมธานี
ปวดหัว	44951	ปวดหัว
ปาฐกถา	44950	ปาฐกถา
ผักตบชวา	44949	ผักตบชวา
ฝ่ายเสนอ	44948	ฝ่ายเสนอ
พยุง	44947	พยุง
พระตำหนัก	44946	พระตำหนัก
พระราชบัญญัติ	44945	พระราชบัญญัติ
ฟ้าร้อง	44944	ฟ้าร้อง
ยอก	44943	ยอก
ระกำ	44942	ระกำ
ลวด	44941	ลวด
ลิเก	44940	ลิเก
วอน	44939	วอน
ศักดิ์ศรี	44938	ศักดิ์ศรี
สถาปนา	44937	สถาปนา
สถูป	44936	สถูป
สมหวัง	44935	สมหวัง
สะเทือน	44934	สะเทือน
สัมมา	44933	สัมมา
สืบสวน	44932	สืบสวน
สุรุ่ยสุร่าย	44931	สุรุ่ยสุร่าย
หยาบช้า	44930	หยาบช้า
หวงแหน	44929	หวงแหน
หวา	44928	หวา
หากว่า	44927	หากว่า
หุบเขา	44926	หุบเขา
ห่อน	44925	ห่อน
ห้ามปราม	44924	ห้ามปราม
อดสู	44923	อดสู
ออม	44922	ออม
อึดใจ	44921	อึดใจ
อุทยานแห่งชาติ	44920	อุทยานแห่งชาติ
อูฐ	44919	อูฐ
เกลอ	44918	เกลอ
เกี่ยวเนื่อง	44917	เกี่ยวเนื่อง
เจ้าตัว	44916	เจ้าตัว
เจ้าอาวาส	44915	เจ้าอาวาส
เดี๋ยวก่อน	44914	เดี๋ยวก่อน
เมิน	44913	เมิน
เวทมนตร์	44912	เวทมนตร์
แจ้	44911	แจ้
แน่ว	44910	แน่ว
แน่แท้	44909	แน่แท้
แม่คุณ	44908	แม่คุณ
แร่	44907	แร่
แสด	44906	แสด
โง่ๆ	44905	โง่ๆ
โชย	44904	โชย
โลหะ	44903	โลหะ
ใจบุญ	44902	ใจบุญ
กลับกลาย	44901	กลับกลาย
ขนส่ง	44900	ขนส่ง
ขลิบ	44899	ขลิบ
ขะมักเขม้น	44898	ขะมักเขม้น
ครื้นเครง	44897	ครื้นเครง
คอมมิวนิสต์	44896	คอมมิวนิสต์
คุ้ยเขี่ย	44895	คุ้ยเขี่ย
จำนน	44894	จำนน
ซา	44893	ซา
ซึ้ง	44892	ซึ้ง
ซ่อมแซม	44891	ซ่อมแซม
ตรากตรำ	44890	ตรากตรำ
ตราบ	44889	ตราบ
ตอนๆ	44888	ตอนๆ
ตะเคียน	44887	ตะเคียน
ถ่วง	44886	ถ่วง
ทั่วหน้า	44885	ทั่วหน้า
ทู	44884	ทู
นกเขา	44883	นกเขา
นกเป็ดน้ำ	44882	นกเป็ดน้ำ
บทเพลง	44881	บทเพลง
บาทหลวง	44880	บาทหลวง
บุญญาธิการ	44879	บุญญาธิการ
บ่งบอก	44878	บ่งบอก
ปกปิด	44877	ปกปิด
ป้อม	44876	ป้อม
ผลัดเปลี่ยน	44875	ผลัดเปลี่ยน
ผ่อนผัน	44874	ผ่อนผัน
ฝาผนัง	44873	ฝาผนัง
พาณิชย์	44872	พาณิชย์
พิธีกร	44871	พิธีกร
พูน	44870	พูน
พ่อขุน	44869	พ่อขุน
ภิรมย์	44868	ภิรมย์
ภูมิลำเนา	44867	ภูมิลำเนา
มัธยัสถ์	44866	มัธยัสถ์
มาตา	44865	มาตา
มีเรือน	44864	มีเรือน
มูลเหตุ	44863	มูลเหตุ
ยุ้ง	44862	ยุ้ง
รสนิยม	44861	รสนิยม
ระงม	44860	ระงม
ร่องรอย	44859	ร่องรอย
ร่ำไป	44858	ร่ำไป
ฤทัย	44857	ฤทัย
วงการ	44856	วงการ
วัฒนา	44855	วัฒนา
วาว	44854	วาว
วิทยาลัย	44853	วิทยาลัย
วี่แวว	44852	วี่แวว
สว่างไสว	44851	สว่างไสว
สะดุดตา	44850	สะดุดตา
สะเทือนใจ	44849	สะเทือนใจ
สะเอว	44848	สะเอว
สเปน	44847	สเปน
ส้วม	44846	ส้วม
หม่อม	44845	หม่อม
หิมะ	44844	หิมะ
ห้อ	44843	ห้อ
อริยะ	44842	อริยะ
อังคาร	44841	อังคาร
อาจหาญ	44840	อาจหาญ
อาภัพ	44839	อาภัพ
อิงแลนด์	44838	อิงแลนด์
เจอะ	44837	เจอะ
เชื้อเพลิง	44836	เชื้อเพลิง
เต็มตัว	44835	เต็มตัว
เนื้อเพลง	44834	เนื้อเพลง
เปรต	44833	เปรต
เว็บ	44832	เว็บ
เสือป่า	44831	เสือป่า
เหมือนๆ	44830	เหมือนๆ
เหม่อ	44829	เหม่อ
แจ๋ว	44828	แจ๋ว
แน่นหนา	44827	แน่นหนา
โด	44826	โด
โย	44825	โย
โรงละคร	44824	โรงละคร
โลด	44823	โลด
โสโครก	44822	โสโครก
ไม้สัก	44821	ไม้สัก
ไหว้เจ้า	44820	ไหว้เจ้า
กรน	44819	กรน
กระท้อน	44818	กระท้อน
กระโดน	44817	กระโดน
กว้าน	44816	กว้าน
กังหัน	44815	กังหัน
กำบัง	44814	กำบัง
กิจวัตร	44813	กิจวัตร
กิ้งก่า	44812	กิ้งก่า
กุเรปัน	44811	กุเรปัน
ก๊าซ	44810	ก๊าซ
ขลัง	44809	ขลัง
ขาดใจ	44808	ขาดใจ
ข้อสงสัย	44807	ข้อสงสัย
คนขับ	44806	คนขับ
ครัวเรือน	44805	ครัวเรือน
คอยท่า	44804	คอยท่า
คาย	44803	คาย
งงๆ	44802	งงๆ
ฉันทลักษณ์	44801	ฉันทลักษณ์
ชล	44800	ชล
ชีวัน	44799	ชีวัน
ชีวา	44798	ชีวา
ชีวี	44797	ชีวี
ดิรัจฉาน	44796	ดิรัจฉาน
ตระการ	44795	ตระการ
ตลับ	44794	ตลับ
ตะแคง	44793	ตะแคง
ตัวต่อตัว	44792	ตัวต่อตัว
ตำหนัก	44791	ตำหนัก
ติดปาก	44790	ติดปาก
ทรัพยากร	44789	ทรัพยากร
ทาบ	44788	ทาบ
ทิพย์	44787	ทิพย์
นครศรีธรรมราช	44786	นครศรีธรรมราช
นัง	44785	นัง
นานัปการ	44784	นานัปการ
นาวี	44783	นาวี
บังอาจ	44782	บังอาจ
บำบัด	44781	บำบัด
ประไหมสุหรี	44780	ประไหมสุหรี
ปูเสฉวน	44779	ปูเสฉวน
ผลกระทบ	44778	ผลกระทบ
ผิง	44777	ผิง
ผู้ว่าราชการ	44776	ผู้ว่าราชการ
พร้า	44775	พร้า
พิโรธ	44774	พิโรธ
พุทรา	44773	พุทรา
ภารโรง	44772	ภารโรง
ยื้อ	44771	ยื้อ
ยุทธ์	44770	ยุทธ์
ระบาด	44769	ระบาด
รามัญ	44768	รามัญ
รุก	44767	รุก
รูปปั้น	44766	รูปปั้น
ลำไย	44765	ลำไย
ลุล่วง	44764	ลุล่วง
ลูกศร	44763	ลูกศร
ว่าง่าย	44762	ว่าง่าย
ว้าย	44761	ว้าย
ศูนย์กลาง	44760	ศูนย์กลาง
สนเทศ	44759	สนเทศ
สลิด	44758	สลิด
สังเขป	44757	สังเขป
สัณฐาน	44756	สัณฐาน
สั่งการ	44755	สั่งการ
สาก	44754	สาก
สาธารณชน	44753	สาธารณชน
อัตคัด	44752	อัตคัด
อีเก้ง	44751	อีเก้ง
อุดมศึกษา	44750	อุดมศึกษา
เขตแดน	44749	เขตแดน
เข็ญใจ	44748	เข็ญใจ
เข็มขัด	44747	เข็มขัด
เฉยเมย	44746	เฉยเมย
เชย	44745	เชย
เดชะ	44744	เดชะ
เนืองนิตย์	44743	เนืองนิตย์
เยี่ยง	44742	เยี่ยง
เรียกหา	44741	เรียกหา
เร่ร่อน	44740	เร่ร่อน
เสรี	44739	เสรี
เอกชน	44738	เอกชน
แค่นั้น	44737	แค่นั้น
แซง	44736	แซง
แตะต้อง	44735	แตะต้อง
แม่ตาย	44734	แม่ตาย
โขนง	44733	โขนง
โสมนัส	44732	โสมนัส
โอบอ้อมอารี	44731	โอบอ้อมอารี
โอ้อวด	44730	โอ้อวด
ใบ้	44729	ใบ้
กระพือปีก	44728	กระพือปีก
กระโดง	44727	กระโดง
กลมๆ	44726	กลมๆ
กลอนสุภาพ	44725	กลอนสุภาพ
กลางๆ	44724	กลางๆ
กินใน	44723	กินใน
ขณะเดียวกัน	44722	ขณะเดียวกัน
ขี้เถ้า	44721	ขี้เถ้า
คราส	44720	คราส
คอตก	44719	คอตก
คอหอย	44718	คอหอย
คะเน	44717	คะเน
คำคม	44716	คำคม
คุ้ย	44715	คุ้ย
จรด	44714	จรด
จี๋	44713	จี๋
ชิงชัง	44712	ชิงชัง
ชื้น	44711	ชื้น
ซ่า	44710	ซ่า
ซ้ำซาก	44709	ซ้ำซาก
ดุ้น	44708	ดุ้น
ตูม	44707	ตูม
ถวายพระพร	44706	ถวายพระพร
ถ่อ	44705	ถ่อ
ทนาย	44704	ทนาย
ทรัพยากรธรรมชาติ	44703	ทรัพยากรธรรมชาติ
ทวาร	44702	ทวาร
ทุเรียน	44701	ทุเรียน
ทูลกระหม่อม	44700	ทูลกระหม่อม
ท่านชาย	44699	ท่านชาย
ท้องพระโรง	44698	ท้องพระโรง
ธ	44697	ธ
นกฮูก	44696	นกฮูก
นอนเล่น	44695	นอนเล่น
นายทุน	44694	นายทุน
นำพา	44693	นำพา
นิกาย	44692	นิกาย
บทพากย์	44691	บทพากย์
ปฏิญาณ	44690	ปฏิญาณ
ปริ	44689	ปริ
ปาฏิหาริย์	44688	ปาฏิหาริย์
ผลลัพธ์	44687	ผลลัพธ์
ผลึก	44686	ผลึก
พระพุทธองค์	44685	พระพุทธองค์
พิพากษา	44684	พิพากษา
ฟื้นฟู	44683	ฟื้นฟู
ฟู	44682	ฟู
ภูเขาไฟ	44681	ภูเขาไฟ
มวน	44680	มวน
มวล	44679	มวล
มหาชาติ	44678	มหาชาติ
มัคคุเทศก์	44677	มัคคุเทศก์
มีนาคม	44676	มีนาคม
ยากแค้น	44675	ยากแค้น
ยืนต้น	44674	ยืนต้น
ระบอบ	44673	ระบอบ
ระเบียบวาระ	44672	ระเบียบวาระ
รัว	44671	รัว
รำวง	44670	รำวง
รู้มาก	44669	รู้มาก
ร้องขอ	44668	ร้องขอ
ละเมิด	44667	ละเมิด
วัต	44666	วัต
สดุดี	44665	สดุดี
สาวๆ	44664	สาวๆ
สุภาพสตรี	44663	สุภาพสตรี
หนักใจ	44662	หนักใจ
หม่อมเจ้า	44661	หม่อมเจ้า
หยก	44660	หยก
หลังๆ	44659	หลังๆ
หัตถกรรม	44658	หัตถกรรม
อดกลั้น	44657	อดกลั้น
อร่อยๆ	44656	อร่อยๆ
อุทาหรณ์	44655	อุทาหรณ์
อุรา	44654	อุรา
อเนก	44653	อเนก
เกศา	44652	เกศา
เครื่องดื่ม	44651	เครื่องดื่ม
เจียระไน	44650	เจียระไน
เพ่อ	44649	เพ่อ
เมือ	44648	เมือ
เยี่ยมเยียน	44647	เยี่ยมเยียน
เลา	44646	เลา
เลาะ	44645	เลาะ
เสียเปรียบ	44644	เสียเปรียบ
เหลว	44643	เหลว
เอดส์	44642	เอดส์
เอื้อ	44641	เอื้อ
แกน	44640	แกน
แขกเต้า	44639	แขกเต้า
แตงกวา	44638	แตงกวา
แบะ	44637	แบะ
แวบ	44636	แวบ
แหว่ง	44635	แหว่ง
โซ่	44634	โซ่
โทรม	44633	โทรม
โพงพาง	44632	โพงพาง
โฟม	44631	โฟม
ใจอ่อน	44630	ใจอ่อน
ไกรลาส	44629	ไกรลาส
ไตรภูมิ	44628	ไตรภูมิ
กรมประชาสงเคราะห์	44627	กรมประชาสงเคราะห์
กระแอม	44626	กระแอม
กราก	44625	กราก
กร่อน	44624	กร่อน
กิเลส	44623	กิเลส
กุล	44622	กุล
ขยายตัว	44621	ขยายตัว
ขอพระราชทาน	44620	ขอพระราชทาน
ขัดขืน	44619	ขัดขืน
ขี้ผึ้ง	44618	ขี้ผึ้ง
คติธรรม	44617	คติธรรม
คับแค้น	44616	คับแค้น
คุณลักษณะ	44615	คุณลักษณะ
จันทร	44614	จันทร
จิ้งหรีด	44613	จิ้งหรีด
จี้	44612	จี้
ซุกซ่อน	44611	ซุกซ่อน
ดอกสร้อย	44610	ดอกสร้อย
ดินเผา	44609	ดินเผา
ตกหล่น	44608	ตกหล่น
ตรงไปตรงมา	44607	ตรงไปตรงมา
ตัวเมือง	44606	ตัวเมือง
ทองแดง	44605	ทองแดง
ทูลเกล้า	44604	ทูลเกล้า
ท้อถอย	44603	ท้อถอย
นักมวย	44602	นักมวย
นายก	44601	นายก
นำเข้า	44600	นำเข้า
น้ำจืด	44599	น้ำจืด
บ่ายหน้า	44598	บ่ายหน้า
ประโคม	44597	ประโคม
ปลอบโยน	44596	ปลอบโยน
ปวดท้อง	44595	ปวดท้อง
ปาด	44594	ปาด
ผวา	44593	ผวา
ผักบุ้ง	44592	ผักบุ้ง
ผ่อนคลาย	44591	ผ่อนคลาย
ฝ่ายค้าน	44590	ฝ่ายค้าน
พยาธิ	44589	พยาธิ
พระบรมศาสดา	44588	พระบรมศาสดา
พฤกษา	44587	พฤกษา
พลบ	44586	พลบ
พละ	44585	พละ
พูเดิ้ล	44584	พูเดิ้ล
พ้อ	44583	พ้อ
ภัยพิบัติ	44582	ภัยพิบัติ
ยาฆ่าแมลง	44581	ยาฆ่าแมลง
ย่อมๆ	44580	ย่อมๆ
รถบรรทุก	44579	รถบรรทุก
ระย้า	44578	ระย้า
ระเหย	44577	ระเหย
รับปาก	44576	รับปาก
รู้ทัน	44575	รู้ทัน
ร่ายรำ	44574	ร่ายรำ
ร่ำไร	44573	ร่ำไร
ลุ	44572	ลุ
ล่วงเกิน	44571	ล่วงเกิน
ล้มเหลว	44570	ล้มเหลว
วารี	44569	วารี
วิพากษ์วิจารณ์	44568	วิพากษ์วิจารณ์
ศิลปกรรม	44567	ศิลปกรรม
สวยสด	44566	สวยสด
หมวดหมู่	44565	หมวดหมู่
หม่นหมอง	44564	หม่นหมอง
หาเรื่อง	44563	หาเรื่อง
ห้วน	44562	ห้วน
ห้าง	44561	ห้าง
อนุโลม	44560	อนุโลม
อภิเษกสมรส	44559	อภิเษกสมรส
อรหันต์	44558	อรหันต์
อโศก	44557	อโศก
เกลื่อนกลาด	44556	เกลื่อนกลาด
เก็บรักษา	44555	เก็บรักษา
เก้อ	44554	เก้อ
เครือข่าย	44553	เครือข่าย
เครื่องเล่น	44552	เครื่องเล่น
เตี่ย	44551	เตี่ย
เบิ่ง	44550	เบิ่ง
เผย	44549	เผย
เรี่ยวแรง	44548	เรี่ยวแรง
เลื่อง	44547	เลื่อง
เสี่ยงทาย	44546	เสี่ยงทาย
เหลี่ยม	44545	เหลี่ยม
เอิกเกริก	44544	เอิกเกริก
เอ็ดตะโร	44543	เอ็ดตะโร
เอ้ก	44542	เอ้ก
แค	44541	แค
แช่มชื่น	44540	แช่มชื่น
แบบฉบับ	44539	แบบฉบับ
แผง	44538	แผง
แฝด	44537	แฝด
แม้กระนั้น	44536	แม้กระนั้น
แย้ม	44535	แย้ม
โซดา	44534	โซดา
โบราณสถาน	44533	โบราณสถาน
โผล่หน้า	44532	โผล่หน้า
โฮ	44531	โฮ
ใจเร็ว	44530	ใจเร็ว
ใฝ่ใจ	44529	ใฝ่ใจ
ไพร่ฟ้า	44528	ไพร่ฟ้า
ไมล์	44527	ไมล์
กระโจม	44526	กระโจม
กษาปณ์	44525	กษาปณ์
กันแดด	44524	กันแดด
กิโล	44523	กิโล
กีบ	44522	กีบ
ก้อย	44521	ก้อย
ขาม	44520	ขาม
ขึ้นใจ	44519	ขึ้นใจ
ข่มขู่	44518	ข่มขู่
ข้อเท้า	44517	ข้อเท้า
ข้อแนะนำ	44516	ข้อแนะนำ
ข้างเคียง	44515	ข้างเคียง
ครีม	44514	ครีม
คลัง	44513	คลัง
คำรบ	44512	คำรบ
คู่ควร	44511	คู่ควร
ฆราวาส	44510	ฆราวาส
ง่ายดาย	44509	ง่ายดาย
จุดหมายปลายทาง	44508	จุดหมายปลายทาง
ชักช้า	44507	ชักช้า
ซีเมนต์	44506	ซีเมนต์
ดาย	44505	ดาย
ตกต่ำ	44504	ตกต่ำ
ตวง	44503	ตวง
ตึกแถว	44502	ตึกแถว
ตุ๊กแก	44501	ตุ๊กแก
ต่ำๆ	44500	ต่ำๆ
ต้นน้ำ	44499	ต้นน้ำ
ถี	44498	ถี
ท้องร่อง	44497	ท้องร่อง
นั่นซี	44496	นั่นซี
นามแฝง	44495	นามแฝง
นิรันดร์	44494	นิรันดร์
นึ่ง	44493	นึ่ง
น้ำนม	44492	น้ำนม
บรมวงศานุวงศ์	44491	บรมวงศานุวงศ์
บากบั่น	44490	บากบั่น
บึกบึน	44489	บึกบึน
ประเปรียว	44488	ประเปรียว
ปีนัง	44487	ปีนัง
ป่าทึบ	44486	ป่าทึบ
ป่าละเมาะ	44485	ป่าละเมาะ
ฝอย	44484	ฝอย
พระธิดา	44483	พระธิดา
พระราชกำหนด	44482	พระราชกำหนด
พลุ	44481	พลุ
พอตัว	44480	พอตัว
ภูเขาทอง	44479	ภูเขาทอง
มลพิษ	44478	มลพิษ
มหาศาล	44477	มหาศาล
มิดชิด	44476	มิดชิด
มโหฬาร	44475	มโหฬาร
ยักยอก	44474	ยักยอก
ยักษา	44473	ยักษา
ยึดมั่น	44472	ยึดมั่น
ยุทธหัตถี	44471	ยุทธหัตถี
รวมๆ	44470	รวมๆ
ลูกบอล	44469	ลูกบอล
ศอ	44468	ศอ
สมรส	44467	สมรส
สะเดา	44466	สะเดา
สังเวช	44465	สังเวช
สันต์	44464	สันต์
สิงหาคม	44463	สิงหาคม
สิ่งพิมพ์	44462	สิ่งพิมพ์
ส่งออก	44461	ส่งออก
หมอดู	44460	หมอดู
หมอผี	44459	หมอผี
หอยโข่ง	44458	หอยโข่ง
อาสน์	44457	อาสน์
อาสัญ	44456	อาสัญ
อิ่มใจ	44455	อิ่มใจ
อ้อน	44454	อ้อน
ฮินดู	44453	ฮินดู
เก๋	44452	เก๋
เก๋ง	44451	เก๋ง
เฉา	44450	เฉา
เชิงเทิน	44449	เชิงเทิน
เซ็น	44448	เซ็น
เดือนหงาย	44447	เดือนหงาย
เตือนสติ	44446	เตือนสติ
เยี่ยงอย่าง	44445	เยี่ยงอย่าง
เลียนแบบ	44444	เลียนแบบ
เล่าลือ	44443	เล่าลือ
เสียแรง	44442	เสียแรง
เสี้ยว	44441	เสี้ยว
เหยียดหยาม	44440	เหยียดหยาม
แตกแยก	44439	แตกแยก
แรด	44438	แรด
แอ่ง	44437	แอ่ง
โซเซ	44436	โซเซ
โปรดปราน	44435	โปรดปราน
โผน	44434	โผน
โศกา	44433	โศกา
โหย	44432	โหย
ใต้ถุนเรือน	44431	ใต้ถุนเรือน
ไก่ป่า	44430	ไก่ป่า
ไม่เช่นนั้น	44429	ไม่เช่นนั้น
ไส้เดือน	44428	ไส้เดือน
ไห้	44427	ไห้
ไอศกรีม	44426	ไอศกรีม
กระหน่ำ	44425	กระหน่ำ
กลุ้มใจ	44424	กลุ้มใจ
กัดฟัน	44423	กัดฟัน
กาฬ	44422	กาฬ
กิตติ	44421	กิตติ
ก็แล้วแต่	44420	ก็แล้วแต่
คลา	44419	คลา
ค้อด	44418	ค้อด
จงอาง	44417	จงอาง
จริต	44416	จริต
จวบ	44415	จวบ
จักสาน	44414	จักสาน
จาม	44413	จาม
จำนง	44412	จำนง
จำแลง	44411	จำแลง
ฉาน	44410	ฉาน
ชีวประวัติ	44409	ชีวประวัติ
ดุน	44408	ดุน
ตรวจเลือด	44407	ตรวจเลือด
ตะพาบน้ำ	44406	ตะพาบน้ำ
ตะแกรง	44405	ตะแกรง
ตัดพ้อ	44404	ตัดพ้อ
ตาฟาง	44403	ตาฟาง
ตุ	44402	ตุ
ต้นตาล	44401	ต้นตาล
ต้อย	44400	ต้อย
ถลาง	44399	ถลาง
ทับทิม	44398	ทับทิม
ทั่ง	44397	ทั่ง
ทำที	44396	ทำที
นกหวีด	44395	นกหวีด
นามปากกา	44394	นามปากกา
นายเรือ	44393	นายเรือ
นิคม	44392	นิคม
นิติ	44391	นิติ
นิ่ม	44390	นิ่ม
นึง	44389	นึง
บพิตร	44388	บพิตร
บวก	44387	บวก
บวงสรวง	44386	บวงสรวง
บาดาล	44385	บาดาล
บำรุงรักษา	44384	บำรุงรักษา
ปกเกล้า	44383	ปกเกล้า
ปฏิบัติการ	44382	ปฏิบัติการ
ประโลม	44381	ประโลม
ปรับตัว	44380	ปรับตัว
ปรีดา	44379	ปรีดา
ปลอกคอ	44378	ปลอกคอ
ปลาฉลาม	44377	ปลาฉลาม
ปล้อง	44376	ปล้อง
ปิ่น	44375	ปิ่น
ป่าชายเลน	44374	ป่าชายเลน
ผสมพันธุ์	44373	ผสมพันธุ์
พรู	44372	พรู
พุทธศาสนิกชน	44371	พุทธศาสนิกชน
พเนจร	44370	พเนจร
มักง่าย	44369	มักง่าย
มัลละ	44368	มัลละ
มุ่งมั่น	44367	มุ่งมั่น
ยับ	44366	ยับ
ยำ	44365	ยำ
ระอา	44364	ระอา
ระอุ	44363	ระอุ
รักษ์	44362	รักษ์
ราชย์	44361	ราชย์
ลำตัด	44360	ลำตัด
ล่วงเลย	44359	ล่วงเลย
ล้อมวง	44358	ล้อมวง
ศิลป์	44357	ศิลป์
สงครามโลก	44356	สงครามโลก
สมโภช	44355	สมโภช
สลับซับซ้อน	44354	สลับซับซ้อน
สองต่อสอง	44353	สองต่อสอง
สันดอน	44352	สันดอน
สารบัญ	44351	สารบัญ
สาลี	44350	สาลี
สำทับ	44349	สำทับ
สิทธิ์ขาด	44348	สิทธิ์ขาด
สไบ	44347	สไบ
หยาบๆ	44346	หยาบๆ
หวิว	44345	หวิว
หว่าง	44344	หว่าง
หอคอย	44343	หอคอย
หัวอก	44342	หัวอก
อนุโมทนา	44341	อนุโมทนา
อักเสบ	44340	อักเสบ
อัคร	44339	อัคร
อาณัติสัญญาณ	44338	อาณัติสัญญาณ
เกรียม	44337	เกรียม
เงี่ยหู	44336	เงี่ยหู
เจ้ากรรม	44335	เจ้ากรรม
เจ้าข้า	44334	เจ้าข้า
เซ่อ	44333	เซ่อ
เตลิด	44332	เตลิด
เทวี	44331	เทวี
เนื้อไม้	44330	เนื้อไม้
เบาบาง	44329	เบาบาง
เบาใจ	44328	เบาใจ
เบ็ดเตล็ด	44327	เบ็ดเตล็ด
เพ่งเล็ง	44326	เพ่งเล็ง
เรี่ยไร	44325	เรี่ยไร
เลื่อนลอย	44324	เลื่อนลอย
เวท	44323	เวท
เสลา	44322	เสลา
เหยียบย่ำ	44321	เหยียบย่ำ
เอกราช	44320	เอกราช
แป้น	44319	แป้น
โคจร	44318	โคจร
โจทย์	44317	โจทย์
โพลง	44316	โพลง
โพล่ง	44315	โพล่ง
โวยวาย	44314	โวยวาย
กระติบ	44313	กระติบ
กระหยิ่ม	44312	กระหยิ่ม
กระเรียน	44311	กระเรียน
กฤษณา	44310	กฤษณา
กลางแจ้ง	44309	กลางแจ้ง
กาม	44308	กาม
กำมะหยี่	44307	กำมะหยี่
กำไล	44306	กำไล
ก๊อก	44305	ก๊อก
ขอตัว	44304	ขอตัว
ข้อตกลง	44303	ข้อตกลง
ครู่ใหญ่ๆ	44302	ครู่ใหญ่ๆ
คะนึง	44301	คะนึง
คันนา	44300	คันนา
คำโดด	44299	คำโดด
คึก	44298	คึก
จรวด	44297	จรวด
จินดา	44296	จินดา
ฉาบ	44295	ฉาบ
ชุก	44294	ชุก
ซอ	44293	ซอ
ซับ	44292	ซับ
ดั้ง	44291	ดั้ง
ดาวเรือง	44290	ดาวเรือง
ดุ่ม	44289	ดุ่ม
ดูงาน	44288	ดูงาน
ตรึก	44287	ตรึก
ตลาดมืด	44286	ตลาดมืด
ตีพิมพ์	44285	ตีพิมพ์
ถลัน	44284	ถลัน
ถวายตัว	44283	ถวายตัว
ถอยทัพ	44282	ถอยทัพ
ทนทาน	44281	ทนทาน
ทะยาน	44280	ทะยาน
ทันควัน	44279	ทันควัน
ที่ทาง	44278	ที่ทาง
ธำรง	44277	ธำรง
นั้นแล	44276	นั้นแล
นายกรัฐมนตรี	44275	นายกรัฐมนตรี
นิรนัย	44274	นิรนัย
น่าคิด	44273	น่าคิด
บรรณานุกรม	44272	บรรณานุกรม
บาด	44271	บาด
บานประตู	44270	บานประตู
บิณฑบาต	44269	บิณฑบาต
บี้	44268	บี้
บูรณะ	44267	บูรณะ
บูรพา	44266	บูรพา
ประมุข	44265	ประมุข
ปราด	44264	ปราด
ปราโมทย์	44263	ปราโมทย์
ปลดเปลื้อง	44262	ปลดเปลื้อง
ปล่อง	44261	ปล่อง
ปุย	44260	ปุย
ผักหวานป่า	44259	ผักหวานป่า
ผ่องแผ้ว	44258	ผ่องแผ้ว
ผ้านุ่ง	44257	ผ้านุ่ง
ฝีพาย	44256	ฝีพาย
พระราชินี	44255	พระราชินี
พลับ	44254	พลับ
พลิ้ว	44253	พลิ้ว
พาธา	44252	พาธา
พุทธรักษา	44251	พุทธรักษา
ฟอร์ด	44250	ฟอร์ด
ฟ้าแลบ	44249	ฟ้าแลบ
มารยา	44248	มารยา
มิ่ง	44247	มิ่ง
ยกยอ	44246	ยกยอ
ยังไงๆ	44245	ยังไงๆ
รณ	44244	รณ
ระรื่น	44243	ระรื่น
ระลอก	44242	ระลอก
ราชบุรี	44241	ราชบุรี
รู้เท่า	44240	รู้เท่า
ลงแขก	44239	ลงแขก
ลดหลั่น	44238	ลดหลั่น
ลิ้ม	44237	ลิ้ม
ลี้	44236	ลี้
ลูกเรือ	44235	ลูกเรือ
วุฒิ	44234	วุฒิ
วูบ	44233	วูบ
สบายๆ	44232	สบายๆ
สมุน	44231	สมุน
สวาท	44230	สวาท
สับปะรด	44229	สับปะรด
สัมปทาน	44228	สัมปทาน
สารเคมี	44227	สารเคมี
สำลี	44226	สำลี
สิ้นคิด	44225	สิ้นคิด
สุดเสียง	44224	สุดเสียง
หม่น	44223	หม่น
หละ	44222	หละ
องค์กร	44221	องค์กร
องุ่น	44220	องุ่น
อยู่กิน	44219	อยู่กิน
ออกร้าน	44218	ออกร้าน
อังวะ	44217	อังวะ
อับจน	44216	อับจน
อื้อ	44215	อื้อ
อุปนัย	44214	อุปนัย
อู้	44213	อู้
อ่อยๆ	44212	อ่อยๆ
เกรียวกราว	44211	เกรียวกราว
เขื่อง	44210	เขื่อง
เงาะป่า	44209	เงาะป่า
เงียบเหงา	44208	เงียบเหงา
เชื้อโรค	44207	เชื้อโรค
เนิ่นนาน	44206	เนิ่นนาน
เป็นๆ	44205	เป็นๆ
เพคะ	44204	เพคะ
เพล	44203	เพล
เศร้าหมอง	44202	เศร้าหมอง
เสก	44201	เสก
เสนี	44200	เสนี
เสรีภาพ	44199	เสรีภาพ
เหยือก	44198	เหยือก
เหลือกำลัง	44197	เหลือกำลัง
เอาหน้า	44196	เอาหน้า
เอี้ยง	44195	เอี้ยง
แกะสลัก	44194	แกะสลัก
แซม	44193	แซม
แตกฉาน	44192	แตกฉาน
แรกนา	44191	แรกนา
โคราช	44190	โคราช
โทน	44189	โทน
โหน	44188	โหน
ไซต์	44187	ไซต์
กตเวที	44186	กตเวที
กระหืดกระหอบ	44185	กระหืดกระหอบ
กลับไปกลับมา	44184	กลับไปกลับมา
กัลปาวสาน	44183	กัลปาวสาน
กัลป์	44182	กัลป์
กากี	44181	กากี
กึ่งกลาง	44180	กึ่งกลาง
ก๊อ	44179	ก๊อ
ขมีขมัน	44178	ขมีขมัน
ขัดเกลา	44177	ขัดเกลา
ขุม	44176	ขุม
ข้อสอบ	44175	ข้อสอบ
คารม	44174	คารม
ค่อยยังชั่ว	44173	ค่อยยังชั่ว
ค่ำคืน	44172	ค่ำคืน
จงใจ	44171	จงใจ
จัดเตรียม	44170	จัดเตรียม
จำพรรษา	44169	จำพรรษา
จุดหมาย	44168	จุดหมาย
ชุ่มชื่น	44167	ชุ่มชื่น
ช้างพลาย	44166	ช้างพลาย
ดารา	44165	ดารา
ดิถี	44164	ดิถี
ดุสิต	44163	ดุสิต
ดุเดือด	44162	ดุเดือด
ตม	44161	ตม
ตั่ง	44160	ตั่ง
ตูข้า	44159	ตูข้า
ทรงเครื่อง	44158	ทรงเครื่อง
ทะนุถนอม	44157	ทะนุถนอม
ทัดเทียม	44156	ทัดเทียม
ทั้งมวล	44155	ทั้งมวล
ธรรมา	44154	ธรรมา
นั่นแน่	44153	นั่นแน่
บอบบาง	44152	บอบบาง
บัลลังก์	44151	บัลลังก์
บ้อง	44150	บ้อง
ปฏิภาณ	44149	ปฏิภาณ
ประกาศนียบัตร	44148	ประกาศนียบัตร
ป่าช้า	44147	ป่าช้า
ผาย	44146	ผาย
ผิดแผก	44145	ผิดแผก
ผู้ชนะ	44144	ผู้ชนะ
ผู้รับผิดชอบ	44143	ผู้รับผิดชอบ
ผู้เชี่ยวชาญ	44142	ผู้เชี่ยวชาญ
ฝ่าฝืน	44141	ฝ่าฝืน
พันๆ	44140	พันๆ
ฟ้องร้อง	44139	ฟ้องร้อง
มือขวา	44138	มือขวา
ยิ้มละไม	44137	ยิ้มละไม
ย่อยๆ	44136	ย่อยๆ
รามา	44135	รามา
ลงกา	44134	ลงกา
ลดเลี้ยว	44133	ลดเลี้ยว
ลอยๆ	44132	ลอยๆ
ละเอียดอ่อน	44131	ละเอียดอ่อน
ลูกเลี้ยง	44130	ลูกเลี้ยง
ล้าสมัย	44129	ล้าสมัย
วาทะ	44128	วาทะ
วารสาร	44127	วารสาร
วีรบุรุษ	44126	วีรบุรุษ
วู่วาม	44125	วู่วาม
สวรรคโลก	44124	สวรรคโลก
สอย	44123	สอย
สังฆราช	44122	สังฆราช
สังสรรค์	44121	สังสรรค์
สั่งซื้อ	44120	สั่งซื้อ
สาละวน	44119	สาละวน
สู่ขอ	44118	สู่ขอ
ส่วนร่วม	44117	ส่วนร่วม
ส่วนๆ	44116	ส่วนๆ
ส่อ	44115	ส่อ
หมก	44114	หมก
หม้าย	44113	หม้าย
หลบหลีก	44112	หลบหลีก
หล่อเลี้ยง	44111	หล่อเลี้ยง
หัวหอม	44110	หัวหอม
หายนะ	44109	หายนะ
หาสู่	44108	หาสู่
อนาถ	44107	อนาถ
อนุสรณ์	44106	อนุสรณ์
ออกแบบ	44105	ออกแบบ
อักษรศาสตร์	44104	อักษรศาสตร์
อันที่จริง	44103	อันที่จริง
อุด	44102	อุด
อุปโภค	44101	อุปโภค
เขม็ง	44100	เขม็ง
เคล็ด	44099	เคล็ด
เจ้าภาพ	44098	เจ้าภาพ
เฉียด	44097	เฉียด
เชียง	44096	เชียง
เทพบุตร	44095	เทพบุตร
เนื่องมาจาก	44094	เนื่องมาจาก
เป็นต้นไป	44093	เป็นต้นไป
เป็นนิตย์	44092	เป็นนิตย์
เผชิญหน้า	44091	เผชิญหน้า
เพราะๆ	44090	เพราะๆ
เร่าร้อน	44089	เร่าร้อน
เล็งเห็น	44088	เล็งเห็น
เหนี่ยว	44087	เหนี่ยว
แข็งๆ	44086	แข็งๆ
แผ่ว	44085	แผ่ว
แมลงภู่	44084	แมลงภู่
แฮะ	44083	แฮะ
โกศล	44082	โกศล
โซ	44081	โซ
โล่	44080	โล่
โหระพา	44079	โหระพา
ไทยๆ	44078	ไทยๆ
กรณียกิจ	44077	กรณียกิจ
กระถิน	44076	กระถิน
กระวีกระวาด	44075	กระวีกระวาด
กลมเกลียว	44074	กลมเกลียว
กล้องส่องทางไกล	44073	กล้องส่องทางไกล
กักขัง	44072	กักขัง
กำหนดการ	44071	กำหนดการ
ก็ตามที	44070	ก็ตามที
ก่อนหน้านี้	44069	ก่อนหน้านี้
ขันที	44068	ขันที
ขั้นพื้นฐาน	44067	ขั้นพื้นฐาน
ข้อดี	44066	ข้อดี
ข้อๆ	44065	ข้อๆ
คนต่างชาติ	44064	คนต่างชาติ
คลี่คลาย	44063	คลี่คลาย
คำสุภาพ	44062	คำสุภาพ
คีรี	44061	คีรี
คู่หมั้น	44060	คู่หมั้น
งี้	44059	งี้
งุนงง	44058	งุนงง
ง้อ	44057	ง้อ
จิตร	44056	จิตร
ฉุนเฉียว	44055	ฉุนเฉียว
ชะมัด	44054	ชะมัด
ชักนำ	44053	ชักนำ
ชิงชัย	44052	ชิงชัย
ซุน	44051	ซุน
ดำเนินงาน	44050	ดำเนินงาน
ดุลพินิจ	44049	ดุลพินิจ
ตอง	44048	ตอง
ตะกละ	44047	ตะกละ
ตะกุกตะกัก	44046	ตะกุกตะกัก
ตั้งอกตั้งใจ	44045	ตั้งอกตั้งใจ
ต่างชาติ	44044	ต่างชาติ
ต้มยำ	44043	ต้มยำ
ต้อ	44042	ต้อ
ถิ่นไทย	44041	ถิ่นไทย
ถือตัว	44040	ถือตัว
ทับถม	44039	ทับถม
ที่ทำงาน	44038	ที่ทำงาน
นกคุ่ม	44037	นกคุ่ม
นักสืบ	44036	นักสืบ
นางเอก	44035	นางเอก
นิ่ว	44034	นิ่ว
น้ำหน้า	44033	น้ำหน้า
ปฏิมา	44032	ปฏิมา
ปั่น	44031	ปั่น
ปั่นป่วน	44030	ปั่นป่วน
ผักเสี้ยน	44029	ผักเสี้ยน
ฝึกสอน	44028	ฝึกสอน
พรรค	44027	พรรค
พระชันษา	44026	พระชันษา
พระเยาว์	44025	พระเยาว์
พล่าน	44024	พล่าน
พำนัก	44023	พำนัก
พิถีพิถัน	44022	พิถีพิถัน
ภูเก็ต	44021	ภูเก็ต
มัทนะ	44020	มัทนะ
มุก	44019	มุก
ยุแหย่	44018	ยุแหย่
รวมตัว	44017	รวมตัว
รังสี	44016	รังสี
รี้พล	44015	รี้พล
ลงๆ	44014	ลงๆ
ลำปาง	44013	ลำปาง
ลุย	44012	ลุย
ลูกเต้า	44011	ลูกเต้า
สงบเสงี่ยม	44010	สงบเสงี่ยม
สมญา	44009	สมญา
สมมติฐาน	44008	สมมติฐาน
สมเพช	44007	สมเพช
สรรพคุณ	44006	สรรพคุณ
สัดส่วน	44005	สัดส่วน
สัตย์ซื่อ	44004	สัตย์ซื่อ
สามเณร	44003	สามเณร
สาแหรก	44002	สาแหรก
สู่รู้	44001	สู่รู้
หนักๆ	44000	หนักๆ
หยุดยั้ง	43999	หยุดยั้ง
หลบตา	43998	หลบตา
หวาดเสียว	43997	หวาดเสียว
อยู่ตัว	43996	อยู่ตัว
อัญเชิญ	43995	อัญเชิญ
อัตโนมัติ	43994	อัตโนมัติ
อัปสร	43993	อัปสร
อึกทึก	43992	อึกทึก
อุดรธานี	43991	อุดรธานี
ฮ้อ	43990	ฮ้อ
เข้าใส่	43989	เข้าใส่
เคียดแค้น	43988	เคียดแค้น
เงียบกริบ	43987	เงียบกริบ
เจียน	43986	เจียน
เชื้อชาติ	43985	เชื้อชาติ
เชื้อเชิญ	43984	เชื้อเชิญ
เทวาลัย	43983	เทวาลัย
เนื้อสมัน	43982	เนื้อสมัน
เพียงแค่	43981	เพียงแค่
เมรุ	43980	เมรุ
เมืองขึ้น	43979	เมืองขึ้น
เร่งรัด	43978	เร่งรัด
เศษๆ	43977	เศษๆ
เสื่อมเสีย	43976	เสื่อมเสีย
เหลืองๆ	43975	เหลืองๆ
เอ่อ	43974	เอ่อ
เฮ	43973	เฮ
แข็งใจ	43972	แข็งใจ
แมง	43971	แมง
โข	43970	โข
โครม	43969	โครม
โดยสิ้นเชิง	43968	โดยสิ้นเชิง
โน้ต	43967	โน้ต
โน้มถ่วง	43966	โน้มถ่วง
โสต	43965	โสต
โสภา	43964	โสภา
ให้การ	43963	ให้การ
ไพ่	43962	ไพ่
กฐิน	43961	กฐิน
กดขี่	43960	กดขี่
กระปุก	43959	กระปุก
กว้างไกล	43958	กว้างไกล
กะทิ	43957	กะทิ
กัลยา	43956	กัลยา
ก่อนหน้า	43955	ก่อนหน้า
ก่ำ	43954	ก่ำ
ขด	43953	ขด
ขย้ำ	43952	ขย้ำ
ขอบพระคุณ	43951	ขอบพระคุณ
ขุ่นเคือง	43950	ขุ่นเคือง
ข้าราชบริพาร	43949	ข้าราชบริพาร
คราด	43948	คราด
คราบ	43947	คราบ
คำปรึกษา	43946	คำปรึกษา
คำหลวง	43945	คำหลวง
คีบ	43944	คีบ
ค้ำจุน	43943	ค้ำจุน
ง่า	43942	ง่า
จับเป็น	43941	จับเป็น
จู้จี้	43940	จู้จี้
ฉบัง	43939	ฉบัง
ฉลากบาง	43938	ฉลากบาง
ฉวัดเฉวียน	43937	ฉวัดเฉวียน
ชอกช้ำ	43936	ชอกช้ำ
ชำนิ	43935	ชำนิ
ช่องว่าง	43934	ช่องว่าง
ซักไซ้	43933	ซักไซ้
ซุป	43932	ซุป
ญัตติ	43931	ญัตติ
ดอกทานตะวัน	43930	ดอกทานตะวัน
ดาวเทียม	43929	ดาวเทียม
ดินฟ้า	43928	ดินฟ้า
ด้น	43927	ด้น
ตะกุย	43926	ตะกุย
ตะขาบ	43925	ตะขาบ
ตะเลง	43924	ตะเลง
ถัก	43923	ถัก
ถี่ๆ	43922	ถี่ๆ
ถูกๆ	43921	ถูกๆ
ทวย	43920	ทวย
ทักษิณ	43919	ทักษิณ
ทำคุณ	43918	ทำคุณ
ทำเอา	43917	ทำเอา
ท้อแท้	43916	ท้อแท้
ธำมรงค์	43915	ธำมรงค์
นบ	43914	นบ
นึกเห็น	43913	นึกเห็น
นุช	43912	นุช
น้ำพุ	43911	น้ำพุ
บทดอกสร้อย	43910	บทดอกสร้อย
บังเหียน	43909	บังเหียน
บัดเดี๋ยว	43908	บัดเดี๋ยว
ประชาราษฎร์	43907	ประชาราษฎร์
ประสิทธิ์	43906	ประสิทธิ์
ปักษ์ใต้	43905	ปักษ์ใต้
ผงก	43904	ผงก
พระคุณเจ้า	43903	พระคุณเจ้า
พรั่งพร้อม	43902	พรั่งพร้อม
พราว	43901	พราว
พฤติการณ์	43900	พฤติการณ์
พลุ่ง	43899	พลุ่ง
พอควร	43898	พอควร
พอเพียง	43897	พอเพียง
พากย์	43896	พากย์
ฟักทอง	43895	ฟักทอง
ฟากฟ้า	43894	ฟากฟ้า
ฟ่อน	43893	ฟ่อน
มะยม	43892	มะยม
มัจฉา	43891	มัจฉา
มีดี	43890	มีดี
ยักษี	43889	ยักษี
ยิ่งยวด	43888	ยิ่งยวด
ราชบุรุษ	43887	ราชบุรุษ
ริด	43886	ริด
ละเมอ	43885	ละเมอ
ลูกกวาด	43884	ลูกกวาด
ลูกโป่ง	43883	ลูกโป่ง
วาร	43882	วาร
ศรีษะ	43881	ศรีษะ
ศาสตรา	43880	ศาสตรา
สนาน	43879	สนาน
สมัครสมาน	43878	สมัครสมาน
สมัน	43877	สมัน
สร้อยคอ	43876	สร้อยคอ
สวนทาง	43875	สวนทาง
สหกรณ์	43874	สหกรณ์
สอดส่อง	43873	สอดส่อง
สะอาดสะอ้าน	43872	สะอาดสะอ้าน
สารสนเทศ	43871	สารสนเทศ
สาวเท้า	43870	สาวเท้า
สุดใจ	43869	สุดใจ
ส้มตำ	43868	ส้มตำ
หนวกหู	43867	หนวกหู
หน้าเสีย	43866	หน้าเสีย
หมิ่นประมาท	43865	หมิ่นประมาท
หาเหตุ	43864	หาเหตุ
หึๆ	43863	หึๆ
หุบ	43862	หุบ
ห่า	43861	ห่า
อติ	43860	อติ
ออด	43859	ออด
อารมณ์ขัน	43858	อารมณ์ขัน
อิง	43857	อิง
ฮุบ	43856	ฮุบ
เครื่องปรุง	43855	เครื่องปรุง
เคี่ยว	43854	เคี่ยว
เจือ	43853	เจือ
เฉียบแหลม	43852	เฉียบแหลม
เฉื่อย	43851	เฉื่อย
เชือน	43850	เชือน
เซิ้ง	43849	เซิ้ง
เดินเรือ	43848	เดินเรือ
เที่ยงตรง	43847	เที่ยงตรง
เนื้อร้อง	43846	เนื้อร้อง
เบาปัญญา	43845	เบาปัญญา
เปรม	43844	เปรม
เปลือย	43843	เปลือย
เป็นกลาง	43842	เป็นกลาง
เราๆ	43841	เราๆ
เรือนไม้	43840	เรือนไม้
เสื่อมโทรม	43839	เสื่อมโทรม
เอาจริงเอาจัง	43838	เอาจริงเอาจัง
แกงจืด	43837	แกงจืด
แจ๊ส	43836	แจ๊ส
แทรกแซง	43835	แทรกแซง
แลบ	43834	แลบ
แว่วๆ	43833	แว่วๆ
แหบ	43832	แหบ
โชคร้าย	43831	โชคร้าย
โต้	43830	โต้
โยชน์	43829	โยชน์
โยม	43828	โยม
โอ๊ก	43827	โอ๊ก
ใจร้อน	43826	ใจร้อน
ไวๆ	43825	ไวๆ
กระปรี้กระเปร่า	43824	กระปรี้กระเปร่า
กรำ	43823	กรำ
กาว	43822	กาว
ก็เถอะ	43821	ก็เถอะ
ขบคิด	43820	ขบคิด
ขมา	43819	ขมา
ของชำ	43818	ของชำ
ข่าวคราว	43817	ข่าวคราว
ข้องใจ	43816	ข้องใจ
ข้างขึ้น	43815	ข้างขึ้น
ข้าวสุก	43814	ข้าวสุก
ครบครัน	43813	ครบครัน
ครองราชสมบัติ	43812	ครองราชสมบัติ
คริสเตียน	43811	คริสเตียน
คะน้า	43810	คะน้า
คั้น	43809	คั้น
คำเตือน	43808	คำเตือน
คุกคาม	43807	คุกคาม
คู้	43806	คู้
งัน	43805	งัน
จริยธรรม	43804	จริยธรรม
จ่าหน้า	43803	จ่าหน้า
ฉก	43802	ฉก
ชะลอ	43801	ชะลอ
ชาวเขา	43800	ชาวเขา
ซี่โครง	43799	ซี่โครง
ซ่อนกลิ่น	43798	ซ่อนกลิ่น
ด้อม	43797	ด้อม
ตกหนัก	43796	ตกหนัก
ตกเบ็ด	43795	ตกเบ็ด
ตะคุ่มๆ	43794	ตะคุ่มๆ
ตื่นตัว	43793	ตื่นตัว
ตู้กระจก	43792	ตู้กระจก
ถวิล	43791	ถวิล
ถ้วนถี่	43790	ถ้วนถี่
ทอน	43789	ทอน
ทะเยอทะยาน	43788	ทะเยอทะยาน
ทำครัว	43787	ทำครัว
ทุกขเวทนา	43786	ทุกขเวทนา
ทุเลา	43785	ทุเลา
ท้วงติง	43784	ท้วงติง
นครปฐม	43783	นครปฐม
นักบิน	43782	นักบิน
นักโทษ	43781	นักโทษ
บรรพ	43780	บรรพ
บาดหมาง	43779	บาดหมาง
บุตรสาว	43778	บุตรสาว
บุตรหลาน	43777	บุตรหลาน
บูชายัญ	43776	บูชายัญ
ปณิธาน	43775	ปณิธาน
ประจาน	43774	ประจาน
ปรือ	43773	ปรือ
ปานกลาง	43772	ปานกลาง
ปี๋	43771	ปี๋
ป่วยการ	43770	ป่วยการ
ป่าวร้อง	43769	ป่าวร้อง
ฝืดเคือง	43768	ฝืดเคือง
ฝุ่นละออง	43767	ฝุ่นละออง
พลเรือน	43766	พลเรือน
พิสมัย	43765	พิสมัย
พ่อครัว	43764	พ่อครัว
ฟอก	43763	ฟอก
ฟุ้งซ่าน	43762	ฟุ้งซ่าน
ภูมิศาสตร์	43761	ภูมิศาสตร์
มณฑป	43760	มณฑป
มอญซ่อนผ้า	43759	มอญซ่อนผ้า
มังคุด	43758	มังคุด
มันๆ	43757	มันๆ
ยวดยาน	43756	ยวดยาน
ยวน	43755	ยวน
ยี	43754	ยี
รับผิด	43753	รับผิด
รากษส	43752	รากษส
ลดละ	43751	ลดละ
ลมทะเล	43750	ลมทะเล
ละห้อย	43749	ละห้อย
ลามก	43748	ลามก
ลำนำ	43747	ลำนำ
ลู่	43746	ลู่
วางท่า	43745	วางท่า
วิสาสะ	43744	วิสาสะ
วิไล	43743	วิไล
ว่างเว้น	43742	ว่างเว้น
ว่างๆ	43741	ว่างๆ
สงขลา	43740	สงขลา
สะอึกสะอื้น	43739	สะอึกสะอื้น
สารท	43738	สารท
สาหร่าย	43737	สาหร่าย
สิงคโปร์	43736	สิงคโปร์
สิ้นใจ	43735	สิ้นใจ
สุริยา	43734	สุริยา
หน้าตื่น	43733	หน้าตื่น
หน้าท้อง	43732	หน้าท้อง
หมาบ้า	43731	หมาบ้า
หยิ่ง	43730	หยิ่ง
หลาบ	43729	หลาบ
หัวออก	43728	หัวออก
หางเสือ	43727	หางเสือ
หิมาลัย	43726	หิมาลัย
หือ	43725	หือ
ห่างเหิน	43724	ห่างเหิน
อกตัญญู	43723	อกตัญญู
อวบ	43722	อวบ
อวสาน	43721	อวสาน
อัญชลี	43720	อัญชลี
อัฐิ	43719	อัฐิ
อัดอั้นตันใจ	43718	อัดอั้นตันใจ
อาลักษณ์	43717	อาลักษณ์
อุปัชฌาย์	43716	อุปัชฌาย์
อ้วนท้วน	43715	อ้วนท้วน
เกียรติคุณ	43714	เกียรติคุณ
เจ้าแม่	43713	เจ้าแม่
เชียร์	43712	เชียร์
เบาะ	43711	เบาะ
เปลี่ยนใจ	43710	เปลี่ยนใจ
เมียง	43709	เมียง
เม้ม	43708	เม้ม
เร้าใจ	43707	เร้าใจ
เสวก	43706	เสวก
เสียงหลง	43705	เสียงหลง
เหี้ยมโหด	43704	เหี้ยมโหด
เอ็น	43703	เอ็น
แง้ม	43702	แง้ม
แห้งๆ	43701	แห้งๆ
แอฟริกา	43700	แอฟริกา
โกลาหล	43699	โกลาหล
โก้	43698	โก้
โด่งดัง	43697	โด่งดัง
โปรตีน	43696	โปรตีน
ใจดำ	43695	ใจดำ
ใจถึง	43694	ใจถึง
ได้ที่	43693	ได้ที่
ไป่	43692	ไป่
ไม้เรียว	43691	ไม้เรียว
ไล่เลี่ย	43690	ไล่เลี่ย
ไสว	43689	ไสว
กรด	43688	กรด
กรร	43687	กรร
กระดอง	43686	กระดอง
กระดิ่ง	43685	กระดิ่ง
กระทืบ	43684	กระทืบ
กระโถน	43683	กระโถน
กราด	43682	กราด
กล่าวชม	43681	กล่าวชม
กล่าวโทษ	43680	กล่าวโทษ
กะพริบ	43679	กะพริบ
กันแสง	43678	กันแสง
กู้เงิน	43677	กู้เงิน
ขนานนาม	43676	ขนานนาม
ขั้ว	43675	ขั้ว
ขี้เรื้อน	43674	ขี้เรื้อน
ข้น	43673	ข้น
ข้อขัดแย้ง	43672	ข้อขัดแย้ง
ข้อเสีย	43671	ข้อเสีย
คงเหลือ	43670	คงเหลือ
คลาด	43669	คลาด
คางคก	43668	คางคก
คำมั่น	43667	คำมั่น
คำร้อง	43666	คำร้อง
คู่เคียง	43665	คู่เคียง
จุกจิก	43664	จุกจิก
จุ๊บแจง	43663	จุ๊บแจง
ดุจดัง	43662	ดุจดัง
ดูๆ	43661	ดูๆ
ด้วยซ้ำไป	43660	ด้วยซ้ำไป
ตริ	43659	ตริ
ตอบโต้	43658	ตอบโต้
ตัดตอน	43657	ตัดตอน
ตู้เย็น	43656	ตู้เย็น
ต้าน	43655	ต้าน
ถามไถ่	43654	ถามไถ่
ถือดี	43653	ถือดี
ทรยศ	43652	ทรยศ
ทะลาย	43651	ทะลาย
ทัณฑฆาต	43650	ทัณฑฆาต
ทุ่มเถียง	43649	ทุ่มเถียง
ธรรมดาๆ	43648	ธรรมดาๆ
นที	43647	นที
นวม	43646	นวม
น้อยหน้า	43645	น้อยหน้า
บวม	43644	บวม
บาย	43643	บาย
บุคลิกลักษณะ	43642	บุคลิกลักษณะ
บุตรบุญธรรม	43641	บุตรบุญธรรม
ประชัน	43640	ประชัน
ปลงใจ	43639	ปลงใจ
ปลั่ง	43638	ปลั่ง
ปล้ำ	43637	ปล้ำ
ปากกว้าง	43636	ปากกว้าง
ปึกแผ่น	43635	ปึกแผ่น
ปุถุชน	43634	ปุถุชน
ผลร้าย	43633	ผลร้าย
ผิ	43632	ผิ
ผิดชอบ	43631	ผิดชอบ
ผิวปาก	43630	ผิวปาก
ผู้เดินทาง	43629	ผู้เดินทาง
ฝาน	43628	ฝาน
พน	43627	พน
พระราชไมตรี	43626	พระราชไมตรี
ภาย	43625	ภาย
มี่	43624	มี่
ม่าย	43623	ม่าย
ม้าใช้	43622	ม้าใช้
ยื่นมือ	43621	ยื่นมือ
ระยับ	43620	ระยับ
ระวาง	43619	ระวาง
ริบ	43618	ริบ
ร่ำเรียน	43617	ร่ำเรียน
ละวาด	43616	ละวาด
ลูกเขย	43615	ลูกเขย
ลูบคลำ	43614	ลูบคลำ
ล้า	43613	ล้า
วิชาชีพ	43612	วิชาชีพ
วินาที	43611	วินาที
วิมล	43610	วิมล
ว้า	43609	ว้า
สนเท่ห์	43608	สนเท่ห์
สมร	43607	สมร
สมาน	43606	สมาน
สลอน	43605	สลอน
สะดุดใจ	43604	สะดุดใจ
สัจธรรม	43603	สัจธรรม
สัญชาตญาณ	43602	สัญชาตญาณ
สัมผัสอักษร	43601	สัมผัสอักษร
สามเหลี่ยม	43600	สามเหลี่ยม
สุกใส	43599	สุกใส
หม้อแกง	43598	หม้อแกง
หยัก	43597	หยัก
หลาว	43596	หลาว
หัวมัน	43595	หัวมัน
หายตัว	43594	หายตัว
หึง	43593	หึง
อนุสาวรีย์	43592	อนุสาวรีย์
อัตโน	43591	อัตโน
อัยกา	43590	อัยกา
อาชญา	43589	อาชญา
อาพาธ	43588	อาพาธ
อิตาลี	43587	อิตาลี
อียิปต์	43586	อียิปต์
อึ	43585	อึ
อุตรดิตถ์	43584	อุตรดิตถ์
อุทร	43583	อุทร
ฮะๆ	43582	ฮะๆ
เกลี่ย	43581	เกลี่ย
เข่นฆ่า	43580	เข่นฆ่า
เข้าที	43579	เข้าที
เคียงคู่	43578	เคียงคู่
เงินตรา	43577	เงินตรา
เงินสด	43576	เงินสด
เจ้ากรม	43575	เจ้ากรม
เฉลิมพระชนมพรรษา	43574	เฉลิมพระชนมพรรษา
เชิงกล	43573	เชิงกล
เชียงราย	43572	เชียงราย
เซนต์	43571	เซนต์
เซ่น	43570	เซ่น
เผ้า	43569	เผ้า
เย่อหยิ่ง	43568	เย่อหยิ่ง
เรืองรอง	43567	เรืองรอง
เสียดทาน	43566	เสียดทาน
เหรียญทอง	43565	เหรียญทอง
เหลอ	43564	เหลอ
เห็ด	43563	เห็ด
แก่นสาร	43562	แก่นสาร
แคระ	43561	แคระ
แช่ง	43560	แช่ง
แตกตื่น	43559	แตกตื่น
แนบเนียน	43558	แนบเนียน
แปร่ง	43557	แปร่ง
แพงๆ	43556	แพงๆ
แสวง	43555	แสวง
แหน	43554	แหน
โคตร	43553	โคตร
โป้ง	43552	โป้ง
โยธา	43551	โยธา
โลกา	43550	โลกา
โหม	43549	โหม
โหล	43548	โหล
โหวกเหวก	43547	โหวกเหวก
โอย	43546	โอย
ใจมา	43545	ใจมา
ไซ	43544	ไซ
ได้ส่วน	43543	ได้ส่วน
ไม้ม้วน	43542	ไม้ม้วน
กระฉับกระเฉง	43541	กระฉับกระเฉง
กระดังงา	43540	กระดังงา
กระสับกระส่าย	43539	กระสับกระส่าย
กระโชก	43538	กระโชก
กราม	43537	กราม
กริช	43536	กริช
กลุ้มรุม	43535	กลุ้มรุม
กลไก	43534	กลไก
กวัก	43533	กวัก
กวัดแกว่ง	43532	กวัดแกว่ง
กว่าๆ	43531	กว่าๆ
กัปตัน	43530	กัปตัน
กุฎี	43529	กุฎี
ก่อง	43528	ก่อง
ขยำ	43527	ขยำ
ขอประทานโทษ	43526	ขอประทานโทษ
ขัดจังหวะ	43525	ขัดจังหวะ
ขาดคำ	43524	ขาดคำ
ขี้เมา	43523	ขี้เมา
ขึ้นชื่อ	43522	ขึ้นชื่อ
ขึ้นเสียง	43521	ขึ้นเสียง
ข้าวแกง	43520	ข้าวแกง
คร่าวๆ	43519	คร่าวๆ
คร่ำ	43518	คร่ำ
คับแคบ	43517	คับแคบ
งก	43516	งก
งัวเงีย	43515	งัวเงีย
ง่าม	43514	ง่าม
จางๆ	43513	จางๆ
ฉลาก	43512	ฉลาก
ซ่าน	43511	ซ่าน
ดักจับ	43510	ดักจับ
ดุดัน	43509	ดุดัน
ตกดิน	43508	ตกดิน
ตรัสรู้	43507	ตรัสรู้
ตะไคร่	43506	ตะไคร่
ตาด	43505	ตาด
ติดตา	43504	ติดตา
ติดไฟ	43503	ติดไฟ
ต้องใจ	43502	ต้องใจ
ทรวดทรง	43501	ทรวดทรง
ทรหด	43500	ทรหด
ทองหลาง	43499	ทองหลาง
ทันใจ	43498	ทันใจ
ท่านผู้หญิง	43497	ท่านผู้หญิง
ท้องถนน	43496	ท้องถนน
ธัญญาหาร	43495	ธัญญาหาร
น้ำข้าว	43494	น้ำข้าว
บงการ	43493	บงการ
บนบาน	43492	บนบาน
บรรหาร	43491	บรรหาร
บ่อน	43490	บ่อน
ปทุม	43489	ปทุม
ประจัญ	43488	ประจัญ
ประดู่	43487	ประดู่
ปลง	43486	ปลง
ปักษ์	43485	ปักษ์
ปุจฉา	43484	ปุจฉา
ผู้ซื้อ	43483	ผู้ซื้อ
ผู้บังคับการ	43482	ผู้บังคับการ
ผ้าขี้ริ้ว	43481	ผ้าขี้ริ้ว
ฝีดาษ	43480	ฝีดาษ
ฝ่าพระบาท	43479	ฝ่าพระบาท
พระราชกรณียกิจ	43478	พระราชกรณียกิจ
พรั่นพรึง	43477	พรั่นพรึง
พริบตาเดียว	43476	พริบตาเดียว
พฤหัสบดี	43475	พฤหัสบดี
พ่ะ	43474	พ่ะ
ฟังๆ	43473	ฟังๆ
มรรยาท	43472	มรรยาท
มอด	43471	มอด
มาตรการ	43470	มาตรการ
มาย	43469	มาย
มุ	43468	มุ
ยอง	43467	ยอง
ยับเยิน	43466	ยับเยิน
รง	43465	รง
รัตนา	43464	รัตนา
ร้อยชั่ง	43463	ร้อยชั่ง
ร้อยๆ	43462	ร้อยๆ
ลงคอ	43461	ลงคอ
ลงโรง	43460	ลงโรง
ละม้าย	43459	ละม้าย
ลำพอง	43458	ลำพอง
ลูกพรวน	43457	ลูกพรวน
ลูกยาเธอ	43456	ลูกยาเธอ
ลูกเต๋า	43455	ลูกเต๋า
ล่วงรู้	43454	ล่วงรู้
ล้าหลัง	43453	ล้าหลัง
วัตร	43452	วัตร
วโรกาส	43451	วโรกาส
ศตวรรษ	43450	ศตวรรษ
สักการ	43449	สักการ
สัมผัสนอก	43448	สัมผัสนอก
สายสร้อย	43447	สายสร้อย
สิ้นเชิง	43446	สิ้นเชิง
หน้าตาเฉย	43445	หน้าตาเฉย
หยวก	43444	หยวก
หยาด	43443	หยาด
หรรษา	43442	หรรษา
หรี่	43441	หรี่
หายหน้า	43440	หายหน้า
ห้าว	43439	ห้าว
อดิเรก	43438	อดิเรก
อดีตกาล	43437	อดีตกาล
อนาถา	43436	อนาถา
อริ	43435	อริ
อวน	43434	อวน
อัคคี	43433	อัคคี
อาจิณ	43432	อาจิณ
อิดโรย	43431	อิดโรย
อึง	43430	อึง
เก็บหอมรอมริบ	43429	เก็บหอมรอมริบ
เก่งๆ	43428	เก่งๆ
เคร่งขรึม	43427	เคร่งขรึม
เจ้าบ้าน	43426	เจ้าบ้าน
เจ้าสาว	43425	เจ้าสาว
เฉ	43424	เฉ
เช่นไร	43423	เช่นไร
เซาะ	43422	เซาะ
เต็มๆ	43421	เต็มๆ
เทง	43420	เทง
เทียนอบ	43419	เทียนอบ
เมื่อยล้า	43418	เมื่อยล้า
เม้มปาก	43417	เม้มปาก
เลือดเนื้อ	43416	เลือดเนื้อ
เสียงแข็ง	43415	เสียงแข็ง
เสือก	43414	เสือก
เหวย	43413	เหวย
แกงเผ็ด	43412	แกงเผ็ด
แกรก	43411	แกรก
แกลบ	43410	แกลบ
แปลบ	43409	แปลบ
แผ่เมตตา	43408	แผ่เมตตา
แม้กระทั่ง	43407	แม้กระทั่ง
แล้	43406	แล้
แอปเปิล	43405	แอปเปิล
โป	43404	โป
โพ	43403	โพ
โพ้น	43402	โพ้น
ไข่เต่า	43401	ไข่เต่า
ไดโนเสาร์	43400	ไดโนเสาร์
ไน	43399	ไน
ไปๆ	43398	ไปๆ
กงการ	43397	กงการ
กรมศิลปากร	43396	กรมศิลปากร
กระจกเงา	43395	กระจกเงา
กระเพาะ	43394	กระเพาะ
กระได	43393	กระได
กาก	43392	กาก
กาสร	43391	กาสร
กำกวม	43390	กำกวม
กำลังดี	43389	กำลังดี
กิตติศัพท์	43388	กิตติศัพท์
กึก	43387	กึก
ก้าวเท้า	43386	ก้าวเท้า
ขยาด	43385	ขยาด
ของเสีย	43384	ของเสีย
ขุนเขา	43383	ขุนเขา
คนเมือง	43382	คนเมือง
ครองชีพ	43381	ครองชีพ
คร่อม	43380	คร่อม
คร้าม	43379	คร้าม
ควบคู่	43378	ควบคู่
คิดเลข	43377	คิดเลข
คูณ	43376	คูณ
งงงวย	43375	งงงวย
งีบ	43374	งีบ
จก	43373	จก
จลาจล	43372	จลาจล
จับกุม	43371	จับกุม
จำศีล	43370	จำศีล
จีวร	43369	จีวร
จ้อ	43368	จ้อ
ฉาด	43367	ฉาด
ชกต่อย	43366	ชกต่อย
ชัดๆ	43365	ชัดๆ
ชูคอ	43364	ชูคอ
ช้างน้อย	43363	ช้างน้อย
ซบเซา	43362	ซบเซา
ซ่อนเร้น	43361	ซ่อนเร้น
ดึกดื่น	43360	ดึกดื่น
ดื้อดึง	43359	ดื้อดึง
ดุจหนึ่ง	43358	ดุจหนึ่ง
ตกค้าง	43357	ตกค้าง
ตวัด	43356	ตวัด
ตะเกียบ	43355	ตะเกียบ
ตามมี	43354	ตามมี
ติง	43353	ติง
ตีปีก	43352	ตีปีก
ตื้นตันใจ	43351	ตื้นตันใจ
ต่ำต้อย	43350	ต่ำต้อย
ถือท้าย	43349	ถือท้าย
ทะเลทราย	43348	ทะเลทราย
ทั้งผอง	43347	ทั้งผอง
ทินกร	43346	ทินกร
ทุกเมื่อ	43345	ทุกเมื่อ
ทุนทรัพย์	43344	ทุนทรัพย์
ธรรมจริยา	43343	ธรรมจริยา
นภาลัย	43342	นภาลัย
นักพรต	43341	นักพรต
นางสาว	43340	นางสาว
น่านน้ำ	43339	น่านน้ำ
น้อยหรือ	43338	น้อยหรือ
บ	43337	บ
บ่งชี้	43336	บ่งชี้
บ้านเกิดเมืองนอน	43335	บ้านเกิดเมืองนอน
ประทัง	43334	ประทัง
ประนมมือ	43333	ประนมมือ
ปลาแดก	43332	ปลาแดก
ปัสสาวะ	43331	ปัสสาวะ
ป้าน	43330	ป้าน
ผอมๆ	43329	ผอมๆ
ผู้ขาย	43328	ผู้ขาย
ผู้ดูแล	43327	ผู้ดูแล
ผู้เยาว์	43326	ผู้เยาว์
พระบรมราชินีนาถ	43325	พระบรมราชินีนาถ
พระเคราะห์	43324	พระเคราะห์
พริ้ม	43323	พริ้ม
พร่า	43322	พร่า
พลับพลึง	43321	พลับพลึง
พสกนิกร	43320	พสกนิกร
พิทักษ์	43319	พิทักษ์
พิพิธภัณฑ์	43318	พิพิธภัณฑ์
ฟูมฟาย	43317	ฟูมฟาย
ภูต	43316	ภูต
มหันต์	43315	มหันต์
มะค่า	43314	มะค่า
มีแก่ใจ	43313	มีแก่ใจ
มุนี	43312	มุนี
ยาเส้น	43311	ยาเส้น
ยืนกราน	43310	ยืนกราน
ยุทธวิธี	43309	ยุทธวิธี
ยุ่งเหยิง	43308	ยุ่งเหยิง
รบเร้า	43307	รบเร้า
รองๆ	43306	รองๆ
รอนแรม	43305	รอนแรม
ระเห็จ	43304	ระเห็จ
รัฐมนตรี	43303	รัฐมนตรี
ริ้ว	43302	ริ้ว
ร้องทุกข์	43301	ร้องทุกข์
ร้าว	43300	ร้าว
ฤทธา	43299	ฤทธา
ลอยตัว	43298	ลอยตัว
ละม่อม	43297	ละม่อม
ลำบากใจ	43296	ลำบากใจ
ลำเนา	43295	ลำเนา
ลิ้นจี่	43294	ลิ้นจี่
ลื้อ	43293	ลื้อ
ล้วงกระเป๋า	43292	ล้วงกระเป๋า
วิจัย	43291	วิจัย
ว่ะ	43290	ว่ะ
ว่างงาน	43289	ว่างงาน
สกรู	43288	สกรู
สถาปัตยกรรม	43287	สถาปัตยกรรม
สัต	43286	สัต
สัตวแพทย์	43285	สัตวแพทย์
สาธก	43284	สาธก
สายๆ	43283	สายๆ
สารพัน	43282	สารพัน
สูงส่ง	43281	สูงส่ง
ส่วนหลัง	43280	ส่วนหลัง
ส้น	43279	ส้น
หนีบ	43278	หนีบ
หมัน	43277	หมัน
หยิบยืม	43276	หยิบยืม
หยุดหย่อน	43275	หยุดหย่อน
หย่อนใจ	43274	หย่อนใจ
หย่อมๆ	43273	หย่อมๆ
หลอด	43272	หลอด
หลังคาเรือน	43271	หลังคาเรือน
หักห้าม	43270	หักห้าม
หับ	43269	หับ
ห้วนๆ	43268	ห้วนๆ
ห้างร้าน	43267	ห้างร้าน
อมรา	43266	อมรา
อร	43265	อร
อรชร	43264	อรชร
ออกรับ	43263	ออกรับ
อิฉัน	43262	อิฉัน
อินทรวิเชียร	43261	อินทรวิเชียร
อุบล	43260	อุบล
เกลี้ยงเกลา	43259	เกลี้ยงเกลา
เก้งก้าง	43258	เก้งก้าง
เขม้น	43257	เขม้น
เคล็ดลับ	43256	เคล็ดลับ
เจ	43255	เจ
เจ็บใจ	43254	เจ็บใจ
เจ้ามือ	43253	เจ้ามือ
เฉียบ	43252	เฉียบ
เชาวน์	43251	เชาวน์
เซา	43250	เซา
เติมเต็ม	43249	เติมเต็ม
เปียโน	43248	เปียโน
เผยอ	43247	เผยอ
เฝือก	43246	เฝือก
เล่นงาน	43245	เล่นงาน
เสวนา	43244	เสวนา
เส้นเลือด	43243	เส้นเลือด
เหิน	43242	เหิน
เอาใจช่วย	43241	เอาใจช่วย
แขกเมือง	43240	แขกเมือง
แฉะ	43239	แฉะ
แน่นขนัด	43238	แน่นขนัด
แล้วๆ	43237	แล้วๆ
แสนรู้	43236	แสนรู้
แสลง	43235	แสลง
แอ	43234	แอ
แอตแลนติก	43233	แอตแลนติก
โคลงเคลง	43232	โคลงเคลง
โคลัมโบ	43231	โคลัมโบ
โทมนัส	43230	โทมนัส
โลม	43229	โลม
ไป๊	43228	ไป๊
ไม้ยมก	43227	ไม้ยมก
ไหล่เขา	43226	ไหล่เขา
กระบวนแห่	43225	กระบวนแห่
กระเซ็น	43224	กระเซ็น
กระแต	43223	กระแต
กลัก	43222	กลัก
กลับหลัง	43221	กลับหลัง
กวางทอง	43220	กวางทอง
กองทหาร	43219	กองทหาร
กอปร	43218	กอปร
ขยับเขยื้อน	43217	ขยับเขยื้อน
ขยี้	43216	ขยี้
ขรัว	43215	ขรัว
ข้อยุติ	43214	ข้อยุติ
คบค้า	43213	คบค้า
ครหา	43212	ครหา
คฤหบดี	43211	คฤหบดี
คอลัมน์	43210	คอลัมน์
คำย่อ	43209	คำย่อ
คิดมาก	43208	คิดมาก
คู่ๆ	43207	คู่ๆ
จับความ	43206	จับความ
จินตภาพ	43205	จินตภาพ
จุน	43204	จุน
จุลศักราช	43203	จุลศักราช
ฉายา	43202	ฉายา
ชกมวย	43201	ชกมวย
ชะแง้	43200	ชะแง้
ชี้แนะ	43199	ชี้แนะ
ซด	43198	ซด
ซู่ซ่า	43197	ซู่ซ่า
ดลใจ	43196	ดลใจ
ดูหรือ	43195	ดูหรือ
ตนๆ	43194	ตนๆ
ตะกาย	43193	ตะกาย
ตะลุมบอน	43192	ตะลุมบอน
ตัดรอน	43191	ตัดรอน
ตัวนาง	43190	ตัวนาง
ตึงเครียด	43189	ตึงเครียด
ต้นทาง	43188	ต้นทาง
ถ่ายเท	43187	ถ่ายเท
ท้วง	43186	ท้วง
ท้องเรื่อง	43185	ท้องเรื่อง
นางงาม	43184	นางงาม
บาปกรรม	43183	บาปกรรม
บุคลิกภาพ	43182	บุคลิกภาพ
บุราณ	43181	บุราณ
บ่ายๆ	43180	บ่ายๆ
ประกอบอาหาร	43179	ประกอบอาหาร
ประทัด	43178	ประทัด
ประหม่า	43177	ประหม่า
ปราม	43176	ปราม
ปลี	43175	ปลี
ปลุกใจ	43174	ปลุกใจ
ผันแปร	43173	ผันแปร
ผีหลอก	43172	ผีหลอก
ผูกมัด	43171	ผูกมัด
ผู้กำกับ	43170	ผู้กำกับ
ผู้สมัคร	43169	ผู้สมัคร
พยศ	43168	พยศ
พระเป็นเจ้า	43167	พระเป็นเจ้า
ภูมิภาค	43166	ภูมิภาค
มั้ง	43165	มั้ง
มารดร	43164	มารดร
ยางพารา	43163	ยางพารา
ยุพราช	43162	ยุพราช
ยู	43161	ยู
ย่ำยี	43160	ย่ำยี
ระคาย	43159	ระคาย
ระราน	43158	ระราน
ระเด่น	43157	ระเด่น
ระเบียบการ	43156	ระเบียบการ
ลวก	43155	ลวก
ลออ	43154	ลออ
ละล่ำละลัก	43153	ละล่ำละลัก
ลึกๆ	43152	ลึกๆ
ลูกแก้ว	43151	ลูกแก้ว
ล่วงลับ	43150	ล่วงลับ
วิจักษณ์	43149	วิจักษณ์
วิญญาณ์	43148	วิญญาณ์
ศิลปวัฒนธรรม	43147	ศิลปวัฒนธรรม
สถานภาพ	43146	สถานภาพ
สนิม	43145	สนิม
สวมใส่	43144	สวมใส่
สวิง	43143	สวิง
สังเกตการณ์	43142	สังเกตการณ์
สันตะปาปา	43141	สันตะปาปา
สัมมาสัมพุทธเจ้า	43140	สัมมาสัมพุทธเจ้า
สาธุ	43139	สาธุ
สุดกำลัง	43138	สุดกำลัง
สุนทรพจน์	43137	สุนทรพจน์
หงอย	43136	หงอย
หนาๆ	43135	หนาๆ
หนำ	43134	หนำ
หมั้น	43133	หมั้น
หมิ่น	43132	หมิ่น
ห้อมล้อม	43131	ห้อมล้อม
อมนุษย์	43130	อมนุษย์
อวดอ้าง	43129	อวดอ้าง
อัสสัมชัญ	43128	อัสสัมชัญ
อุ้ยอ้าย	43127	อุ้ยอ้าย
อ้อมค้อม	43126	อ้อมค้อม
อ้ำอึ้ง	43125	อ้ำอึ้ง
เขียวๆ	43124	เขียวๆ
เคยตัว	43123	เคยตัว
เครียด	43122	เครียด
เคลิ้ม	43121	เคลิ้ม
เคหสถาน	43120	เคหสถาน
เจ้าขา	43119	เจ้าขา
เดน	43118	เดน
เดินหน้า	43117	เดินหน้า
เดี๋ยวเดียว	43116	เดี๋ยวเดียว
เทวัญ	43115	เทวัญ
เทอญ	43114	เทอญ
เทิด	43113	เทิด
เบ้	43112	เบ้
เพรียง	43111	เพรียง
เยิ้ม	43110	เยิ้ม
เยื้อง	43109	เยื้อง
เลอะ	43108	เลอะ
เว้า	43107	เว้า
เหยาะ	43106	เหยาะ
เอนตัว	43105	เอนตัว
เอื่อย	43104	เอื่อย
แบบฝึกหัด	43103	แบบฝึกหัด
แปรปรวน	43102	แปรปรวน
แยแส	43101	แยแส
โห	43100	โห
ใจเสีย	43099	ใจเสีย
ในที่นี้	43098	ในที่นี้
ไพล่	43097	ไพล่
กบิล	43096	กบิล
กรณียะ	43095	กรณียะ
กรวย	43094	กรวย
กริ๋ง	43093	กริ๋ง
กรุ่น	43092	กรุ่น
กลวง	43091	กลวง
กองทัพเรือ	43090	กองทัพเรือ
กะพง	43089	กะพง
กะเพรา	43088	กะเพรา
กาน	43087	กาน
ขมุบขมิบ	43086	ขมุบขมิบ
ขยุ้ม	43085	ขยุ้ม
ขี้หนู	43084	ขี้หนู
ขึงขัง	43083	ขึงขัง
ข่าวร้าย	43082	ข่าวร้าย
ข้าวสวย	43081	ข้าวสวย
คงที่	43080	คงที่
คู่มือ	43079	คู่มือ
งม	43078	งม
จงดี	43077	จงดี
จับกลุ่ม	43076	จับกลุ่ม
จับคู่	43075	จับคู่
จำเจ	43074	จำเจ
จำเลย	43073	จำเลย
จ้าน	43072	จ้าน
ฉายาลักษณ์	43071	ฉายาลักษณ์
ชฎา	43070	ชฎา
ชะตากรรม	43069	ชะตากรรม
ชั้นๆ	43068	ชั้นๆ
ชาตรี	43067	ชาตรี
ซักซ้อม	43066	ซักซ้อม
ดาวดึงส์	43065	ดาวดึงส์
ดีอกดีใจ	43064	ดีอกดีใจ
ดึกๆ	43063	ดึกๆ
ดูเถอะ	43062	ดูเถอะ
ตกทอด	43061	ตกทอด
ตรม	43060	ตรม
ตรอก	43059	ตรอก
ตราบเท่า	43058	ตราบเท่า
ตราบใด	43057	ตราบใด
ตั้งหน้าตั้งตา	43056	ตั้งหน้าตั้งตา
ตื่นตาตื่นใจ	43055	ตื่นตาตื่นใจ
ตื้นตัน	43054	ตื้นตัน
ตุ้มหู	43053	ตุ้มหู
ต่างแดน	43052	ต่างแดน
ต้นทุน	43051	ต้นทุน
ต้องสู้	43050	ต้องสู้
ถลอก	43049	ถลอก
ถ่อย	43048	ถ่อย
ทวีคูณ	43047	ทวีคูณ
ทอดกฐิน	43046	ทอดกฐิน
ทัณฑ์	43045	ทัณฑ์
ทันทีทันใด	43044	ทันทีทันใด
ทัศน์	43043	ทัศน์
ที่จอดรถ	43042	ที่จอดรถ
ทุนรอน	43041	ทุนรอน
นรินทร์	43040	นรินทร์
น้ำยา	43039	น้ำยา
น้ำเกลือ	43038	น้ำเกลือ
บวบ	43037	บวบ
บาทา	43036	บาทา
บำเรอ	43035	บำเรอ
บ่าวไพร่	43034	บ่าวไพร่
ปฏิวัติ	43033	ปฏิวัติ
ประลอง	43032	ประลอง
ปรับทุกข์	43031	ปรับทุกข์
ปลวก	43030	ปลวก
ปวงชน	43029	ปวงชน
ปีบ	43028	ปีบ
ผลกำไร	43027	ผลกำไร
ผลิตผล	43026	ผลิตผล
ผักชี	43025	ผักชี
ผิดสังเกต	43024	ผิดสังเกต
ผุดผ่อง	43023	ผุดผ่อง
ผูกไมตรี	43022	ผูกไมตรี
ฝังใจ	43021	ฝังใจ
ฝาด	43020	ฝาด
พระศรีรัตนศาสดาราม	43019	พระศรีรัตนศาสดาราม
พลตระเวน	43018	พลตระเวน
พลุกพล่าน	43017	พลุกพล่าน
พอก	43016	พอก
พัวพัน	43015	พัวพัน
พายัพ	43014	พายัพ
พิณ	43013	พิณ
พิธีเปิด	43012	พิธีเปิด
พิรุธ	43011	พิรุธ
พึงใจ	43010	พึงใจ
ฟุบ	43009	ฟุบ
ภาพเขียน	43008	ภาพเขียน
มนุษยชาติ	43007	มนุษยชาติ
มรสุม	43006	มรสุม
มวลชน	43005	มวลชน
มะระ	43004	มะระ
มืดมัว	43003	มืดมัว
ยุทธ	43002	ยุทธ
ระแหง	43001	ระแหง
ร้องเรียน	43000	ร้องเรียน
ละเอียดลออ	42999	ละเอียดลออ
ลั่นกุญแจ	42998	ลั่นกุญแจ
ลั่นทม	42997	ลั่นทม
ลิงโลด	42996	ลิงโลด
ลูกปืน	42995	ลูกปืน
ลูกเดียว	42994	ลูกเดียว
ล้างผลาญ	42993	ล้างผลาญ
วัตถุดิบ	42992	วัตถุดิบ
วางมือ	42991	วางมือ
วาที	42990	วาที
วานซืน	42989	วานซืน
วิก	42988	วิก
วิตถาร	42987	วิตถาร
วิสกี้	42986	วิสกี้
วิสาขบูชา	42985	วิสาขบูชา
ศักยภาพ	42984	ศักยภาพ
สมุทรปราการ	42983	สมุทรปราการ
สัมพันธไมตรี	42982	สัมพันธไมตรี
สั่งสม	42981	สั่งสม
สามล้อ	42980	สามล้อ
สำเร็จรูป	42979	สำเร็จรูป
สิงหล	42978	สิงหล
สินบน	42977	สินบน
สุดา	42976	สุดา
สูญพันธุ์	42975	สูญพันธุ์
สแลง	42974	สแลง
ส่งเสีย	42973	ส่งเสีย
หนังสติ๊ก	42972	หนังสติ๊ก
หน่อยๆ	42971	หน่อยๆ
หมดจด	42970	หมดจด
หมาใน	42969	หมาใน
หมู่เกาะ	42968	หมู่เกาะ
หม้อข้าวหม้อแกงลิง	42967	หม้อข้าวหม้อแกงลิง
หวอ	42966	หวอ
หวูด	42965	หวูด
หัวเรื่อง	42964	หัวเรื่อง
ออกกำลัง	42963	ออกกำลัง
ออกชื่อ	42962	ออกชื่อ
อัปยศ	42961	อัปยศ
อั้น	42960	อั้น
อั๊วะ	42959	อั๊วะ
อิ่มเอิบ	42958	อิ่มเอิบ
อีแอ่น	42957	อีแอ่น
อุตลุด	42956	อุตลุด
อุทัย	42955	อุทัย
อุ่นๆ	42954	อุ่นๆ
อ่าวไทย	42953	อ่าวไทย
อ้างว้าง	42952	อ้างว้าง
ฮอลันดา	42951	ฮอลันดา
ฮื้อ	42950	ฮื้อ
เกศ	42949	เกศ
เกี่ยง	42948	เกี่ยง
เก่งกาจ	42947	เก่งกาจ
เขน	42946	เขน
เขยก	42945	เขยก
เขย่ง	42944	เขย่ง
เคน	42943	เคน
เครื่องบูชา	42942	เครื่องบูชา
เครื่องใน	42941	เครื่องใน
เงินได้	42940	เงินได้
เฉี่ยว	42939	เฉี่ยว
เชิงอรรถ	42938	เชิงอรรถ
เซอร์	42937	เซอร์
เซ้าซี้	42936	เซ้าซี้
เตาผิง	42935	เตาผิง
เถลไถล	42934	เถลไถล
เปน	42933	เปน
เผินๆ	42932	เผินๆ
เผื่อว่า	42931	เผื่อว่า
เผ็ดร้อน	42930	เผ็ดร้อน
เพรียว	42929	เพรียว
เพลี่ยงพล้ำ	42928	เพลี่ยงพล้ำ
เลือกเฟ้น	42927	เลือกเฟ้น
เศรษฐศาสตร์	42926	เศรษฐศาสตร์
เสียดสี	42925	เสียดสี
เหลียวแล	42924	เหลียวแล
เหลือทน	42923	เหลือทน
เหลือหลาย	42922	เหลือหลาย
เอกรรถประโยค	42921	เอกรรถประโยค
เอนหลัง	42920	เอนหลัง
เอราวัณ	42919	เอราวัณ
เอารัดเอาเปรียบ	42918	เอารัดเอาเปรียบ
เอียน	42917	เอียน
แก๊ส	42916	แก๊ส
แข็งแกร่ง	42915	แข็งแกร่ง
แคลง	42914	แคลง
แจกจ่าย	42913	แจกจ่าย
แซว	42912	แซว
แตน	42911	แตน
แบ่งแยก	42910	แบ่งแยก
แผนภาพ	42909	แผนภาพ
แผ่วๆ	42908	แผ่วๆ
แพน	42907	แพน
แฟง	42906	แฟง
แยกเขี้ยว	42905	แยกเขี้ยว
แร้นแค้น	42904	แร้นแค้น
แสม	42903	แสม
โชคชะตา	42902	โชคชะตา
โต๊ะทำงาน	42901	โต๊ะทำงาน
โลกนาถ	42900	โลกนาถ
โอน	42899	โอน
โอ่โถง	42898	โอ่โถง
ให้ร้าย	42897	ให้ร้าย
ไช	42896	ไช
ไตรยางศ์	42895	ไตรยางศ์
ไพ	42894	ไพ
ไม้บรรทัด	42893	ไม้บรรทัด
ไล่เลียง	42892	ไล่เลียง
ไสร้	42891	ไสร้
กรมหลวง	42890	กรมหลวง
กระซิบกระซาบ	42889	กระซิบกระซาบ
กระดานดำ	42888	กระดานดำ
กระติก	42887	กระติก
กระหนาบ	42886	กระหนาบ
กระแสลม	42885	กระแสลม
กลัด	42884	กลัด
กลุ่มๆ	42883	กลุ่มๆ
กัญชา	42882	กัญชา
กุญชร	42881	กุญชร
ก่อการ	42880	ก่อการ
ก้ามปู	42879	ก้ามปู
ขวดโหล	42878	ขวดโหล
ขอแรง	42877	ขอแรง
ขำขัน	42876	ขำขัน
ขี้เหนียว	42875	ขี้เหนียว
ข่อย	42874	ข่อย
ข้อย่อย	42873	ข้อย่อย
ข้าวหลาม	42872	ข้าวหลาม
ครั่ง	42871	ครั่ง
ครั่นคร้าม	42870	ครั่นคร้าม
ครืน	42869	ครืน
ควายป่า	42868	ควายป่า
คอนกรีต	42867	คอนกรีต
คาดคิด	42866	คาดคิด
ค่าธรรมเนียม	42865	ค่าธรรมเนียม
ง่วน	42864	ง่วน
จริยา	42863	จริยา
จักรวาล	42862	จักรวาล
จักษุ	42861	จักษุ
จิตรลดา	42860	จิตรลดา
จิ้งจก	42859	จิ้งจก
จุติ	42858	จุติ
จู่	42857	จู่
จ่อ	42856	จ่อ
จ้วง	42855	จ้วง
จ้อย	42854	จ้อย
ชำ	42853	ชำ
ซ้อนๆ	42852	ซ้อนๆ
ดอด	42851	ดอด
ดังหนึ่ง	42850	ดังหนึ่ง
ดับเพลิง	42849	ดับเพลิง
ดาษ	42848	ดาษ
ดีเซล	42847	ดีเซล
ด้วง	42846	ด้วง
ตกใน	42845	ตกใน
ตราไปรษณียากร	42844	ตราไปรษณียากร
ตัดเย็บ	42843	ตัดเย็บ
ตัวเอก	42842	ตัวเอก
ตาคม	42841	ตาคม
ถลก	42840	ถลก
ถาก	42839	ถาก
ถ่ายเดียว	42838	ถ่ายเดียว
ทบ	42837	ทบ
ทองเหลือง	42836	ทองเหลือง
ทะนุบำรุง	42835	ทะนุบำรุง
ทันท่วงที	42834	ทันท่วงที
ทาก	42833	ทาก
ทางแยก	42832	ทางแยก
ทิวทัศน์	42831	ทิวทัศน์
ท้องแก่	42830	ท้องแก่
ธรรมศาสตร์	42829	ธรรมศาสตร์
นักวิทยาศาสตร์	42828	นักวิทยาศาสตร์
นางรม	42827	นางรม
นางแอ่น	42826	นางแอ่น
นางไม้	42825	นางไม้
นายแพทย์	42824	นายแพทย์
นำทาง	42823	นำทาง
น้อยหน่า	42822	น้อยหน่า
น้ำพักน้ำแรง	42821	น้ำพักน้ำแรง
น้ำว้า	42820	น้ำว้า
บทสรุป	42819	บทสรุป
บอด	42818	บอด
บอลล์	42817	บอลล์
บาล	42816	บาล
ปรก	42815	ปรก
ปรปักษ์	42814	ปรปักษ์
ปราง	42813	ปราง
ปอน	42812	ปอน
ปะการัง	42811	ปะการัง
ปีนป่าย	42810	ปีนป่าย
ปีๆ	42809	ปีๆ
ผ่อนส่ง	42808	ผ่อนส่ง
ฝากตัว	42807	ฝากตัว
พรมแดน	42806	พรมแดน
พรวด	42805	พรวด
พระวินัย	42804	พระวินัย
พระวิหาร	42803	พระวิหาร
พระเอก	42802	พระเอก
พระแสง	42801	พระแสง
พร่ำสอน	42800	พร่ำสอน
พฤกษชาติ	42799	พฤกษชาติ
พวกๆ	42798	พวกๆ
พิณพาทย์	42797	พิณพาทย์
พิพัฒน์	42796	พิพัฒน์
ฟุด	42795	ฟุด
ภูมิหลัง	42794	ภูมิหลัง
มอม	42793	มอม
มอมแมม	42792	มอมแมม
มือขึ้น	42791	มือขึ้น
ยัติภังค์	42790	ยัติภังค์
รอม	42789	รอม
ระยะห่าง	42788	ระยะห่าง
รับไหว้	42787	รับไหว้
รูปลักษณ์	42786	รูปลักษณ์
รูปสมบัติ	42785	รูปสมบัติ
ละมุด	42784	ละมุด
ลักพา	42783	ลักพา
ลัดเลาะ	42782	ลัดเลาะ
ลิขิต	42781	ลิขิต
ลิบๆ	42780	ลิบๆ
ลูกฟุตบอล	42779	ลูกฟุตบอล
วิทยากร	42778	วิทยากร
ว่อน	42777	ว่อน
ศาสตราจารย์	42776	ศาสตราจารย์
สรณะ	42775	สรณะ
สลวย	42774	สลวย
สล้าง	42773	สล้าง
สัมมนา	42772	สัมมนา
สั่นสะเทือน	42771	สั่นสะเทือน
สาธยาย	42770	สาธยาย
สาธุการ	42769	สาธุการ
สายเลือด	42768	สายเลือด
สาละ	42767	สาละ
สาโลหิต	42766	สาโลหิต
สุภาพบุรุษ	42765	สุภาพบุรุษ
ส่งตัว	42764	ส่งตัว
หงอก	42763	หงอก
หมั่นไส้	42762	หมั่นไส้
หลงกล	42761	หลงกล
หลอกล่อ	42760	หลอกล่อ
หวีด	42759	หวีด
หอมหวน	42758	หอมหวน
หุ้นส่วน	42757	หุ้นส่วน
อดใจ	42756	อดใจ
อนันต์	42755	อนันต์
อรรถรส	42754	อรรถรส
อักโข	42753	อักโข
อัปรีย์	42752	อัปรีย์
อำพราง	42751	อำพราง
อีโต้	42750	อีโต้
อุปสมบท	42749	อุปสมบท
อ่อนใจ	42748	อ่อนใจ
อ้น	42747	อ้น
เกรี้ยวกราด	42746	เกรี้ยวกราด
เก็บออม	42745	เก็บออม
เขียวหวาน	42744	เขียวหวาน
เจิม	42743	เจิม
เจื้อยแจ้ว	42742	เจื้อยแจ้ว
เจ่า	42741	เจ่า
เฉลี่ย	42740	เฉลี่ย
เดินสวน	42739	เดินสวน
เต็มปาก	42738	เต็มปาก
เถิง	42737	เถิง
เบน	42736	เบน
เบียดเสียด	42735	เบียดเสียด
เพ้อ	42734	เพ้อ
เภท	42733	เภท
เลวร้าย	42732	เลวร้าย
เลวๆ	42731	เลวๆ
เล็ด	42730	เล็ด
เสน	42729	เสน
เสากระโดง	42728	เสากระโดง
เสียคน	42727	เสียคน
เสียรู้	42726	เสียรู้
เสียหลัก	42725	เสียหลัก
เหนื่อยหน่าย	42724	เหนื่อยหน่าย
เหมือนว่า	42723	เหมือนว่า
เฮโรอิน	42722	เฮโรอิน
แกร่ง	42721	แกร่ง
แก่งแย่ง	42720	แก่งแย่ง
แก้วมรกต	42719	แก้วมรกต
แข	42718	แข
แคลงใจ	42717	แคลงใจ
แบ	42716	แบ
แยม	42715	แยม
โง่เง่า	42714	โง่เง่า
โชติช่วง	42713	โชติช่วง
โถม	42712	โถม
โทโส	42711	โทโส
โปรตุเกส	42710	โปรตุเกส
โพลน	42709	โพลน
โรม	42708	โรม
โลดโผน	42707	โลดโผน
โล้	42706	โล้
โหว่	42705	โหว่
โอ่อ่า	42704	โอ่อ่า
ไม้ขีด	42703	ไม้ขีด
ไม้ยาว	42702	ไม้ยาว
ไยดี	42701	ไยดี
กระเต็น	42700	กระเต็น
กระเพื่อม	42699	กระเพื่อม
กลอก	42698	กลอก
กลัง	42697	กลัง
กลั่นกรอง	42696	กลั่นกรอง
กลางเดือน	42695	กลางเดือน
กลางแปลง	42694	กลางแปลง
กล่า	42693	กล่า
กองหน้า	42692	กองหน้า
กะหล่ำ	42691	กะหล่ำ
กันไตร	42690	กันไตร
กาลสมัย	42689	กาลสมัย
กำยำ	42688	กำยำ
ก้มหัว	42687	ก้มหัว
ขง	42686	ขง
ขยะแขยง	42685	ขยะแขยง
ขวัญตา	42684	ขวัญตา
ขีดเขียน	42683	ขีดเขียน
ขื่อ	42682	ขื่อ
ข้าพระ	42681	ข้าพระ
คณนา	42680	คณนา
คนรัก	42679	คนรัก
ครีบ	42678	ครีบ
คลั่ก	42677	คลั่ก
ควาน	42676	ควาน
คอแห้ง	42675	คอแห้ง
ฆ่าตัวตาย	42674	ฆ่าตัวตาย
จนชั้น	42673	จนชั้น
จรลี	42672	จรลี
จะงอย	42671	จะงอย
จัญไร	42670	จัญไร
จับตาดู	42669	จับตาดู
จำเดิม	42668	จำเดิม
จุดเด่น	42667	จุดเด่น
ฉอดๆ	42666	ฉอดๆ
ฉิน	42665	ฉิน
ชนชั้น	42664	ชนชั้น
ชะล่า	42663	ชะล่า
ชัดแจ้ง	42662	ชัดแจ้ง
ชันสูตร	42661	ชันสูตร
ชั่วช้า	42660	ชั่วช้า
ชั้นเชิง	42659	ชั้นเชิง
ชำแหละ	42658	ชำแหละ
ชี้นิ้ว	42657	ชี้นิ้ว
ชุมนุมชน	42656	ชุมนุมชน
ซาบ	42655	ซาบ
ฌาปนกิจ	42654	ฌาปนกิจ
ดล	42653	ดล
ตอด	42652	ตอด
ตอนหลัง	42651	ตอนหลัง
ตะคอก	42650	ตะคอก
ติดตั้ง	42649	ติดตั้ง
ต่อตา	42648	ต่อตา
ต้นเรื่อง	42647	ต้นเรื่อง
ต้อยติ่ง	42646	ต้อยติ่ง
ทก	42645	ทก
ทมิฬ	42644	ทมิฬ
ทลาย	42643	ทลาย
ทะมึน	42642	ทะมึน
ทะลึ่ง	42641	ทะลึ่ง
ทิ่ม	42640	ทิ่ม
ที่ทำการ	42639	ที่ทำการ
ที่ว่าการ	42638	ที่ว่าการ
ทื่อ	42637	ทื่อ
ทุบตี	42636	ทุบตี
ธร	42635	ธร
นวดข้าว	42634	นวดข้าว
นายพล	42633	นายพล
นาสิก	42632	นาสิก
นิกร	42631	นิกร
น้ำกรด	42630	น้ำกรด
น้ำมันก๊าด	42629	น้ำมันก๊าด
บทเจรจา	42628	บทเจรจา
บรรณารักษ์	42627	บรรณารักษ์
บอๆ	42626	บอๆ
บางพระโขนง	42625	บางพระโขนง
บุปผา	42624	บุปผา
บ้วน	42623	บ้วน
ปฏิบัติธรรม	42622	ปฏิบัติธรรม
ปฏิสนธิ	42621	ปฏิสนธิ
ปฏิสันถาร	42620	ปฏิสันถาร
ประจวบ	42619	ประจวบ
ประยูร	42618	ประยูร
ปราย	42617	ปราย
ปลาดาว	42616	ปลาดาว
ปลาบ	42615	ปลาบ
ปลาบปลื้ม	42614	ปลาบปลื้ม
ปล่อยมือ	42613	ปล่อยมือ
ปอ	42612	ปอ
ปุ๋ยคอก	42611	ปุ๋ยคอก
ผงคลี	42610	ผงคลี
ผนวก	42609	ผนวก
ผันอักษร	42608	ผันอักษร
ผาล	42607	ผาล
ผู้ริเริ่ม	42606	ผู้ริเริ่ม
ผ้าพื้น	42605	ผ้าพื้น
ฝักบัว	42604	ฝักบัว
พรต	42603	พรต
พระนางเจ้า	42602	พระนางเจ้า
พรักพร้อม	42601	พรักพร้อม
พราง	42600	พราง
พลาดท่า	42599	พลาดท่า
พลี	42598	พลี
พะวง	42597	พะวง
พัดลม	42596	พัดลม
พันธ์	42595	พันธ์
พิมาน	42594	พิมาน
ฟอด	42593	ฟอด
มิ่งขวัญ	42592	มิ่งขวัญ
มืดมน	42591	มืดมน
ยกพื้น	42590	ยกพื้น
ยม	42589	ยม
ยิบ	42588	ยิบ
ยืนยง	42587	ยืนยง
ยุทธนา	42586	ยุทธนา
ระยิบระยับ	42585	ระยิบระยับ
รัตนบุระอังวะ	42584	รัตนบุระอังวะ
รากฐาน	42583	รากฐาน
ราวี	42582	ราวี
รินๆ	42581	รินๆ
รู้ที	42580	รู้ที
ฤษี	42579	ฤษี
ลมปาก	42578	ลมปาก
ลำเค็ญ	42577	ลำเค็ญ
ลุกลี้ลุกลน	42576	ลุกลี้ลุกลน
ลูกเธอ	42575	ลูกเธอ
ลูบไล้	42574	ลูบไล้
ลู่ทาง	42573	ลู่ทาง
ล่มจม	42572	ล่มจม
ล้มลุกคลุกคลาน	42571	ล้มลุกคลุกคลาน
วงศ์วาน	42570	วงศ์วาน
วัก	42569	วัก
วิปริต	42568	วิปริต
วิริยะ	42567	วิริยะ
วิเวก	42566	วิเวก
สมดุล	42565	สมดุล
สรรพ์	42564	สรรพ์
สรวง	42563	สรวง
สอดแนม	42562	สอดแนม
สังขาร	42561	สังขาร
สัด	42560	สัด
สามัญชน	42559	สามัญชน
สิ้นเปลือง	42558	สิ้นเปลือง
สีดา	42557	สีดา
สุรางคนางค์	42556	สุรางคนางค์
ส่า	42555	ส่า
ส่ำ	42554	ส่ำ
ส้อม	42553	ส้อม
หนองคาย	42552	หนองคาย
หมายมั่น	42551	หมายมั่น
หมายใจ	42550	หมายใจ
หลงลืม	42549	หลงลืม
หลงเหลือ	42548	หลงเหลือ
หลักแหล่ง	42547	หลักแหล่ง
หลั่งไหล	42546	หลั่งไหล
หลืบ	42545	หลืบ
หวี่	42544	หวี่
หอมๆ	42543	หอมๆ
หาความ	42542	หาความ
หาวนอน	42541	หาวนอน
หึ่ง	42540	หึ่ง
องก์	42539	องก์
อธิบดี	42538	อธิบดี
อนุบาล	42537	อนุบาล
อบายมุข	42536	อบายมุข
อภินิหาร	42535	อภินิหาร
อรรถ	42534	อรรถ
ออกซิเจน	42533	ออกซิเจน
อัตภาพ	42532	อัตภาพ
อัปมงคล	42531	อัปมงคล
อาทร	42530	อาทร
อิสริยยศ	42529	อิสริยยศ
อุทัยธานี	42528	อุทัยธานี
อุบัติ	42527	อุบัติ
อุบาทว์	42526	อุบาทว์
อุ่นใจ	42525	อุ่นใจ
อ๊อก	42524	อ๊อก
ฮื่อ	42523	ฮื่อ
เกรียน	42522	เกรียน
เกศธาตุ	42521	เกศธาตุ
เข	42520	เข
เขียนแบบ	42519	เขียนแบบ
เครื่องจักรกล	42518	เครื่องจักรกล
เครื่องแกง	42517	เครื่องแกง
เครื่องใช้ไฟฟ้า	42516	เครื่องใช้ไฟฟ้า
เคหะ	42515	เคหะ
เงียบเชียบ	42514	เงียบเชียบ
เทอะ	42513	เทอะ
เนื้อทราย	42512	เนื้อทราย
เบอร์	42511	เบอร์
เบียน	42510	เบียน
เปรย	42509	เปรย
เปรี้ยง	42508	เปรี้ยง
เป๋	42507	เป๋
เผือด	42506	เผือด
เพท	42505	เพท
เพ้อเจ้อ	42504	เพ้อเจ้อ
เมษ	42503	เมษ
เมี่ยง	42502	เมี่ยง
เยาวมาลย์	42501	เยาวมาลย์
เร่งด่วน	42500	เร่งด่วน
เร่งเร้า	42499	เร่งเร้า
เลี้ยงแขก	42498	เลี้ยงแขก
เลือดฝาด	42497	เลือดฝาด
เสมอภาค	42496	เสมอภาค
เส้นใย	42495	เส้นใย
เหา	42494	เหา
เหี่ยวแห้ง	42493	เหี่ยวแห้ง
เอกภาพ	42492	เอกภาพ
เอาจริง	42491	เอาจริง
เอ้อระเหย	42490	เอ้อระเหย
แก้วตา	42489	แก้วตา
แง่มุม	42488	แง่มุม
แช่ม	42487	แช่ม
แต่อย่างไรก็ตาม	42486	แต่อย่างไรก็ตาม
แถลงการณ์	42485	แถลงการณ์
แนวโน้ม	42484	แนวโน้ม
แน่นแฟ้น	42483	แน่นแฟ้น
แผ้ว	42482	แผ้ว
แพร่ง	42481	แพร่ง
แระ	42480	แระ
แล่	42479	แล่
แอปเปิ้ล	42478	แอปเปิ้ล
โขมง	42477	โขมง
โดดเดี่ยว	42476	โดดเดี่ยว
โม่	42475	โม่
โฮๆ	42474	โฮๆ
ไก่ฟ้า	42473	ไก่ฟ้า
ไข่ดาว	42472	ไข่ดาว
ไพรี	42471	ไพรี
ไม้ไต่คู้	42470	ไม้ไต่คู้
ไส้ศึก	42469	ไส้ศึก
กระจอก	42468	กระจอก
กระเปาะ	42467	กระเปาะ
กระเหม็ดกระแหม่	42466	กระเหม็ดกระแหม่
กรีฑา	42465	กรีฑา
กรี๊ด	42464	กรี๊ด
กลบเกลื่อน	42463	กลบเกลื่อน
กลางดึก	42462	กลางดึก
กล่อมเกลา	42461	กล่อมเกลา
กล่าวขวัญ	42460	กล่าวขวัญ
กล้ำกราย	42459	กล้ำกราย
กะทันหัน	42458	กะทันหัน
กะละออม	42457	กะละออม
กะโหลก	42456	กะโหลก
กัญ	42455	กัญ
กาพย์กลอน	42454	กาพย์กลอน
กาหลัง	42453	กาหลัง
กิจจา	42452	กิจจา
กินใจ	42451	กินใจ
กึ่งหนึ่ง	42450	กึ่งหนึ่ง
กุมารา	42449	กุมารา
ก้าบ	42448	ก้าบ
ขนมจีน	42447	ขนมจีน
ขลับ	42446	ขลับ
ขับขาน	42445	ขับขาน
ขาดสาย	42444	ขาดสาย
ขี้เหร่	42443	ขี้เหร่
ข่าง	42442	ข่าง
ข้อจำกัด	42441	ข้อจำกัด
ข้อโต้แย้ง	42440	ข้อโต้แย้ง
ข้างแรม	42439	ข้างแรม
ข้าวปลูก	42438	ข้าวปลูก
คณา	42437	คณา
ครั้งแล้วครั้งเล่า	42436	ครั้งแล้วครั้งเล่า
ครึ่งๆ	42435	ครึ่งๆ
ครือ	42434	ครือ
คลี	42433	คลี
คาดคั้น	42432	คาดคั้น
คำแปล	42431	คำแปล
คำๆ	42430	คำๆ
คืนดี	42429	คืนดี
คูหา	42428	คูหา
งวด	42427	งวด
งาช้าง	42426	งาช้าง
จับจ้อง	42425	จับจ้อง
จั่น	42424	จั่น
จิปาถะ	42423	จิปาถะ
จิ๊บ	42422	จิ๊บ
จุลภาค	42421	จุลภาค
จ้อกแจ้ก	42420	จ้อกแจ้ก
ฉลองพระองค์	42419	ฉลองพระองค์
ฉับไว	42418	ฉับไว
ฉุกเฉิน	42417	ฉุกเฉิน
ชมชอบ	42416	ชมชอบ
ชลบุรี	42415	ชลบุรี
ชะโด	42414	ชะโด
ชิ้นๆ	42413	ชิ้นๆ
ชื่นชอบ	42412	ชื่นชอบ
ช้างต่อ	42411	ช้างต่อ
ซีดเซียว	42410	ซีดเซียว
ซื้อหา	42409	ซื้อหา
ดร	42408	ดร
ดิ่ง	42407	ดิ่ง
ดื้อๆ	42406	ดื้อๆ
ดุม	42405	ดุม
ดูกร	42404	ดูกร
ดูดาย	42403	ดูดาย
ดูรา	42402	ดูรา
ตลาดนัด	42401	ตลาดนัด
ตะลีตะลาน	42400	ตะลีตะลาน
ตะไกร	42399	ตะไกร
ตังค์	42398	ตังค์
ตัดถนน	42397	ตัดถนน
ตั้งไข่	42396	ตั้งไข่
ตายคาที่	42395	ตายคาที่
ตีกรรเชียง	42394	ตีกรรเชียง
ตื๋อ	42393	ตื๋อ
ต้องตา	42392	ต้องตา
ถูกกระทำ	42391	ถูกกระทำ
ทัศนา	42390	ทัศนา
ทางผ่าน	42389	ทางผ่าน
ทางเท้า	42388	ทางเท้า
ทางเลือก	42387	ทางเลือก
ท่อนๆ	42386	ท่อนๆ
นกกระสา	42385	นกกระสา
นกพิราบ	42384	นกพิราบ
นนท์	42383	นนท์
นักการ	42382	นักการ
นักบุญ	42381	นักบุญ
นิเวศ	42380	นิเวศ
นุ่น	42379	นุ่น
นุ่มๆ	42378	นุ่มๆ
น้ำเค็ม	42377	น้ำเค็ม
น้ำเต้า	42376	น้ำเต้า
น้ำเมา	42375	น้ำเมา
บทประพันธ์	42374	บทประพันธ์
บรรพชา	42373	บรรพชา
บริภาษ	42372	บริภาษ
บาก	42371	บาก
บิดร	42370	บิดร
บุหงา	42369	บุหงา
บ้านเกิด	42368	บ้านเกิด
ประปราย	42367	ประปราย
ประยุกต์	42366	ประยุกต์
ปิ่นโต	42365	ปิ่นโต
ป่าวประกาศ	42364	ป่าวประกาศ
ผอง	42363	ผอง
ผิวเผิน	42362	ผิวเผิน
ผืนดิน	42361	ผืนดิน
ผู้ตาย	42360	ผู้ตาย
ผ้าใบ	42359	ผ้าใบ
พนา	42358	พนา
พยัคฆ์	42357	พยัคฆ์
พยุหยาตรา	42356	พยุหยาตรา
พระญาติ	42355	พระญาติ
พร้อง	42354	พร้อง
พร้อมพรัก	42353	พร้อมพรัก
พร้อมมูล	42352	พร้อมมูล
พัลวัน	42351	พัลวัน
พิฆาต	42350	พิฆาต
พิชัยสงคราม	42349	พิชัยสงคราม
พิธีรีตอง	42348	พิธีรีตอง
พิรุณ	42347	พิรุณ
พึ่บ	42346	พึ่บ
พู่กัน	42345	พู่กัน
พ่อตา	42344	พ่อตา
ฟรีๆ	42343	ฟรีๆ
ฟองน้ำ	42342	ฟองน้ำ
ฟัด	42341	ฟัด
ฟื้นตัว	42340	ฟื้นตัว
มณฑา	42339	มณฑา
มนัส	42338	มนัส
มรกต	42337	มรกต
มรรค	42336	มรรค
มลทิน	42335	มลทิน
มหัพภาค	42334	มหัพภาค
มะขามเทศ	42333	มะขามเทศ
มะเขือเทศ	42332	มะเขือเทศ
มะไฟ	42331	มะไฟ
มักได้	42330	มักได้
มันสมอง	42329	มันสมอง
มั่นหมาย	42328	มั่นหมาย
มุ่งหวัง	42327	มุ่งหวัง
มูลฝอย	42326	มูลฝอย
มโน	42325	มโน
ม้าน้ำ	42324	ม้าน้ำ
ยอบ	42323	ยอบ
ยากไร้	42322	ยากไร้
ยิงฟัน	42321	ยิงฟัน
ยิ้มย่อง	42320	ยิ้มย่อง
ยึดเหนี่ยว	42319	ยึดเหนี่ยว
ยุบ	42318	ยุบ
ยุ่งเกี่ยว	42317	ยุ่งเกี่ยว
ย่อยยับ	42316	ย่อยยับ
รวนเร	42315	รวนเร
รับขวัญ	42314	รับขวัญ
ราน	42313	ราน
รายจ่าย	42312	รายจ่าย
รุ่นราวคราวเดียวกัน	42311	รุ่นราวคราวเดียวกัน
รู้จักมักคุ้น	42310	รู้จักมักคุ้น
ร้อยเอ็ด	42309	ร้อยเอ็ด
ลนลาน	42308	ลนลาน
ลำเรือ	42307	ลำเรือ
ลำเลียง	42306	ลำเลียง
ล่ำ	42305	ล่ำ
ล้วนๆ	42304	ล้วนๆ
วงดนตรี	42303	วงดนตรี
วจี	42302	วจี
วันทา	42301	วันทา
วิวัฒนาการ	42300	วิวัฒนาการ
วีรกรรม	42299	วีรกรรม
วูบวาบ	42298	วูบวาบ
ว่าน	42297	ว่าน
สถาพร	42296	สถาพร
สมณะ	42295	สมณะ
สมา	42294	สมา
สะทก	42293	สะทก
สามล	42292	สามล
สารถี	42291	สารถี
สารประโยชน์	42290	สารประโยชน์
สิงหนาท	42289	สิงหนาท
สีข้าง	42288	สีข้าง
สุดคิด	42287	สุดคิด
สุทัศน์	42286	สุทัศน์
สุริยอุปราคา	42285	สุริยอุปราคา
สูญสิ้น	42284	สูญสิ้น
ส้มโอ	42283	ส้มโอ
หดหู่	42282	หดหู่
หนอย	42281	หนอย
หมากรุก	42280	หมากรุก
หลา	42279	หลา
หลุดลอย	42278	หลุดลอย
หว้ากอ	42277	หว้ากอ
หาเสียง	42276	หาเสียง
หิ่งห้อย	42275	หิ่งห้อย
หึ่งๆ	42274	หึ่งๆ
ห้อยโหน	42273	ห้อยโหน
ห้าวหาญ	42272	ห้าวหาญ
อดออม	42271	อดออม
อสุรี	42270	อสุรี
ออฟฟิศ	42269	ออฟฟิศ
อัดอั้น	42268	อัดอั้น
อานิสงส์	42267	อานิสงส์
อึก	42266	อึก
ฮวน	42265	ฮวน
ฮือๆ	42264	ฮือๆ
เกรียงไกร	42263	เกรียงไกร
เกร็ด	42262	เกร็ด
เกี่ยวพัน	42261	เกี่ยวพัน
เขยิบ	42260	เขยิบ
เข้าหู	42259	เข้าหู
เครื่องรับ	42258	เครื่องรับ
เคลือบ	42257	เคลือบ
เค้ก	42256	เค้ก
เงินกู้	42255	เงินกู้
เจ้าเล่ห์	42254	เจ้าเล่ห์
เชลย	42253	เชลย
เดาะ	42252	เดาะ
เดียวดาย	42251	เดียวดาย
เด็ดเดี่ยว	42250	เด็ดเดี่ยว
เถอะน่า	42249	เถอะน่า
เนรมิต	42248	เนรมิต
เบี่ยง	42247	เบี่ยง
เปรยๆ	42246	เปรยๆ
เปราะ	42245	เปราะ
เปิดเปิง	42244	เปิดเปิง
เฝ้าคอย	42243	เฝ้าคอย
เรื่องๆ	42242	เรื่องๆ
เรไร	42241	เรไร
เล่ห์เหลี่ยม	42240	เล่ห์เหลี่ยม
เว้ย	42239	เว้ย
เหลือใช้	42238	เหลือใช้
เห้น	42237	เห้น
เอางาน	42236	เอางาน
เอาเลย	42235	เอาเลย
เอื้ออำนวย	42234	เอื้ออำนวย
แตกทัพ	42233	แตกทัพ
แตกร้าว	42232	แตกร้าว
แตรวง	42231	แตรวง
แน่นิ่ง	42230	แน่นิ่ง
แบแร๊ก	42229	แบแร๊ก
แมน	42228	แมน
โกศ	42227	โกศ
โจ๊ก	42226	โจ๊ก
โยกย้าย	42225	โยกย้าย
โลง	42224	โลง
โสน	42223	โสน
โหยหวน	42222	โหยหวน
โอภาส	42221	โอภาส
โฮ่งๆ	42220	โฮ่งๆ
ใส่ร้าย	42219	ใส่ร้าย
ไก	42218	ไก
ไกล่เกลี่ย	42217	ไกล่เกลี่ย
ไตรรงค์	42216	ไตรรงค์
ไปยาล	42215	ไปยาล
ไม้มลาย	42214	ไม้มลาย
ไม้สูง	42213	ไม้สูง
กรมท่า	42212	กรมท่า
กรรณ	42211	กรรณ
กรรมสิทธิ์	42210	กรรมสิทธิ์
กระเถิบ	42209	กระเถิบ
กระแสไฟฟ้า	42208	กระแสไฟฟ้า
กรับ	42207	กรับ
กรี๊ดๆ	42206	กรี๊ดๆ
กลอย	42205	กลอย
กลั่น	42204	กลั่น
กลี	42203	กลี
กล่าวอ้าง	42202	กล่าวอ้าง
กวางป่า	42201	กวางป่า
กุลบุตร	42200	กุลบุตร
ขลุกขลัก	42199	ขลุกขลัก
ขลุ่ย	42198	ขลุ่ย
ของโจร	42197	ของโจร
ข้อศอก	42196	ข้อศอก
ข้าแผ่นดิน	42195	ข้าแผ่นดิน
ข้าไท	42194	ข้าไท
คช	42193	คช
คดีความ	42192	คดีความ
คมขำ	42191	คมขำ
คลาไคล	42190	คลาไคล
คลื่นลม	42189	คลื่นลม
คลุมเครือ	42188	คลุมเครือ
คอม	42187	คอม
คะยั้นคะยอ	42186	คะยั้นคะยอ
คาดการณ์	42185	คาดการณ์
คาดหวัง	42184	คาดหวัง
คำขอ	42183	คำขอ
คิก	42182	คิก
คิกๆ	42181	คิกๆ
คีม	42180	คีม
คุ้นหู	42179	คุ้นหู
งอน	42178	งอน
ง่าน	42177	ง่าน
จองจำ	42176	จองจำ
จักรราศี	42175	จักรราศี
จำกัดความ	42174	จำกัดความ
จำนวนนับ	42173	จำนวนนับ
จิตรกร	42172	จิตรกร
จิตสำนึก	42171	จิตสำนึก
จิ๊ด	42170	จิ๊ด
จ๊า	42169	จ๊า
ฉุย	42168	ฉุย
ฉ้อ	42167	ฉ้อ
ชนะเลิศ	42166	ชนะเลิศ
ชาวเกาะ	42165	ชาวเกาะ
ชื่อตัว	42164	ชื่อตัว
ชุน	42163	ชุน
ช่วงชิง	42162	ช่วงชิง
ซอน	42161	ซอน
ซี้	42160	ซี้
ณรงค์	42159	ณรงค์
ดอกรัก	42158	ดอกรัก
ดัดสันดาน	42157	ดัดสันดาน
ดีกรี	42156	ดีกรี
ดีฉัน	42155	ดีฉัน
ดุเหว่า	42154	ดุเหว่า
ดุ่มๆ	42153	ดุ่มๆ
ตรุษ	42152	ตรุษ
ตละ	42151	ตละ
ตอนเช้าๆ	42150	ตอนเช้าๆ
ตะกุยตะกาย	42149	ตะกุยตะกาย
ตะขอ	42148	ตะขอ
ตะเกียงลาน	42147	ตะเกียงลาน
ตะเพียน	42146	ตะเพียน
ตัดกัน	42145	ตัดกัน
ตัวกลาง	42144	ตัวกลาง
ตัวนำ	42143	ตัวนำ
ตัวหนังสือ	42142	ตัวหนังสือ
ตาน	42141	ตาน
ติดพัน	42140	ติดพัน
ตีผึ้ง	42139	ตีผึ้ง
ตุ้ม	42138	ตุ้ม
ต้นๆ	42137	ต้นๆ
ต๊าย	42136	ต๊าย
ต๋ง	42135	ต๋ง
ทด	42134	ทด
ทางใน	42133	ทางใน
ทีม	42132	ทีม
ทุ่มเท	42131	ทุ่มเท
ท่าเดียว	42130	ท่าเดียว
ท้องเสีย	42129	ท้องเสีย
ธุดงค์	42128	ธุดงค์
นราธิป	42127	นราธิป
นักสู้	42126	นักสู้
นัยว่า	42125	นัยว่า
นาคบาศ	42124	นาคบาศ
นิสิต	42123	นิสิต
น้ำหมาก	42122	น้ำหมาก
บรมธาตุ	42121	บรมธาตุ
บังตา	42120	บังตา
บานไม่รู้โรย	42119	บานไม่รู้โรย
บิดเบือน	42118	บิดเบือน
บึ่ง	42117	บึ่ง
บึ้งตึง	42116	บึ้งตึง
บุกบั่น	42115	บุกบั่น
บุกรุก	42114	บุกรุก
บ่ม	42113	บ่ม
บ่ายเบี่ยง	42112	บ่ายเบี่ยง
บ๊อบ	42111	บ๊อบ
ปฏิทิน	42110	ปฏิทิน
ประนอม	42109	ประนอม
ประวิง	42108	ประวิง
ประหารชีวิต	42107	ประหารชีวิต
ปริบๆ	42106	ปริบๆ
ปลิงทะเล	42105	ปลิงทะเล
ปักใจ	42104	ปักใจ
ปานนี้	42103	ปานนี้
ปาสเตอร์	42102	ปาสเตอร์
ป่อง	42101	ป่อง
ป่าดิบ	42100	ป่าดิบ
ผ่านๆ	42099	ผ่านๆ
ผ้าลาย	42098	ผ้าลาย
ฝากครรภ์	42097	ฝากครรภ์
ฝาย	42096	ฝาย
ฝ้า	42095	ฝ้า
พระไตรปิฎก	42094	พระไตรปิฎก
พรำ	42093	พรำ
พริกไทย	42092	พริกไทย
พร้อมพรั่ง	42091	พร้อมพรั่ง
พฤกษ์	42090	พฤกษ์
พลศึกษา	42089	พลศึกษา
พลอง	42088	พลอง
พลิกแพลง	42087	พลิกแพลง
พสุธา	42086	พสุธา
พหูพจน์	42085	พหูพจน์
พับผ้า	42084	พับผ้า
พิชิต	42083	พิชิต
พิทยา	42082	พิทยา
พืด	42081	พืด
พ่อบ้าน	42080	พ่อบ้าน
พ่อเลี้ยง	42079	พ่อเลี้ยง
ภูธร	42078	ภูธร
ภูษา	42077	ภูษา
มะเร็ง	42076	มะเร็ง
มารศรี	42075	มารศรี
มิจฉาชีพ	42074	มิจฉาชีพ
มโนภาพ	42073	มโนภาพ
ยังชีพ	42072	ยังชีพ
ยืดเยื้อ	42071	ยืดเยื้อ
รถไฟฟ้า	42070	รถไฟฟ้า
รอๆ	42069	รอๆ
ระยำ	42068	ระยำ
ระส่ำระสาย	42067	ระส่ำระสาย
ระหัด	42066	ระหัด
รัตนะ	42065	รัตนะ
รางๆ	42064	รางๆ
ราชาภิเษก	42063	ราชาภิเษก
ราชินี	42062	ราชินี
ราชูปถัมภ์	42061	ราชูปถัมภ์
ราบคาบ	42060	ราบคาบ
ราวป่า	42059	ราวป่า
รุน	42058	รุน
ร็อก	42057	ร็อก
ลวกๆ	42056	ลวกๆ
ลีบ	42055	ลีบ
ล้มเลิก	42054	ล้มเลิก
วอ	42053	วอ
วัชพืช	42052	วัชพืช
วางตัว	42051	วางตัว
วางตา	42050	วางตา
ศก	42049	ศก
ศิริ	42048	ศิริ
สกัดกั้น	42047	สกัดกั้น
สภาวะ	42046	สภาวะ
สมรภูมิ	42045	สมรภูมิ
สรรพสิ่ง	42044	สรรพสิ่ง
สระบุรี	42043	สระบุรี
สราญ	42042	สราญ
สอ	42041	สอ
สะพานลอย	42040	สะพานลอย
สักหลาด	42039	สักหลาด
สังหรณ์	42038	สังหรณ์
สัปปุรุษ	42037	สัปปุรุษ
สัมภาระ	42036	สัมภาระ
สาธารณสุข	42035	สาธารณสุข
สามานยนาม	42034	สามานยนาม
สามเกลอ	42033	สามเกลอ
สายสิญจน์	42032	สายสิญจน์
สายหยุด	42031	สายหยุด
สำอาง	42030	สำอาง
สิงขร	42029	สิงขร
สิงหัดส่าหรี	42028	สิงหัดส่าหรี
สุริยัน	42027	สุริยัน
ส่วนเกี่ยวข้อง	42026	ส่วนเกี่ยวข้อง
ส่อเสียด	42025	ส่อเสียด
หง่าว	42024	หง่าว
หทัย	42023	หทัย
หนูๆ	42022	หนูๆ
หน้ากาก	42021	หน้ากาก
หมาด	42020	หมาด
หมุด	42019	หมุด
หยอง	42018	หยอง
หยิบยก	42017	หยิบยก
หลวมๆ	42016	หลวมๆ
หักล้าง	42015	หักล้าง
หัวเลี้ยว	42014	หัวเลี้ยว
หาเช้ากินค่ำ	42013	หาเช้ากินค่ำ
อนิจจัง	42012	อนิจจัง
อนุกรรมการ	42011	อนุกรรมการ
อภิ	42010	อภิ
อหังการ	42009	อหังการ
อัปลักษณ์	42008	อัปลักษณ์
อาราธนา	42007	อาราธนา
อาสนะ	42006	อาสนะ
อิด	42005	อิด
อึงมี่	42004	อึงมี่
อุตริ	42003	อุตริ
อุบ	42002	อุบ
อุบอิบ	42001	อุบอิบ
อุปไมย	42000	อุปไมย
อุ้ง	41999	อุ้ง
อ่อนช้อย	41998	อ่อนช้อย
อ่า	41997	อ่า
อ่านเล่น	41996	อ่านเล่น
อ๊บ	41995	อ๊บ
เกาะกิน	41994	เกาะกิน
เกียรติประวัติ	41993	เกียรติประวัติ
เข็มกลัด	41992	เข็มกลัด
เครื่องเซ่น	41991	เครื่องเซ่น
เงี้ยว	41990	เงี้ยว
เจ้าบ่าว	41989	เจ้าบ่าว
เฉียบขาด	41988	เฉียบขาด
เชีย	41987	เชีย
เชื่อใจ	41986	เชื่อใจ
เทพารักษ์	41985	เทพารักษ์
เทิดทูน	41984	เทิดทูน
เบี้ยๆ	41983	เบี้ยๆ
เบ้อเร่อ	41982	เบ้อเร่อ
เพชฌฆาต	41981	เพชฌฆาต
เพิกเฉย	41980	เพิกเฉย
เพียบ	41979	เพียบ
เรือกสวน	41978	เรือกสวน
เลอ	41977	เลอ
เลินเล่อ	41976	เลินเล่อ
เลื้อยคลาน	41975	เลื้อยคลาน
เล็ดลอด	41974	เล็ดลอด
เหลิง	41973	เหลิง
เหลืออด	41972	เหลืออด
แคน	41971	แคน
แปรรูป	41970	แปรรูป
แปะ	41969	แปะ
แร้ง	41968	แร้ง
แส้ม้า	41967	แส้ม้า
แห้งผาก	41966	แห้งผาก
โกลน	41965	โกลน
โง	41964	โง
โปรดสัตว์	41963	โปรดสัตว์
โปรยปราย	41962	โปรยปราย
โพธิ	41961	โพธิ
โย้เย้	41960	โย้เย้
โลน	41959	โลน
โศกี	41958	โศกี
โสฬส	41957	โสฬส
โหรา	41956	โหรา
โอบอุ้ม	41955	โอบอุ้ม
ใฝ่สูง	41954	ใฝ่สูง
ใหม่เอี่ยม	41953	ใหม่เอี่ยม
ไซ้	41952	ไซ้
ได้ช่อง	41951	ได้ช่อง
ไพบูลย์	41950	ไพบูลย์
ไม่ฟังเสียง	41949	ไม่ฟังเสียง
ไล่ออก	41948	ไล่ออก
ไสยศาสตร์	41947	ไสยศาสตร์
ไหวติง	41946	ไหวติง
กนก	41945	กนก
กระจุก	41944	กระจุก
กระดึง	41943	กระดึง
กระดุม	41942	กระดุม
กระพริบ	41941	กระพริบ
กระหึ่ม	41940	กระหึ่ม
กระแสเสียง	41939	กระแสเสียง
กร้าน	41938	กร้าน
กลางบ้าน	41937	กลางบ้าน
กลางเมือง	41936	กลางเมือง
กะปูด	41935	กะปูด
กะรุ่งกะริ่ง	41934	กะรุ่งกะริ่ง
กาน้ำ	41933	กาน้ำ
กำสรด	41932	กำสรด
กำสรวล	41931	กำสรวล
กำหมัด	41930	กำหมัด
กินตัว	41929	กินตัว
กิ๊ก	41928	กิ๊ก
กุลีกุจอ	41927	กุลีกุจอ
ขยับขยาย	41926	ขยับขยาย
ขวับ	41925	ขวับ
ขับถ่าย	41924	ขับถ่าย
ข่วน	41923	ข่วน
ข่าวลือ	41922	ข่าวลือ
คติพจน์	41921	คติพจน์
คบคิด	41920	คบคิด
คร่า	41919	คร่า
คลุ้ง	41918	คลุ้ง
คล้อยหลัง	41917	คล้อยหลัง
คำทาย	41916	คำทาย
ค้าว	41915	ค้าว
งอมแงม	41914	งอมแงม
จรัส	41913	จรัส
จวัก	41912	จวัก
จะแจ้ง	41911	จะแจ้ง
จัดสร้าง	41910	จัดสร้าง
จาด	41909	จาด
จิ้งจอก	41908	จิ้งจอก
จิ๊กๆ	41907	จิ๊กๆ
จุณ	41906	จุณ
จุดเริ่มต้น	41905	จุดเริ่มต้น
จุฬามณี	41904	จุฬามณี
ฉาดฉาน	41903	ฉาดฉาน
ฉุกคิด	41902	ฉุกคิด
ชนวน	41901	ชนวน
ชอน	41900	ชอน
ชั่วคน	41899	ชั่วคน
ชานชาลา	41898	ชานชาลา
ชโย	41897	ชโย
ช่ำชอง	41896	ช่ำชอง
ซาว	41895	ซาว
ซูบผอม	41894	ซูบผอม
ดลบันดาล	41893	ดลบันดาล
ดอกไม้ไฟ	41892	ดอกไม้ไฟ
ดะ	41891	ดะ
ดัดตน	41890	ดัดตน
ดำนา	41889	ดำนา
ดิบดี	41888	ดิบดี
ดื่มกิน	41887	ดื่มกิน
ดูดน้ำ	41886	ดูดน้ำ
ดูแคลน	41885	ดูแคลน
ตกตะกอน	41884	ตกตะกอน
ตนุ	41883	ตนุ
ตัดใจ	41882	ตัดใจ
ตาเหลือก	41881	ตาเหลือก
ติ่ง	41880	ติ่ง
ตี๋	41879	ตี๋
ตื้นๆ	41878	ตื้นๆ
ตุ่น	41877	ตุ่น
ต่อตี	41876	ต่อตี
ต่อม	41875	ต่อม
ต้นหน	41874	ต้นหน
ถก	41873	ถก
ถั่วแระ	41872	ถั่วแระ
ถือกำเนิด	41871	ถือกำเนิด
ถูกกัน	41870	ถูกกัน
ถ่ม	41869	ถ่ม
ทรงกลม	41868	ทรงกลม
ทะมัดทะแมง	41867	ทะมัดทะแมง
ทะเลาะเบาะแว้ง	41866	ทะเลาะเบาะแว้ง
ทานบารมี	41865	ทานบารมี
ทำเล	41864	ทำเล
ทิด	41863	ทิด
ทีวี	41862	ทีวี
ทุม	41861	ทุม
ทุลักทุเล	41860	ทุลักทุเล
ท่อน้ำ	41859	ท่อน้ำ
ธารา	41858	ธารา
นบนอบ	41857	นบนอบ
นฤคหิต	41856	นฤคหิต
นักกฎหมาย	41855	นักกฎหมาย
นั่งยองๆ	41854	นั่งยองๆ
นาฏ	41853	นาฏ
นาฏศิลป์	41852	นาฏศิลป์
นายตำรวจ	41851	นายตำรวจ
นายหน้า	41850	นายหน้า
นิทรา	41849	นิทรา
น้ำมันยาง	41848	น้ำมันยาง
บทกวีนิพนธ์	41847	บทกวีนิพนธ์
บริพาร	41846	บริพาร
บอกบุญ	41845	บอกบุญ
บัก	41844	บัก
บัดสี	41843	บัดสี
บัตรสนเท่ห์	41842	บัตรสนเท่ห์
บิตุเรศ	41841	บิตุเรศ
ปฏิปักษ์	41840	ปฏิปักษ์
ประจิม	41839	ประจิม
ประตูน้ำ	41838	ประตูน้ำ
ประทับแรม	41837	ประทับแรม
ประหวัด	41836	ประหวัด
ปรักหักพัง	41835	ปรักหักพัง
ปรารมภ์	41834	ปรารมภ์
ปริปาก	41833	ปริปาก
ปริ่ม	41832	ปริ่ม
ปรีดิ์	41831	ปรีดิ์
ปลงศพ	41830	ปลงศพ
ปลาโลมา	41829	ปลาโลมา
ปวดร้าว	41828	ปวดร้าว
ปะขาว	41827	ปะขาว
ปากเปล่า	41826	ปากเปล่า
ปารีส	41825	ปารีส
ปุ๋ยเคมี	41824	ปุ๋ยเคมี
ป้อมปราการ	41823	ป้อมปราการ
ป้ายชื่อ	41822	ป้ายชื่อ
ป๊ะ	41821	ป๊ะ
ผลบุญ	41820	ผลบุญ
ผลุนผลัน	41819	ผลุนผลัน
ผัง	41818	ผัง
ผิดใจ	41817	ผิดใจ
ผู้เกี่ยวข้อง	41816	ผู้เกี่ยวข้อง
ผ้าถุง	41815	ผ้าถุง
ฝึกงาน	41814	ฝึกงาน
ฝูงๆ	41813	ฝูงๆ
ฝ่าฟัน	41812	ฝ่าฟัน
พระรูป	41811	พระรูป
พระเกียรติยศ	41810	พระเกียรติยศ
พราหมณี	41809	พราหมณี
พริ้ง	41808	พริ้ง
พร้าว	41807	พร้าว
พลัดถิ่น	41806	พลัดถิ่น
พวงมาลา	41805	พวงมาลา
พวยพุ่ง	41804	พวยพุ่ง
พอประมาณ	41803	พอประมาณ
พะยอม	41802	พะยอม
พะรุงพะรัง	41801	พะรุงพะรัง
พั่บ	41800	พั่บ
พาดพิง	41799	พาดพิง
พาลา	41798	พาลา
พิราบ	41797	พิราบ
พุทธชาด	41796	พุทธชาด
พุพอง	41795	พุพอง
พู่	41794	พู่
พ่ะย่ะค่ะ	41793	พ่ะย่ะค่ะ
ฟาร์ม	41792	ฟาร์ม
ภักษาหาร	41791	ภักษาหาร
ภาษาศาสตร์	41790	ภาษาศาสตร์
ภาส	41789	ภาส
ภูมิประเทศ	41788	ภูมิประเทศ
ภูวไนย	41787	ภูวไนย
มรณภาพ	41786	มรณภาพ
มหานคร	41785	มหานคร
มะกอก	41784	มะกอก
มืดๆ	41783	มืดๆ
มูลนิธิ	41782	มูลนิธิ
ม้ารำ	41781	ม้ารำ
ยั่วเย้า	41780	ยั่วเย้า
ยิ่งๆ	41779	ยิ่งๆ
ยิ้มแป้น	41778	ยิ้มแป้น
ยุด	41777	ยุด
รวด	41776	รวด
รหัส	41775	รหัส
รอดตัว	41774	รอดตัว
ระบายสี	41773	ระบายสี
ระยอง	41772	ระยอง
รัน	41771	รัน
ราญ	41770	ราญ
รายทาง	41769	รายทาง
รุ่งริ่ง	41768	รุ่งริ่ง
รูปพรรณ	41767	รูปพรรณ
ร้ายๆ	41766	ร้ายๆ
ฤดี	41765	ฤดี
ลงนาม	41764	ลงนาม
ลงแรง	41763	ลงแรง
ลดหย่อน	41762	ลดหย่อน
ลวดหนาม	41761	ลวดหนาม
ลาสิกขา	41760	ลาสิกขา
ลูกผู้หญิง	41759	ลูกผู้หญิง
ลูกมือ	41758	ลูกมือ
ล่วงล้ำ	41757	ล่วงล้ำ
ล้วงมือ	41756	ล้วงมือ
ล้ำเลิศ	41755	ล้ำเลิศ
วังหน้า	41754	วังหน้า
วางยา	41753	วางยา
วาม	41752	วาม
วิงเวียน	41751	วิงเวียน
วิทย์	41750	วิทย์
ศฤงคาร	41749	ศฤงคาร
ศักราช	41748	ศักราช
ศัสตรา	41747	ศัสตรา
สมภพ	41746	สมภพ
สรรค์	41745	สรรค์
สลัวๆ	41744	สลัวๆ
สวาย	41743	สวาย
สหประชาชาติ	41742	สหประชาชาติ
สะพรึงกลัว	41741	สะพรึงกลัว
สักแต่ว่า	41740	สักแต่ว่า
สังกร	41739	สังกร
สังเวย	41738	สังเวย
สัญชาติ	41737	สัญชาติ
สัพยอก	41736	สัพยอก
สายลับ	41735	สายลับ
สายใย	41734	สายใย
สารส้ม	41733	สารส้ม
สารานุกรม	41732	สารานุกรม
สารีริกธาตุ	41731	สารีริกธาตุ
สิทธ์	41730	สิทธ์
ส่วนผสม	41729	ส่วนผสม
หนะ	41728	หนะ
หน่าย	41727	หน่าย
หมกมุ่น	41726	หมกมุ่น
หวาดระแวง	41725	หวาดระแวง
หวานๆ	41724	หวานๆ
หัต	41723	หัต
หัวนม	41722	หัวนม
หัวไหล่	41721	หัวไหล่
หุบปาก	41720	หุบปาก
หูฟัง	41719	หูฟัง
ห้างสรรพสินค้า	41718	ห้างสรรพสินค้า
องค์ประชุม	41717	องค์ประชุม
อบอวล	41716	อบอวล
อมฤต	41715	อมฤต
อสุรา	41714	อสุรา
อัก	41713	อัก
อาคม	41712	อาคม
อารักษ์	41711	อารักษ์
อาหารว่าง	41710	อาหารว่าง
อินโดนีเซีย	41709	อินโดนีเซีย
อิศร	41708	อิศร
อืด	41707	อืด
อุบลราชธานี	41706	อุบลราชธานี
อุ้มชู	41705	อุ้มชู
อ้อมแอ้ม	41704	อ้อมแอ้ม
อ้อยอิ่ง	41703	อ้อยอิ่ง
เก็บข้าว	41702	เก็บข้าว
เข่ง	41701	เข่ง
เข้มงวด	41700	เข้มงวด
เข้าหุ้น	41699	เข้าหุ้น
เครื่องบรรณาการ	41698	เครื่องบรรณาการ
เครื่องป้องกัน	41697	เครื่องป้องกัน
เคว้งคว้าง	41696	เคว้งคว้าง
เงินฝาก	41695	เงินฝาก
เงื้อม	41694	เงื้อม
เจี๊ยวจ๊าว	41693	เจี๊ยวจ๊าว
เจ็บๆ	41692	เจ็บๆ
เจ้าเนื้อ	41691	เจ้าเนื้อ
เฉลย	41690	เฉลย
เชื่องๆ	41689	เชื่องๆ
เช็ดหน้า	41688	เช็ดหน้า
เช้าๆ	41687	เช้าๆ
เซิง	41686	เซิง
เดชานุภาพ	41685	เดชานุภาพ
เดินขบวน	41684	เดินขบวน
เดือดดาล	41683	เดือดดาล
เต็ง	41682	เต็ง
เต็มอกเต็มใจ	41681	เต็มอกเต็มใจ
เทพดา	41680	เทพดา
เที่ยงธรรม	41679	เที่ยงธรรม
เที่ยวบิน	41678	เที่ยวบิน
เทือก	41677	เทือก
เท้าแขน	41676	เท้าแขน
เนรเทศ	41675	เนรเทศ
เบ้าตา	41674	เบ้าตา
เปะปะ	41673	เปะปะ
เผยแผ่	41672	เผยแผ่
เยิ่นเย้อ	41671	เยิ่นเย้อ
เยื่อ	41670	เยื่อ
เย็นใจ	41669	เย็นใจ
เรี่ยราย	41668	เรี่ยราย
เรือยาว	41667	เรือยาว
เรื่อยเปื่อย	41666	เรื่อยเปื่อย
เลขา	41665	เลขา
เลขาธิการ	41664	เลขาธิการ
เวิ้งว้าง	41663	เวิ้งว้าง
เวียนหัว	41662	เวียนหัว
เศร้าๆ	41661	เศร้าๆ
เสมา	41660	เสมา
เสียชื่อ	41659	เสียชื่อ
เส้นผม	41658	เส้นผม
เหม	41657	เหม
เหม่	41656	เหม่
เหลือก	41655	เหลือก
เหลือล้น	41654	เหลือล้น
เอม	41653	เอม
เอาอย่าง	41652	เอาอย่าง
เอาๆ	41651	เอาๆ
เอี่ยม	41650	เอี่ยม
แกล	41649	แกล
แก้วผลึก	41648	แก้วผลึก
แคว	41647	แคว
แจง	41646	แจง
แช	41645	แช
แบนๆ	41644	แบนๆ
แผงลอย	41643	แผงลอย
แม่นม	41642	แม่นม
แม่ฮ่องสอน	41641	แม่ฮ่องสอน
แสงสี	41640	แสงสี
แหลก	41639	แหลก
แฮ่	41638	แฮ่
โขยกเขยก	41637	โขยกเขยก
โง้ง	41636	โง้ง
โพง	41635	โพง
โพย	41634	โพย
โหมโรง	41633	โหมโรง
โองการ	41632	โองการ
โอรสาธิราช	41631	โอรสาธิราช
ใจแคบ	41630	ใจแคบ
ใต้ฝ่าพระบาท	41629	ใต้ฝ่าพระบาท
ใบเสมา	41628	ใบเสมา
ไขว้	41627	ไขว้
ไม้ขีดไฟ	41626	ไม้ขีดไฟ
ไม้สั้น	41625	ไม้สั้น
ไวรัส	41624	ไวรัส
กระจ้อยร่อย	41623	กระจ้อยร่อย
กระทุ่ม	41622	กระทุ่ม
กระท่อนกระแท่น	41621	กระท่อนกระแท่น
กระบี่กระบอง	41620	กระบี่กระบอง
กระเชียง	41619	กระเชียง
กระเซ้า	41618	กระเซ้า
กระเป๋าถือ	41617	กระเป๋าถือ
กระแสพระราชดำรัส	41616	กระแสพระราชดำรัส
กระโน้น	41615	กระโน้น
กราน	41614	กราน
กราฟ	41613	กราฟ
กรีนแลนด์	41612	กรีนแลนด์
กรุ	41611	กรุ
กร่ำ	41610	กร่ำ
กองทุน	41609	กองทุน
กับดัก	41608	กับดัก
กัมปนาท	41607	กัมปนาท
กาๆ	41606	กาๆ
กำแหง	41605	กำแหง
กินนอน	41604	กินนอน
กีดกัน	41603	กีดกัน
กุ้งแห้ง	41602	กุ้งแห้ง
กู้ยืม	41601	กู้ยืม
ก้อนๆ	41600	ก้อนๆ
ขณะหนึ่ง	41599	ขณะหนึ่ง
ขนาบ	41598	ขนาบ
ขอคืน	41597	ขอคืน
ขอบข่าย	41596	ขอบข่าย
ขัณฑสีมา	41595	ขัณฑสีมา
ขันหมาก	41594	ขันหมาก
ขาดตกบกพร่อง	41593	ขาดตกบกพร่อง
ขี้ข้า	41592	ขี้ข้า
ขี้ปาก	41591	ขี้ปาก
ขุ่นๆ	41590	ขุ่นๆ
ข้าวเจ้า	41589	ข้าวเจ้า
ข้าวเปียก	41588	ข้าวเปียก
คงทน	41587	คงทน
คละ	41586	คละ
คลางแคลง	41585	คลางแคลง
คลุกเคล้า	41584	คลุกเคล้า
คอลเลจ	41583	คอลเลจ
คะนู	41582	คะนู
คัก	41581	คัก
คำรน	41580	คำรน
คำเติม	41579	คำเติม
คำเป็น	41578	คำเป็น
คู่แข่ง	41577	คู่แข่ง
งวงช้าง	41576	งวงช้าง
งึมงำ	41575	งึมงำ
จริยาวัตร	41574	จริยาวัตร
จวนตัว	41573	จวนตัว
จอมพล	41572	จอมพล
จัดจ้า	41571	จัดจ้า
จัดเจน	41570	จัดเจน
จัดเรียง	41569	จัดเรียง
จารีต	41568	จารีต
จำนำ	41567	จำนำ
จิตวิทยา	41566	จิตวิทยา
จุ๊	41565	จุ๊
จู	41564	จู
จู่ๆ	41563	จู่ๆ
จู้	41562	จู้
จ้อก	41561	จ้อก
ฉวี	41560	ฉวี
ฉาง	41559	ฉาง
ฉิ่ง	41558	ฉิ่ง
ชมพูทวีป	41557	ชมพูทวีป
ชลนา	41556	ชลนา
ชลประทาน	41555	ชลประทาน
ชันษา	41554	ชันษา
ชิบ	41553	ชิบ
ชุมพา	41552	ชุมพา
ช่อฟ้า	41551	ช่อฟ้า
ช้ำใจ	41550	ช้ำใจ
ซึมซับ	41549	ซึมซับ
ดวงแก้ว	41548	ดวงแก้ว
ดอลล่าร์	41547	ดอลล่าร์
ดาล	41546	ดาล
ดิบๆ	41545	ดิบๆ
ดึงดัน	41544	ดึงดัน
ดุๆ	41543	ดุๆ
ดูดดื่ม	41542	ดูดดื่ม
ตกลูก	41541	ตกลูก
ตะราง	41540	ตะราง
ตะโหงก	41539	ตะโหงก
ตะไล	41538	ตะไล
ตัดขาด	41537	ตัดขาด
ติ๋งๆ	41536	ติ๋งๆ
ต้นร่าง	41535	ต้นร่าง
ถลำ	41534	ถลำ
ถือศีล	41533	ถือศีล
ถ้าว่า	41532	ถ้าว่า
ทรพล	41531	ทรพล
ทะลวง	41530	ทะลวง
ทัง	41529	ทัง
ทันตา	41528	ทันตา
ทัพพี	41527	ทัพพี
ทางมะพร้าว	41526	ทางมะพร้าว
ที่ไหนๆ	41525	ที่ไหนๆ
ทุกทีๆ	41524	ทุกทีๆ
ธงชัย	41523	ธงชัย
ธม	41522	ธม
ธาดา	41521	ธาดา
นขลิขิต	41520	นขลิขิต
นมนาน	41519	นมนาน
นักหนังสือพิมพ์	41518	นักหนังสือพิมพ์
นั่งคุกเข่า	41517	นั่งคุกเข่า
นำเที่ยว	41516	นำเที่ยว
น่อง	41515	น่อง
น้ำพระทัย	41514	น้ำพระทัย
บังคับสัมผัส	41513	บังคับสัมผัส
บัด	41512	บัด
บิตุรงค์	41511	บิตุรงค์
บีบคั้น	41510	บีบคั้น
บุ้ง	41509	บุ้ง
บ่นๆ	41508	บ่นๆ
ปฏิปทา	41507	ปฏิปทา
ประณม	41506	ประณม
ประวิสรรชนีย์	41505	ประวิสรรชนีย์
ประสิทธิผล	41504	ประสิทธิผล
ประหวั่น	41503	ประหวั่น
ประเคน	41502	ประเคน
ปรัศนี	41501	ปรัศนี
ปราดเปรียว	41500	ปราดเปรียว
ปรามาส	41499	ปรามาส
ปราโมช	41498	ปราโมช
ปริญญาตรี	41497	ปริญญาตรี
ปริญญาบัตร	41496	ปริญญาบัตร
ปรุงแต่ง	41495	ปรุงแต่ง
ปลอบขวัญ	41494	ปลอบขวัญ
ปลิ้น	41493	ปลิ้น
ปะหนัน	41492	ปะหนัน
ปักเป้า	41491	ปักเป้า
ปัจเจกบุคคล	41490	ปัจเจกบุคคล
ปัญจาละ	41489	ปัญจาละ
ปาล์ม	41488	ปาล์ม
ปิติ	41487	ปิติ
ปุ๊ก	41486	ปุ๊ก
ป่นปี้	41485	ป่นปี้
ป่าโปร่ง	41484	ป่าโปร่ง
ผงซักฟอก	41483	ผงซักฟอก
ผลตอบแทน	41482	ผลตอบแทน
ผลุบ	41481	ผลุบ
ผู้บังคับบัญชา	41480	ผู้บังคับบัญชา
ผู้บัญชาการ	41479	ผู้บัญชาการ
ผู้ว่า	41478	ผู้ว่า
ผ้าเช็ดตัว	41477	ผ้าเช็ดตัว
ฝากฝัง	41476	ฝากฝัง
พงศา	41475	พงศา
พรวดๆ	41474	พรวดๆ
พระราชหัตถเลขา	41473	พระราชหัตถเลขา
พรุน	41472	พรุน
พร่าง	41471	พร่าง
พลความ	41470	พลความ
พล่อย	41469	พล่อย
พอที	41468	พอที
พอไปได้	41467	พอไปได้
พันทาง	41466	พันทาง
พันธนาการ	41465	พันธนาการ
พิจิตร	41464	พิจิตร
พิมเสน	41463	พิมเสน
พืชผล	41462	พืชผล
พื้นผิว	41461	พื้นผิว
พุ้ย	41460	พุ้ย
ฟันเลื่อย	41459	ฟันเลื่อย
ฟุ้งเฟ้อ	41458	ฟุ้งเฟ้อ
ฟ้าดิน	41457	ฟ้าดิน
ภาษ	41456	ภาษ
มดดำ	41455	มดดำ
มรรคา	41454	มรรคา
มะขามป้อม	41453	มะขามป้อม
มันเทศ	41452	มันเทศ
มัวเมา	41451	มัวเมา
มั่นเหมาะ	41450	มั่นเหมาะ
มั่ว	41449	มั่ว
มุ้งลวด	41448	มุ้งลวด
มโนราห์	41447	มโนราห์
ม่อน	41446	ม่อน
ยุวชน	41445	ยุวชน
ยโส	41444	ยโส
รกๆ	41443	รกๆ
รถรา	41442	รถรา
รวบรัด	41441	รวบรัด
รักแร้	41440	รักแร้
รังสรรค์	41439	รังสรรค์
รัฐธรรมนูญ	41438	รัฐธรรมนูญ
ริ้วรอย	41437	ริ้วรอย
รี้	41436	รี้
รูด	41435	รูด
รู้คิด	41434	รู้คิด
ร่น	41433	ร่น
ร่มผ้า	41432	ร่มผ้า
ลงข่าว	41431	ลงข่าว
ลงทะเบียน	41430	ลงทะเบียน
ลอดช่อง	41429	ลอดช่อง
ลอยหน้า	41428	ลอยหน้า
ละเหี่ย	41427	ละเหี่ย
ละโมบ	41426	ละโมบ
ลูกน้ำ	41425	ลูกน้ำ
ลูกบ้าน	41424	ลูกบ้าน
ลูกอม	41423	ลูกอม
ล่วงละเมิด	41422	ล่วงละเมิด
วงเวียน	41421	วงเวียน
วดี	41420	วดี
วัดวา	41419	วัดวา
วันแล้ววันเล่า	41418	วันแล้ววันเล่า
วิกาล	41417	วิกาล
วิหารทิศ	41416	วิหารทิศ
วี่วัน	41415	วี่วัน
ศิลปศาสตร์	41414	ศิลปศาสตร์
สกล	41413	สกล
สมน้ำหน้า	41412	สมน้ำหน้า
สรณคมน์	41411	สรณคมน์
สรรพางค์	41410	สรรพางค์
สวัสดิการ	41409	สวัสดิการ
สอดไส้	41408	สอดไส้
สะบั้น	41407	สะบั้น
สะแก	41406	สะแก
สังคมวิทยา	41405	สังคมวิทยา
สังวร	41404	สังวร
สังวาล	41403	สังวาล
สิบๆ	41402	สิบๆ
สิ้นชีพ	41401	สิ้นชีพ
สีมา	41400	สีมา
สีห์	41399	สีห์
สื่อสารมวลชน	41398	สื่อสารมวลชน
สุรเสียง	41397	สุรเสียง
สเด็จ	41396	สเด็จ
ส่งท้าย	41395	ส่งท้าย
หนังใหญ่	41394	หนังใหญ่
หนีเสือ	41393	หนีเสือ
หน้าดิน	41392	หน้าดิน
หน้าปัด	41391	หน้าปัด
หยกๆ	41390	หยกๆ
หยอกเย้า	41389	หยอกเย้า
หย่อม	41388	หย่อม
หวาดไหว	41387	หวาดไหว
หัวขวาน	41386	หัวขวาน
หัวนอน	41385	หัวนอน
หัวเราะๆ	41384	หัวเราะๆ
หัวเรือใหญ่	41383	หัวเรือใหญ่
หัวเสีย	41382	หัวเสีย
อยู่จริงๆ	41381	อยู่จริงๆ
อลวน	41380	อลวน
อวดรู้	41379	อวดรู้
อัฐ	41378	อัฐ
อันธพาล	41377	อันธพาล
อาถรรพ์	41376	อาถรรพ์
อาบัติ	41375	อาบัติ
อารยประเทศ	41374	อารยประเทศ
อำนวยการ	41373	อำนวยการ
อี๊	41372	อี๊
อุบะ	41371	อุบะ
เกรียว	41370	เกรียว
เกียรติศักดิ์	41369	เกียรติศักดิ์
เกี่ยงงอน	41368	เกี่ยงงอน
เกื้อ	41367	เกื้อ
เก็บความ	41366	เก็บความ
เข้าคู่	41365	เข้าคู่
เข้าตัว	41364	เข้าตัว
เครื่องเงิน	41363	เครื่องเงิน
เค้าท์	41362	เค้าท์
เงื้อมมือ	41361	เงื้อมมือ
เจ้าชู้	41360	เจ้าชู้
เจ้าอารมณ์	41359	เจ้าอารมณ์
เฉลียว	41358	เฉลียว
เฉือน	41357	เฉือน
เชอ	41356	เชอ
เชิงซ้อน	41355	เชิงซ้อน
เซลล์	41354	เซลล์
เซ็ก	41353	เซ็ก
เดิมพัน	41352	เดิมพัน
เทป	41351	เทป
เทวสถาน	41350	เทวสถาน
เทียนไข	41349	เทียนไข
เท่าไรๆ	41348	เท่าไรๆ
เนา	41347	เนา
เบญจคีรีนคร	41346	เบญจคีรีนคร
เป็นกลางๆ	41345	เป็นกลางๆ
เป๋ง	41344	เป๋ง
เพรง	41343	เพรง
เพี้ยง	41342	เพี้ยง
เภทภัย	41341	เภทภัย
เมล	41340	เมล
เยา	41339	เยา
เลาๆ	41338	เลาๆ
เวนิส	41337	เวนิส
เวสาลี	41336	เวสาลี
เวหา	41335	เวหา
เสนาบดีๆ	41334	เสนาบดีๆ
เสพย์ติด	41333	เสพย์ติด
เสียขวัญ	41332	เสียขวัญ
เสี้ยม	41331	เสี้ยม
เสือสมิง	41330	เสือสมิง
เหง่ง	41329	เหง่ง
เหมาะเจาะ	41328	เหมาะเจาะ
เหยาะๆ	41327	เหยาะๆ
เหลือเชื่อ	41326	เหลือเชื่อ
เอกา	41325	เอกา
เฮย	41324	เฮย
เฮา	41323	เฮา
เฮโรอีน	41322	เฮโรอีน
แกว่งไกว	41321	แกว่งไกว
แคล้ว	41320	แคล้ว
แบงก์	41319	แบงก์
แบมือ	41318	แบมือ
แบ่งเบา	41317	แบ่งเบา
แพรก	41316	แพรก
แพลงตอน	41315	แพลงตอน
แฟ้ม	41314	แฟ้ม
แม่เบี้ย	41313	แม่เบี้ย
แรกนาขวัญ	41312	แรกนาขวัญ
แลน	41311	แลน
แวววาว	41310	แวววาว
แหนง	41309	แหนง
แหะๆ	41308	แหะๆ
แอบแฝง	41307	แอบแฝง
โกรธา	41306	โกรธา
โกลด์	41305	โกลด์
โจมทัพ	41304	โจมทัพ
โฉมฉาย	41303	โฉมฉาย
โชน	41302	โชน
โบราณวัตถุ	41301	โบราณวัตถุ
โว	41300	โว
โหด	41299	โหด
โอ่	41298	โอ่
โฮม	41297	โฮม
ใจแข็ง	41296	ใจแข็ง
ใช้เรือ	41295	ใช้เรือ
ใช้ใบ	41294	ใช้ใบ
ไขว่คว้า	41293	ไขว่คว้า
ไข้หวัด	41292	ไข้หวัด
ได้แต่	41291	ได้แต่
ไต	41290	ไต
ไพล่หลัง	41289	ไพล่หลัง
ไม่เชิง	41288	ไม่เชิง
ไม้กางเขน	41287	ไม้กางเขน
ไม้ทัณฑฆาต	41286	ไม้ทัณฑฆาต
ไม้เป็น	41285	ไม้เป็น
กมล	41284	กมล
กระดูกสันหลัง	41283	กระดูกสันหลัง
กระทุ้ง	41282	กระทุ้ง
กระเช้าสีดา	41281	กระเช้าสีดา
กระเดียด	41280	กระเดียด
กระเดื่อง	41279	กระเดื่อง
กระเบียด	41278	กระเบียด
กระเสือกกระสน	41277	กระเสือกกระสน
กรัง	41276	กรัง
กรีก	41275	กรีก
กล้วยไม้	41274	กล้วยไม้
กะเกณฑ์	41273	กะเกณฑ์
กะเทาะ	41272	กะเทาะ
กายกรรม	41271	กายกรรม
กำมะถัน	41270	กำมะถัน
กิตติมศักดิ์	41269	กิตติมศักดิ์
กุฏฐัง	41268	กุฏฐัง
ขวัญหาย	41267	ขวัญหาย
ของดีๆ	41266	ของดีๆ
ของร้อน	41265	ของร้อน
ขอรับผม	41264	ขอรับผม
ข่อ	41263	ข่อ
คนจริง	41262	คนจริง
คบไฟ	41261	คบไฟ
ครัวไฟ	41260	ครัวไฟ
ครูด	41259	ครูด
คลอก	41258	คลอก
คลุกคลี	41257	คลุกคลี
คอกลม	41256	คอกลม
คอด	41255	คอด
คอยเหตุ	41254	คอยเหตุ
คะมำ	41253	คะมำ
คะแนนเสียง	41252	คะแนนเสียง
ค่าครองชีพ	41251	ค่าครองชีพ
ค้างปี	41250	ค้างปี
จับจอง	41249	จับจอง
จิตรกรรม	41248	จิตรกรรม
จุใจ	41247	จุใจ
จู่โจม	41246	จู่โจม
จ้ำจี้	41245	จ้ำจี้
ฉีดยา	41244	ฉีดยา
ชดใช้	41243	ชดใช้
ชลมารค	41242	ชลมารค
ชัยภูมิ	41241	ชัยภูมิ
ชำนะ	41240	ชำนะ
ชิวหา	41239	ชิวหา
ชิโนรส	41238	ชิโนรส
ชีปะขาว	41237	ชีปะขาว
ช่วงๆ	41236	ช่วงๆ
ช่องเขา	41235	ช่องเขา
ช่างทอง	41234	ช่างทอง
ช่างภาพ	41233	ช่างภาพ
ช้างร้อง	41232	ช้างร้อง
ซึมซาบ	41231	ซึมซาบ
ซ่อนหา	41230	ซ่อนหา
ซ่าๆ	41229	ซ่าๆ
ฐานานุกรม	41228	ฐานานุกรม
ดาวเคราะห์	41227	ดาวเคราะห์
ดินฟ้าอากาศ	41226	ดินฟ้าอากาศ
ดิลก	41225	ดิลก
ดีร้าย	41224	ดีร้าย
ตกยาก	41223	ตกยาก
ตถาคต	41222	ตถาคต
ตะบึง	41221	ตะบึง
ตะเภา	41220	ตะเภา
ตัดผม	41219	ตัดผม
ตามบุญตามกรรม	41218	ตามบุญตามกรรม
ตามอำเภอใจ	41217	ตามอำเภอใจ
ตาลาย	41216	ตาลาย
ต้นยาง	41215	ต้นยาง
ถั่วเขียว	41214	ถั่วเขียว
ถ่ายภาพ	41213	ถ่ายภาพ
ทัศนะ	41212	ทัศนะ
ทั้งเพ	41211	ทั้งเพ
ที่ประชุม	41210	ที่ประชุม
ทุรนทุราย	41209	ทุรนทุราย
ทูตานุทูต	41208	ทูตานุทูต
ท้วม	41207	ท้วม
ท้องขึ้น	41206	ท้องขึ้น
ท้ายน้ำ	41205	ท้ายน้ำ
นนทบุรี	41204	นนทบุรี
นักเล่น	41203	นักเล่น
นักแสดง	41202	นักแสดง
นัยนา	41201	นัยนา
นั่งพับเพียบ	41200	นั่งพับเพียบ
นางพญา	41199	นางพญา
นายกเทศมนตรี	41198	นายกเทศมนตรี
นาวา	41197	นาวา
นิรันดร	41196	นิรันดร
นึกๆ	41195	นึกๆ
น้าว	41194	น้าว
บง	41193	บง
บดบัง	41192	บดบัง
บทจร	41191	บทจร
บลู	41190	บลู
บอระเพ็ด	41189	บอระเพ็ด
บอล	41188	บอล
บังควร	41187	บังควร
บั่น	41186	บั่น
บาร์	41185	บาร์
บิดพลิ้ว	41184	บิดพลิ้ว
บุคคลธรรมดา	41183	บุคคลธรรมดา
ประสิทธิ	41182	ประสิทธิ
ประเทือง	41181	ประเทือง
ปรัมปรา	41180	ปรัมปรา
ปราณี	41179	ปราณี
ปูชนียสถาน	41178	ปูชนียสถาน
ป้อ	41177	ป้อ
ผดุง	41176	ผดุง
ผนึก	41175	ผนึก
ผัดวันประกันพรุ่ง	41174	ผัดวันประกันพรุ่ง
ผูกขาด	41173	ผูกขาด
ผู้รับ	41172	ผู้รับ
ผู้ร่วมงาน	41171	ผู้ร่วมงาน
ผ้าผ่อน	41170	ผ้าผ่อน
พรรค์	41169	พรรค์
พรวดพราด	41168	พรวดพราด
พระราชกุศล	41167	พระราชกุศล
พร่อง	41166	พร่อง
พักตรา	41165	พักตรา
พัสดุ	41164	พัสดุ
พื้นๆ	41163	พื้นๆ
ฟรี	41162	ฟรี
ฟิต	41161	ฟิต
ฟ่อๆ	41160	ฟ่อๆ
ภูผา	41159	ภูผา
ภูมิฐาน	41158	ภูมิฐาน
ภูมิรู้	41157	ภูมิรู้
มนุษยโลก	41156	มนุษยโลก
มนเทียร	41155	มนเทียร
มรณะ	41154	มรณะ
มหากษัตริย์	41153	มหากษัตริย์
มหิงสา	41152	มหิงสา
มะปราง	41151	มะปราง
มิน่าเล่า	41150	มิน่าเล่า
ยางลบ	41149	ยางลบ
ยาจก	41148	ยาจก
ย่างเท้า	41147	ย่างเท้า
ระบม	41146	ระบม
ระเกะระกะ	41145	ระเกะระกะ
รัฐศาสตร์	41144	รัฐศาสตร์
รัฐสภา	41143	รัฐสภา
รั้น	41142	รั้น
ราชกุมารี	41141	ราชกุมารี
ราชทินนาม	41140	ราชทินนาม
รำไร	41139	รำไร
รูปถ่าย	41138	รูปถ่าย
รูปพยัญชนะ	41137	รูปพยัญชนะ
รู่	41136	รู่
ร่ำไห้	41135	ร่ำไห้
ลบหลู่	41134	ลบหลู่
ลอยคอ	41133	ลอยคอ
ลอยบาป	41132	ลอยบาป
ลั่นวาจา	41131	ลั่นวาจา
ลำพู	41130	ลำพู
ลำพูน	41129	ลำพูน
ลิปสติก	41128	ลิปสติก
ลูกแฝด	41127	ลูกแฝด
ล่อนจ้อน	41126	ล่อนจ้อน
วงจร	41125	วงจร
วอก	41124	วอก
วอดวาย	41123	วอดวาย
วัฒนะ	41122	วัฒนะ
วางอำนาจ	41121	วางอำนาจ
วาท	41120	วาท
วาทศิลป์	41119	วาทศิลป์
วิสัชนา	41118	วิสัชนา
วิสามานยนาม	41117	วิสามานยนาม
สถานะ	41116	สถานะ
สปริง	41115	สปริง
สภากาชาดไทย	41114	สภากาชาดไทย
สภาผู้แทนราษฎร	41113	สภาผู้แทนราษฎร
สมัญญา	41112	สมัญญา
สมุทรสงคราม	41111	สมุทรสงคราม
สมุหเทศาภิบาล	41110	สมุหเทศาภิบาล
สยอง	41109	สยอง
สะดือ	41108	สะดือ
สังคมศาสตร์	41107	สังคมศาสตร์
สันหลัง	41106	สันหลัง
สาธิต	41105	สาธิต
สาธุชน	41104	สาธุชน
สำลัก	41103	สำลัก
สำเนา	41102	สำเนา
สินธุ์	41101	สินธุ์
สิบล้อ	41100	สิบล้อ
สิ้นฤทธิ์	41099	สิ้นฤทธิ์
สุราษฎร์ธานี	41098	สุราษฎร์ธานี
สุเมรุ	41097	สุเมรุ
สุ้มเสียง	41096	สุ้มเสียง
สูงศักดิ์	41095	สูงศักดิ์
ส่วนประกอบ	41094	ส่วนประกอบ
หกคะเมน	41093	หกคะเมน
หนักหน่วง	41092	หนักหน่วง
หน้าบาน	41091	หน้าบาน
หมอความ	41090	หมอความ
หมี่	41089	หมี่
หม่นๆ	41088	หม่นๆ
หรา	41087	หรา
หล่อหลอม	41086	หล่อหลอม
หวุดหวิด	41085	หวุดหวิด
หอบหิ้ว	41084	หอบหิ้ว
หัวดื้อ	41083	หัวดื้อ
หัวโขน	41082	หัวโขน
หัวไม้	41081	หัวไม้
หุ้มแพร	41080	หุ้มแพร
ห่อตัว	41079	ห่อตัว
อนงค์	41078	อนงค์
อภิธรรม	41077	อภิธรรม
อภิวันท์	41076	อภิวันท์
อมร	41075	อมร
อยู่ยาม	41074	อยู่ยาม
อสรพิษ	41073	อสรพิษ
ออสเตรเลีย	41072	ออสเตรเลีย
อักขระ	41071	อักขระ
อัมพร	41070	อัมพร
อัศเจรีย์	41069	อัศเจรีย์
อากร	41068	อากร
อาคันตุกะ	41067	อาคันตุกะ
อาณานิคม	41066	อาณานิคม
อาด	41065	อาด
อารยธรรม	41064	อารยธรรม
อิดเอื้อน	41063	อิดเอื้อน
อิ่มอกอิ่มใจ	41062	อิ่มอกอิ่มใจ
อุปทูต	41061	อุปทูต
อุปลักษณ์	41060	อุปลักษณ์
อุโฆษ	41059	อุโฆษ
อ่างน้ำ	41058	อ่างน้ำ
เกน	41057	เกน
เกลี้ยงๆ	41056	เกลี้ยงๆ
เกศี	41055	เกศี
เกษตรศาสตร์	41054	เกษตรศาสตร์
เกี่ยวดอง	41053	เกี่ยวดอง
เข้มข้น	41052	เข้มข้น
เคลือบแคลง	41051	เคลือบแคลง
เคลื่อนตัว	41050	เคลื่อนตัว
เค็มๆ	41049	เค็มๆ
เง่า	41048	เง่า
เจื่อนๆ	41047	เจื่อนๆ
เชื่องช้า	41046	เชื่องช้า
เชื้อไฟ	41045	เชื้อไฟ
เซ้ง	41044	เซ้ง
เดียงสา	41043	เดียงสา
เทียบเท่า	41042	เทียบเท่า
เนิ่น	41041	เนิ่น
เนียม	41040	เนียม
เบี้ยหวัด	41039	เบี้ยหวัด
เปรียบเปรย	41038	เปรียบเปรย
เปลือกตา	41037	เปลือกตา
เป็นงานเป็นการ	41036	เป็นงานเป็นการ
เป็นเงินเป็นทอง	41035	เป็นเงินเป็นทอง
เป็นไฟ	41034	เป็นไฟ
เผาะ	41033	เผาะ
เพลินๆ	41032	เพลินๆ
เฟื้อง	41031	เฟื้อง
เฟ้น	41030	เฟ้น
เยินยอ	41029	เยินยอ
เล่นๆ	41028	เล่นๆ
เสถียร	41027	เสถียร
เสวยพระชาติ	41026	เสวยพระชาติ
เสือปลา	41025	เสือปลา
เสื้อคลุม	41024	เสื้อคลุม
เสื้อฝน	41023	เสื้อฝน
เหมันต์	41022	เหมันต์
เหลือวิสัย	41021	เหลือวิสัย
แช่มช้อย	41020	แช่มช้อย
แต้	41019	แต้
แท็กซี่	41018	แท็กซี่
แผ่นดินไหว	41017	แผ่นดินไหว
แยบยล	41016	แยบยล
โกรก	41015	โกรก
โขยง	41014	โขยง
โจม	41013	โจม
โจษ	41012	โจษ
โฉด	41011	โฉด
โปรแกรม	41010	โปรแกรม
โป๊ะ	41009	โป๊ะ
โมหะ	41008	โมหะ
โยกเยก	41007	โยกเยก
โล่งๆ	41006	โล่งๆ
โหยง	41005	โหยง
โอ้ว่า	41004	โอ้ว่า
โอ้เอ้	41003	โอ้เอ้
โฮกๆ	41002	โฮกๆ
ใจสูง	41001	ใจสูง
ใจเย็นๆ	41000	ใจเย็นๆ
ใสๆ	40999	ใสๆ
ไจ	40998	ไจ
ไตรมาส	40997	ไตรมาส
ไหวๆ	40996	ไหวๆ
กฎจราจร	40995	กฎจราจร
กรอด	40994	กรอด
กระจุกกระจิก	40993	กระจุกกระจิก
กระดอน	40992	กระดอน
กระสัน	40991	กระสัน
กร้าว	40990	กร้าว
กลมกล่อม	40989	กลมกล่อม
กลัวน้ำ	40988	กลัวน้ำ
กองกลาง	40987	กองกลาง
กอดอก	40986	กอดอก
กะเลียว	40985	กะเลียว
กันตัว	40984	กันตัว
กานต์	40983	กานต์
กาวน์	40982	กาวน์
กินแรง	40981	กินแรง
กุกกัก	40980	กุกกัก
กุนเชียง	40979	กุนเชียง
กุมภัณฑ์	40978	กุมภัณฑ์
ก้าง	40977	ก้าง
ก้ำกึ่ง	40976	ก้ำกึ่ง
ก๊าด	40975	ก๊าด
ก๊าบๆ	40974	ก๊าบๆ
ขนง	40973	ขนง
ขนิษฐา	40972	ขนิษฐา
ขบถ	40971	ขบถ
ขมุกขมัว	40970	ขมุกขมัว
ขวับๆ	40969	ขวับๆ
ขัย	40968	ขัย
ข้อเตือนใจ	40967	ข้อเตือนใจ
ข้างมาก	40966	ข้างมาก
ข้าวใหม่	40965	ข้าวใหม่
ครั่น	40964	ครั่น
คริสต์มาส	40963	คริสต์มาส
ครุย	40962	ครุย
คร่ำคร่า	40961	คร่ำคร่า
คลอน	40960	คลอน
คลาคล่ำ	40959	คลาคล่ำ
คลื่นเสียง	40958	คลื่นเสียง
ควง	40957	ควง
คัล	40956	คัล
คำขาด	40955	คำขาด
คิดคด	40954	คิดคด
คุณๆ	40953	คุณๆ
คูน	40952	คูน
คู่หู	40951	คู่หู
ค่าว	40950	ค่าว
งามงอน	40949	งามงอน
ง้าว	40948	ง้าว
จับผิด	40947	จับผิด
จับเจ่า	40946	จับเจ่า
จำนรรจา	40945	จำนรรจา
จุนเจือ	40944	จุนเจือ
จู๋	40943	จู๋
ฉลองพระบาท	40942	ฉลองพระบาท
ฉลุ	40941	ฉลุ
ชะง่อน	40940	ชะง่อน
ชะอม	40939	ชะอม
ชาตา	40938	ชาตา
ชายตา	40937	ชายตา
ชำร่วย	40936	ชำร่วย
ช่างกระไร	40935	ช่างกระไร
ซิว	40934	ซิว
ซ้อง	40933	ซ้อง
ซ้ำเติม	40932	ซ้ำเติม
ดอม	40931	ดอม
ตกมัน	40930	ตกมัน
ตบะ	40929	ตบะ
ตรำ	40928	ตรำ
ตรีทูต	40927	ตรีทูต
ตอนเย็นๆ	40926	ตอนเย็นๆ
ตะกอน	40925	ตะกอน
ตะปบ	40924	ตะปบ
ตะเข้	40923	ตะเข้
ตะโพก	40922	ตะโพก
ตัวบท	40921	ตัวบท
ตัวๆ	40920	ตัวๆ
ตาปี	40919	ตาปี
ติ้ว	40918	ติ้ว
ตีสนิท	40917	ตีสนิท
ตีโพยตีพาย	40916	ตีโพยตีพาย
ตื่นๆ	40915	ตื่นๆ
ตื้อ	40914	ตื้อ
ตุบ	40913	ตุบ
ตุ้บ	40912	ตุ้บ
ต้นกำเนิด	40911	ต้นกำเนิด
ต้นคอ	40910	ต้นคอ
ถอนพิษ	40909	ถอนพิษ
ถัดๆ	40908	ถัดๆ
ถั่วพู	40907	ถั่วพู
ทบวง	40906	ทบวง
ทอดตัว	40905	ทอดตัว
ทอดๆ	40904	ทอดๆ
ทัศนาจร	40903	ทัศนาจร
ทั้งที	40902	ทั้งที
ทางหลวง	40901	ทางหลวง
ทาม	40900	ทาม
ทายาท	40899	ทายาท
ทำเงิน	40898	ทำเงิน
ที่มั่น	40897	ที่มั่น
ทึม	40896	ทึม
ทุ้ม	40895	ทุ้ม
ท้องกาง	40894	ท้องกาง
นครบาล	40893	นครบาล
นงลักษณ์	40892	นงลักษณ์
นฤมล	40891	นฤมล
นักขัตฤกษ์	40890	นักขัตฤกษ์
นางรำ	40889	นางรำ
นิ่มนวล	40888	นิ่มนวล
นุ่มนิ่ม	40887	นุ่มนิ่ม
นูน	40886	นูน
น้ำตาลทราย	40885	น้ำตาลทราย
น้ำป่า	40884	น้ำป่า
น้ำมันดิน	40883	น้ำมันดิน
บทศรี	40882	บทศรี
บริสุทธิ์ใจ	40881	บริสุทธิ์ใจ
บังคับเอก	40880	บังคับเอก
บัญชาการ	40879	บัญชาการ
บัดซบ	40878	บัดซบ
บานบุรี	40877	บานบุรี
บุบ	40876	บุบ
บุษบก	40875	บุษบก
ประจวบคีรีขันธ์	40874	ประจวบคีรีขันธ์
ประทม	40873	ประทม
ประธานาธิบดี	40872	ประธานาธิบดี
ประนีประนอม	40871	ประนีประนอม
ประภาคาร	40870	ประภาคาร
ประสพ	40869	ประสพ
ประสานงาน	40868	ประสานงาน
ปราการ	40867	ปราการ
ปริญญาโท	40866	ปริญญาโท
ปริยัติธรรม	40865	ปริยัติธรรม
ปร๋อ	40864	ปร๋อ
ปลาเค็ม	40863	ปลาเค็ม
ปัจจามิตร	40862	ปัจจามิตร
ปัจจุบันทันด่วน	40861	ปัจจุบันทันด่วน
ปัตตานี	40860	ปัตตานี
ปากขอ	40859	ปากขอ
ปากคำ	40858	ปากคำ
ปิ้ม	40857	ปิ้ม
ปูด	40856	ปูด
ผยอง	40855	ผยอง
ผวน	40854	ผวน
ผีดิบ	40853	ผีดิบ
ผึง	40852	ผึง
ผู้ผลิต	40851	ผู้ผลิต
ฝึกอบรม	40850	ฝึกอบรม
พนัก	40849	พนัก
พรหมจรรย์	40848	พรหมจรรย์
พฤษภ	40847	พฤษภ
พลอด	40846	พลอด
พล่าม	40845	พล่าม
พอดู	40844	พอดู
พาลี	40843	พาลี
พิพิธภัณฑสถาน	40842	พิพิธภัณฑสถาน
พิไร	40841	พิไร
ฟันดาบ	40840	ฟันดาบ
ฟูมฟัก	40839	ฟูมฟัก
ภัตตาคาร	40838	ภัตตาคาร
ภูมี	40837	ภูมี
มกุฎราชกุมาร	40836	มกุฎราชกุมาร
มล	40835	มล
มหาตมะ	40834	มหาตมะ
มหาบพิตร	40833	มหาบพิตร
มอบอำนาจ	40832	มอบอำนาจ
มังคลาราม	40831	มังคลาราม
มันสำปะหลัง	40830	มันสำปะหลัง
มาส	40829	มาส
มึน	40828	มึน
มโหรี	40827	มโหรี
ม่อย	40826	ม่อย
ยมก	40825	ยมก
ยอกย้อน	40824	ยอกย้อน
ยอมจำนน	40823	ยอมจำนน
ยินร้าย	40822	ยินร้าย
ยีราฟ	40821	ยีราฟ
ยี่ห้อ	40820	ยี่ห้อ
ยื้อยุด	40819	ยื้อยุด
ยุคลบาท	40818	ยุคลบาท
ย่นย่อ	40817	ย่นย่อ
รจนา	40816	รจนา
รวงผึ้ง	40815	รวงผึ้ง
ระทด	40814	ระทด
ระบือ	40813	ระบือ
ระรัว	40812	ระรัว
ระริก	40811	ระริก
ระหง	40810	ระหง
รัสเซีย	40809	รัสเซีย
รีๆ	40808	รีๆ
รุดหน้า	40807	รุดหน้า
ร่วงโรย	40806	ร่วงโรย
ลอบกัด	40805	ลอบกัด
ละติน	40804	ละติน
ละเลิง	40803	ละเลิง
ลายเซ็น	40802	ลายเซ็น
ลิบลิ่ว	40801	ลิบลิ่ว
ลิสง	40800	ลิสง
ลูกล้อ	40799	ลูกล้อ
ลูกหาบ	40798	ลูกหาบ
ล้านนา	40797	ล้านนา
วงศา	40796	วงศา
วังหลวง	40795	วังหลวง
วัดวาอาราม	40794	วัดวาอาราม
วัติ	40793	วัติ
วัลย์	40792	วัลย์
วายชนม์	40791	วายชนม์
วายปราณ	40790	วายปราณ
วิญญูชน	40789	วิญญูชน
วิทยาการ	40788	วิทยาการ
วิบัติ	40787	วิบัติ
วิวิธ	40786	วิวิธ
วิสูตร	40785	วิสูตร
วิ้วๆ	40784	วิ้วๆ
ว่าขาน	40783	ว่าขาน
ว้าง	40782	ว้าง
ศุภนิมิต	40781	ศุภนิมิต
สก	40780	สก
สกุณา	40779	สกุณา
สยดสยอง	40778	สยดสยอง
สรรหา	40777	สรรหา
สลาก	40776	สลาก
สวิสเซอร์แลนด์	40775	สวิสเซอร์แลนด์
สะเดาะ	40774	สะเดาะ
สะเทิ้น	40773	สะเทิ้น
สะเพร่า	40772	สะเพร่า
สังขยา	40771	สังขยา
สันโดษ	40770	สันโดษ
สั่งงาน	40769	สั่งงาน
สั่งเสีย	40768	สั่งเสีย
สินะ	40767	สินะ
สุคนธ์	40766	สุคนธ์
สุรินทร์	40765	สุรินทร์
หงายท้อง	40764	หงายท้อง
หงึกๆ	40763	หงึกๆ
หนังสือสัญญา	40762	หนังสือสัญญา
หน้าตัก	40761	หน้าตัก
หน้ามุข	40760	หน้ามุข
หมู่ๆ	40759	หมู่ๆ
หม่อน	40758	หม่อน
หยัง	40757	หยัง
หยั่งรู้	40756	หยั่งรู้
หยาม	40755	หยาม
หลอน	40754	หลอน
หลายหลาก	40753	หลายหลาก
หวงห้าม	40752	หวงห้าม
หักคอ	40751	หักคอ
หาบเร่	40750	หาบเร่
ห่าม	40749	ห่าม
อธรรม	40748	อธรรม
อธิ	40747	อธิ
อย่างน้อยๆ	40746	อย่างน้อยๆ
ออกตัว	40745	ออกตัว
ออกนอกหน้า	40744	ออกนอกหน้า
ออกรส	40743	ออกรส
ออกอากาศ	40742	ออกอากาศ
อัคคีภัย	40741	อัคคีภัย
อัคนี	40740	อัคนี
อัจฉริยภาพ	40739	อัจฉริยภาพ
อันเป็นไป	40738	อันเป็นไป
อัมพวา	40737	อัมพวา
อัมพาต	40736	อัมพาต
อาจอง	40735	อาจอง
อาชา	40734	อาชา
อาละวาด	40733	อาละวาด
อาว	40732	อาว
อาสาฬหบูชา	40731	อาสาฬหบูชา
อาหรับ	40730	อาหรับ
อาเพศ	40729	อาเพศ
อิทธิฤทธิ์	40728	อิทธิฤทธิ์
อินทนิล	40727	อินทนิล
อิสลาม	40726	อิสลาม
อุทกภัย	40725	อุทกภัย
อุทธรณ์	40724	อุทธรณ์
อุย	40723	อุย
อุระ	40722	อุระ
อ้วนๆ	40721	อ้วนๆ
อ้าก	40720	อ้าก
ฮับ	40719	ฮับ
ฮึกฮัก	40718	ฮึกฮัก
ฮึดฮัด	40717	ฮึดฮัด
ฮุย	40716	ฮุย
ฮ้า	40715	ฮ้า
เกาะๆ	40714	เกาะๆ
เก็บงำ	40713	เก็บงำ
เก้กัง	40712	เก้กัง
เขี้ยวเล็บ	40711	เขี้ยวเล็บ
เข้าท่า	40710	เข้าท่า
เครือๆ	40709	เครือๆ
เคร่ง	40708	เคร่ง
เงินผ่อน	40707	เงินผ่อน
เจือปน	40706	เจือปน
เจ็บแค้น	40705	เจ็บแค้น
เจ้าชีวิต	40704	เจ้าชีวิต
เชยชม	40703	เชยชม
เซื่อง	40702	เซื่อง
เตาเผา	40701	เตาเผา
เต็มตา	40700	เต็มตา
เต็มตื้น	40699	เต็มตื้น
เต็มเหนี่ยว	40698	เต็มเหนี่ยว
เทวัน	40697	เทวัน
เที่ยงแท้	40696	เที่ยงแท้
เนืองแน่น	40695	เนืองแน่น
เนือยๆ	40694	เนือยๆ
เน็ต	40693	เน็ต
เบี่ยงบ่าย	40692	เบี่ยงบ่าย
เปา	40691	เปา
เพลงยาว	40690	เพลงยาว
เพ็ดทูล	40689	เพ็ดทูล
เพ่นพ่าน	40688	เพ่นพ่าน
เมามาย	40687	เมามาย
เมืองท่า	40686	เมืองท่า
เม่นทะเล	40685	เม่นทะเล
เม่า	40684	เม่า
เรอ	40683	เรอ
เริ่มแรก	40682	เริ่มแรก
เรียม	40681	เรียม
เร้น	40680	เร้น
เร้นลับ	40679	เร้นลับ
เลียง	40678	เลียง
เลี้ยวลด	40677	เลี้ยวลด
เล่าขาน	40676	เล่าขาน
เวิ้ง	40675	เวิ้ง
เสงี่ยม	40674	เสงี่ยม
เสมอใจ	40673	เสมอใจ
เสิร์ฟ	40672	เสิร์ฟ
เสียงอ่อน	40671	เสียงอ่อน
เหนี่ยวรั้ง	40670	เหนี่ยวรั้ง
เหลือใจ	40669	เหลือใจ
เหลื่อม	40668	เหลื่อม
เหล็กใน	40667	เหล็กใน
เหี้ยมเกรียม	40666	เหี้ยมเกรียม
เอาถ่าน	40665	เอาถ่าน
เอือม	40664	เอือม
เอ็ดอึง	40663	เอ็ดอึง
เฮือก	40662	เฮือก
แกงส้ม	40661	แกงส้ม
แก่กล้า	40660	แก่กล้า
แข็งตัว	40659	แข็งตัว
แคลเซียม	40658	แคลเซียม
แคล่วคล่อง	40657	แคล่วคล่อง
แฉล้ม	40656	แฉล้ม
แซะ	40655	แซะ
แต้จิ๋ว	40654	แต้จิ๋ว
แบบสอบถาม	40653	แบบสอบถาม
แพรวพราว	40652	แพรวพราว
แมวป่า	40651	แมวป่า
แม่เหล็ก	40650	แม่เหล็ก
แสยะ	40649	แสยะ
แหล่	40648	แหล่
แอก	40647	แอก
แฮม	40646	แฮม
โฉมงาม	40645	โฉมงาม
โตนด	40644	โตนด
โต้ง	40643	โต้ง
โทรคมนาคม	40642	โทรคมนาคม
โทรศัพท์มือถือ	40641	โทรศัพท์มือถือ
โพยม	40640	โพยม
โพสพ	40639	โพสพ
โม้	40638	โม้
โรคจิต	40637	โรคจิต
โอนอ่อน	40636	โอนอ่อน
โอลิมปิก	40635	โอลิมปิก
โฮ่ง	40634	โฮ่ง
ใจกลาง	40633	ใจกลาง
ใจกว้าง	40632	ใจกว้าง
ใจชื้น	40631	ใจชื้น
ใช้บน	40630	ใช้บน
ใบพัด	40629	ใบพัด
ไขว่ห้าง	40628	ไขว่ห้าง
ไข้ทรพิษ	40627	ไข้ทรพิษ
ไดอะตอม	40626	ไดอะตอม
ไถ่	40625	ไถ่
ไพ่ป๊อก	40624	ไพ่ป๊อก
ไอเสีย	40623	ไอเสีย
กถา	40622	กถา
กระฉ่อน	40621	กระฉ่อน
กระทบกระเทียบ	40620	กระทบกระเทียบ
กระหวัด	40619	กระหวัด
กระเจิง	40618	กระเจิง
กระเฉด	40617	กระเฉด
กรูด	40616	กรูด
กลัดหนอง	40615	กลัดหนอง
กลับคำ	40614	กลับคำ
กลางคัน	40613	กลางคัน
กลางช้าง	40612	กลางช้าง
กลไฟ	40611	กลไฟ
กล่อมเกลี้ยง	40610	กล่อมเกลี้ยง
กล้วยแขก	40609	กล้วยแขก
กล้าม	40608	กล้าม
กล้ำกลืน	40607	กล้ำกลืน
กวาดตา	40606	กวาดตา
กวาดต้อน	40605	กวาดต้อน
กว่าง	40604	กว่าง
กษัตรา	40603	กษัตรา
กะละแม	40602	กะละแม
กักเก็บ	40601	กักเก็บ
กาญ	40600	กาญ
การุญ	40599	การุญ
การ์ด	40598	การ์ด
กำยาน	40597	กำยาน
กุลธิดา	40596	กุลธิดา
ขนบธรรมเนียมประเพณี	40595	ขนบธรรมเนียมประเพณี
ขนมครก	40594	ขนมครก
ขลาดกลัว	40593	ขลาดกลัว
ขวัญข้าว	40592	ขวัญข้าว
ของว่าง	40591	ของว่าง
ขั้นๆ	40590	ขั้นๆ
ขาดมือ	40589	ขาดมือ
ขาตั้ง	40588	ขาตั้ง
ขาออก	40587	ขาออก
ขี้ริ้ว	40586	ขี้ริ้ว
ขูดรีด	40585	ขูดรีด
ข้อยกเว้น	40584	ข้อยกเว้น
ข้อหา	40583	ข้อหา
ข้าวเม่า	40582	ข้าวเม่า
คชสาร	40581	คชสาร
คนจนๆ	40580	คนจนๆ
คำสัญญา	40579	คำสัญญา
คิดๆ	40578	คิดๆ
คุณลุงคุณป้า	40577	คุณลุงคุณป้า
คุ้มกัน	40576	คุ้มกัน
งาย	40575	งาย
งุ่มง่าม	40574	งุ่มง่าม
ง้าง	40573	ง้าง
จรัล	40572	จรัล
จอภาพ	40571	จอภาพ
จอแจ	40570	จอแจ
จังๆ	40569	จังๆ
จัดจ้าน	40568	จัดจ้าน
จับยาม	40567	จับยาม
จางวาง	40566	จางวาง
จาร	40565	จาร
จาริก	40564	จาริก
จีบพลู	40563	จีบพลู
จุล	40562	จุล
จุ๊บ	40561	จุ๊บ
ฉอด	40560	ฉอด
ฉะเชิงเทรา	40559	ฉะเชิงเทรา
ฉับ	40558	ฉับ
ฉาว	40557	ฉาว
ฉูดฉาด	40556	ฉูดฉาด
ฉ่อย	40555	ฉ่อย
ฉ้อโกง	40554	ฉ้อโกง
ชมชื่น	40553	ชมชื่น
ชัชวาล	40552	ชัชวาล
ชายคา	40551	ชายคา
ชุมพร	40550	ชุมพร
ชโลม	40549	ชโลม
ช้อย	40548	ช้อย
ซัดเซ	40547	ซัดเซ
ฌาน	40546	ฌาน
ดนุ	40545	ดนุ
ดมๆ	40544	ดมๆ
ดาด	40543	ดาด
ดาน	40542	ดาน
ดาวฤกษ์	40541	ดาวฤกษ์
ดาษดา	40540	ดาษดา
ดินดำ	40539	ดินดำ
ดีปลี	40538	ดีปลี
ดีไม่ดี	40537	ดีไม่ดี
ตรมตรอม	40536	ตรมตรอม
ตักกสิลา	40535	ตักกสิลา
ตั้งเค้า	40534	ตั้งเค้า
ตามที	40533	ตามที
ตายห่า	40532	ตายห่า
ตารางสอน	40531	ตารางสอน
ตื่นตา	40530	ตื่นตา
ตุ๊ดตู่	40529	ตุ๊ดตู่
ตูมๆ	40528	ตูมๆ
ต่อล้อต่อเถียง	40527	ต่อล้อต่อเถียง
ต้นเสียง	40526	ต้นเสียง
ถอดรูป	40525	ถอดรูป
ถ่ายปัสสาวะ	40524	ถ่ายปัสสาวะ
ทองม้วน	40523	ทองม้วน
ทองใบ	40522	ทองใบ
ทอฟฟี่	40521	ทอฟฟี่
ทารุณกรรม	40520	ทารุณกรรม
ทำเหตุ	40519	ทำเหตุ
ทิน	40518	ทิน
ทิศา	40517	ทิศา
ที่หมาย	40516	ที่หมาย
ทึ้ง	40515	ทึ้ง
ท้องร่วง	40514	ท้องร่วง
ท้องอืด	40513	ท้องอืด
นริศ	40512	นริศ
นอนใจ	40511	นอนใจ
นางนวล	40510	นางนวล
นาด	40509	นาด
นานาชาติ	40508	นานาชาติ
นาบ	40507	นาบ
นายเวร	40506	นายเวร
บะหมี่	40505	บะหมี่
บังอร	40504	บังอร
บันลือ	40503	บันลือ
บัวลอย	40502	บัวลอย
บิดขี้เกียจ	40501	บิดขี้เกียจ
บุ้ยปาก	40500	บุ้ยปาก
บ้วนปาก	40499	บ้วนปาก
บ๊ะ	40498	บ๊ะ
บ๋อย	40497	บ๋อย
ปฐมยาม	40496	ปฐมยาม
ปนเป	40495	ปนเป
ปมด้อย	40494	ปมด้อย
ประคับ	40493	ประคับ
ประจง	40492	ประจง
ประจัน	40491	ประจัน
ประดับกาย	40490	ประดับกาย
ประท้วง	40489	ประท้วง
ประมูล	40488	ประมูล
ประวัติการณ์	40487	ประวัติการณ์
ประหลาดๆ	40486	ประหลาดๆ
ประเดิม	40485	ประเดิม
ประเดี๋ยวก่อน	40484	ประเดี๋ยวก่อน
ปราชัย	40483	ปราชัย
ปราศ	40482	ปราศ
ปริยาย	40481	ปริยาย
ปรี่	40480	ปรี่
ปลาหมึก	40479	ปลาหมึก
ปล้นสะดม	40478	ปล้นสะดม
ปากท้อง	40477	ปากท้อง
ปืนยาว	40476	ปืนยาว
ป่าว	40475	ป่าว
ป่าสูง	40474	ป่าสูง
ป้วนเปี้ยน	40473	ป้วนเปี้ยน
ป๊อก	40472	ป๊อก
ผกา	40471	ผกา
ผลักดัน	40470	ผลักดัน
ผัดผ่อน	40469	ผัดผ่อน
ผันผ่อน	40468	ผันผ่อน
ผู้ต้องหา	40467	ผู้ต้องหา
ผู้บริหาร	40466	ผู้บริหาร
ผ่อนตาม	40465	ผ่อนตาม
ผ่าตัด	40464	ผ่าตัด
ผ่าว	40463	ผ่าว
ฝักใฝ่	40462	ฝักใฝ่
พงศ์พันธุ์	40461	พงศ์พันธุ์
พระพุทธบาท	40460	พระพุทธบาท
พระราชฐาน	40459	พระราชฐาน
พระเครื่อง	40458	พระเครื่อง
พร้อมหน้าพร้อมตา	40457	พร้อมหน้าพร้อมตา
พลกาย	40456	พลกาย
พวน	40455	พวน
พังทลาย	40454	พังทลาย
พังผืด	40453	พังผืด
พินัยกรรม	40452	พินัยกรรม
พิพาท	40451	พิพาท
พิมพ์ใจ	40450	พิมพ์ใจ
พุทธกาล	40449	พุทธกาล
พุทธคุณ	40448	พุทธคุณ
ฟั่นเฟือน	40447	ฟั่นเฟือน
ฟิด	40446	ฟิด
ฟู่	40445	ฟู่
ฟ่อ	40444	ฟ่อ
ภัค	40443	ภัค
ภูติ	40442	ภูติ
มธุรส	40441	มธุรส
มรคา	40440	มรคา
มรณ์	40439	มรณ์
มะกอกป่า	40438	มะกอกป่า
มะลิลา	40437	มะลิลา
มะโรง	40436	มะโรง
มัจจุราช	40435	มัจจุราช
มั้ย	40434	มั้ย
มาบ	40433	มาบ
มาระ	40432	มาระ
มิสเตอร์	40431	มิสเตอร์
มึนเมา	40430	มึนเมา
มือสอง	40429	มือสอง
มูสัง	40428	มูสัง
ยกไว้	40427	ยกไว้
ยอน	40426	ยอน
ยั้วเยี้ย	40425	ยั้วเยี้ย
ยาเสพย์ติด	40424	ยาเสพย์ติด
ยิบๆ	40423	ยิบๆ
ยูง	40422	ยูง
ยู่ยี่	40421	ยู่ยี่
รงค์	40420	รงค์
รวน	40419	รวน
ระคายเคือง	40418	ระคายเคือง
รังควาน	40417	รังควาน
รังแตน	40416	รังแตน
รัดตัว	40415	รัดตัว
รำแพน	40414	รำแพน
ริ้วๆ	40413	ริ้วๆ
รโหฐาน	40412	รโหฐาน
ร่วน	40411	ร่วน
ลพ	40410	ลพ
ลอกคราบ	40409	ลอกคราบ
ลอน	40408	ลอน
ละล้าละลัง	40407	ละล้าละลัง
ละไม	40406	ละไม
ลั่นฆ้อง	40405	ลั่นฆ้อง
ลาตาย	40404	ลาตาย
ลายมือชื่อ	40403	ลายมือชื่อ
ลำแพน	40402	ลำแพน
ลิตร	40401	ลิตร
ลูกโซ่	40400	ลูกโซ่
ล่วงพ้น	40399	ล่วงพ้น
ล่วม	40398	ล่วม
ล่อแหลม	40397	ล่อแหลม
ฦๅ	40396	ฦๅ
วัยวุฒิ	40395	วัยวุฒิ
วาบๆ	40394	วาบๆ
วายุ	40393	วายุ
วินิจ	40392	วินิจ
วิบาก	40391	วิบาก
วิภาค	40390	วิภาค
วิหค	40389	วิหค
วิหารหลวง	40388	วิหารหลวง
ว่าจ้าง	40387	ว่าจ้าง
ศานติ	40386	ศานติ
ศาสน์	40385	ศาสน์
ศิลาแลง	40384	ศิลาแลง
สกรรมกริยา	40383	สกรรมกริยา
สนธยา	40382	สนธยา
สนพระทัย	40381	สนพระทัย
สบัด	40380	สบัด
สมคะเน	40379	สมคะเน
สมบูรณ์แบบ	40378	สมบูรณ์แบบ
สรรค์สร้าง	40377	สรรค์สร้าง
สลอด	40376	สลอด
สอพลอ	40375	สอพลอ
สะกอ	40374	สะกอ
สะบัดหน้า	40373	สะบัดหน้า
สะโพก	40372	สะโพก
สั่นเครือ	40371	สั่นเครือ
สาบสูญ	40370	สาบสูญ
สายัณห์	40369	สายัณห์
สายโลหิต	40368	สายโลหิต
สาลิกา	40367	สาลิกา
สำเหนียก	40366	สำเหนียก
สิงสู่	40365	สิงสู่
สุดขีด	40364	สุดขีด
สุทธิ	40363	สุทธิ
สุนทรียภาพ	40362	สุนทรียภาพ
สุราลัย	40361	สุราลัย
สุราษฎร์	40360	สุราษฎร์
สู้หน้า	40359	สู้หน้า
หงอยเหงา	40358	หงอยเหงา
หน้าตึง	40357	หน้าตึง
หน้าที่ๆ	40356	หน้าที่ๆ
หมาๆ	40355	หมาๆ
หม่อมหลวง	40354	หม่อมหลวง
หลังยาว	40353	หลังยาว
หลุดปาก	40352	หลุดปาก
หอสมุด	40351	หอสมุด
หักหาญ	40350	หักหาญ
หัตถี	40349	หัตถี
หัวคิด	40348	หัวคิด
หัวล้าน	40347	หัวล้าน
หัสดิน	40346	หัสดิน
หูไว	40345	หูไว
อกแตก	40344	อกแตก
อดิศัย	40343	อดิศัย
อดๆ	40342	อดๆ
อนาคตกาล	40341	อนาคตกาล
อนาทร	40340	อนาทร
อนุชน	40339	อนุชน
อภิวาท	40338	อภิวาท
อยากๆ	40337	อยากๆ
อรรค	40336	อรรค
อวตาร	40335	อวตาร
ออดแอด	40334	ออดแอด
อั๋น	40333	อั๋น
อากาศยาน	40332	อากาศยาน
อายุขัย	40331	อายุขัย
อาเซียน	40330	อาเซียน
อำไพ	40329	อำไพ
อือๆ	40328	อือๆ
อูย	40327	อูย
อ่อย	40326	อ่อย
อ้อนแอ้น	40325	อ้อนแอ้น
ฮั่น	40324	ฮั่น
ฮี้ๆ	40323	ฮี้ๆ
ฮ่า	40322	ฮ่า
เกล้ากระหม่อม	40321	เกล้ากระหม่อม
เกษมสันต์	40320	เกษมสันต์
เกินหน้า	40319	เกินหน้า
เกินเลย	40318	เกินเลย
เกี่ยวโยง	40317	เกี่ยวโยง
เกี้ยวพาราสี	40316	เกี้ยวพาราสี
เข็มทิศ	40315	เข็มทิศ
เข่น	40314	เข่น
เข้ารีต	40313	เข้ารีต
เครื่องสาย	40312	เครื่องสาย
เครื่องสำอาง	40311	เครื่องสำอาง
เครื่องเทศ	40310	เครื่องเทศ
เคหา	40309	เคหา
เคาน์เตอร์	40308	เคาน์เตอร์
เคียน	40307	เคียน
เค้าเงื่อน	40306	เค้าเงื่อน
เงินทุน	40305	เงินทุน
เงื่อนงำ	40304	เงื่อนงำ
เจ้ากู	40303	เจ้ากู
เจ้าสัว	40302	เจ้าสัว
เซล	40301	เซล
เดินหน	40300	เดินหน
เถิ่ง	40299	เถิ่ง
เทศบาล	40298	เทศบาล
เทศะ	40297	เทศะ
เท็จจริง	40296	เท็จจริง
เท้ง	40295	เท้ง
เบญจพรรณ	40294	เบญจพรรณ
เบ้อเริ่ม	40293	เบ้อเริ่ม
เปรี้ยวหวาน	40292	เปรี้ยวหวาน
เปีย	40291	เปีย
เป็นต่อ	40290	เป็นต่อ
เป็นรอง	40289	เป็นรอง
เผล่	40288	เผล่
เพชรนิลจินดา	40287	เพชรนิลจินดา
เพนียด	40286	เพนียด
เพรียก	40285	เพรียก
เพลี้ย	40284	เพลี้ย
เพียงแค่นั้น	40283	เพียงแค่นั้น
เฟื่องฟ้า	40282	เฟื่องฟ้า
เยียวยา	40281	เยียวยา
เรี่ยราด	40280	เรี่ยราด
เรือนยอด	40279	เรือนยอด
เรือหางยาว	40278	เรือหางยาว
เรื่อๆ	40277	เรื่อๆ
เละ	40276	เละ
เลี้ยงปากเลี้ยงท้อง	40275	เลี้ยงปากเลี้ยงท้อง
เล่นตลก	40274	เล่นตลก
เล้ย	40273	เล้ย
เวน	40272	เวน
เสียวไส้	40271	เสียวไส้
เสี่ยว	40270	เสี่ยว
เสือดาว	40269	เสือดาว
เสแสร้ง	40268	เสแสร้ง
เหง้า	40267	เหง้า
เหนียวแน่น	40266	เหนียวแน่น
เหนียวๆ	40265	เหนียวๆ
เหลียวซ้ายแลขวา	40264	เหลียวซ้ายแลขวา
เหลือเฟือ	40263	เหลือเฟือ
เหลือแสน	40262	เหลือแสน
เออออ	40261	เออออ
เอาชัย	40260	เอาชัย
เอาชื่อ	40259	เอาชื่อ
เอาอกเอาใจ	40258	เอาอกเอาใจ
เอิ๊บ	40257	เอิ๊บ
แกร็ก	40256	แกร็ก
แกละ	40255	แกละ
แขนขวา	40254	แขนขวา
แข็งเมือง	40253	แข็งเมือง
แคม	40252	แคม
แคลน	40251	แคลน
แคะ	40250	แคะ
แง	40249	แง
แจ	40248	แจ
แจกแจง	40247	แจกแจง
แจม	40246	แจม
แฉก	40245	แฉก
แดก	40244	แดก
แตกหัก	40243	แตกหัก
แต่ก่อนๆ	40242	แต่ก่อนๆ
แต่งการ	40241	แต่งการ
แต่งหน้า	40240	แต่งหน้า
แบบบาง	40239	แบบบาง
แป	40238	แป
แปรเปลี่ยน	40237	แปรเปลี่ยน
แม่มด	40236	แม่มด
แรกเริ่ม	40235	แรกเริ่ม
แร่ธาตุ	40234	แร่ธาตุ
แล้วอย่างนี้	40233	แล้วอย่างนี้
แสบๆ	40232	แสบๆ
แส่	40231	แส่
แหลมหลัก	40230	แหลมหลัก
แห่งๆ	40229	แห่งๆ
แห้	40228	แห้
แอ่น	40227	แอ่น
โกรธๆ	40226	โกรธๆ
โขลก	40225	โขลก
โจษจัน	40224	โจษจัน
โฉมยง	40223	โฉมยง
โชติ	40222	โชติ
โซม	40221	โซม
โภชนาการ	40220	โภชนาการ
โรมรัน	40219	โรมรัน
โรมัน	40218	โรมัน
โศกศัลย์	40217	โศกศัลย์
โสหุ้ย	40216	โสหุ้ย
โหราศาสตร์	40215	โหราศาสตร์
โอหัง	40214	โอหัง
โอ้ย	40213	โอ้ย
โอ๋	40212	โอ๋
โฮฟ	40211	โฮฟ
ใจน้อย	40210	ใจน้อย
ใบรับรอง	40209	ใบรับรอง
ไขว่	40208	ไขว่
ไขว้เขว	40207	ไขว้เขว
ไข้ป่า	40206	ไข้ป่า
ไต่สวน	40205	ไต่สวน
ไมโครโฟน	40204	ไมโครโฟน
ไม่ช้าไม่นาน	40203	ไม่ช้าไม่นาน
ไม่ได้ศัพท์	40202	ไม่ได้ศัพท์
ไม้สั้นไม้ยาว	40201	ไม้สั้นไม้ยาว
ไม้หันอากาศ	40200	ไม้หันอากาศ
ไม้เอก	40199	ไม้เอก
ไสย	40198	ไสย
ไสยา	40197	ไสยา
ไสยาสน์	40196	ไสยาสน์
ไสหัว	40195	ไสหัว
ไหวทัน	40194	ไหวทัน
ไอร์แลนด์	40193	ไอร์แลนด์
กดดัน	40192	กดดัน
กตเวทิตา	40191	กตเวทิตา
กรงเล็บ	40190	กรงเล็บ
กรมทหาร	40189	กรมทหาร
กรมป่าไม้	40188	กรมป่าไม้
กรรมวิธี	40187	กรรมวิธี
กรรโชก	40186	กรรโชก
กรอ	40185	กรอ
กระจัดกระจาย	40184	กระจัดกระจาย
กระชอน	40183	กระชอน
กระทาย	40182	กระทาย
กระสุนปืน	40181	กระสุนปืน
กริ่งเกรง	40180	กริ่งเกรง
กรีซ	40179	กรีซ
กรุบๆ	40178	กรุบๆ
กลัดกลุ้ม	40177	กลัดกลุ้ม
กลับทาง	40176	กลับทาง
กลั่นแกล้ง	40175	กลั่นแกล้ง
กลั้นใจ	40174	กลั้นใจ
กลา	40173	กลา
กลางหาว	40172	กลางหาว
กัมพล	40171	กัมพล
กาชาด	40170	กาชาด
กาฬปักษ์	40169	กาฬปักษ์
กาฬโรค	40168	กาฬโรค
กำลังวังชา	40167	กำลังวังชา
กินนร	40166	กินนร
กีด	40165	กีด
กุด	40164	กุด
กุน	40163	กุน
กุ่ม	40162	กุ่ม
ขวัญหนีดีฝ่อ	40161	ขวัญหนีดีฝ่อ
ขาดๆ	40160	ขาดๆ
ขายตัว	40159	ขายตัว
ขาล	40158	ขาล
ขาอ่อน	40157	ขาอ่อน
ขี้มูก	40156	ขี้มูก
ขุดลอก	40155	ขุดลอก
ขุ่นข้องหมองใจ	40154	ขุ่นข้องหมองใจ
ข่มขวัญ	40153	ข่มขวัญ
ข้าทาส	40152	ข้าทาส
ข้าวนึ่ง	40151	ข้าวนึ่ง
ข้าวผัด	40150	ข้าวผัด
ข้าวเกรียบ	40149	ข้าวเกรียบ
คมกริบ	40148	คมกริบ
ควีน	40147	ควีน
คว้าง	40146	คว้าง
คหบดี	40145	คหบดี
คิรี	40144	คิรี
ค่าคบ	40143	ค่าคบ
ค่ำๆ	40142	ค่ำๆ
ค้อย	40141	ค้อย
งดเว้น	40140	งดเว้น
งบ	40139	งบ
งอมืองอเท้า	40138	งอมืองอเท้า
ง้ำ	40137	ง้ำ
จดทะเบียน	40136	จดทะเบียน
จนๆ	40135	จนๆ
จันทรุปราคา	40134	จันทรุปราคา
จำรัส	40133	จำรัส
จำวัด	40132	จำวัด
จิตระ	40131	จิตระ
จิ๊ป	40130	จิ๊ป
จี	40129	จี
จืดชืด	40128	จืดชืด
จุ้น	40127	จุ้น
จ่าง	40126	จ่าง
จ้าว	40125	จ้าว
จ้ำม่ำ	40124	จ้ำม่ำ
ฉีกหน้า	40123	ฉีกหน้า
ชลเนตร	40122	ชลเนตร
ชวนชม	40121	ชวนชม
ชอล์ก	40120	ชอล์ก
ชะลูด	40119	ชะลูด
ชาญฉลาด	40118	ชาญฉลาด
ชี้ฟ้า	40117	ชี้ฟ้า
ชื่อสกุล	40116	ชื่อสกุล
ชุบตัว	40115	ชุบตัว
ช่างเหล็ก	40114	ช่างเหล็ก
ช้อง	40113	ช้อง
ช้าก่อน	40112	ช้าก่อน
ช้างใหญ่	40111	ช้างใหญ่
ซม	40110	ซม
ซอกแซก	40109	ซอกแซก
ซากปรักหักพัง	40108	ซากปรักหักพัง
ซาน	40107	ซาน
ซีกซ้าย	40106	ซีกซ้าย
ซีดๆ	40105	ซีดๆ
ซึง	40104	ซึง
ซื่อๆ	40103	ซื่อๆ
ซุย	40102	ซุย
ซูบซีด	40101	ซูบซีด
ซู่	40100	ซู่
ดรุณี	40099	ดรุณี
ดาวศุกร์	40098	ดาวศุกร์
ดาษดื่น	40097	ดาษดื่น
ดินร่วน	40096	ดินร่วน
ดิส	40095	ดิส
ดื่มด่ำ	40094	ดื่มด่ำ
ดุษณี	40093	ดุษณี
ด่าทอ	40092	ด่าทอ
ตรอม	40091	ตรอม
ตลบตะแลง	40090	ตลบตะแลง
ตะบัน	40089	ตะบัน
ตะพาย	40088	ตะพาย
ตัณหา	40087	ตัณหา
ตั้งโต๊ะ	40086	ตั้งโต๊ะ
ตายใจ	40085	ตายใจ
ตี่	40084	ตี่
ตุน	40083	ตุน
ตุ่นๆ	40082	ตุ่นๆ
ตู	40081	ตู
ต่ำช้า	40080	ต่ำช้า
ต๊าก	40079	ต๊าก
ถลึงตา	40078	ถลึงตา
ถาน	40077	ถาน
ถ่อม	40076	ถ่อม
ทนต์	40075	ทนต์
ทนายความ	40074	ทนายความ
ทรชน	40073	ทรชน
ทรามวัย	40072	ทรามวัย
ทศพิธราชธรรม	40071	ทศพิธราชธรรม
ทอดสายตา	40070	ทอดสายตา
ทอแสง	40069	ทอแสง
ทะนงตัว	40068	ทะนงตัว
ทับศัพท์	40067	ทับศัพท์
ทับหลัง	40066	ทับหลัง
ทาวน์เฮาส์	40065	ทาวน์เฮาส์
ทำฤทธิ์	40064	ทำฤทธิ์
ทิพยเนตร	40063	ทิพยเนตร
ทิวา	40062	ทิวา
ทิ้งท้าย	40061	ทิ้งท้าย
ทุกหน	40060	ทุกหน
ทุกเมื่อเชื่อวัน	40059	ทุกเมื่อเชื่อวัน
ท่านๆ	40058	ท่านๆ
ท้องตลาด	40057	ท้องตลาด
ท้องผูก	40056	ท้องผูก
ธัญพืช	40055	ธัญพืช
นครสวรรค์	40054	นครสวรรค์
นนทรี	40053	นนทรี
นมผง	40052	นมผง
นอนๆ	40051	นอนๆ
นักธุรกิจ	40050	นักธุรกิจ
นัดแนะ	40049	นัดแนะ
นับหน้าถือตา	40048	นับหน้าถือตา
นั่งขัดสมาธิ	40047	นั่งขัดสมาธิ
นายประกัน	40046	นายประกัน
นิสัยใจคอ	40045	นิสัยใจคอ
นิ่มๆ	40044	นิ่มๆ
น้ำกะทิ	40043	น้ำกะทิ
น้ำจัณฑ์	40042	น้ำจัณฑ์
น้ำดี	40041	น้ำดี
น้ำวน	40040	น้ำวน
น้ำอัดลม	40039	น้ำอัดลม
บอบช้ำ	40038	บอบช้ำ
บังคับใจ	40037	บังคับใจ
บัญชร	40036	บัญชร
บานเย็น	40035	บานเย็น
บำราศ	40034	บำราศ
บิ่น	40033	บิ่น
ปกปักรักษา	40032	ปกปักรักษา
ประกบ	40031	ประกบ
ประจำเดือน	40030	ประจำเดือน
ประณต	40029	ประณต
ประนม	40028	ประนม
ประเจียด	40027	ประเจียด
ประเล้าประโลม	40026	ประเล้าประโลม
ปรุ	40025	ปรุ
ปฤจฉา	40024	ปฤจฉา
ปลดปลง	40023	ปลดปลง
ปลอมแปลง	40022	ปลอมแปลง
ปลัก	40021	ปลัก
ปลากริม	40020	ปลากริม
ปลาสนาการ	40019	ปลาสนาการ
ปลาส้ม	40018	ปลาส้ม
ปศุสัตว์	40017	ปศุสัตว์
ปันส่วน	40016	ปันส่วน
ปัวะ	40015	ปัวะ
ปั้นหยา	40014	ปั้นหยา
ปากต่อปาก	40013	ปากต่อปาก
ปี้	40012	ปี้
ปูพื้น	40011	ปูพื้น
ป่วน	40010	ป่วน
ผอบ	40009	ผอบ
ผอมเกร็ง	40008	ผอมเกร็ง
ผักกาด	40007	ผักกาด
ผายผัน	40006	ผายผัน
ผื่น	40005	ผื่น
ผุดผาด	40004	ผุดผาด
ผู้อ่าน	40003	ผู้อ่าน
พงพี	40002	พงพี
พนาลี	40001	พนาลี
พรหมทัณฑ์	40000	พรหมทัณฑ์
พระบรมราชานุญาต	39999	พระบรมราชานุญาต
พระราชดำเนิน	39998	พระราชดำเนิน
พระเชตุพนฯ	39997	พระเชตุพนฯ
พรึ่บ	39996	พรึ่บ
พร้อย	39995	พร้อย
พฤหัส	39994	พฤหัส
พหล	39993	พหล
พอแรง	39992	พอแรง
พะวักพะวน	39991	พะวักพะวน
พะเนียง	39990	พะเนียง
พาก	39989	พาก
พาหา	39988	พาหา
พาหุ	39987	พาหุ
พิรี้พิไร	39986	พิรี้พิไร
พื้นเพ	39985	พื้นเพ
พ่าง	39984	พ่าง
ฟก	39983	ฟก
ฟูก	39982	ฟูก
ภคินี	39981	ภคินี
ภัณฑ์	39980	ภัณฑ์
ภัตกิจ	39979	ภัตกิจ
ภัตตาหาร	39978	ภัตตาหาร
ภัสดา	39977	ภัสดา
ภาพถ่าย	39976	ภาพถ่าย
ภิญโญ	39975	ภิญโญ
ภูวนาถ	39974	ภูวนาถ
มงกุฏ	39973	มงกุฏ
มฤคทายวัน	39972	มฤคทายวัน
มองๆ	39971	มองๆ
มะเดหวี	39970	มะเดหวี
มักกะสัน	39969	มักกะสัน
มักน้อย	39968	มักน้อย
มัชฌิมยาม	39967	มัชฌิมยาม
มั่วสุม	39966	มั่วสุม
มากมายก่ายกอง	39965	มากมายก่ายกอง
มายา	39964	มายา
มาเลเซีย	39963	มาเลเซีย
มีน	39962	มีน
มีหน้า	39961	มีหน้า
มุมมืด	39960	มุมมืด
มูลฐาน	39959	มูลฐาน
ยมบาล	39958	ยมบาล
ยานพาหนะ	39957	ยานพาหนะ
ยิ้มแฉ่ง	39956	ยิ้มแฉ่ง
ยึดครอง	39955	ยึดครอง
ยุ่งๆ	39954	ยุ่งๆ
รถจักรยานยนต์	39953	รถจักรยานยนต์
รยางค์	39952	รยางค์
ระคน	39951	ระคน
ระทึก	39950	ระทึก
ระย่อ	39949	ระย่อ
รักษาการณ์	39948	รักษาการณ์
รัช	39947	รัช
รัญจวน	39946	รัญจวน
รัสสระ	39945	รัสสระ
ราคี	39944	ราคี
ริ้น	39943	ริ้น
รู้เท่าไม่ถึงการณ์	39942	รู้เท่าไม่ถึงการณ์
ร้า	39941	ร้า
ลงกลอน	39940	ลงกลอน
ลมพิษ	39939	ลมพิษ
ลองดี	39938	ลองดี
ละลาน	39937	ละลาน
ละเมาะ	39936	ละเมาะ
ลั่นไก	39935	ลั่นไก
ลิบลับ	39934	ลิบลับ
ลีซอ	39933	ลีซอ
ลี้ลับ	39932	ลี้ลับ
ลึกล้ำ	39931	ลึกล้ำ
ลูกบิด	39930	ลูกบิด
ลูกพี่ลูกน้อง	39929	ลูกพี่ลูกน้อง
ลูกหลวง	39928	ลูกหลวง
ลูบตัว	39927	ลูบตัว
ล่อหลอก	39926	ล่อหลอก
ล่ำลา	39925	ล่ำลา
วสันตดิลก	39924	วสันตดิลก
วอมแวม	39923	วอมแวม
วังหลัง	39922	วังหลัง
วาบหวาม	39921	วาบหวาม
วาล	39920	วาล
วิกฤตการณ์	39919	วิกฤตการณ์
วิลันดา	39918	วิลันดา
วิเชียร	39917	วิเชียร
วิ่งราว	39916	วิ่งราว
วิ่งเต้น	39915	วิ่งเต้น
ว่าต่าง	39914	ว่าต่าง
สถาวร	39913	สถาวร
สบง	39912	สบง
สปอร์ต	39911	สปอร์ต
สมาร์ท	39910	สมาร์ท
สยามรัฐ	39909	สยามรัฐ
สลาด	39908	สลาด
สะอึก	39907	สะอึก
สัตบุรุษ	39906	สัตบุรุษ
สันติภาพ	39905	สันติภาพ
สันนิบาต	39904	สันนิบาต
สัปดน	39903	สัปดน
สาราณียกถา	39902	สาราณียกถา
สาส์น	39901	สาส์น
สำมะโนครัว	39900	สำมะโนครัว
สำรวล	39899	สำรวล
สิงสถิต	39898	สิงสถิต
สิ้นท่า	39897	สิ้นท่า
สิ้นบุญ	39896	สิ้นบุญ
สิ้นลม	39895	สิ้นลม
สืบๆ	39894	สืบๆ
สุกร	39893	สุกร
สุกๆ	39892	สุกๆ
สุขุมาล	39891	สุขุมาล
สุคติ	39890	สุคติ
สุดสัปดาห์	39889	สุดสัปดาห์
สุ่ม	39888	สุ่ม
สโน	39887	สโน
ส่วนกลาง	39886	ส่วนกลาง
หง่าง	39885	หง่าง
หมองมัว	39884	หมองมัว
หมักหมม	39883	หมักหมม
หมายกำหนดการ	39882	หมายกำหนดการ
หม่อมราชวงศ์	39881	หม่อมราชวงศ์
หม่า	39880	หม่า
หม้อน้ำ	39879	หม้อน้ำ
หยักรั้ง	39878	หยักรั้ง
หย่า	39877	หย่า
หลอกหลอน	39876	หลอกหลอน
หลอดแก้ว	39875	หลอดแก้ว
หลับๆ	39874	หลับๆ
หลาม	39873	หลาม
หวั่นๆ	39872	หวั่นๆ
หวาดๆ	39871	หวาดๆ
หว่านล้อม	39870	หว่านล้อม
หอไตร	39869	หอไตร
หักใจ	39868	หักใจ
หักๆ	39867	หักๆ
หัวปี	39866	หัวปี
หูกวาง	39865	หูกวาง
หูหนวก	39864	หูหนวก
หูเบา	39863	หูเบา
ห่อหมก	39862	ห่อหมก
ห้องๆ	39861	ห้องๆ
ห้ำหั่น	39860	ห้ำหั่น
อธิปไตย	39859	อธิปไตย
อภัยโทษ	39858	อภัยโทษ
อรไท	39857	อรไท
อสัญแดหวา	39856	อสัญแดหวา
อสุจิ	39855	อสุจิ
อัครมเหสี	39854	อัครมเหสี
อัยกี	39853	อัยกี
อัสดร	39852	อัสดร
อาธรรม	39851	อาธรรม
อาธรรม์	39850	อาธรรม์
อาบแดด	39849	อาบแดด
อามิส	39848	อามิส
อายๆ	39847	อายๆ
อิดออด	39846	อิดออด
อินเตอร์เน็ต	39845	อินเตอร์เน็ต
อีตา	39844	อีตา
อืดอาด	39843	อืดอาด
อุบาสิกา	39842	อุบาสิกา
อู่น้ำ	39841	อู่น้ำ
อ่อนไหว	39840	อ่อนไหว
อ้อมแขน	39839	อ้อมแขน
อ๊อบ	39838	อ๊อบ
อ๋อง	39837	อ๋อง
ฮึด	39836	ฮึด
เกกมะเหรก	39835	เกกมะเหรก
เกริก	39834	เกริก
เกริ่น	39833	เกริ่น
เก็จ	39832	เก็จ
เขม่า	39831	เขม่า
เขว	39830	เขว
เคลิบเคลิ้ม	39829	เคลิบเคลิ้ม
เคา	39828	เคา
เคืองๆ	39827	เคืองๆ
เงาๆ	39826	เงาๆ
เงินก้อน	39825	เงินก้อน
เงินทอน	39824	เงินทอน
เจน	39823	เจน
เจิ่ง	39822	เจิ่ง
เจียก	39821	เจียก
เจี๊ยก	39820	เจี๊ยก
เจี๊ยกๆ	39819	เจี๊ยกๆ
เฉด	39818	เฉด
เฉื่อยชา	39817	เฉื่อยชา
เช็ค	39816	เช็ค
เดรัจฉาน	39815	เดรัจฉาน
เดินทัพ	39814	เดินทัพ
เดิมที	39813	เดิมที
เดือย	39812	เดือย
เตร็ดเตร่	39811	เตร็ดเตร่
เตารีด	39810	เตารีด
เต่านา	39809	เต่านา
เถือ	39808	เถือ
เทาๆ	39807	เทาๆ
เทียบเคียง	39806	เทียบเคียง
เทเวศร์	39805	เทเวศร์
เท่	39804	เท่
เท่าตัว	39803	เท่าตัว
เท้งเต้ง	39802	เท้งเต้ง
เนอ	39801	เนอ
เนี้ย	39800	เนี้ย
เน้นหนัก	39799	เน้นหนัก
เบนซิน	39798	เบนซิน
เปยยาล	39797	เปยยาล
เปลี่ยนหน้า	39796	เปลี่ยนหน้า
เปลือยกาย	39795	เปลือยกาย
เปิดฉาก	39794	เปิดฉาก
เผชิญภัย	39793	เผชิญภัย
เผด็จการ	39792	เผด็จการ
เพียงแค่นี้	39791	เพียงแค่นี้
เฟือย	39790	เฟือย
เฟื่อง	39789	เฟื่อง
เมืองออก	39788	เมืองออก
เม็ดเลือด	39787	เม็ดเลือด
เยอ	39786	เยอ
เยิน	39785	เยิน
เยื่อใย	39784	เยื่อใย
เริม	39783	เริม
เรี่ย	39782	เรี่ย
เรือด	39781	เรือด
เร้ว	39780	เร้ว
เลิกล้ม	39779	เลิกล้ม
เลิ่กลั่ก	39778	เลิ่กลั่ก
เวียดนาม	39777	เวียดนาม
เสมอต้นเสมอปลาย	39776	เสมอต้นเสมอปลาย
เสียตัว	39775	เสียตัว
เสียท่า	39774	เสียท่า
เส็ง	39773	เส็ง
เหง	39772	เหง
เหน็บแนม	39771	เหน็บแนม
เหมืองแร่	39770	เหมืองแร่
เหยงๆ	39769	เหยงๆ
เหินห่าง	39768	เหินห่าง
เหิม	39767	เหิม
เหี้ยน	39766	เหี้ยน
เหี้ยม	39765	เหี้ยม
เห็นแก่หน้า	39764	เห็นแก่หน้า
เห็นๆ	39763	เห็นๆ
เห็บ	39762	เห็บ
เอกพจน์	39761	เอกพจน์
เอออวย	39760	เอออวย
เอะใจ	39759	เอะใจ
เอาจริงๆ	39758	เอาจริงๆ
เอี้ยว	39757	เอี้ยว
เฮลิคอปเตอร์	39756	เฮลิคอปเตอร์
แจ้ว	39755	แจ้ว
แช่งน้ำ	39754	แช่งน้ำ
แถบบันทึกเสียง	39753	แถบบันทึกเสียง
แนะแนว	39752	แนะแนว
แบบพิมพ์	39751	แบบพิมพ์
แปรผัน	39750	แปรผัน
แผล็ว	39749	แผล็ว
แพร่งพราย	39748	แพร่งพราย
แพลง	39747	แพลง
แพ้ท้อง	39746	แพ้ท้อง
แมงลัก	39745	แมงลัก
แม่ย่านาง	39744	แม่ย่านาง
แว่บ	39743	แว่บ
แอลกอฮอล์	39742	แอลกอฮอล์
แออัด	39741	แออัด
โกรธขึ้ง	39740	โกรธขึ้ง
โครมคราม	39739	โครมคราม
โจทก์	39738	โจทก์
โชว์	39737	โชว์
โชเฟอร์	39736	โชเฟอร์
โน้นๆ	39735	โน้นๆ
โบว์	39734	โบว์
โป๊	39733	โป๊
โผงผาง	39732	โผงผาง
โพธิ์เตี้ย	39731	โพธิ์เตี้ย
โพล้เพล้	39730	โพล้เพล้
โพสิทีฟ	39729	โพสิทีฟ
โมทนา	39728	โมทนา
โลกทัศน์	39727	โลกทัศน์
โอชะ	39726	โอชะ
โอด	39725	โอด
โอดโอย	39724	โอดโอย
โอ้ก	39723	โอ้ก
โอ๊	39722	โอ๊
ใจง่าย	39721	ใจง่าย
ใจลอย	39720	ใจลอย
ใจเดียวกัน	39719	ใจเดียวกัน
ใจไม่ดี	39718	ใจไม่ดี
ใส่ความ	39717	ใส่ความ
ไข่เจียว	39716	ไข่เจียว
ไถ่ถาม	39715	ไถ่ถาม
ไทยทาน	39714	ไทยทาน
ไท้	39713	ไท้
ไบเบิล	39712	ไบเบิล
ไม้หน้า	39711	ไม้หน้า
ไว้ยศ	39710	ไว้ยศ
กรวดน้ำ	39709	กรวดน้ำ
กรอบแกรบ	39708	กรอบแกรบ
กระซิก	39707	กระซิก
กระทา	39706	กระทา
กราบเรือ	39705	กราบเรือ
กริยานุเคราะห์	39704	กริยานุเคราะห์
กรุณาปรานี	39703	กรุณาปรานี
กร่อย	39702	กร่อย
กร่าง	39701	กร่าง
กลบท	39700	กลบท
กลัวๆ	39699	กลัวๆ
กลั้ว	39698	กลั้ว
กลางเก่ากลางใหม่	39697	กลางเก่ากลางใหม่
กลิ้งเกลือก	39696	กลิ้งเกลือก
กล่ำ	39695	กล่ำ
กองหลัง	39694	กองหลัง
กอบโกย	39693	กอบโกย
กะพ้อ	39692	กะพ้อ
กะละมัง	39691	กะละมัง
กังขา	39690	กังขา
กัมพูชา	39689	กัมพูชา
กาญจน์	39688	กาญจน์
กาฝาก	39687	กาฝาก
การะเกด	39686	การะเกด
การุณย์	39685	การุณย์
กาลกิณี	39684	กาลกิณี
กำลังม้า	39683	กำลังม้า
กำเดา	39682	กำเดา
กิจจะ	39681	กิจจะ
กินความ	39680	กินความ
กินโต๊ะ	39679	กินโต๊ะ
กิ่ว	39678	กิ่ว
กิ้งโครง	39677	กิ้งโครง
กิ๊กๆ	39676	กิ๊กๆ
กี่มากน้อย	39675	กี่มากน้อย
ก่อตั้ง	39674	ก่อตั้ง
ก้าวก่าย	39673	ก้าวก่าย
ขนด	39672	ขนด
ขมับ	39671	ขมับ
ขยิบ	39670	ขยิบ
ขลุก	39669	ขลุก
ขวย	39668	ขวย
ขวัญดี	39667	ขวัญดี
ของกลาง	39666	ของกลาง
ของขบเคี้ยว	39665	ของขบเคี้ยว
ขอช้าง	39664	ขอช้าง
ขัดเขิน	39663	ขัดเขิน
ขันชะเนาะ	39662	ขันชะเนาะ
ขันธ์	39661	ขันธ์
ขับเคี่ยว	39660	ขับเคี่ยว
ขาดเหลือ	39659	ขาดเหลือ
ขายปลีก	39658	ขายปลีก
ขายส่ง	39657	ขายส่ง
ขื่น	39656	ขื่น
ขุก	39655	ขุก
ขุดค้น	39654	ขุดค้น
ขุนทอง	39653	ขุนทอง
ขุมขน	39652	ขุมขน
ขุ่นมัว	39651	ขุ่นมัว
ข่มขืน	39650	ข่มขืน
ข่มใจ	39649	ข่มใจ
ข้อกำหนด	39648	ข้อกำหนด
ข้อราชการ	39647	ข้อราชการ
ข้าวมัน	39646	ข้าวมัน
คณบดี	39645	คณบดี
คนนอก	39644	คนนอก
คนใหญ่คนโต	39643	คนใหญ่คนโต
คนไข้ใน	39642	คนไข้ใน
คฤหาสน์	39641	คฤหาสน์
คลอเคลีย	39640	คลอเคลีย
คลาดแคล้ว	39639	คลาดแคล้ว
คลื่นวิทยุ	39638	คลื่นวิทยุ
คลุ้ม	39637	คลุ้ม
ควน	39636	ควน
คอนเสิร์ต	39635	คอนเสิร์ต
คอเสื้อ	39634	คอเสื้อ
คืบหน้า	39633	คืบหน้า
คุณวิเศษ	39632	คุณวิเศษ
คุดคู้	39631	คุดคู้
คู่ใจ	39630	คู่ใจ
ค่อนขอด	39629	ค่อนขอด
ค่อม	39628	ค่อม
ค่าตัว	39627	ค่าตัว
ค้อม	39626	ค้อม
ฆ้องชัย	39625	ฆ้องชัย
งมงาย	39624	งมงาย
จดๆ	39623	จดๆ
จตุสดมภ์	39622	จตุสดมภ์
จนแล้วจนรอด	39621	จนแล้วจนรอด
จรดพระนังคัล	39620	จรดพระนังคัล
จอมทอง	39619	จอมทอง
จังก้า	39618	จังก้า
จาบัลย์	39617	จาบัลย์
จำคุก	39616	จำคุก
จำเนียร	39615	จำเนียร
จิงโจ้	39614	จิงโจ้
จิตต์	39613	จิตต์
จี่	39612	จี่
จุ๊ๆ	39611	จุ๊ๆ
จ้องๆ	39610	จ้องๆ
จ๋อ	39609	จ๋อ
ฉกาจ	39608	ฉกาจ
ฉนาก	39607	ฉนาก
ฉอเลาะ	39606	ฉอเลาะ
ฉันทา	39605	ฉันทา
ฉ้อฉล	39604	ฉ้อฉล
ชมเปาะ	39603	ชมเปาะ
ชะงัด	39602	ชะงัด
ชะมด	39601	ชะมด
ชัยนาท	39600	ชัยนาท
ชัยศรี	39599	ชัยศรี
ชาด	39598	ชาด
ชาลา	39597	ชาลา
ชืด	39596	ชืด
ชุบชีวิต	39595	ชุบชีวิต
ชุลี	39594	ชุลี
ซก	39593	ซก
ซากศพ	39592	ซากศพ
ซากๆ	39591	ซากๆ
ซาง	39590	ซาง
ซาบซ่าน	39589	ซาบซ่าน
ซ้ำร้าย	39588	ซ้ำร้าย
ฐานันดร	39587	ฐานันดร
ดงดิบ	39586	ดงดิบ
ดรรชนี	39585	ดรรชนี
ดวงสมร	39584	ดวงสมร
ดวด	39583	ดวด
ดอกจันทน์	39582	ดอกจันทน์
ดอกไม้เพลิง	39581	ดอกไม้เพลิง
ดัชนี	39580	ดัชนี
ดั้งจมูก	39579	ดั้งจมูก
ดาราศาสตร์	39578	ดาราศาสตร์
ดินปืน	39577	ดินปืน
ดื่น	39576	ดื่น
ดื้อรั้น	39575	ดื้อรั้น
ดุกดิก	39574	ดุกดิก
ดุลยพินิจ	39573	ดุลยพินิจ
ดุษฎีบัณฑิต	39572	ดุษฎีบัณฑิต
ดูใจ	39571	ดูใจ
ตกอับ	39570	ตกอับ
ตด	39569	ตด
ตรอมใจ	39568	ตรอมใจ
ตรีกาล	39567	ตรีกาล
ตฤณ	39566	ตฤณ
ตลกโปกฮา	39565	ตลกโปกฮา
ตลาดสด	39564	ตลาดสด
ตอนแรกๆ	39563	ตอนแรกๆ
ตะขิดตะขวง	39562	ตะขิดตะขวง
ตะพด	39561	ตะพด
ตะล่อม	39560	ตะล่อม
ตะวันออกเฉียงใต้	39559	ตะวันออกเฉียงใต้
ตะโขง	39558	ตะโขง
ตำรวจภูธร	39557	ตำรวจภูธร
ตึ	39556	ตึ
ตุลาการ	39555	ตุลาการ
ต่องแต่ง	39554	ต่องแต่ง
ต้นบท	39553	ต้นบท
ต้นสายปลายเหตุ	39552	ต้นสายปลายเหตุ
ถมึงทึง	39551	ถมึงทึง
ถอดความ	39550	ถอดความ
ถอนตัว	39549	ถอนตัว
ถักร้อย	39548	ถักร้อย
ถั่วฝักยาว	39547	ถั่วฝักยาว
ถากถาง	39546	ถากถาง
ถึงแก่อนิจกรรม	39545	ถึงแก่อนิจกรรม
ถึงแก่อสัญกรรม	39544	ถึงแก่อสัญกรรม
ถือปูน	39543	ถือปูน
ถือโกรธ	39542	ถือโกรธ
ถูกปาก	39541	ถูกปาก
ทรุดนั่ง	39540	ทรุดนั่ง
ทองหยิบ	39539	ทองหยิบ
ทอดสมอ	39538	ทอดสมอ
ทะลัก	39537	ทะลัก
ทังปวง	39536	ทังปวง
ทัณฑกรรม	39535	ทัณฑกรรม
ทางข้าม	39534	ทางข้าม
ทางด่วน	39533	ทางด่วน
ทางม้าลาย	39532	ทางม้าลาย
ทำนบ	39531	ทำนบ
ทำวัตร	39530	ทำวัตร
ทำเนียบ	39529	ทำเนียบ
ทินเนอร์	39528	ทินเนอร์
ทิพ	39527	ทิพ
ทิม	39526	ทิม
ทิวงคต	39525	ทิวงคต
ทิ้งจดหมาย	39524	ทิ้งจดหมาย
ทุด	39523	ทุด
ทุย	39522	ทุย
ทุรกันดาร	39521	ทุรกันดาร
ท้องเฟ้อ	39520	ท้องเฟ้อ
ธรรมการ	39519	ธรรมการ
ธาตุเจดีย์	39518	ธาตุเจดีย์
นครชัยศรี	39517	นครชัยศรี
นครนายก	39516	นครนายก
นงคราญ	39515	นงคราญ
นงเยาว์	39514	นงเยาว์
นราธิวาส	39513	นราธิวาส
นอกใจ	39512	นอกใจ
นองหน้า	39511	นองหน้า
นักการเมือง	39510	นักการเมือง
นักวิชาการ	39509	นักวิชาการ
นักโบราณคดี	39508	นักโบราณคดี
นาท	39507	นาท
น้อมนำ	39506	น้อมนำ
น้ำครำ	39505	น้ำครำ
น้ำคำ	39504	น้ำคำ
น้ำซาวข้าว	39503	น้ำซาวข้าว
น้ำดอกไม้	39502	น้ำดอกไม้
น้ำนอง	39501	น้ำนอง
น้ำมนตร์	39500	น้ำมนตร์
น้ำมันเบนซิน	39499	น้ำมันเบนซิน
น้ำมูก	39498	น้ำมูก
น้ำเหลือง	39497	น้ำเหลือง
บมิ	39496	บมิ
บรรพ์	39495	บรรพ์
บวรนิเวศ	39494	บวรนิเวศ
บังคับครุ	39493	บังคับครุ
บัวบก	39492	บัวบก
บั้ง	39491	บั้ง
บั้นเอว	39490	บั้นเอว
บากหน้า	39489	บากหน้า
บาทบงสุ์	39488	บาทบงสุ์
บำราบ	39487	บำราบ
บุหลัน	39486	บุหลัน
บูดบึ้ง	39485	บูดบึ้ง
บูดู	39484	บูดู
ปฏัก	39483	ปฏัก
ปฏิพากย์	39482	ปฏิพากย์
ปรอย	39481	ปรอย
ประกายพรึก	39480	ประกายพรึก
ประจันหน้า	39479	ประจันหน้า
ประจำทาง	39478	ประจำทาง
ประณาม	39477	ประณาม
ประดักประเดิด	39476	ประดักประเดิด
ประทุ	39475	ประทุ
ประพาสต้น	39474	ประพาสต้น
ประวัติการ	39473	ประวัติการ
ประสีประสา	39472	ประสีประสา
ประเทศราช	39471	ประเทศราช
ประเมินผล	39470	ประเมินผล
ปราจีน	39469	ปราจีน
ปฤษฎางค์	39468	ปฤษฎางค์
ปลาก	39467	ปลาก
ปอนๆ	39466	ปอนๆ
ปั่นฝ้าย	39465	ปั่นฝ้าย
ปากมาก	39464	ปากมาก
ปิดท้าย	39463	ปิดท้าย
ปึง	39462	ปึง
ปุดๆ	39461	ปุดๆ
ปูม้า	39460	ปูม้า
ป่าดงดิบ	39459	ป่าดงดิบ
ป้าบ	39458	ป้าบ
ผลพลอยได้	39457	ผลพลอยได้
ผลุง	39456	ผลุง
ผลุน	39455	ผลุน
ผอมโซ	39454	ผอมโซ
ผันผาย	39453	ผันผาย
ผูกมิตร	39452	ผูกมิตร
ผู้แพ้	39451	ผู้แพ้
ผ่าย	39450	ผ่าย
ผ่ายผอม	39449	ผ่ายผอม
ฝอยทอง	39448	ฝอยทอง
ฝักฝ่าย	39447	ฝักฝ่าย
ฝึกปรือ	39446	ฝึกปรือ
พยักพเยิด	39445	พยักพเยิด
พรรณราย	39444	พรรณราย
พรสวรรค์	39443	พรสวรรค์
พระประวัติ	39442	พระประวัติ
พรื่อ	39441	พรื่อ
พรุ่ง	39440	พรุ่ง
พหุ	39439	พหุ
พะทำมะรง	39438	พะทำมะรง
พะว้าพะวัง	39437	พะว้าพะวัง
พะอง	39436	พะอง
พักพิง	39435	พักพิง
พักๆ	39434	พักๆ
พาชี	39433	พาชี
พินิศ	39432	พินิศ
พิมาย	39431	พิมาย
พุ	39430	พุ
พุทธภาษิต	39429	พุทธภาษิต
พูดๆ	39428	พูดๆ
ฟังหูไว้หู	39427	ฟังหูไว้หู
ฟิลิปปินส์	39426	ฟิลิปปินส์
ฟ้าคะนอง	39425	ฟ้าคะนอง
ภมร	39424	ภมร
ภยันตราย	39423	ภยันตราย
มอร์ฟีน	39422	มอร์ฟีน
มอๆ	39421	มอๆ
มะขามเปียก	39420	มะขามเปียก
มะพลับ	39419	มะพลับ
มะรืน	39418	มะรืน
มังค่า	39417	มังค่า
มังสะ	39416	มังสะ
มัชฌิมวัย	39415	มัชฌิมวัย
มิน่า	39414	มิน่า
มิน่าล่ะ	39413	มิน่าล่ะ
มิเช่นนั้น	39412	มิเช่นนั้น
มิไย	39411	มิไย
มีอันจะกิน	39410	มีอันจะกิน
มืดค่ำ	39409	มืดค่ำ
มุขยประโยค	39408	มุขยประโยค
มุทะลุ	39407	มุทะลุ
มูน	39406	มูน
มูลค่า	39405	มูลค่า
มูลนาย	39404	มูลนาย
ม้าต้น	39403	ม้าต้น
ม้าล่อ	39402	ม้าล่อ
ม้าเทศ	39401	ม้าเทศ
ยวง	39400	ยวง
ยองใย	39399	ยองใย
ยอดดี	39398	ยอดดี
ยั่วยวน	39397	ยั่วยวน
ยากนาน	39396	ยากนาน
ยากๆ	39395	ยากๆ
ยิ้มกริ่ม	39394	ยิ้มกริ่ม
ยี่สง	39393	ยี่สง
ยโสธร	39392	ยโสธร
ย่อหย่อน	39391	ย่อหย่อน
ย่างเยื้อง	39390	ย่างเยื้อง
รกร้าง	39389	รกร้าง
รวี	39388	รวี
ระนาด	39387	ระนาด
ระหองระแหง	39386	ระหองระแหง
รัชทายาท	39385	รัชทายาท
รันทด	39384	รันทด
รับประกัน	39383	รับประกัน
รั้งท้าย	39382	รั้งท้าย
รากเหง้า	39381	รากเหง้า
ราชทัณฑ์	39380	ราชทัณฑ์
ราญรอน	39379	ราญรอน
รึง	39378	รึง
ร่อยหรอ	39377	ร่อยหรอ
ลงตัว	39376	ลงตัว
ลงสรง	39375	ลงสรง
ลงเอย	39374	ลงเอย
ลบเลือน	39373	ลบเลือน
ลอม	39372	ลอม
ละมาน	39371	ละมาน
ละลาบละล้วง	39370	ละลาบละล้วง
ลักขณา	39369	ลักขณา
ลับแล	39368	ลับแล
ลางสาด	39367	ลางสาด
ลาญ	39366	ลาญ
ลาดเลา	39365	ลาดเลา
ลายไม้	39364	ลายไม้
ลำห้วย	39363	ลำห้วย
ลำแข้ง	39362	ลำแข้ง
ลำแสง	39361	ลำแสง
ลำโพง	39360	ลำโพง
ลำไส้	39359	ลำไส้
ลิงลม	39358	ลิงลม
ลิต	39357	ลิต
ลือชา	39356	ลือชา
ลูกชิ้น	39355	ลูกชิ้น
ลูกตั้ง	39354	ลูกตั้ง
ลูกรัง	39353	ลูกรัง
ลูกสะใภ้	39352	ลูกสะใภ้
ล่ง	39351	ล่ง
ล่าถอย	39350	ล่าถอย
ล้มลุก	39349	ล้มลุก
ล้างแค้น	39348	ล้างแค้น
ฦา	39347	ฦา
วงศาคณาญาติ	39346	วงศาคณาญาติ
วนา	39345	วนา
วรรณนา	39344	วรรณนา
วัณ	39343	วัณ
วัดหลวง	39342	วัดหลวง
วางวาย	39341	วางวาย
วิกฤติ	39340	วิกฤติ
วิง	39339	วิง
วิบูลย์	39338	วิบูลย์
วิศวกร	39337	วิศวกร
วิศวกรรม	39336	วิศวกรรม
วิฬาร์	39335	วิฬาร์
วุ้ง	39334	วุ้ง
ว่ายาก	39333	ว่ายาก
ว้อย	39332	ว้อย
ว้าวุ่น	39331	ว้าวุ่น
ศรีสัชนาลัย	39330	ศรีสัชนาลัย
ศักดานุภาพ	39329	ศักดานุภาพ
ศิวะ	39328	ศิวะ
ศิวิไลซ์	39327	ศิวิไลซ์
สงกา	39326	สงกา
สถล	39325	สถล
สมณศักดิ์	39324	สมณศักดิ์
สมประกอบ	39323	สมประกอบ
สมปฤดี	39322	สมปฤดี
สมรรถ	39321	สมรรถ
สมัครพรรคพวก	39320	สมัครพรรคพวก
สมุย	39319	สมุย
สมุหนาม	39318	สมุหนาม
สร้างเสริม	39317	สร้างเสริม
สลายตัว	39316	สลายตัว
สหรัฐ	39315	สหรัฐ
สองเกลอ	39314	สองเกลอ
สะบักสะบอม	39313	สะบักสะบอม
สะพัด	39312	สะพัด
สังคมสงเคราะห์	39311	สังคมสงเคราะห์
สัญประกาศ	39310	สัญประกาศ
สัประยุทธ์	39309	สัประยุทธ์
สัปหงก	39308	สัปหงก
สัมฤทธิศก	39307	สัมฤทธิศก
สั่นๆ	39306	สั่นๆ
สารวัตร	39305	สารวัตร
สิงหราช	39304	สิงหราช
สินธพ	39303	สินธพ
สิ่งก่อสร้าง	39302	สิ่งก่อสร้าง
สิ่งปฏิกูล	39301	สิ่งปฏิกูล
สุขภาพจิต	39300	สุขภาพจิต
สุริยะ	39299	สุริยะ
สุวรรณภูมิ	39298	สุวรรณภูมิ
หงอน	39297	หงอน
หงิงๆ	39296	หงิงๆ
หงิม	39295	หงิม
หนุนหลัง	39294	หนุนหลัง
หน่วง	39293	หน่วง
หน้าม้า	39292	หน้าม้า
หมองใจ	39291	หมองใจ
หมายเรียก	39290	หมายเรียก
หยดย้อย	39289	หยดย้อย
หยัด	39288	หยัด
หยาบหยาม	39287	หยาบหยาม
หยี	39286	หยี
หรอ	39285	หรอ
หลอดเลือด	39284	หลอดเลือด
หลอม	39283	หลอม
หลักชัย	39282	หลักชัย
หลักๆ	39281	หลักๆ
หลุดมือ	39280	หลุดมือ
หวาม	39279	หวาม
หอประชุม	39278	หอประชุม
หักโหม	39277	หักโหม
หันรีหันขวาง	39276	หันรีหันขวาง
หัวปลี	39275	หัวปลี
หัวหงอก	39274	หัวหงอก
หัวแหวน	39273	หัวแหวน
หางว่าว	39272	หางว่าว
หินอ่อน	39271	หินอ่อน
ห้อม	39270	ห้อม
อนธการ	39269	อนธการ
อนิยม	39268	อนิยม
อนุมัติ	39267	อนุมัติ
อภิชาตบุตร	39266	อภิชาตบุตร
อมรินทร์	39265	อมรินทร์
อยู่จริง	39264	อยู่จริง
อยู่โยง	39263	อยู่โยง
อรัญ	39262	อรัญ
อสัตย์	39261	อสัตย์
ออกงาน	39260	ออกงาน
ออดๆ	39259	ออดๆ
อะไหล่	39258	อะไหล่
อักษรสมัย	39257	อักษรสมัย
อันดามัน	39256	อันดามัน
อันตรธาน	39255	อันตรธาน
อับปาง	39254	อับปาง
อัยการ	39253	อัยการ
อาจาร	39252	อาจาร
อาชญากรรม	39251	อาชญากรรม
อารัมภบท	39250	อารัมภบท
อิทธิ	39249	อิทธิ
อิส	39248	อิส
อุณหภูมิ	39247	อุณหภูมิ
อุทก	39246	อุทก
อ่อนล้า	39245	อ่อนล้า
ฮาๆ	39244	ฮาๆ
ฮินดี	39243	ฮินดี
เกด	39242	เกด
เกลือกกลิ้ง	39241	เกลือกกลิ้ง
เกล้ากระผม	39240	เกล้ากระผม
เกินตัว	39239	เกินตัว
เกียร์	39238	เกียร์
เกือบไป	39237	เกือบไป
เขนย	39236	เขนย
เขมา	39235	เขมา
เขม็ดแขม่	39234	เขม็ดแขม่
เขียนๆ	39233	เขียนๆ
เขี้ยวแก้ว	39232	เขี้ยวแก้ว
เข้ารูป	39231	เข้ารูป
เครื่องทอง	39230	เครื่องทอง
เครื่องผูก	39229	เครื่องผูก
เครื่องสูบน้ำ	39228	เครื่องสูบน้ำ
เครื่องเรือน	39227	เครื่องเรือน
เคส	39226	เคส
เคอะ	39225	เคอะ
เคียงๆ	39224	เคียงๆ
เค้น	39223	เค้น
เงามืด	39222	เงามืด
เงื่องหงอย	39221	เงื่องหงอย
เจริญอาหาร	39220	เจริญอาหาร
เจือจาน	39219	เจือจาน
เฉก	39218	เฉก
เฉพาะพระพักตร์	39217	เฉพาะพระพักตร์
เฉิดฉาย	39216	เฉิดฉาย
เชือกบาศ	39215	เชือกบาศ
เชือนแช	39214	เชือนแช
เซอะ	39213	เซอะ
เดียร	39212	เดียร
เดียรัจฉาน	39211	เดียรัจฉาน
เดือนๆ	39210	เดือนๆ
เต็มประดา	39209	เต็มประดา
เต็มมือ	39208	เต็มมือ
เต็มเม็ดเต็มหน่วย	39207	เต็มเม็ดเต็มหน่วย
เทอะทะ	39206	เทอะทะ
เทิบทาบ	39205	เทิบทาบ
เทเวศ	39204	เทเวศ
เนาวรัตน์	39203	เนาวรัตน์
เนิบ	39202	เนิบ
เนิบนาบ	39201	เนิบนาบ
เนียน	39200	เนียน
เนื้ออ่อน	39199	เนื้ออ่อน
เบียร์	39198	เบียร์
เปรี้ยงๆ	39197	เปรี้ยงๆ
เปลาะ	39196	เปลาะ
เปาะแปะ	39195	เปาะแปะ
เปียกๆ	39194	เปียกๆ
เป็นควัน	39193	เป็นควัน
เผือ	39192	เผือ
เพทุบาย	39191	เพทุบาย
เพียบพร้อม	39190	เพียบพร้อม
เมรุมาศ	39189	เมรุมาศ
เมี้ยว	39188	เมี้ยว
เมื่อม	39187	เมื่อม
เมื้อ	39186	เมื้อ
เยอะๆ	39185	เยอะๆ
เยี่ยมเยือน	39184	เยี่ยมเยือน
เย็นฉ่ำ	39183	เย็นฉ่ำ
เย็นตา	39182	เย็นตา
เรี่ยว	39181	เรี่ยว
เรือหลวง	39180	เรือหลวง
เรื่องสั้นๆ	39179	เรื่องสั้นๆ
เรื้อรัง	39178	เรื้อรัง
เลศ	39177	เลศ
เลียบๆ	39176	เลียบๆ
เวียนเทียน	39175	เวียนเทียน
เสย	39174	เสย
เสริมสวย	39173	เสริมสวย
เสียกิริยา	39172	เสียกิริยา
เสี้ยน	39171	เสี้ยน
เสเพล	39170	เสเพล
เส้นเอ็น	39169	เส้นเอ็น
เหน	39168	เหน
เอมโอช	39167	เอมโอช
เออๆ	39166	เออๆ
เอิบ	39165	เอิบ
เอิบอาบ	39164	เอิบอาบ
เอ้	39163	เอ้
เอ๊อ	39162	เอ๊อ
เอ๋ง	39161	เอ๋ง
เฮโล	39160	เฮโล
เฮ้	39159	เฮ้
แกรกๆ	39158	แกรกๆ
แกร๊ก	39157	แกร๊ก
แกล้ม	39156	แกล้ม
แก้บน	39155	แก้บน
แก้วหู	39154	แก้วหู
แก๊ก	39153	แก๊ก
แข็งกล้า	39152	แข็งกล้า
แชร์	39151	แชร์
แซงแซว	39150	แซงแซว
แซบ	39149	แซบ
แซ่ว	39148	แซ่ว
แด	39147	แด
แตกระแหง	39146	แตกระแหง
แนบแน่น	39145	แนบแน่น
แน่นๆ	39144	แน่นๆ
แปร๋น	39143	แปร๋น
แผก	39142	แผก
แพงพวย	39141	แพงพวย
แพศยา	39140	แพศยา
แมกไม้	39139	แมกไม้
แมงดา	39138	แมงดา
แมวๆ	39137	แมวๆ
แม่งาน	39136	แม่งาน
แลง	39135	แลง
และเล็ม	39134	และเล็ม
แว้ด	39133	แว้ด
แสงเงินแสงทอง	39132	แสงเงินแสงทอง
แหม่ม	39131	แหม่ม
แหลมๆ	39130	แหลมๆ
แห่แหน	39129	แห่แหน
แห้ว	39128	แห้ว
โฆษก	39127	โฆษก
โง้น	39126	โง้น
โจงกระเบน	39125	โจงกระเบน
โจรกรรม	39124	โจรกรรม
โจรสลัด	39123	โจรสลัด
โทร	39122	โทร
โบยบิน	39121	โบยบิน
โพน	39120	โพน
โภค	39119	โภค
โยเย	39118	โยเย
โย่ง	39117	โย่ง
โลดแล่น	39116	โลดแล่น
โศกนาฏกรรม	39115	โศกนาฏกรรม
โสร่ง	39114	โสร่ง
โอภา	39113	โอภา
ใจดีๆ	39112	ใจดีๆ
ใจเสาะ	39111	ใจเสาะ
ไขข้อ	39110	ไขข้อ
ไข่ปลา	39109	ไข่ปลา
ไข้หวัดใหญ่	39108	ไข้หวัดใหญ่
ได้ฤกษ์	39107	ได้ฤกษ์
ไถง	39106	ไถง
ไนโตรเจน	39105	ไนโตรเจน
ไม้ตรี	39104	ไม้ตรี
ไม้อัด	39103	ไม้อัด
ไม้ไล่	39102	ไม้ไล่
ไวโอลิน	39101	ไวโอลิน
ไว้อาลัย	39100	ไว้อาลัย
กกุธภัณฑ์	39099	กกุธภัณฑ์
กรรณิการ์	39098	กรรณิการ์
กรอบหน้า	39097	กรอบหน้า
กระจับปี่	39096	กระจับปี่
กระบอง	39095	กระบอง
กระพือ	39094	กระพือ
กระยาหาร	39093	กระยาหาร
กระเจี๊ยบ	39092	กระเจี๊ยบ
กระเพื่อมๆ	39091	กระเพื่อมๆ
กระโชกโฮกฮาก	39090	กระโชกโฮกฮาก
กราล	39089	กราล
กรีดกราย	39088	กรีดกราย
กรี้ด	39087	กรี้ด
กลด	39086	กลด
กลอนสด	39085	กลอนสด
กลอักษร	39084	กลอักษร
กลับกลอก	39083	กลับกลอก
กลางดิน	39082	กลางดิน
กลายๆ	39081	กลายๆ
กลเม็ด	39080	กลเม็ด
กล้วยๆ	39079	กล้วยๆ
กวัด	39078	กวัด
กษัตราธิราช	39077	กษัตราธิราช
กอบด้วย	39076	กอบด้วย
กะปลกกะเปลี้ย	39075	กะปลกกะเปลี้ย
กะปะ	39074	กะปะ
กะเผลก	39073	กะเผลก
กาญจนา	39072	กาญจนา
กามโรค	39071	กามโรค
กายภาพ	39070	กายภาพ
กาลกรรณี	39069	กาลกรรณี
กาเรียน	39068	กาเรียน
กำราบ	39067	กำราบ
กินดอก	39066	กินดอก
กินลม	39065	กินลม
กินๆ	39064	กินๆ
กิ่งอำเภอ	39063	กิ่งอำเภอ
กีดกั้น	39062	กีดกั้น
กุดั่น	39061	กุดั่น
กูๆ	39060	กูๆ
ก่าย	39059	ก่าย
ก้มๆ	39058	ก้มๆ
ก้านแข็ง	39057	ก้านแข็ง
ขนลุก	39056	ขนลุก
ขนหนู	39055	ขนหนู
ขนัด	39054	ขนัด
ขยันหมั่นเพียร	39053	ขยันหมั่นเพียร
ของคาว	39052	ของคาว
ของสงฆ์	39051	ของสงฆ์
ของแห้ง	39050	ของแห้ง
ขอไปที	39049	ขอไปที
ขัดๆ	39048	ขัดๆ
ขันติ	39047	ขันติ
ขั้นต้น	39046	ขั้นต้น
ขาก๊วย	39045	ขาก๊วย
ขาดปาก	39044	ขาดปาก
ขานไข	39043	ขานไข
ขี้หน้า	39042	ขี้หน้า
ขื่นขม	39041	ขื่นขม
ขุย	39040	ขุย
ข่าวประจำวัน	39039	ข่าวประจำวัน
ข้อต้น	39038	ข้อต้น
ข้อห้าม	39037	ข้อห้าม
ข้ามหัว	39036	ข้ามหัว
ข้าวกล้อง	39035	ข้าวกล้อง
ข้าวตอก	39034	ข้าวตอก
คงเส้นคงวา	39033	คงเส้นคงวา
คณะรัฐมนตรี	39032	คณะรัฐมนตรี
คริสต์ศักราช	39031	คริสต์ศักราช
ครึกโครม	39030	ครึกโครม
ครืนๆ	39029	ครืนๆ
คล่องๆ	39028	คล่องๆ
คล่ำ	39027	คล่ำ
ควับ	39026	ควับ
ควั่น	39025	ควั่น
คห	39024	คห
คอพับ	39023	คอพับ
คำตั้ง	39022	คำตั้ง
คำนำหน้า	39021	คำนำหน้า
คำพิพากษา	39020	คำพิพากษา
คำร้องขอ	39019	คำร้องขอ
คุกรุ่น	39018	คุกรุ่น
คุณน้าๆ	39017	คุณน้าๆ
คุด	39016	คุด
คุรุ	39015	คุรุ
คู่ชีวิต	39014	คู่ชีวิต
คู่รัก	39013	คู่รัก
คู่สร้าง	39012	คู่สร้าง
คู่อาฆาต	39011	คู่อาฆาต
ค่อยเป็นค่อยไป	39010	ค่อยเป็นค่อยไป
ค่าที่	39009	ค่าที่
ค้นคิด	39008	ค้นคิด
ฆาต	39007	ฆาต
งอแง	39006	งอแง
งันงก	39005	งันงก
จรจัด	39004	จรจัด
จวนเจียน	39003	จวนเจียน
จอกแหน	39002	จอกแหน
จองหอง	39001	จองหอง
จะแนะ	39000	จะแนะ
จังงัง	38999	จังงัง
จันทรคติ	38998	จันทรคติ
จับไข้	38997	จับไข้
จั๊ว	38996	จั๊ว
จาบ	38995	จาบ
จามจุรี	38994	จามจุรี
จินตกวี	38993	จินตกวี
จุลินทรีย์	38992	จุลินทรีย์
จุ๋มจิ๋ม	38991	จุ๋มจิ๋ม
จ้าละหวั่น	38990	จ้าละหวั่น
จ๊อก	38989	จ๊อก
ฉนวน	38988	ฉนวน
ฉะฉาน	38987	ฉะฉาน
ชงโค	38986	ชงโค
ชม้าย	38985	ชม้าย
ชวด	38984	ชวด
ชวย	38983	ชวย
ชะล้าง	38982	ชะล้าง
ชักเย่อ	38981	ชักเย่อ
ชัฏ	38980	ชัฏ
ชิ้นเอก	38979	ชิ้นเอก
ชีวะ	38978	ชีวะ
ชี้ขาด	38977	ชี้ขาด
ช็อกโกเลต	38976	ช็อกโกเลต
ซออู้	38975	ซออู้
ซักส้าว	38974	ซักส้าว
ซัง	38973	ซัง
ซิบๆ	38972	ซิบๆ
ซี้ด	38971	ซี้ด
ซู่ๆ	38970	ซู่ๆ
ญาติๆ	38969	ญาติๆ
ดักคอ	38968	ดักคอ
ดินเค็ม	38967	ดินเค็ม
ดีบุก	38966	ดีบุก
ดุริยางค์	38965	ดุริยางค์
ดุษฎี	38964	ดุษฎี
ดูรึ	38963	ดูรึ
ดูเบา	38962	ดูเบา
ด้อมๆ	38961	ด้อมๆ
ตระพอง	38960	ตระพอง
ตราชู	38959	ตราชู
ตราด	38958	ตราด
ตรู่	38957	ตรู่
ตลกคะนอง	38956	ตลกคะนอง
ตลาดน้ำ	38955	ตลาดน้ำ
ตะกรุม	38954	ตะกรุม
ตะบอย	38953	ตะบอย
ตะพาน	38952	ตะพาน
ตะลึงพรึงเพริด	38951	ตะลึงพรึงเพริด
ตะเบ็ง	38950	ตะเบ็ง
ตะโก้	38949	ตะโก้
ตัดทาง	38948	ตัดทาง
ตัวเปล่า	38947	ตัวเปล่า
ตัวเปล่าๆ	38946	ตัวเปล่าๆ
ตั้งเข็ม	38945	ตั้งเข็ม
ตาขาว	38944	ตาขาว
ตาตุ่ม	38943	ตาตุ่ม
ตามกวาง	38942	ตามกวาง
ตายโหง	38941	ตายโหง
ติดตลก	38940	ติดตลก
ตึงตัง	38939	ตึงตัง
ตืด	38938	ตืด
ตุ๊กๆ	38937	ตุ๊กๆ
ตุ๊บ	38936	ตุ๊บ
ต้มส้ม	38935	ต้มส้ม
ถมเถ	38934	ถมเถ
ถอง	38933	ถอง
ทหารไทย	38932	ทหารไทย
ทองคำเปลว	38931	ทองคำเปลว
ทอดหญ้า	38930	ทอดหญ้า
ทะนา	38929	ทะนา
ทัวร์	38928	ทัวร์
ทั้งดุ้น	38927	ทั้งดุ้น
ทายก	38926	ทายก
ทิศานุทิศ	38925	ทิศานุทิศ
ทิ้งขว้าง	38924	ทิ้งขว้าง
ทีป	38923	ทีป
ทึกทัก	38922	ทึกทัก
ทู่	38921	ทู่
ท่วมท้น	38920	ท่วมท้น
ท่อมๆ	38919	ท่อมๆ
ท่านหญิง	38918	ท่านหญิง
ท้ายๆ	38917	ท้ายๆ
ธรรมบท	38916	ธรรมบท
ธรรมาสน์	38915	ธรรมาสน์
ธาตรี	38914	ธาตรี
นพรัตน์	38913	นพรัตน์
นภา	38912	นภา
นันทนาการ	38911	นันทนาการ
นาคราช	38910	นาคราช
นางร้องไห้	38909	นางร้องไห้
นางห้าม	38908	นางห้าม
นามาภิไธย	38907	นามาภิไธย
นายอากร	38906	นายอากร
นาสวน	38905	นาสวน
นิคหิต	38904	นิคหิต
นิตย์	38903	นิตย์
นิรภัย	38902	นิรภัย
นิรมิต	38901	นิรมิต
นิวัติ	38900	นิวัติ
นิโกร	38899	นิโกร
นี่ๆ	38898	นี่ๆ
น้ำมือ	38897	น้ำมือ
น้ำอ้อย	38896	น้ำอ้อย
บรรณาธิการ	38895	บรรณาธิการ
บริดจ์	38894	บริดจ์
บวง	38893	บวง
บวชชี	38892	บวชชี
บั้นปลาย	38891	บั้นปลาย
บั้นพระองค์	38890	บั้นพระองค์
บานชื่น	38889	บานชื่น
บานเกล็ด	38888	บานเกล็ด
บานเช้า	38887	บานเช้า
บีบบังคับ	38886	บีบบังคับ
บุคลาธิษฐาน	38885	บุคลาธิษฐาน
บุญธรรม	38884	บุญธรรม
บุษบง	38883	บุษบง
บุ้ยใบ้	38882	บุ้ยใบ้
บูดเบี้ยว	38881	บูดเบี้ยว
บ้อม	38880	บ้อม
บ๊วย	38879	บ๊วย
ปฐพี	38878	ปฐพี
ปฐมเทศนา	38877	ปฐมเทศนา
ปรนปรือ	38876	ปรนปรือ
ปรบไก่	38875	ปรบไก่
ประจญ	38874	ประจญ
ประจัญบาน	38873	ประจัญบาน
ประจ๋อประแจ๋	38872	ประจ๋อประแจ๋
ประพรม	38871	ประพรม
ประหัตประหาร	38870	ประหัตประหาร
ประเดี๋ยวนี้	38869	ประเดี๋ยวนี้
ปรับไหม	38868	ปรับไหม
ปรากฎ	38867	ปรากฎ
ปลั๊ก	38866	ปลั๊ก
ปลิง	38865	ปลิง
ปลีกย่อย	38864	ปลีกย่อย
ปะทุ	38863	ปะทุ
ปักหลัก	38862	ปักหลัก
ปับ	38861	ปับ
ปั้ด	38860	ปั้ด
ปากจัด	38859	ปากจัด
ปากบอน	38858	ปากบอน
ปากอ่าว	38857	ปากอ่าว
ปากเปียก	38856	ปากเปียก
ปากโป้ง	38855	ปากโป้ง
ปาฐะ	38854	ปาฐะ
ปาติโมกข์	38853	ปาติโมกข์
ปี้บ	38852	ปี้บ
ปึงปัง	38851	ปึงปัง
ปื้น	38850	ปื้น
ปุกปุย	38849	ปุกปุย
ปุยฝ้าย	38848	ปุยฝ้าย
ปุ้งกี๋	38847	ปุ้งกี๋
ปุ๊บ	38846	ปุ๊บ
ปูดๆ	38845	ปูดๆ
ป่าย	38844	ป่าย
ผงะ	38843	ผงะ
ผจง	38842	ผจง
ผลีผลาม	38841	ผลีผลาม
ผลุด	38840	ผลุด
ผัวะ	38839	ผัวะ
ผาด	38838	ผาด
ผาดโผน	38837	ผาดโผน
ผิดพ้องหมองใจ	38836	ผิดพ้องหมองใจ
ผีเสื้อยักษ์	38835	ผีเสื้อยักษ์
ผึ้งรวง	38834	ผึ้งรวง
ผู้ประกอบการ	38833	ผู้ประกอบการ
ผ่าหมาก	38832	ผ่าหมาก
ผ่าเผย	38831	ผ่าเผย
ผ้าแดง	38830	ผ้าแดง
ฝอยๆ	38829	ฝอยๆ
ฝาง	38828	ฝาง
พบพาน	38827	พบพาน
พยุหเสนา	38826	พยุหเสนา
พระกรุณาธิคุณ	38825	พระกรุณาธิคุณ
พระวรกาย	38824	พระวรกาย
พระเจ้าน้องยาเธอ	38823	พระเจ้าน้องยาเธอ
พรั่ง	38822	พรั่ง
พรั่งพรู	38821	พรั่งพรู
พวย	38820	พวย
พหูสูต	38819	พหูสูต
พัทลุง	38818	พัทลุง
พิจารณ์	38817	พิจารณ์
พิศวาส	38816	พิศวาส
พึบๆ	38815	พึบๆ
พึม	38814	พึม
พ่วง	38813	พ่วง
ฟอสฟอรัส	38812	ฟอสฟอรัส
ฟังขึ้น	38811	ฟังขึ้น
ฟังออก	38810	ฟังออก
ฟืดๆ	38809	ฟืดๆ
ฟูม	38808	ฟูม
ภวังค์	38807	ภวังค์
มก	38806	มก
มนุษยธรรม	38805	มนุษยธรรม
มนุษยสัมพันธ์	38804	มนุษยสัมพันธ์
มนุษย์อวกาศ	38803	มนุษย์อวกาศ
มนู	38802	มนู
มยุรา	38801	มยุรา
มลาย	38800	มลาย
มหาบัณฑิต	38799	มหาบัณฑิต
มะกล่ำ	38798	มะกล่ำ
มะเกลือ	38797	มะเกลือ
มะเขือพวง	38796	มะเขือพวง
มัจฉะ	38795	มัจฉะ
มัวหมอง	38794	มัวหมอง
มาฆบูชา	38793	มาฆบูชา
มาดริด	38792	มาดริด
มาตรแม้น	38791	มาตรแม้น
มือปืน	38790	มือปืน
มือไว	38789	มือไว
มุรธาภิเษก	38788	มุรธาภิเษก
มุ่น	38787	มุ่น
ม่านตา	38786	ม่านตา
ยถากรรม	38785	ยถากรรม
ยอดน้ำ	38784	ยอดน้ำ
ยะเยือก	38783	ยะเยือก
ยัดเยียด	38782	ยัดเยียด
ยับยั้งชั่งใจ	38781	ยับยั้งชั่งใจ
ยานัตถุ์	38780	ยานัตถุ์
ยาใจ	38779	ยาใจ
ยิ้มหัว	38778	ยิ้มหัว
ยี่โถ	38777	ยี่โถ
รกชัฏ	38776	รกชัฏ
รดน้ำ	38775	รดน้ำ
รวยรื่น	38774	รวยรื่น
รองเง็ง	38773	รองเง็ง
ระกะ	38772	ระกะ
ระทวย	38771	ระทวย
ระบัด	38770	ระบัด
ระเหระหน	38769	ระเหระหน
ระแวดระวัง	38768	ระแวดระวัง
ระโยงระยาง	38767	ระโยงระยาง
รักษาการ	38766	รักษาการ
รัย	38765	รัย
ราชองครักษ์	38764	ราชองครักษ์
รำเท้า	38763	รำเท้า
ริบหรี่	38762	ริบหรี่
ริมๆ	38761	ริมๆ
รีบๆ	38760	รีบๆ
ร่อย	38759	ร่อย
ร่อแร่	38758	ร่อแร่
ร้อก	38757	ร้อก
ลงพุง	38756	ลงพุง
ลงรอยกัน	38755	ลงรอยกัน
ลบล้าง	38754	ลบล้าง
ลอกเลียน	38753	ลอกเลียน
ลองเชิง	38752	ลองเชิง
ลอยแก้ว	38751	ลอยแก้ว
ละมุนละไม	38750	ละมุนละไม
ละหาน	38749	ละหาน
ลักษณาการ	38748	ลักษณาการ
ลับๆ	38747	ลับๆ
ลางที	38746	ลางที
ลางๆ	38745	ลางๆ
ลายพาดกลอน	38744	ลายพาดกลอน
ลำกล้อง	38743	ลำกล้อง
ลำมาบ	38742	ลำมาบ
ลิฟต์	38741	ลิฟต์
ลุกลน	38740	ลุกลน
ลุ่ย	38739	ลุ่ย
ลูกดิ่ง	38738	ลูกดิ่ง
ลูกทุ่ง	38737	ลูกทุ่ง
ลูกหนู	38736	ลูกหนู
ลูกเจี๊ยบ	38735	ลูกเจี๊ยบ
ล่อกแล่ก	38734	ล่อกแล่ก
ล่องแก่ง	38733	ล่องแก่ง
ล้มละลาย	38732	ล้มละลาย
วงศ์ๆ	38731	วงศ์ๆ
วงษ์	38730	วงษ์
วัลลภ	38729	วัลลภ
วากยสัมพันธ์	38728	วากยสัมพันธ์
วางเฉย	38727	วางเฉย
วิชัย	38726	วิชัย
วิทยาธร	38725	วิทยาธร
วิทวัส	38724	วิทวัส
วิสามัญ	38723	วิสามัญ
วิหารคด	38722	วิหารคด
วิโยค	38721	วิโยค
วิ่น	38720	วิ่น
วู้	38719	วู้
ศยะ	38718	ศยะ
ศาลสถิตยุติธรรม	38717	ศาลสถิตยุติธรรม
สงค์	38716	สงค์
สมรรถนะ	38715	สมรรถนะ
สมิต	38714	สมิต
สมเกียรติ	38713	สมเกียรติ
สยุมพร	38712	สยุมพร
สลา	38711	สลา
สวนสนาม	38710	สวนสนาม
สวบ	38709	สวบ
สวมกอด	38708	สวมกอด
สวิตช์	38707	สวิตช์
สองใจ	38706	สองใจ
สะคราญ	38705	สะคราญ
สะดุดหู	38704	สะดุดหู
สะตือ	38703	สะตือ
สักขี	38702	สักขี
สักว่า	38701	สักว่า
สังกัด	38700	สังกัด
สัญญาบัตร	38699	สัญญาบัตร
สัปปะ	38698	สัปปะ
สัมพันธมิตร	38697	สัมพันธมิตร
สาบๆ	38696	สาบๆ
สายการบิน	38695	สายการบิน
สายฟ้า	38694	สายฟ้า
สายสัมพันธ์	38693	สายสัมพันธ์
สารทุกข์สุกดิบ	38692	สารทุกข์สุกดิบ
สาระพา	38691	สาระพา
สาระแน	38690	สาระแน
สาสม	38689	สาสม
สำเริง	38688	สำเริง
สินค้าออก	38687	สินค้าออก
สินทรัพย์	38686	สินทรัพย์
สิ่ว	38685	สิ่ว
สีกา	38684	สีกา
สีชัง	38683	สีชัง
สีหราช	38682	สีหราช
สุดยอด	38681	สุดยอด
สุต	38680	สุต
สุธารส	38679	สุธารส
สุริยุปราคา	38678	สุริยุปราคา
สุสาน	38677	สุสาน
สูติกรรม	38676	สูติกรรม
สูติแพทย์	38675	สูติแพทย์
สูรย์	38674	สูรย์
หนังสะติ๊ก	38673	หนังสะติ๊ก
หน้าแข้ง	38672	หน้าแข้ง
หมวดๆ	38671	หมวดๆ
หมอไทย	38670	หมอไทย
หมายตา	38669	หมายตา
หยักๆ	38668	หยักๆ
หยาดเหงื่อ	38667	หยาดเหงื่อ
หริ่ง	38666	หริ่ง
หลอดลม	38665	หลอดลม
หลัว	38664	หลัว
หลาบจำ	38663	หลาบจำ
หลิ่วตา	38662	หลิ่วตา
หลู่	38661	หลู่
หวั่นหวาด	38660	หวั่นหวาด
หอมแดง	38659	หอมแดง
หัวหมุน	38658	หัวหมุน
หัวแข็ง	38657	หัวแข็ง
หิด	38656	หิด
หุนหัน	38655	หุนหัน
หูตึง	38654	หูตึง
อกรรมกริยา	38653	อกรรมกริยา
อกุศล	38652	อกุศล
อดนม	38651	อดนม
อดีตสมัย	38650	อดีตสมัย
อนิจกรรม	38649	อนิจกรรม
อนุกรม	38648	อนุกรม
อนุกูล	38647	อนุกูล
อบาย	38646	อบาย
อภิธาน	38645	อภิธาน
อภิรมย์	38644	อภิรมย์
อรทัย	38643	อรทัย
อสนี	38642	อสนี
อสุรกาย	38641	อสุรกาย
ออกทุน	38640	ออกทุน
ออกท่า	38639	ออกท่า
ออกฤทธิ์	38638	ออกฤทธิ์
ออกหน้าออกตา	38637	ออกหน้าออกตา
อะบอร์ชั่น	38636	อะบอร์ชั่น
อัชฌา	38635	อัชฌา
อัดแอ	38634	อัดแอ
อากัปกิริยา	38633	อากัปกิริยา
อางขนาง	38632	อางขนาง
อาจจะ	38631	อาจจะ
อาชญากร	38630	อาชญากร
อาชาไนย	38629	อาชาไนย
อาดูร	38628	อาดูร
อาถรรพณ์	38627	อาถรรพณ์
อารีอารอบ	38626	อารีอารอบ
อำมหิต	38625	อำมหิต
อินัง	38624	อินัง
อึงคะนึง	38623	อึงคะนึง
อึด	38622	อึด
อุดอู้	38621	อุดอู้
อุ้มท้อง	38620	อุ้มท้อง
อู๊ด	38619	อู๊ด
อ่อ	38618	อ่อ
อ่อนตัว	38617	อ่อนตัว
อ้อแอ้	38616	อ้อแอ้
ฮึก	38615	ฮึก
เกตุ	38614	เกตุ
เกมส์	38613	เกมส์
เกรียบ	38612	เกรียบ
เกลื้อน	38611	เกลื้อน
เกษียณ	38610	เกษียณ
เกาลัด	38609	เกาลัด
เกียด	38608	เกียด
เกี๊ยว	38607	เกี๊ยว
เกือบๆ	38606	เกือบๆ
เขมือบ	38605	เขมือบ
เขม่น	38604	เขม่น
เขื่องๆ	38603	เขื่องๆ
เคมี	38602	เคมี
เครื่องครัว	38601	เครื่องครัว
เครื่องวัด	38600	เครื่องวัด
เคลื่อนคลาด	38599	เคลื่อนคลาด
เงยๆ	38598	เงยๆ
เจตนารมณ์	38597	เจตนารมณ์
เจ้าหนี้	38596	เจ้าหนี้
เชิดหน้าชูตา	38595	เชิดหน้าชูตา
เช่นนั้นๆ	38594	เช่นนั้นๆ
เซียน	38593	เซียน
เฒ่าแก่	38592	เฒ่าแก่
เดินรถ	38591	เดินรถ
เตาอบ	38590	เตาอบ
เตือนตา	38589	เตือนตา
เต็นท์	38588	เต็นท์
เต็มเหยียด	38587	เต็มเหยียด
เต่าดำ	38586	เต่าดำ
เต้าหู้	38585	เต้าหู้
เถาะ	38584	เถาะ
เทพี	38583	เทพี
เทวโลก	38582	เทวโลก
เทอระพิวธิค	38581	เทอระพิวธิค
เทียนพรรษา	38580	เทียนพรรษา
เทโพ	38579	เทโพ
เนือง	38578	เนือง
เน่าๆ	38577	เน่าๆ
เบญจรงค์	38576	เบญจรงค์
เบนซ์	38575	เบนซ์
เบรค	38574	เบรค
เปรื่อง	38573	เปรื่อง
เปล้า	38572	เปล้า
เปี๊ยก	38571	เปี๊ยก
เป็นจริงเป็นจัง	38570	เป็นจริงเป็นจัง
เป็นชิ้นเป็นอัน	38569	เป็นชิ้นเป็นอัน
เป็นอยู่	38568	เป็นอยู่
เป๊ก	38567	เป๊ก
เป๊าะ	38566	เป๊าะ
เฝ้าแหน	38565	เฝ้าแหน
เพ็ง	38564	เพ็ง
เภสัชกร	38563	เภสัชกร
เยง	38562	เยง
เยอรมนี	38561	เยอรมนี
เยี่ยว	38560	เยี่ยว
เรรวน	38559	เรรวน
เริ้ม	38558	เริ้ม
เรือขนาน	38557	เรือขนาน
เรืองนาม	38556	เรืองนาม
เรื้อง	38555	เรื้อง
เร่า	38554	เร่า
เลี่ยงๆ	38553	เลี่ยงๆ
เลี่ยน	38552	เลี่ยน
เลือดเนื้อเชื้อไข	38551	เลือดเนื้อเชื้อไข
เลือดเย็น	38550	เลือดเย็น
เลือนๆ	38549	เลือนๆ
เลื่อม	38548	เลื่อม
เล่นตัว	38547	เล่นตัว
เล่นเพื่อน	38546	เล่นเพื่อน
เวช	38545	เวช
เศวต	38544	เศวต
เศวตฉัตร	38543	เศวตฉัตร
เสนหา	38542	เสนหา
เสน่ง	38541	เสน่ง
เสบย	38540	เสบย
เสียการ	38539	เสียการ
เสียน้ำใจ	38538	เสียน้ำใจ
เสียเด็ก	38537	เสียเด็ก
เสือกินวัว	38536	เสือกินวัว
เส้นขนาน	38535	เส้นขนาน
เส้นตรง	38534	เส้นตรง
เหมาะๆ	38533	เหมาะๆ
เหม็นๆ	38532	เหม็นๆ
เหลวๆ	38531	เหลวๆ
เหลือม	38530	เหลือม
เหล่ากอ	38529	เหล่ากอ
เหวอะ	38528	เหวอะ
เหว่	38527	เหว่
เหียน	38526	เหียน
เอกฉันท์	38525	เอกฉันท์
เอนเอียง	38524	เอนเอียง
เอาเป็นธุระ	38523	เอาเป็นธุระ
เอี๊ยด	38522	เอี๊ยด
เอื่อยๆ	38521	เอื่อยๆ
เอเชียตะวันออกเฉียงใต้	38520	เอเชียตะวันออกเฉียงใต้
เอ๊	38519	เอ๊
แก๊ง	38518	แก๊ง
แขม	38517	แขม
แครง	38516	แครง
แจ๊ด	38515	แจ๊ด
แจ๋วแหวว	38514	แจ๋วแหวว
แชะ	38513	แชะ
แช่อิ่ม	38512	แช่อิ่ม
แซ่ด	38511	แซ่ด
แตกดับ	38510	แตกดับ
แถบสี	38509	แถบสี
แนวป่า	38508	แนวป่า
แนวรบ	38507	แนวรบ
แปล้	38506	แปล้
แผงคอ	38505	แผงคอ
แฝก	38504	แฝก
แพรว	38503	แพรว
แม่ปะ	38502	แม่ปะ
แรงม้า	38501	แรงม้า
แล่ง	38500	แล่ง
แวน	38499	แวน
แสดๆ	38498	แสดๆ
แสนงอน	38497	แสนงอน
แสยง	38496	แสยง
แหวะ	38495	แหวะ
แอ้	38494	แอ้
โกงกาง	38493	โกงกาง
โกญจนาท	38492	โกญจนาท
โกฏิ	38491	โกฏิ
โกล์	38490	โกล์
โก้งโค้ง	38489	โก้งโค้ง
โขก	38488	โขก
โขมด	38487	โขมด
โครงการหลวง	38486	โครงการหลวง
โงนเงน	38485	โงนเงน
โฉมตรู	38484	โฉมตรู
โซรม	38483	โซรม
โดดๆ	38482	โดดๆ
โดนัท	38481	โดนัท
โดยจริง	38480	โดยจริง
โตงเตง	38479	โตงเตง
โต๊ก	38478	โต๊ก
โพทะเล	38477	โพทะเล
โพธาราม	38476	โพธาราม
โพธิญาณ	38475	โพธิญาณ
โภชนา	38474	โภชนา
โมรา	38473	โมรา
โม้ด	38472	โม้ด
โรงเรือน	38471	โรงเรือน
โร่	38470	โร่
โล้น	38469	โล้น
โว่	38468	โว่
โหนก	38467	โหนก
โอนเอน	38466	โอนเอน
โอฬาร	38465	โอฬาร
โอ๊ะ	38464	โอ๊ะ
โฮะ	38463	โฮะ
ใจจดใจจ่อ	38462	ใจจดใจจ่อ
ใจเพชร	38461	ใจเพชร
ใส่ยา	38460	ใส่ยา
ไกรสร	38459	ไกรสร
ไก่ชน	38458	ไก่ชน
ไข่ขาว	38457	ไข่ขาว
ไข่เค็ม	38456	ไข่เค็ม
ไตรภพ	38455	ไตรภพ
ไทยน้อย	38454	ไทยน้อย
ไปล่	38453	ไปล่
ไพรสัณฑ์	38452	ไพรสัณฑ์
ไพล	38451	ไพล
ไม้ยาวๆ	38450	ไม้ยาวๆ
ไลย	38449	ไลย
ไลแลค	38448	ไลแลค
ไล้	38447	ไล้
ไว้เนื้อเชื่อใจ	38446	ไว้เนื้อเชื่อใจ
ไหปลาร้า	38445	ไหปลาร้า
ไอศวรรย์	38444	ไอศวรรย์
กฎแห่งกรรม	38443	กฎแห่งกรรม
กนิษฐา	38442	กนิษฐา
กรรฐ์	38441	กรรฐ์
กรอกแกรก	38440	กรอกแกรก
กระจิบ	38439	กระจิบ
กระจุยกระจาย	38438	กระจุยกระจาย
กระชาย	38437	กระชาย
กระซิกๆ	38436	กระซิกๆ
กระต๊อบ	38435	กระต๊อบ
กระบวย	38434	กระบวย
กระสาย	38433	กระสาย
กระหมวด	38432	กระหมวด
กระเจิดกระเจิง	38431	กระเจิดกระเจิง
กระเทือนใจ	38430	กระเทือนใจ
กระแสรับสั่ง	38429	กระแสรับสั่ง
กรี	38428	กรี
กรีธาทัพ	38427	กรีธาทัพ
กรุ่ง	38426	กรุ่ง
กรุ่นๆ	38425	กรุ่นๆ
กร้วม	38424	กร้วม
กลศึก	38423	กลศึก
กลาโหม	38422	กลาโหม
กล่น	38421	กล่น
กล้องถ่ายรูป	38420	กล้องถ่ายรูป
กสิกรรม	38419	กสิกรรม
กองๆ	38418	กองๆ
กอบกู้	38417	กอบกู้
กะล่อน	38416	กะล่อน
กะโผลกกะเผลก	38415	กะโผลกกะเผลก
กังๆ	38414	กังๆ
กัดๆ	38413	กัดๆ
กันสาด	38412	กันสาด
กัลบก	38411	กัลบก
กัลปพฤกษ์	38410	กัลปพฤกษ์
กัลปังหา	38409	กัลปังหา
กั้ง	38408	กั้ง
กั๊ก	38407	กั๊ก
กานท์	38406	กานท์
กานพลู	38405	กานพลู
กาฟักไข่	38404	กาฟักไข่
กามา	38403	กามา
กำจาย	38402	กำจาย
กิจจานุกิจ	38401	กิจจานุกิจ
กินสำรับ	38400	กินสำรับ
กุณฑล	38399	กุณฑล
ก็แล้วไป	38398	ก็แล้วไป
ก่อกวน	38397	ก่อกวน
ก้าม	38396	ก้าม
ขนบ	38395	ขนบ
ขนบประเพณี	38394	ขนบประเพณี
ขบวนการ	38393	ขบวนการ
ขวน	38392	ขวน
ขวัญอ่อน	38391	ขวัญอ่อน
ขอก	38390	ขอก
ของขลัง	38389	ของขลัง
ของสด	38388	ของสด
ขอนแก่น	38387	ขอนแก่น
ขัดแค้น	38386	ขัดแค้น
ขันๆ	38385	ขันๆ
ขับพล	38384	ขับพล
ขั้นสูง	38383	ขั้นสูง
ขาดตลาด	38382	ขาดตลาด
ขาดลอย	38381	ขาดลอย
ขาดอาหาร	38380	ขาดอาหาร
ขี้ทูด	38379	ขี้ทูด
ขี้ม้า	38378	ขี้ม้า
ขี้เล่น	38377	ขี้เล่น
ขี้เหล็ก	38376	ขี้เหล็ก
ขึ้นร้าน	38375	ขึ้นร้าน
ขุนน้ำ	38374	ขุนน้ำ
ข่มขี่	38373	ข่มขี่
ข้าวสาลี	38372	ข้าวสาลี
ข้าเฝ้า	38371	ข้าเฝ้า
คณาจารย์	38370	คณาจารย์
คนรวย	38369	คนรวย
คนรวยๆ	38368	คนรวยๆ
คนสวน	38367	คนสวน
คนโท	38366	คนโท
คบเพลิง	38365	คบเพลิง
คมกล้า	38364	คมกล้า
ครามครัน	38363	ครามครัน
คราวๆ	38362	คราวๆ
ครืดๆ	38361	ครืดๆ
ครุ่น	38360	ครุ่น
คร่ำเคร่ง	38359	คร่ำเคร่ง
คฤนถ์	38358	คฤนถ์
คลึงเคล้า	38357	คลึงเคล้า
คลื่นเหียน	38356	คลื่นเหียน
คลื่นไส้	38355	คลื่นไส้
คับใจ	38354	คับใจ
คั่ง	38353	คั่ง
คาดไม่ถึง	38352	คาดไม่ถึง
คาทอลิก	38351	คาทอลิก
คาบเกี่ยว	38350	คาบเกี่ยว
คาร์ป	38349	คาร์ป
คึ่ก	38348	คึ่ก
คุณูปการ	38347	คุณูปการ
คุดทะราด	38346	คุดทะราด
คุมกำเนิด	38345	คุมกำเนิด
คู่บ้านคู่เมือง	38344	คู่บ้านคู่เมือง
คู่ปรับ	38343	คู่ปรับ
ค่างๆ	38342	ค่างๆ
ค่าปรับ	38341	ค่าปรับ
ค้อนๆ	38340	ค้อนๆ
ค้ำชู	38339	ค้ำชู
งกๆ	38338	งกๆ
งงงัน	38337	งงงัน
งอหาย	38336	งอหาย
ง่วงเหงา	38335	ง่วงเหงา
ง่วงๆ	38334	ง่วงๆ
ง่อน	38333	ง่อน
จรจรัล	38332	จรจรัล
จรรยาบรรณ	38331	จรรยาบรรณ
จริ๊ง	38330	จริ๊ง
จรุงใจ	38329	จรุงใจ
จอมขวัญ	38328	จอมขวัญ
จอมทัพ	38327	จอมทัพ
จัดวาง	38326	จัดวาง
จัดๆ	38325	จัดๆ
จัตุ	38324	จัตุ
จันทน์กะพ้อ	38323	จันทน์กะพ้อ
จับกัง	38322	จับกัง
จับระบำ	38321	จับระบำ
จั้กๆ	38320	จั้กๆ
จามรี	38319	จามรี
จาระไน	38318	จาระไน
จินดามณี	38317	จินดามณี
จินต์	38316	จินต์
จิ้งเหลน	38315	จิ้งเหลน
จีรัง	38314	จีรัง
จ่อม	38313	จ่อม
ฉงาย	38312	ฉงาย
ฉัตรมงคล	38311	ฉัตรมงคล
ฉาบฉวย	38310	ฉาบฉวย
ฉิบ	38309	ฉิบ
ฉ่า	38308	ฉ่า
ชนัก	38307	ชนัก
ชบา	38306	ชบา
ชลาลัย	38305	ชลาลัย
ชวาลา	38304	ชวาลา
ชะเอม	38303	ชะเอม
ชักพระ	38302	ชักพระ
ชัยพฤกษ์	38301	ชัยพฤกษ์
ชั่วนาตาปี	38300	ชั่วนาตาปี
ชาคริต	38299	ชาคริต
ชาติภูมิ	38298	ชาติภูมิ
ชิงช้าสวรรค์	38297	ชิงช้าสวรรค์
ชิงดีชิงเด่น	38296	ชิงดีชิงเด่น
ชีววิทยา	38295	ชีววิทยา
ชี้นำ	38294	ชี้นำ
ชื่อเล่น	38293	ชื่อเล่น
ชู้	38292	ชู้
ช้างพัง	38291	ช้างพัง
ซมซาน	38290	ซมซาน
ซวย	38289	ซวย
ซอส	38288	ซอส
ซังตาย	38287	ซังตาย
ซัดทอด	38286	ซัดทอด
ซับพระพักตร์	38285	ซับพระพักตร์
ซินแส	38284	ซินแส
ซึก	38283	ซึก
ซึมทราบ	38282	ซึมทราบ
ซ้ำรอย	38281	ซ้ำรอย
ดรุณ	38280	ดรุณ
ดอกพุด	38279	ดอกพุด
ดอกหมาก	38278	ดอกหมาก
ดาวพุธ	38277	ดาวพุธ
ดินเนอร์	38276	ดินเนอร์
ดื่นๆ	38275	ดื่นๆ
ดื้อด้าน	38274	ดื้อด้าน
ดุลยภาพ	38273	ดุลยภาพ
ดูดซึม	38272	ดูดซึม
ดูดู๋	38271	ดูดู๋
ด้ง	38270	ด้ง
ด้วยๆ	38269	ด้วยๆ
ด้าว	38268	ด้าว
ตกว่า	38267	ตกว่า
ตกอกตกใจ	38266	ตกอกตกใจ
ตรวน	38265	ตรวน
ตรู	38264	ตรู
ตะกร้อ	38263	ตะกร้อ
ตะเพียนทอง	38262	ตะเพียนทอง
ตับเต่า	38261	ตับเต่า
ตัวพระ	38260	ตัวพระ
ตัวพิมพ์	38259	ตัวพิมพ์
ตาทวด	38258	ตาทวด
ตามมีตามเกิด	38257	ตามมีตามเกิด
ตาลอย	38256	ตาลอย
ตาหนู	38255	ตาหนู
ตาเดียว	38254	ตาเดียว
ตำหนักแพ	38253	ตำหนักแพ
ติดต่อสื่อสาร	38252	ติดต่อสื่อสาร
ติดสอยห้อยตาม	38251	ติดสอยห้อยตาม
ติว	38250	ติว
ติ๊ก	38249	ติ๊ก
ตีหน้า	38248	ตีหน้า
ตีแปลง	38247	ตีแปลง
ตึงๆ	38246	ตึงๆ
ตึ้กตั้ก	38245	ตึ้กตั้ก
ตุลย์	38244	ตุลย์
ตูบ	38243	ตูบ
ต่อตาม	38242	ต่อตาม
ต่อปากต่อคำ	38241	ต่อปากต่อคำ
ต่าย	38240	ต่าย
ต้นแบบ	38239	ต้นแบบ
ต้มกะทิ	38238	ต้มกะทิ
ถกล	38237	ถกล
ถลุง	38236	ถลุง
ถั่ง	38235	ถั่ง
ถึก	38234	ถึก
ถึงฆาต	38233	ถึงฆาต
ถุงย่าม	38232	ถุงย่าม
ถูกคอ	38231	ถูกคอ
ถูกชะตา	38230	ถูกชะตา
ถูกตา	38229	ถูกตา
ถูกอกถูกใจ	38228	ถูกอกถูกใจ
ถ่าง	38227	ถ่าง
ถ่านหิน	38226	ถ่านหิน
ทรลักษณ์	38225	ทรลักษณ์
ทรายแก้ว	38224	ทรายแก้ว
ทศนิยม	38223	ทศนิยม
ทอก	38222	ทอก
ทองดำ	38221	ทองดำ
ทอดผ้าป่า	38220	ทอดผ้าป่า
ทอดอาลัย	38219	ทอดอาลัย
ทะเล้น	38218	ทะเล้น
ทันตแพทย์	38217	ทันตแพทย์
ทัศนียภาพ	38216	ทัศนียภาพ
ทิ่มตำ	38215	ทิ่มตำ
ทิ่มแทง	38214	ทิ่มแทง
ทิ้งทาน	38213	ทิ้งทาน
ท่อไอเสีย	38212	ท่อไอเสีย
ท้องเดิน	38211	ท้องเดิน
ท้ายทอย	38210	ท้ายทอย
ธนาณัติ	38209	ธนาณัติ
ธรรมยุทธ์	38208	ธรรมยุทธ์
ธัมมะ	38207	ธัมมะ
ธานินทร์	38206	ธานินทร์
ธารกำนัล	38205	ธารกำนัล
ธารณะ	38204	ธารณะ
ธีรราช	38203	ธีรราช
นกจาก	38202	นกจาก
นครเชียงใหม่	38201	นครเชียงใหม่
นง	38200	นง
นท	38199	นท
นรา	38198	นรา
นวลๆ	38197	นวลๆ
นอนกิน	38196	นอนกิน
นอบ	38195	นอบ
นักคิด	38194	นักคิด
นักดาราศาสตร์	38193	นักดาราศาสตร์
นักสนม	38192	นักสนม
นัมเบอร์	38191	นัมเบอร์
นัยน์	38190	นัยน์
นานแสนนาน	38189	นานแสนนาน
นาว	38188	นาว
นิติธรรม	38187	นิติธรรม
น้ำดอกไม้เทศ	38186	น้ำดอกไม้เทศ
น้ำสังข์	38185	น้ำสังข์
น้ำหนึ่ง	38184	น้ำหนึ่ง
น้ำๆ	38183	น้ำๆ
บงกช	38182	บงกช
บรมบพิตร	38181	บรมบพิตร
บรรพชิต	38180	บรรพชิต
บล็อก	38179	บล็อก
บอกปัด	38178	บอกปัด
บังหน้า	38177	บังหน้า
บัส	38176	บัส
บาทมูล	38175	บาทมูล
บาหลี	38174	บาหลี
บุณฑริก	38173	บุณฑริก
บุพการี	38172	บุพการี
บุพเพสันนิวาส	38171	บุพเพสันนิวาส
บุ่มบ่าม	38170	บุ่มบ่าม
บูด	38169	บูด
บูร	38168	บูร
บูรณาการ	38167	บูรณาการ
บ่อเกิด	38166	บ่อเกิด
บ้านๆ	38165	บ้านๆ
ปกรณัม	38164	ปกรณัม
ปฏิมากร	38163	ปฏิมากร
ปฏิรูป	38162	ปฏิรูป
ปฐมพยาบาล	38161	ปฐมพยาบาล
ปรมาจารย์	38160	ปรมาจารย์
ปรอท	38159	ปรอท
ประคบประหงม	38158	ประคบประหงม
ประจุ	38157	ประจุ
ประชาชาติ	38156	ประชาชาติ
ประทาย	38155	ประทาย
ประมวลกฎหมาย	38154	ประมวลกฎหมาย
ประเดี๋ยวๆ	38153	ประเดี๋ยวๆ
ปรักปรำ	38152	ปรักปรำ
ปราดเปรื่อง	38151	ปราดเปรื่อง
ปริญญาเอก	38150	ปริญญาเอก
ปรื๋อ	38149	ปรื๋อ
ปรูด	38148	ปรูด
ปฤจฉาสรรพนาม	38147	ปฤจฉาสรรพนาม
ปลายมือ	38146	ปลายมือ
ปลีก	38145	ปลีก
ปล่อยปละละเลย	38144	ปล่อยปละละเลย
ปะติดปะต่อ	38143	ปะติดปะต่อ
ปะรำ	38142	ปะรำ
ปักกิ่ง	38141	ปักกิ่ง
ปักษา	38140	ปักษา
ปักษิน	38139	ปักษิน
ปัญญาอ่อน	38138	ปัญญาอ่อน
ปั๊บ	38137	ปั๊บ
ปากร้าย	38136	ปากร้าย
ปาวๆ	38135	ปาวๆ
ปิงปอง	38134	ปิงปอง
ปีการศึกษา	38133	ปีการศึกษา
ปุด	38132	ปุด
ปูชนียบุคคล	38131	ปูชนียบุคคล
ปูทะเล	38130	ปูทะเล
ปูนปั้น	38129	ปูนปั้น
ปูนแดง	38128	ปูนแดง
ป่าๆ	38127	ป่าๆ
ป้าบๆ	38126	ป้าบๆ
ป้าๆ	38125	ป้าๆ
ผก	38124	ผก
ผงชูรส	38123	ผงชูรส
ผลา	38122	ผลา
ผอมแห้ง	38121	ผอมแห้ง
ผาง	38120	ผาง
ผิดนัก	38119	ผิดนัก
ผึ่งผาย	38118	ผึ่งผาย
ผู้ค้า	38117	ผู้ค้า
ผู้ฝึกสอน	38116	ผู้ฝึกสอน
ผู้สอบ	38115	ผู้สอบ
ผ่อนปรน	38114	ผ่อนปรน
ผ้าดิบ	38113	ผ้าดิบ
ผ้าพันคอ	38112	ผ้าพันคอ
ผ้าพันแผล	38111	ผ้าพันแผล
ฝากผี	38110	ฝากผี
ฝ่อ	38109	ฝ่อ
พจนา	38108	พจนา
พด	38107	พด
พรรคการเมือง	38106	พรรคการเมือง
พระนคร	38105	พระนคร
พระบรมราชินี	38104	พระบรมราชินี
พระพิมพ์	38103	พระพิมพ์
พริ้ว	38102	พริ้ว
พรึง	38101	พรึง
พร่ำเพรื่อ	38100	พร่ำเพรื่อ
พลตรี	38099	พลตรี
พลั่ก	38098	พลั่ก
พลั้งปาก	38097	พลั้งปาก
พลางๆ	38096	พลางๆ
พลิกฟื้น	38095	พลิกฟื้น
พลีกรรม	38094	พลีกรรม
พลเอก	38093	พลเอก
พอใช้ได้	38092	พอใช้ได้
พะนอ	38091	พะนอ
พะเนิน	38090	พะเนิน
พังงา	38089	พังงา
พัชนี	38088	พัชนี
พัสถาน	38087	พัสถาน
พาณิช	38086	พาณิช
พาทย์	38085	พาทย์
พาราลิมปิก	38084	พาราลิมปิก
พาเหียร	38083	พาเหียร
พิมพ์ดีด	38082	พิมพ์ดีด
พื้นความรู้	38081	พื้นความรู้
พุทธศตวรรษ	38080	พุทธศตวรรษ
พู่ระหง	38079	พู่ระหง
พ่าน	38078	พ่าน
ฟองมัน	38077	ฟองมัน
ฟันน้ำนม	38076	ฟันน้ำนม
ฟิสิกส์	38075	ฟิสิกส์
ภาคพื้น	38074	ภาคพื้น
ภาพประกอบ	38073	ภาพประกอบ
ภิกขุ	38072	ภิกขุ
ภูบาล	38071	ภูบาล
มณฑก	38070	มณฑก
มลิน	38069	มลิน
มหากาฬ	38068	มหากาฬ
มะม่วงหิมพานต์	38067	มะม่วงหิมพานต์
มะริด	38066	มะริด
มะเดื่อ	38065	มะเดื่อ
มะแว้ง	38064	มะแว้ง
มัชฌิมประเทศ	38063	มัชฌิมประเทศ
มัวซัว	38062	มัวซัว
มัวๆ	38061	มัวๆ
มัสสุ	38060	มัสสุ
มารค	38059	มารค
มิติ	38058	มิติ
มึนตึง	38057	มึนตึง
มือลิง	38056	มือลิง
มุกดาหาร	38055	มุกดาหาร
มุดหัว	38054	มุดหัว
มูนมอง	38053	มูนมอง
ยนตร์	38052	ยนตร์
ยวบยาบ	38051	ยวบยาบ
ยักย้าย	38050	ยักย้าย
ยักเยื้อง	38049	ยักเยื้อง
ยาด	38048	ยาด
ยาวรี	38047	ยาวรี
ยำเยง	38046	ยำเยง
ยิหวา	38045	ยิหวา
ยีนส์	38044	ยีนส์
ยี้	38043	ยี้
ยืดยาด	38042	ยืดยาด
ยุคเข็ญ	38041	ยุคเข็ญ
ยุบล	38040	ยุบล
ย่องเบา	38039	ย่องเบา
ย่อมเยา	38038	ย่อมเยา
ย่านลิเภา	38037	ย่านลิเภา
รท	38036	รท
รบรา	38035	รบรา
รมควัน	38034	รมควัน
รวดเดียว	38033	รวดเดียว
ระหาย	38032	ระหาย
ระเริง	38031	ระเริง
ระเรื่อ	38030	ระเรื่อ
ระโหย	38029	ระโหย
ราชดำเนิน	38028	ราชดำเนิน
ราชยาน	38027	ราชยาน
ราชสกุล	38026	ราชสกุล
ริอ่าน	38025	ริอ่าน
รีบด่วน	38024	รีบด่วน
รื้อฟื้น	38023	รื้อฟื้น
รุกขชาติ	38022	รุกขชาติ
รุด	38021	รุด
รุทธ์	38020	รุทธ์
รุ่ม	38019	รุ่ม
รูจี	38018	รูจี
ลงรัก	38017	ลงรัก
ลงสนาม	38016	ลงสนาม
ลดราวาศอก	38015	ลดราวาศอก
ลบรอย	38014	ลบรอย
ลมร้อน	38013	ลมร้อน
ลอยนวล	38012	ลอยนวล
ละลอก	38011	ละลอก
ลัพธ์	38010	ลัพธ์
ลำดวน	38009	ลำดวน
ลิ้นลม	38008	ลิ้นลม
ลีลาศ	38007	ลีลาศ
ลืมตน	38006	ลืมตน
ลืมๆ	38005	ลืมๆ
ลูกขวัญ	38004	ลูกขวัญ
ล่มสลาย	38003	ล่มสลาย
ล้นหลาม	38002	ล้นหลาม
ล้มคว่ำ	38001	ล้มคว่ำ
ล้อเลื่อน	38000	ล้อเลื่อน
วงกต	37999	วงกต
วงนอก	37998	วงนอก
วอชิงตัน	37997	วอชิงตัน
วาตภัย	37996	วาตภัย
วิพากษ์	37995	วิพากษ์
วิภัตติ	37994	วิภัตติ
วิ่งผลัด	37993	วิ่งผลัด
วิ่งวิบาก	37992	วิ่งวิบาก
ว่ากล่าว	37991	ว่ากล่าว
ว่านอนสอนง่าย	37990	ว่านอนสอนง่าย
ว่านเครือ	37989	ว่านเครือ
ว่าๆ	37988	ว่าๆ
ศรีเมือง	37987	ศรีเมือง
ศาลฎีกา	37986	ศาลฎีกา
ศาสนิกชน	37985	ศาสนิกชน
ศิลปาชีพ	37984	ศิลปาชีพ
ศูนย์เยาวชน	37983	ศูนย์เยาวชน
สติสัมปชัญญะ	37982	สติสัมปชัญญะ
สถาปนิก	37981	สถาปนิก
สนับเพลา	37980	สนับเพลา
สนับแข้ง	37979	สนับแข้ง
สนามฟุตบอล	37978	สนามฟุตบอล
สภากาชาด	37977	สภากาชาด
สมถะ	37976	สมถะ
สมรู้	37975	สมรู้
สมาทาน	37974	สมาทาน
สมุดไทย	37973	สมุดไทย
สมุห์	37972	สมุห์
สมเด็จเจ้าพระยา	37971	สมเด็จเจ้าพระยา
สยบ	37970	สยบ
สยม	37969	สยม
สยาย	37968	สยาย
สฤษดิ์	37967	สฤษดิ์
สวยหรู	37966	สวยหรู
สวะ	37965	สวะ
สอดใส่	37964	สอดใส่
สะตอ	37963	สะตอ
สะบัดมือ	37962	สะบัดมือ
สังกา	37961	สังกา
สังคมนิยม	37960	สังคมนิยม
สัตวโลก	37959	สัตวโลก
สับเปลี่ยน	37958	สับเปลี่ยน
สัปคับ	37957	สัปคับ
สาคู	37956	สาคู
สางๆ	37955	สางๆ
สาธารณ์	37954	สาธารณ์
สามานย์	37953	สามานย์
สารตรา	37952	สารตรา
สารัตถะ	37951	สารัตถะ
สำมะเลเทเมา	37950	สำมะเลเทเมา
สำเร็จโทษ	37949	สำเร็จโทษ
สิ้นเนื้อประดาตัว	37948	สิ้นเนื้อประดาตัว
สี่เหลี่ยมจัตุรัส	37947	สี่เหลี่ยมจัตุรัส
สึกหรอ	37946	สึกหรอ
สืบราชสมบัติ	37945	สืบราชสมบัติ
สุกงอม	37944	สุกงอม
สุดวิสัย	37943	สุดวิสัย
สุดๆ	37942	สุดๆ
สุมทุม	37941	สุมทุม
สุราบาน	37940	สุราบาน
สูจิบัตร	37939	สูจิบัตร
สูสี	37938	สูสี
ส่งเสริมการลงทุน	37937	ส่งเสริมการลงทุน
ส่งๆ	37936	ส่งๆ
ส้าง	37935	ส้าง
หนักอก	37934	หนักอก
หนังสือเดินทาง	37933	หนังสือเดินทาง
หน้าด้าน	37932	หน้าด้าน
หน้าม่อย	37931	หน้าม่อย
หน้าเซียว	37930	หน้าเซียว
หน้าเตา	37929	หน้าเตา
หมดกัน	37928	หมดกัน
หมดเปลือก	37927	หมดเปลือก
หมวกแก๊ป	37926	หมวกแก๊ป
หมอลำ	37925	หมอลำ
หมากเก็บ	37924	หมากเก็บ
หมางใจ	37923	หมางใจ
หมิ่นเหม่	37922	หมิ่นเหม่
หย่อย	37921	หย่อย
หย่าร้าง	37920	หย่าร้าง
หลน	37919	หลน
หลอดไฟ	37918	หลอดไฟ
หละหลวม	37917	หละหลวม
หลิว	37916	หลิว
หลิ่ว	37915	หลิ่ว
หลุดพ้น	37914	หลุดพ้น
หวอด	37913	หวอด
หวือ	37912	หวือ
หัวขาด	37911	หัวขาด
หัวขโมย	37910	หัวขโมย
หัวนอนปลายตีน	37909	หัวนอนปลายตีน
หัวโจก	37908	หัวโจก
หางนกยูง	37907	หางนกยูง
หางเสียง	37906	หางเสียง
หายกัน	37905	หายกัน
หุน	37904	หุน
หุ่นไล่กา	37903	หุ่นไล่กา
หูไวตาไว	37902	หูไวตาไว
ห้องทำงาน	37901	ห้องทำงาน
องครักษ์	37900	องครักษ์
อดิศร	37899	อดิศร
อนุวงศ์	37898	อนุวงศ์
อนุศาสน์	37897	อนุศาสน์
อภินันทนาการ	37896	อภินันทนาการ
อยู่คง	37895	อยู่คง
อยู่อาศัย	37894	อยู่อาศัย
อวล	37893	อวล
อวสัย	37892	อวสัย
อสงไขย	37891	อสงไขย
อหิ	37890	อหิ
ออกหาก	37889	ออกหาก
ออกเรือน	37888	ออกเรือน
ออเซาะ	37887	ออเซาะ
อัตราส่วน	37886	อัตราส่วน
อันทุ	37885	อันทุ
อับเฉา	37884	อับเฉา
อั้ก	37883	อั้ก
อาชีวศึกษา	37882	อาชีวศึกษา
อาตมภาพ	37881	อาตมภาพ
อานม้า	37880	อานม้า
อินทรียสาร	37879	อินทรียสาร
อินเดียน	37878	อินเดียน
อึ่ง	37877	อึ่ง
อื่ม	37876	อื่ม
อื๋อ	37875	อื๋อ
อุปมาอุปไมย	37874	อุปมาอุปไมย
อุปมาโวหาร	37873	อุปมาโวหาร
อุษา	37872	อุษา
อุเบกขา	37871	อุเบกขา
อุ่นหนาฝาคั่ง	37870	อุ่นหนาฝาคั่ง
อูม	37869	อูม
อ่อม	37868	อ่อม
อ่างทอง	37867	อ่างทอง
อ่างเก็บน้ำ	37866	อ่างเก็บน้ำ
อ้อมอก	37865	อ้อมอก
อ้ำ	37864	อ้ำ
อ๋า	37863	อ๋า
ฮี้	37862	ฮี้
ฮึกเหิม	37861	ฮึกเหิม
ฮูหยิน	37860	ฮูหยิน
ฮ่ะ	37859	ฮ่ะ
เกลา	37858	เกลา
เกียจ	37857	เกียจ
เกียรติภูมิ	37856	เกียรติภูมิ
เกี่ยวก้อย	37855	เกี่ยวก้อย
เก็บเล็กผสมน้อย	37854	เก็บเล็กผสมน้อย
เก้ๆ	37853	เก้ๆ
เก๋า	37852	เก๋า
เขยื้อน	37851	เขยื้อน
เขฬะ	37850	เขฬะ
เขินๆ	37849	เขินๆ
เขี้ยวงู	37848	เขี้ยวงู
เข้าถ้ำ	37847	เข้าถ้ำ
เข้าที่	37846	เข้าที่
เข้าเนื้อ	37845	เข้าเนื้อ
เครื่องต้น	37844	เครื่องต้น
เครื่องปั้นดินเผา	37843	เครื่องปั้นดินเผา
เครื่องไม้	37842	เครื่องไม้
เคล้น	37841	เคล้น
เควี้ยว	37840	เควี้ยว
เงินก้นถุง	37839	เงินก้นถุง
เงินปลีก	37838	เงินปลีก
เงินยวง	37837	เงินยวง
เจนจัด	37836	เจนจัด
เจริญพร	37835	เจริญพร
เจริญรอย	37834	เจริญรอย
เจื้อย	37833	เจื้อย
เจ็ก	37832	เจ็ก
เจ็บท้อง	37831	เจ็บท้อง
เจ้าขุนมูลนาย	37830	เจ้าขุนมูลนาย
เจ้าจอม	37829	เจ้าจอม
เจ้าทุกข์	37828	เจ้าทุกข์
เจ้าพายุ	37827	เจ้าพายุ
เฉลา	37826	เฉลา
เฉื่อยๆ	37825	เฉื่อยๆ
เชตุพน	37824	เชตุพน
เช่าซื้อ	37823	เช่าซื้อ
เซฟ	37822	เซฟ
เดียดฉันท์	37821	เดียดฉันท์
เดี่ยวๆ	37820	เดี่ยวๆ
เดือนร้อน	37819	เดือนร้อน
เต็มบ้านเต็มเมือง	37818	เต็มบ้านเต็มเมือง
เต็มยศ	37817	เต็มยศ
เถลิง	37816	เถลิง
เทริด	37815	เทริด
เนรคุณ	37814	เนรคุณ
เนื้อคู่	37813	เนื้อคู่
เนื้อๆ	37812	เนื้อๆ
เบรก	37811	เบรก
เบาความ	37810	เบาความ
เบาหวาน	37809	เบาหวาน
เบาะแส	37808	เบาะแส
เบี้ยว	37807	เบี้ยว
เปรื่องปราด	37806	เปรื่องปราด
เปลี่ยนตัว	37805	เปลี่ยนตัว
เปี๊ยะ	37804	เปี๊ยะ
เป็นตัวเป็นตน	37803	เป็นตัวเป็นตน
เป็นปากเสียง	37802	เป็นปากเสียง
เป๋า	37801	เป๋า
เผลอไผล	37800	เผลอไผล
เผียะ	37799	เผียะ
เพจ	37798	เพจ
เพลงหน้าพาทย์	37797	เพลงหน้าพาทย์
เพล้ง	37796	เพล้ง
เฟื้อย	37795	เฟื้อย
เภสัช	37794	เภสัช
เมฆา	37793	เมฆา
เมนู	37792	เมนู
เมามัว	37791	เมามัว
เมาลี	37790	เมาลี
เยียบ	37789	เยียบ
เย็นชืด	37788	เย็นชืด
เรี่ยม	37787	เรี่ยม
เรือนฝากระดาน	37786	เรือนฝากระดาน
เลขคณิต	37785	เลขคณิต
เลขหมาย	37784	เลขหมาย
เลียบค่าย	37783	เลียบค่าย
เลเซอร์	37782	เลเซอร์
เล่นลิ้น	37781	เล่นลิ้น
เล่าๆ	37780	เล่าๆ
เล้ง	37779	เล้ง
เสกสรร	37778	เสกสรร
เสม็ด	37777	เสม็ด
เสี่ยงๆ	37776	เสี่ยงๆ
เสี้ยมสอน	37775	เสี้ยมสอน
เส้นผ่าศูนย์กลาง	37774	เส้นผ่าศูนย์กลาง
เส้นลวด	37773	เส้นลวด
เหมือนหนึ่งว่า	37772	เหมือนหนึ่งว่า
เหลน	37771	เหลน
เหลาะแหละ	37770	เหลาะแหละ
เหลือขอ	37769	เหลือขอ
เหลือแหล่	37768	เหลือแหล่
เหล่	37767	เหล่
เหวี่ยงแห	37766	เหวี่ยงแห
เหือดหาย	37765	เหือดหาย
เหือดแห้ง	37764	เหือดแห้ง
เออน่ะ	37763	เออน่ะ
เอื้อง	37762	เอื้อง
เอ๋งๆ	37761	เอ๋งๆ
แกงร้อน	37760	แกงร้อน
แกร็น	37759	แกร็น
แกร่ว	37758	แกร่ว
แก้หน้า	37757	แก้หน้า
แก้เผ็ด	37756	แก้เผ็ด
แขวนคอ	37755	แขวนคอ
แค่น	37754	แค่น
แฉลบ	37753	แฉลบ
แฉะๆ	37752	แฉะๆ
แฉ่	37751	แฉ่
แตกๆ	37750	แตกๆ
แบตเตอรี่	37749	แบตเตอรี่
แผลเป็น	37748	แผลเป็น
แพร้ว	37747	แพร้ว
แพ่ง	37746	แพ่ง
แฟล็ต	37745	แฟล็ต
แม่กอง	37744	แม่กอง
แม่ผัว	37743	แม่ผัว
แม่สื่อ	37742	แม่สื่อ
แม่แรง	37741	แม่แรง
แม้ว	37740	แม้ว
แรงดัน	37739	แรงดัน
แว่นๆ	37738	แว่นๆ
แสลงใจ	37737	แสลงใจ
แหว	37736	แหว
แห่ห้อม	37735	แห่ห้อม
แอม	37734	แอม
แอโรบิก	37733	แอโรบิก
โกงโก้	37732	โกงโก้
โกสน	37731	โกสน
โฉ	37730	โฉ
โด่ง	37729	โด่ง
โตเกียว	37728	โตเกียว
โถส้วม	37727	โถส้วม
โทรพิมพ์	37726	โทรพิมพ์
โปน	37725	โปน
โปร่งใส	37724	โปร่งใส
โปสการ์ด	37723	โปสการ์ด
โป๊ก	37722	โป๊ก
โมกข์	37721	โมกข์
โมหันธ์	37720	โมหันธ์
โยนก	37719	โยนก
โลกบาล	37718	โลกบาล
โลเล	37717	โลเล
โสม	37716	โสม
โหม่ง	37715	โหม่ง
โหราจารย์	37714	โหราจารย์
โหวกๆ	37713	โหวกๆ
โอม	37712	โอม
โอรสา	37711	โอรสา
โฮก	37710	โฮก
ใจเบา	37709	ใจเบา
ใจโต	37708	ใจโต
ใบตาล	37707	ใบตาล
ใบรับ	37706	ใบรับ
ได้ความ	37705	ได้ความ
ได้เสีย	37704	ได้เสีย
ไต่เต้า	37703	ไต่เต้า
ไต๋	37702	ไต๋
ไทยธรรม	37701	ไทยธรรม
ไปทุ่ง	37700	ไปทุ่ง
ไปๆมาๆ	37699	ไปๆมาๆ
ไผท	37698	ไผท
ไพจิตร	37697	ไพจิตร
ไฟกัลป์	37696	ไฟกัลป์
ไม่ก็	37695	ไม่ก็
ไม้จัตวา	37694	ไม้จัตวา
ไม้โท	37693	ไม้โท
ไรฟัน	37692	ไรฟัน
ไว้ทุกข์	37691	ไว้ทุกข์
ไหว้วาน	37690	ไหว้วาน
ไอตัว	37689	ไอตัว
ไอติม	37688	ไอติม
ไอยรา	37687	ไอยรา
ไอศูรย์	37686	ไอศูรย์
ไฮ้	37685	ไฮ้
กงสุล	37684	กงสุล
กรณีย์	37683	กรณีย์
กรมตำรวจ	37682	กรมตำรวจ
กรอบรูป	37681	กรอบรูป
กระจับ	37680	กระจับ
กระจิริด	37679	กระจิริด
กระดาษทราย	37678	กระดาษทราย
กระด้างกระเดื่อง	37677	กระด้างกระเดื่อง
กระถด	37676	กระถด
กระพัง	37675	กระพัง
กระสือ	37674	กระสือ
กระหนก	37673	กระหนก
กระหย่ง	37672	กระหย่ง
กระออม	37671	กระออม
กระเตื้อง	37670	กระเตื้อง
กระเพาะปลา	37669	กระเพาะปลา
กระเสาะกระแสะ	37668	กระเสาะกระแสะ
กระแทกกระทั้น	37667	กระแทกกระทั้น
กระแบะ	37666	กระแบะ
กระโจมอก	37665	กระโจมอก
กรัม	37664	กรัม
กรากๆ	37663	กรากๆ
กริ่งใจ	37662	กริ่งใจ
กริ๊ง	37661	กริ๊ง
กรีฑาสถาน	37660	กรีฑาสถาน
กรุ้มกริ่ม	37659	กรุ้มกริ่ม
กฤติกา	37658	กฤติกา
กลาก	37657	กลาก
กลาดเกลื่อน	37656	กลาดเกลื่อน
กล่อน	37655	กล่อน
กวนตีน	37654	กวนตีน
กษณะ	37653	กษณะ
กสิกร	37652	กสิกร
กอก	37651	กอก
กองพัน	37650	กองพัน
กองเรือ	37649	กองเรือ
กอและ	37648	กอและ
กักกัน	37647	กักกัน
กักตัว	37646	กักตัว
กัญญา	37645	กัญญา
กันชน	37644	กันชน
กันภัย	37643	กันภัย
กัป	37642	กัป
กั่น	37641	กั่น
กายสิทธิ์	37640	กายสิทธิ์
กาฬสินธุ์	37639	กาฬสินธุ์
กำเหน็จ	37638	กำเหน็จ
กินแหนง	37637	กินแหนง
กิเลน	37636	กิเลน
กึง	37635	กึง
กุก	37634	กุก
กุมารี	37633	กุมารี
กุลสตรี	37632	กุลสตรี
กุ้งฝอย	37631	กุ้งฝอย
ก่อร่างสร้างตัว	37630	ก่อร่างสร้างตัว
ก้านบัว	37629	ก้านบัว
ก้ามกราม	37628	ก้ามกราม
ก้าวล่วง	37627	ก้าวล่วง
ขมิ้นชัน	37626	ขมิ้นชัน
ขยอก	37625	ขยอก
ขรึมๆ	37624	ขรึมๆ
ขลุบ	37623	ขลุบ
ขวยเขิน	37622	ขวยเขิน
ขวาก	37621	ขวาก
ของกอง	37620	ของกอง
ของเก่าๆ	37619	ของเก่าๆ
ของๆ	37618	ของๆ
ขอที	37617	ขอที
ขอเฝ้า	37616	ขอเฝ้า
ขันต่อ	37615	ขันต่อ
ขั้นต่ำ	37614	ขั้นต่ำ
ขาดเม็ด	37613	ขาดเม็ด
ขาบ	37612	ขาบ
ขีดข่วน	37611	ขีดข่วน
ขีดๆ	37610	ขีดๆ
ขึ้ง	37609	ขึ้ง
ขึ้งโกรธ	37608	ขึ้งโกรธ
ขึ้นหา	37607	ขึ้นหา
ขุนพล	37606	ขุนพล
ขุ่นหมอง	37605	ขุ่นหมอง
ขู่เข็ญ	37604	ขู่เข็ญ
ข้นแค้น	37603	ข้นแค้น
ข้อปลีกย่อย	37602	ข้อปลีกย่อย
ข้อแม้	37601	ข้อแม้
ข้าวคำ	37600	ข้าวคำ
ข้าวฟ่าง	37599	ข้าวฟ่าง
ข้าๆ	37598	ข้าๆ
คชลักษณ์	37597	คชลักษณ์
คตินิยม	37596	คตินิยม
คทา	37595	คทา
คนจริงๆ	37594	คนจริงๆ
คนธรรพ์	37593	คนธรรพ์
คนใน	37592	คนใน
คมสัน	37591	คมสัน
ครรไล	37590	ครรไล
ครั้งๆ	37589	ครั้งๆ
ครำ	37588	ครำ
ครืด	37587	ครืด
คร่ำเครียด	37586	คร่ำเครียด
คลับคล้าย	37585	คลับคล้าย
คลินิก	37584	คลินิก
ควีนส์	37583	ควีนส์
คว้าไขว่	37582	คว้าไขว่
คัว	37581	คัว
คั่งแค้น	37580	คั่งแค้น
คาราคาซัง	37579	คาราคาซัง
คาร์บอนมอนอกไซด์	37578	คาร์บอนมอนอกไซด์
คาร์บอนไดออกไซด์	37577	คาร์บอนไดออกไซด์
คำนำหน้าชื่อ	37576	คำนำหน้าชื่อ
คำประสม	37575	คำประสม
คิดการใหญ่	37574	คิดการใหญ่
คิดตก	37573	คิดตก
คิว	37572	คิว
คืนคำ	37571	คืนคำ
คุ้นๆ	37570	คุ้นๆ
คู่คิด	37569	คู่คิด
คู่อริ	37568	คู่อริ
ค้อนควัก	37567	ค้อนควัก
ค้ำคอ	37566	ค้ำคอ
ฆ้องกระแต	37565	ฆ้องกระแต
งวยงง	37564	งวยงง
งอนง้อ	37563	งอนง้อ
งั่ง	37562	งั่ง
งำ	37561	งำ
จงเกลียดจงชัง	37560	จงเกลียดจงชัง
จดจ้อง	37559	จดจ้อง
จมปลัก	37558	จมปลัก
จล	37557	จล
จอน	37556	จอน
จอหนัง	37555	จอหนัง
จักรๆ	37554	จักรๆ
จัดเลี้ยง	37553	จัดเลี้ยง
จันทน์ผา	37552	จันทน์ผา
จันทน์แดง	37551	จันทน์แดง
จั๊กๆ	37550	จั๊กๆ
จารีตประเพณี	37549	จารีตประเพณี
จิ่ง	37548	จิ่ง
จิ้มลิ้ม	37547	จิ้มลิ้ม
จิ๊ก	37546	จิ๊ก
จีบปากจีบคอ	37545	จีบปากจีบคอ
จี๊ป	37544	จี๊ป
จืดจาง	37543	จืดจาง
จุดจบ	37542	จุดจบ
จุดรวม	37541	จุดรวม
จุดๆ	37540	จุดๆ
จุบๆ	37539	จุบๆ
จุลสาร	37538	จุลสาร
จุ้ม	37537	จุ้ม
จ้วงจาบ	37536	จ้วงจาบ
จ๊าบ	37535	จ๊าบ
จ๋อง	37534	จ๋อง
ฉลับ	37533	ฉลับ
ฉิมพลี	37532	ฉิมพลี
ฉี่	37531	ฉี่
ฉุกใจ	37530	ฉุกใจ
ฉู่ฉี่	37529	ฉู่ฉี่
ชฎิล	37528	ชฎิล
ชนา	37527	ชนา
ชมชัว	37526	ชมชัว
ชมนาด	37525	ชมนาด
ชวนหัว	37524	ชวนหัว
ชวนเชิญ	37523	ชวนเชิญ
ชะอ้อน	37522	ชะอ้อน
ชันๆ	37521	ชันๆ
ชั่งใจ	37520	ชั่งใจ
ชาร์ป	37519	ชาร์ป
ชาววัง	37518	ชาววัง
ชิ้นส่วน	37517	ชิ้นส่วน
ชีพิตักษัย	37516	ชีพิตักษัย
ชีวาตม์	37515	ชีวาตม์
ชีวาลัย	37514	ชีวาลัย
ชื่อดัง	37513	ชื่อดัง
ช่วยๆ	37512	ช่วยๆ
ช่องแคบ	37511	ช่องแคบ
ช่ำ	37510	ช่ำ
ซอลต์	37509	ซอลต์
ซุปเปอร์	37508	ซุปเปอร์
ซ่อนเงื่อน	37507	ซ่อนเงื่อน
ฐานข้อมูล	37506	ฐานข้อมูล
ดอกเล็กๆ	37505	ดอกเล็กๆ
ดอกไม้จีน	37504	ดอกไม้จีน
ดักแด้	37503	ดักแด้
ดัดจริต	37502	ดัดจริต
ดันทุรัง	37501	ดันทุรัง
ดาดาษ	37500	ดาดาษ
ดารดาษ	37499	ดารดาษ
ดิก	37498	ดิก
ดินสำลี	37497	ดินสำลี
ดีซ่าน	37496	ดีซ่าน
ดึงดื้อ	37495	ดึงดื้อ
ดุษฎีสังเวย	37494	ดุษฎีสังเวย
ดุษณีภาพ	37493	ดุษณีภาพ
ด่างพร้อย	37492	ด่างพร้อย
ตกกระ	37491	ตกกระ
ตง	37490	ตง
ตรลบ	37489	ตรลบ
ตรึงตรา	37488	ตรึงตรา
ตรุษจีน	37487	ตรุษจีน
ตอนต้นๆ	37486	ตอนต้นๆ
ตอร์ปิโด	37485	ตอร์ปิโด
ตะกรวย	37484	ตะกรวย
ตะขบ	37483	ตะขบ
ตะคัน	37482	ตะคัน
ตะนอย	37481	ตะนอย
ตะนาว	37480	ตะนาว
ตะปุ่มตะป่ำ	37479	ตะปุ่มตะป่ำ
ตะเข็บ	37478	ตะเข็บ
ตะเฆ่	37477	ตะเฆ่
ตะแบงมาน	37476	ตะแบงมาน
ตะโก	37475	ตะโก
ตะโพน	37474	ตะโพน
ตักตวง	37473	ตักตวง
ตักๆ	37472	ตักๆ
ตัดไฟ	37471	ตัดไฟ
ตากอากาศ	37470	ตากอากาศ
ตาตี่	37469	ตาตี่
ตานี	37468	ตานี
ตาบ	37467	ตาบ
ติดสินบน	37466	ติดสินบน
ติดอ่าง	37465	ติดอ่าง
ติลก	37464	ติลก
ตีชิง	37463	ตีชิง
ตีนๆ	37462	ตีนๆ
ตีลังกา	37461	ตีลังกา
ตีวง	37460	ตีวง
ตีหน้ายักษ์	37459	ตีหน้ายักษ์
ตุง	37458	ตุง
ตุนาหงัน	37457	ตุนาหงัน
ตุหรัดตุเหร่	37456	ตุหรัดตุเหร่
ตุ้บตั้บ	37455	ตุ้บตั้บ
ต่อความยาวสาวความยืด	37454	ต่อความยาวสาวความยืด
ต่อแต้ม	37453	ต่อแต้ม
ต่างด้าว	37452	ต่างด้าว
ต่ำสุด	37451	ต่ำสุด
ต้นมือ	37450	ต้นมือ
ต้วมเตี้ยม	37449	ต้วมเตี้ยม
ต้อยๆ	37448	ต้อยๆ
ถดถอย	37447	ถดถอย
ถอนสมอ	37446	ถอนสมอ
ถอนเงิน	37445	ถอนเงิน
ถึงที่	37444	ถึงที่
ถึงแก่มรณภาพ	37443	ถึงแก่มรณภาพ
ถือน้ำพระพิพัฒน์สัตยา	37442	ถือน้ำพระพิพัฒน์สัตยา
ถือสา	37441	ถือสา
ถือหาง	37440	ถือหาง
ถุงมือ	37439	ถุงมือ
ถ่างตา	37438	ถ่างตา
ถ่านไม้	37437	ถ่านไม้
ถ่ายอุจจาระ	37436	ถ่ายอุจจาระ
ทนง	37435	ทนง
ทระนง	37434	ทระนง
ทวาราวดี	37433	ทวาราวดี
ทศพล	37432	ทศพล
ทหารเลว	37431	ทหารเลว
ทองหยอด	37430	ทองหยอด
ทอดมัน	37429	ทอดมัน
ทะมื่น	37428	ทะมื่น
ทะเลหลวง	37427	ทะเลหลวง
ทายา	37426	ทายา
ทำลายขวัญ	37425	ทำลายขวัญ
ทำหูทวนลม	37424	ทำหูทวนลม
ทำเนียม	37423	ทำเนียม
ทำเวลา	37422	ทำเวลา
ทิพโสต	37421	ทิพโสต
ทิศาปาโมกข์	37420	ทิศาปาโมกข์
ทีฆสระ	37419	ทีฆสระ
ที่กิน	37418	ที่กิน
ทึบๆ	37417	ทึบๆ
ทึมๆ	37416	ทึมๆ
ทุนหมุนเวียน	37415	ทุนหมุนเวียน
ทุพพลภาพ	37414	ทุพพลภาพ
ทูบ	37413	ทูบ
ท่วงท่า	37412	ท่วงท่า
ท่องบ่น	37411	ท่องบ่น
ท้องตรา	37410	ท้องตรา
ท้าง	37409	ท้าง
ท้าชิง	37408	ท้าชิง
ท้าวพญา	37407	ท้าวพญา
ท้าวพระยา	37406	ท้าวพระยา
ธรณีสูบ	37405	ธรณีสูบ
ธรรมกถา	37404	ธรรมกถา
ธัญ	37403	ธัญ
นฤพาน	37402	นฤพาน
นวลจันทร์	37401	นวลจันทร์
นวลละออง	37400	นวลละออง
นอกรีต	37399	นอกรีต
นอกๆ	37398	นอกๆ
นักข่าว	37397	นักข่าว
นักปกครอง	37396	นักปกครอง
นักฟุตบอล	37395	นักฟุตบอล
นักษัตร	37394	นักษัตร
นัจ	37393	นัจ
นัยๆ	37392	นัยๆ
นัว	37391	นัว
นั่งกินนอนกิน	37390	นั่งกินนอนกิน
นาซี	37389	นาซี
นำสมัย	37388	นำสมัย
นิครนถ์	37387	นิครนถ์
นิติศาสตร์	37386	นิติศาสตร์
นิลุบล	37385	นิลุบล
นิวาส	37384	นิวาส
นิสีทนะ	37383	นิสีทนะ
นิเทศ	37382	นิเทศ
น่วม	37381	น่วม
น่าตกใจ	37380	น่าตกใจ
น้ำซึม	37379	น้ำซึม
น้ำดับไฟ	37378	น้ำดับไฟ
น้ำประปา	37377	น้ำประปา
น้ำมันดีเซล	37376	น้ำมันดีเซล
น้ำรัก	37375	น้ำรัก
น้ำส้ม	37374	น้ำส้ม
บทบัญญัติ	37373	บทบัญญัติ
บรรณ	37372	บรรณ
บรรณศาลา	37371	บรรณศาลา
บรรโลม	37370	บรรโลม
บริหารงาน	37369	บริหารงาน
บร็อนซ์	37368	บร็อนซ์
บอกบท	37367	บอกบท
บอง	37366	บอง
บอสตัน	37365	บอสตัน
บัตรหมาย	37364	บัตรหมาย
บันโดย	37363	บันโดย
บันไดเลื่อน	37362	บันไดเลื่อน
บั่นทอน	37361	บั่นทอน
บั้น	37360	บั้น
บาทๆ	37359	บาทๆ
บิดเบี้ยว	37358	บิดเบี้ยว
บิลเลียด	37357	บิลเลียด
บุญญานุภาพ	37356	บุญญานุภาพ
บุณย์	37355	บุณย์
บุพกรรม	37354	บุพกรรม
บุรินทร์	37353	บุรินทร์
บุรีรัมย์	37352	บุรีรัมย์
บุหรง	37351	บุหรง
บูรณ์	37350	บูรณ์
บ่นถึง	37349	บ่นถึง
บ้วนพระโอษฐ์	37348	บ้วนพระโอษฐ์
บ้าจี้	37347	บ้าจี้
บ้าย	37346	บ้าย
ปกรณ์	37345	ปกรณ์
ปการ	37344	ปการ
ปฐมภูมิ	37343	ปฐมภูมิ
ปฐวี	37342	ปฐวี
ปรบ	37341	ปรบ
ปรมาภิไธย	37340	ปรมาภิไธย
ปรวนแปร	37339	ปรวนแปร
ปรอยๆ	37338	ปรอยๆ
ประจวบฯ	37337	ประจวบฯ
ประจักษ์พยาน	37336	ประจักษ์พยาน
ประชาคม	37335	ประชาคม
ประดาน้ำ	37334	ประดาน้ำ
ประทับตรา	37333	ประทับตรา
ประภาษ	37332	ประภาษ
ประมาณตน	37331	ประมาณตน
ประยงค์	37330	ประยงค์
ประหัต	37329	ประหัต
ประเด็นๆ	37328	ประเด็นๆ
ปรัด	37327	ปรัด
ปรับอากาศ	37326	ปรับอากาศ
ปราบดาภิเษก	37325	ปราบดาภิเษก
ปรำ	37324	ปรำ
ปรินซ์	37323	ปรินซ์
ปริพาชก	37322	ปริพาชก
ปรี๊ด	37321	ปรี๊ด
ปรุโปร่ง	37320	ปรุโปร่ง
ปรู๊ฟ	37319	ปรู๊ฟ
ปร๊าด	37318	ปร๊าด
ปลกๆ	37317	ปลกๆ
ปลดหนี้	37316	ปลดหนี้
ปลายข้าว	37315	ปลายข้าว
ปลาสติก	37314	ปลาสติก
ปล่อยใจ	37313	ปล่อยใจ
ปล้นทรัพย์	37312	ปล้นทรัพย์
ปวกเปียก	37311	ปวกเปียก
ปวดแสบปวดร้อน	37310	ปวดแสบปวดร้อน
ปัวะๆ	37309	ปัวะๆ
ปั้นจั่น	37308	ปั้นจั่น
ปากกล้า	37307	ปากกล้า
ปากหวาน	37306	ปากหวาน
ปากแข็ง	37305	ปากแข็ง
ปาฏิบท	37304	ปาฏิบท
ปานฉะนี้	37303	ปานฉะนี้
ปานๆ	37302	ปานๆ
ปิดกั้น	37301	ปิดกั้น
ปีงบประมาณ	37300	ปีงบประมาณ
ปีเศษๆ	37299	ปีเศษๆ
ปึก	37298	ปึก
ปุราณ	37297	ปุราณ
ปูชนียวัตถุ	37296	ปูชนียวัตถุ
ป่าเบญจพรรณ	37295	ป่าเบญจพรรณ
ป๊าบ	37294	ป๊าบ
ป๋อม	37293	ป๋อม
ผดุงครรภ์	37292	ผดุงครรภ์
ผทม	37291	ผทม
ผล็อย	37290	ผล็อย
ผสาน	37289	ผสาน
ผันผวน	37288	ผันผวน
ผับๆ	37287	ผับๆ
ผัสสะ	37286	ผัสสะ
ผายปอด	37285	ผายปอด
ผาเผือก	37284	ผาเผือก
ผิดน้ำ	37283	ผิดน้ำ
ผู้บำเพ็ญตบะ	37282	ผู้บำเพ็ญตบะ
ผู้สำเร็จ	37281	ผู้สำเร็จ
ผู้ส่ง	37280	ผู้ส่ง
ผู้หนึ่ง	37279	ผู้หนึ่ง
ผ่าเหล่า	37278	ผ่าเหล่า
ฝนเทียม	37277	ฝนเทียม
ฝรั่งๆ	37276	ฝรั่งๆ
ฝั่งน้ำ	37275	ฝั่งน้ำ
ฝีปาก	37274	ฝีปาก
ฝ่อๆ	37273	ฝ่อๆ
ฝ่ายใน	37272	ฝ่ายใน
พจมาน	37271	พจมาน
พม่าๆ	37270	พม่าๆ
พยุหโยธา	37269	พยุหโยธา
พรหมา	37268	พรหมา
พระมหากระษัตรเจ้า	37267	พระมหากระษัตรเจ้า
พระมหากระสัตราธิราช	37266	พระมหากระสัตราธิราช
พรากผู้เยาว์	37265	พรากผู้เยาว์
พรายแพรว	37264	พรายแพรว
พรำๆ	37263	พรำๆ
พฤนท์	37262	พฤนท์
พลั่ว	37261	พลั่ว
พลั้งเผลอ	37260	พลั้งเผลอ
พลาสมา	37259	พลาสมา
พล่า	37258	พล่า
พวยน้ำ	37257	พวยน้ำ
พังคา	37256	พังคา
พัดชา	37255	พัดชา
พันตู	37254	พันตู
พันธะ	37253	พันธะ
พันพัว	37252	พันพัว
พัสดุไปรษณีย์	37251	พัสดุไปรษณีย์
พาดหัวข่าว	37250	พาดหัวข่าว
พาโล	37249	พาโล
พิกัด	37248	พิกัด
พิบัติ	37247	พิบัติ
พิมุข	37246	พิมุข
พิศาล	37245	พิศาล
พีชคณิต	37244	พีชคณิต
พึ่งพิง	37243	พึ่งพิง
พื้นเสีย	37242	พื้นเสีย
พุกาม	37241	พุกาม
พุดตาน	37240	พุดตาน
พุทธมามกะ	37239	พุทธมามกะ
พุทโธ่ๆ	37238	พุทโธ่ๆ
พุ่งแหลน	37237	พุ่งแหลน
พ้นวิสัย	37236	พ้นวิสัย
ฟอสเฟต	37235	ฟอสเฟต
ฟั้น	37234	ฟั้น
ฟ่อง	37233	ฟ่อง
ภควา	37232	ภควา
ภักษา	37231	ภักษา
ภาณุ	37230	ภาณุ
ภาพรวม	37229	ภาพรวม
ภารธุระ	37228	ภารธุระ
ภาสกร	37227	ภาสกร
ภูมิอากาศ	37226	ภูมิอากาศ
มกุฎ	37225	มกุฎ
มณเฑียร	37224	มณเฑียร
มฤตยู	37223	มฤตยู
มล้าง	37222	มล้าง
มหรรณพ	37221	มหรรณพ
มหาสาวก	37220	มหาสาวก
มอซอ	37219	มอซอ
มอญๆ	37218	มอญๆ
มะกอกน้ำ	37217	มะกอกน้ำ
มะพร้าวห้าว	37216	มะพร้าวห้าว
มะรุม	37215	มะรุม
มะหาด	37214	มะหาด
มักใหญ่	37213	มักใหญ่
มังคโลกาส	37212	มังคโลกาส
มัชฌันติกสมัย	37211	มัชฌันติกสมัย
มัลติ	37210	มัลติ
มาตุ	37209	มาตุ
มารวิชัย	37208	มารวิชัย
มิจฉาทิฐิ	37207	มิจฉาทิฐิ
มืดบอด	37206	มืดบอด
มื้อๆ	37205	มื้อๆ
มุกดา	37204	มุกดา
มุสลิม	37203	มุสลิม
มูมมาม	37202	มูมมาม
มโหระทึก	37201	มโหระทึก
ม้าเร็ว	37200	ม้าเร็ว
ยกเลิก	37199	ยกเลิก
ยมนา	37198	ยมนา
ยมราช	37197	ยมราช
ยันต์	37196	ยันต์
ยานอวกาศ	37195	ยานอวกาศ
ยาสีฟัน	37194	ยาสีฟัน
ยาแฝด	37193	ยาแฝด
ยิม	37192	ยิม
ยี่โป้	37191	ยี่โป้
ยุคล	37190	ยุคล
ยุพดี	37189	ยุพดี
ยุ่งยิ่ง	37188	ยุ่งยิ่ง
ยุ่ย	37187	ยุ่ย
รดๆ	37186	รดๆ
รวมหัว	37185	รวมหัว
รวยๆ	37184	รวยๆ
รอยๆ	37183	รอยๆ
ระดะ	37182	ระดะ
ระทา	37181	ระทา
ระบิล	37180	ระบิล
ระรี่	37179	ระรี่
ระหกระเหิน	37178	ระหกระเหิน
ระอิดระอา	37177	ระอิดระอา
ระเนระนาด	37176	ระเนระนาด
ระเรื่อย	37175	ระเรื่อย
ระไว	37174	ระไว
รักษาอยู่	37173	รักษาอยู่
รังมด	37172	รังมด
รังไข่	37171	รังไข่
รัฏฐปาละ	37170	รัฏฐปาละ
รับเชิญ	37169	รับเชิญ
ราชภัฏ	37168	ราชภัฏ
ราชินูปถัมภ์	37167	ราชินูปถัมภ์
ราวกะ	37166	ราวกะ
ริก	37165	ริก
ริกๆ	37164	ริกๆ
ร็อค	37163	ร็อค
ร่วมท้อง	37162	ร่วมท้อง
ร่อนเร่	37161	ร่อนเร่
ร่าน	37160	ร่าน
ร้าวราน	37159	ร้าวราน
ลงท่า	37158	ลงท่า
ลงโบสถ์	37157	ลงโบสถ์
ลดา	37156	ลดา
ลดาวัลย์	37155	ลดาวัลย์
ลมขึ้น	37154	ลมขึ้น
ลอกแลก	37153	ลอกแลก
ลองไอร์แอนด์	37152	ลองไอร์แอนด์
ลอยฟ้า	37151	ลอยฟ้า
ละมุ	37150	ละมุ
ละหมาด	37149	ละหมาด
ละเลียด	37148	ละเลียด
ลักลอบ	37147	ลักลอบ
ลัน	37146	ลัน
ลาดตระเวน	37145	ลาดตระเวน
ลายคราม	37144	ลายคราม
ลายตา	37143	ลายตา
ลายน้ำ	37142	ลายน้ำ
ลายน้ำทอง	37141	ลายน้ำทอง
ลำเลิก	37140	ลำเลิก
ลิด	37139	ลิด
ลิฟท์	37138	ลิฟท์
ลุกๆ	37137	ลุกๆ
ลุ่น	37136	ลุ่น
ลุ่มหลง	37135	ลุ่มหลง
ลูกขุน	37134	ลูกขุน
ลูกบุญธรรม	37133	ลูกบุญธรรม
ลูกฝาแฝด	37132	ลูกฝาแฝด
ลูกฟัก	37131	ลูกฟัก
ลูกหม้อ	37130	ลูกหม้อ
ลูกหิน	37129	ลูกหิน
ล่น	37128	ล่น
ล่ายๆ	37127	ล่ายๆ
ล่าสุด	37126	ล่าสุด
ล้มครืน	37125	ล้มครืน
ล้าต้า	37124	ล้าต้า
วชิราวุธ	37123	วชิราวุธ
วังสะ	37122	วังสะ
วัณโรค	37121	วัณโรค
วัตรปฏิบัติ	37120	วัตรปฏิบัติ
วาก	37119	วาก
วางมวย	37118	วางมวย
วางโต	37117	วางโต
วาณิช	37116	วาณิช
วาดเขียน	37115	วาดเขียน
วาววับ	37114	วาววับ
วาหะ	37113	วาหะ
วิกฤต	37112	วิกฤต
วิปโยค	37111	วิปโยค
วิภา	37110	วิภา
วิเสท	37109	วิเสท
วิโรฒ	37108	วิโรฒ
วิ่งม้า	37107	วิ่งม้า
วีรสตรี	37106	วีรสตรี
วุ้น	37105	วุ้น
วูบๆ	37104	วูบๆ
ศิลปากร	37103	ศิลปากร
ศุกลปักษ์	37102	ศุกลปักษ์
ศุภมัสดุ	37101	ศุภมัสดุ
ศูทร	37100	ศูทร
ศูนย์การค้า	37099	ศูนย์การค้า
สกนธ์	37098	สกนธ์
สดี	37097	สดี
สต๊อก	37096	สต๊อก
สถลมารค	37095	สถลมารค
สนองตอบ	37094	สนองตอบ
สนามกีฬา	37093	สนามกีฬา
สมคบ	37092	สมคบ
สมมต	37091	สมมต
สมานฉันท์	37090	สมานฉันท์
สมาบัติ	37089	สมาบัติ
สมุทรสาคร	37088	สมุทรสาคร
สรรพสินค้า	37087	สรรพสินค้า
สรรเพชญ	37086	สรรเพชญ
สรวลเส	37085	สรวลเส
สรีระ	37084	สรีระ
สร้อยเศร้า	37083	สร้อยเศร้า
สฤษฏ์	37082	สฤษฏ์
สวนะ	37081	สวนะ
สวาด	37080	สวาด
สวาหะ	37079	สวาหะ
สวิชท์	37078	สวิชท์
สว่าน	37077	สว่าน
สหภาพ	37076	สหภาพ
สหศึกษา	37075	สหศึกษา
สอดรู้	37074	สอดรู้
สะท้อนแสง	37073	สะท้อนแสง
สะระแหน่	37072	สะระแหน่
สะอิดสะเอียน	37071	สะอิดสะเอียน
สะเต๊ะ	37070	สะเต๊ะ
สะเทิน	37069	สะเทิน
สักที	37068	สักที
สังกรณี	37067	สังกรณี
สังคโลก	37066	สังคโลก
สังสารวัฏ	37065	สังสารวัฏ
สัตยาธิษฐาน	37064	สัตยาธิษฐาน
สัปทน	37063	สัปทน
สัพพัญญู	37062	สัพพัญญู
สัมพัทธ์	37061	สัมพัทธ์
สาทิสลักษณ์	37060	สาทิสลักษณ์
สาธารณรัฐ	37059	สาธารณรัฐ
สานุศิษย์	37058	สานุศิษย์
สามขา	37057	สามขา
สามเส้า	37056	สามเส้า
สายบัว	37055	สายบัว
สายสะพาย	37054	สายสะพาย
สายใจ	37053	สายใจ
สายไฟ	37052	สายไฟ
สาระพาเฮโล	37051	สาระพาเฮโล
สาร์ท	37050	สาร์ท
สาเก	37049	สาเก
สำรวย	37048	สำรวย
สำรอก	37047	สำรอก
สิกขา	37046	สิกขา
สิกขาบท	37045	สิกขาบท
สิทธา	37044	สิทธา
สินจ้าง	37043	สินจ้าง
สินสอด	37042	สินสอด
สิว	37041	สิว
สีดอ	37040	สีดอ
สีลม	37039	สีลม
สีเสียด	37038	สีเสียด
สืบพันธุ์	37037	สืบพันธุ์
สืบสาย	37036	สืบสาย
สุขี	37035	สุขี
สุธา	37034	สุธา
สุพรรณบัฏ	37033	สุพรรณบัฏ
สุภาพชน	37032	สุภาพชน
สุมหัว	37031	สุมหัว
สุรีย์	37030	สุรีย์
สุเอส	37029	สุเอส
สูท	37028	สูท
ส้อง	37027	ส้อง
หนองสาหร่าย	37026	หนองสาหร่าย
หนำเลี้ยบ	37025	หนำเลี้ยบ
หนุนเนื่อง	37024	หนุนเนื่อง
หน่วงเหนี่ยว	37023	หน่วงเหนี่ยว
หน้าฉาน	37022	หน้าฉาน
หน้าตึงๆ	37021	หน้าตึงๆ
หน้าตื่นๆ	37020	หน้าตื่นๆ
หน้านวล	37019	หน้านวล
หน้ามืด	37018	หน้ามืด
หน้าหนา	37017	หน้าหนา
หน้าเก้อ	37016	หน้าเก้อ
หมากดิบ	37015	หมากดิบ
หมาง	37014	หมาง
หยิมๆ	37013	หยิมๆ
หรอกๆ	37012	หรอกๆ
หรูๆ	37011	หรูๆ
หลงลม	37010	หลงลม
หลบหน้า	37009	หลบหน้า
หลอกๆ	37008	หลอกๆ
หลอดไฟฟ้า	37007	หลอดไฟฟ้า
หลักประกัน	37006	หลักประกัน
หลั่น	37005	หลั่น
หลากใจ	37004	หลากใจ
หลุบ	37003	หลุบ
หวะ	37002	หวะ
หวั่นเกรง	37001	หวั่นเกรง
หักมุก	37000	หักมุก
หัวแก้วหัวแหวน	36999	หัวแก้วหัวแหวน
หาดใหญ่	36998	หาดใหญ่
หินย้อย	36997	หินย้อย
หิมเวศ	36996	หิมเวศ
หึ	36995	หึ
หึ่ม	36994	หึ่ม
หุนหันพลันแล่น	36993	หุนหันพลันแล่น
หุยฮา	36992	หุยฮา
หูด	36991	หูด
หู่	36990	หู่
ห้ามเลือด	36989	ห้ามเลือด
องคมนตรี	36988	องคมนตรี
องคุลี	36987	องคุลี
อดีตชาติ	36986	อดีตชาติ
อปริหานิยธรรม	36985	อปริหานิยธรรม
อภิวาทน์	36984	อภิวาทน์
อมาตย์	36983	อมาตย์
อมาวสี	36982	อมาวสี
อยุทธยา	36981	อยุทธยา
อยู่มือ	36980	อยู่มือ
อยู่ไม่สุข	36979	อยู่ไม่สุข
อรรณพ	36978	อรรณพ
อรรถคดี	36977	อรรถคดี
อรินทร์	36976	อรินทร์
อลังการ	36975	อลังการ
อวมงคล	36974	อวมงคล
ออกงิ้ว	36973	ออกงิ้ว
ออกหัด	36972	ออกหัด
ออกโขน	36971	ออกโขน
ออดแอดๆ	36970	ออดแอดๆ
ออนไลน์	36969	ออนไลน์
อะมีบา	36968	อะมีบา
อักขรสมัย	36967	อักขรสมัย
อัครชายา	36966	อัครชายา
อัจฉริยะ	36965	อัจฉริยะ
อัญมณี	36964	อัญมณี
อัฒจันทร์	36963	อัฒจันทร์
อัตชีวประวัติ	36962	อัตชีวประวัติ
อัตราเร็ว	36961	อัตราเร็ว
อันเตวาสิก	36960	อันเตวาสิก
อับๆ	36959	อับๆ
อัป	36958	อัป
อั้งยี่	36957	อั้งยี่
อาจมน	36956	อาจมน
อานิสงค์	36955	อานิสงค์
อารยชน	36954	อารยชน
อารัญ	36953	อารัญ
อาศรมบท	36952	อาศรมบท
อาศัยที่	36951	อาศัยที่
อาสัตย์	36950	อาสัตย์
อินซูลิน	36949	อินซูลิน
อิสราเอล	36948	อิสราเอล
อี่	36947	อี่
อี๋	36946	อี๋
อืม	36945	อืม
อุกฤษฏ์	36944	อุกฤษฏ์
อุจาด	36943	อุจาด
อุตุ	36942	อุตุ
อุทกธารา	36941	อุทกธารา
อุปการคุณ	36940	อุปการคุณ
อุปาทาน	36939	อุปาทาน
อุปเทศ	36938	อุปเทศ
อุเหม่	36937	อุเหม่
อุแว้	36936	อุแว้
อุ่ย	36935	อุ่ย
อู้อี้	36934	อู้อี้
อเนกอนันต์	36933	อเนกอนันต์
อเวจี	36932	อเวจี
อ่อนหู	36931	อ่อนหู
อ่อนเปียก	36930	อ่อนเปียก
อ้อมๆ	36929	อ้อมๆ
อ๊อดแอ๊ด	36928	อ๊อดแอ๊ด
ฮิ	36927	ฮิ
ฮึ่ม	36926	ฮึ่ม
ฮ่องกง	36925	ฮ่องกง
เกย์	36924	เกย์
เกรียมๆ	36923	เกรียมๆ
เกร็ง	36922	เกร็ง
เกษตรและสหกรณ์	36921	เกษตรและสหกรณ์
เกษมศานต์	36920	เกษมศานต์
เกษียณอายุ	36919	เกษียณอายุ
เกาหลี	36918	เกาหลี
เกิง	36917	เกิง
เกินงาม	36916	เกินงาม
เกียน	36915	เกียน
เกี้ยมไฉ่	36914	เกี้ยมไฉ่
เก็บตัว	36913	เก็บตัว
เก็บเล็ม	36912	เก็บเล็ม
เขือ	36911	เขือ
เข่าอ่อน	36910	เข่าอ่อน
เข้าตาจน	36909	เข้าตาจน
เข้าทรง	36908	เข้าทรง
เข้าฝัก	36907	เข้าฝัก
เข้ารอบ	36906	เข้ารอบ
เข้าเครื่อง	36905	เข้าเครื่อง
เข้าเวร	36904	เข้าเวร
เข้าไหนเข้าได้	36903	เข้าไหนเข้าได้
เครื่องปรับอากาศ	36902	เครื่องปรับอากาศ
เครื่องราง	36901	เครื่องราง
เคลื่อนย้าย	36900	เคลื่อนย้าย
เคาวน์	36899	เคาวน์
เคียด	36898	เคียด
เคี่ยวเข็ญ	36897	เคี่ยวเข็ญ
เค้ามูล	36896	เค้ามูล
เงยหน้าอ้าปาก	36895	เงยหน้าอ้าปาก
เงินนอน	36894	เงินนอน
เจตจำนง	36893	เจตจำนง
เจนจบ	36892	เจนจบ
เจียด	36891	เจียด
เจียร	36890	เจียร
เจ็ดชั่วโคตร	36889	เจ็ดชั่วโคตร
เจ้าถ้อยหมอความ	36888	เจ้าถ้อยหมอความ
เจ้าบุญนายคุณ	36887	เจ้าบุญนายคุณ
เจ้าประคู้น	36886	เจ้าประคู้น
เจ้าอธิการ	36885	เจ้าอธิการ
เจ้าเบี้ย	36884	เจ้าเบี้ย
เจ้าเรือน	36883	เจ้าเรือน
เฉวียงบ่า	36882	เฉวียงบ่า
เฉาะ	36881	เฉาะ
เฉียดๆ	36880	เฉียดๆ
เฉโก	36879	เฉโก
เฉไฉ	36878	เฉไฉ
เชลียง	36877	เชลียง
เชิงตะกอน	36876	เชิงตะกอน
เชิดฉิ่ง	36875	เชิดฉิ่ง
เชียงราก	36874	เชียงราก
เซซัง	36873	เซซัง
เซรุ่ม	36872	เซรุ่ม
เซื่องๆ	36871	เซื่องๆ
เซ็นส์	36870	เซ็นส์
เดินๆ	36869	เดินๆ
เดียรดาษ	36868	เดียรดาษ
เดียรถีย์	36867	เดียรถีย์
เดียวๆ	36866	เดียวๆ
เดือนค้างฟ้า	36865	เดือนค้างฟ้า
เดือนมืด	36864	เดือนมืด
เด่นๆ	36863	เด่นๆ
เตาะแตะ	36862	เตาะแตะ
เต็มอก	36861	เต็มอก
เต้าฮวย	36860	เต้าฮวย
เถระ	36859	เถระ
เถิดเทิง	36858	เถิดเทิง
เทกระเป๋า	36857	เทกระเป๋า
เทพยเจ้า	36856	เทพยเจ้า
เทวษ	36855	เทวษ
เทอด	36854	เทอด
เทิ้ม	36853	เทิ้ม
เทื่อ	36852	เทื่อ
เท่าใดๆ	36851	เท่าใดๆ
เบญจวรรณ	36850	เบญจวรรณ
เบาสมอง	36849	เบาสมอง
เบาโหวง	36848	เบาโหวง
เปรอ	36847	เปรอ
เปรี๊ยะๆ	36846	เปรี๊ยะๆ
เปลี้ย	36845	เปลี้ย
เปอร์เซีย	36844	เปอร์เซีย
เปิดหูเปิดตา	36843	เปิดหูเปิดตา
เปิดโลก	36842	เปิดโลก
เปิบ	36841	เปิบ
เป็นฟืนเป็นไฟ	36840	เป็นฟืนเป็นไฟ
เป็นมา	36839	เป็นมา
เป็นเรื่องเป็นราว	36838	เป็นเรื่องเป็นราว
เผ	36837	เผ
เผาขน	36836	เผาขน
เผ็ดๆ	36835	เผ็ดๆ
เพชรบูรณ์	36834	เพชรบูรณ์
เพริศพราย	36833	เพริศพราย
เพ้อฝัน	36832	เพ้อฝัน
เฟื่องฟู	36831	เฟื่องฟู
เมียหลวง	36830	เมียหลวง
เยิบๆ	36829	เยิบๆ
เยื้องกราย	36828	เยื้องกราย
เรียกเนื้อ	36827	เรียกเนื้อ
เรียงๆ	36826	เรียงๆ
เรือนแพ	36825	เรือนแพ
เร่งมือ	36824	เร่งมือ
เลก	36823	เลก
เลขยันต์	36822	เลขยันต์
เลฑฑุ	36821	เลฑฑุ
เลต	36820	เลต
เลยเถิด	36819	เลยเถิด
เลียบเคียง	36818	เลียบเคียง
เลี่ยนๆ	36817	เลี่ยนๆ
เลี้ยงโต๊ะ	36816	เลี้ยงโต๊ะ
เลือนราง	36815	เลือนราง
เลื่อมๆ	36814	เลื่อมๆ
เลื่อยล้า	36813	เลื่อยล้า
เล็น	36812	เล็น
เวชศาสตร์	36811	เวชศาสตร์
เวทางคศาสตร์	36810	เวทางคศาสตร์
เวฬุวัน	36809	เวฬุวัน
เศิก	36808	เศิก
เสฐียร	36807	เสฐียร
เสนาสนะ	36806	เสนาสนะ
เสมหะ	36805	เสมหะ
เสลี่ยง	36804	เสลี่ยง
เสาวนีย์	36803	เสาวนีย์
เสาวภา	36802	เสาวภา
เสียหัว	36801	เสียหัว
เสี่ยงชีวิต	36800	เสี่ยงชีวิต
เสี้ยนหนาม	36799	เสี้ยนหนาม
เสือไฟ	36798	เสือไฟ
เสื่อมทราม	36797	เสื่อมทราม
เหงาหงอย	36796	เหงาหงอย
เหย่า	36795	เหย่า
เหรัญญิก	36794	เหรัญญิก
เหลวแหลก	36793	เหลวแหลก
เหวอะหวะ	36792	เหวอะหวะ
เหี่ยวๆ	36791	เหี่ยวๆ
เห็นดำเห็นแดง	36790	เห็นดำเห็นแดง
เอสกิโม	36789	เอสกิโม
เออแน่ะ	36788	เออแน่ะ
เอาฬาร	36787	เอาฬาร
เอาเป็นเอาตาย	36786	เอาเป็นเอาตาย
เอี้ยมจุ๊น	36785	เอี้ยมจุ๊น
เฮๆ	36784	เฮๆ
แกงบวด	36783	แกงบวด
แก๊งค์	36782	แก๊งค์
แก๊ป	36781	แก๊ป
แข็งกร้าว	36780	แข็งกร้าว
แข้	36779	แข้
แคนซัส	36778	แคนซัส
แครก	36777	แครก
แคลอรี่	36776	แคลอรี่
แง่งๆ	36775	แง่งๆ
แจ้วๆ	36774	แจ้วๆ
แฉกๆ	36773	แฉกๆ
แชมป์	36772	แชมป์
แช่เย็น	36771	แช่เย็น
แซนด์วิช	36770	แซนด์วิช
แตกพาน	36769	แตกพาน
แตรงอน	36768	แตรงอน
แถ	36767	แถ
แทงใจ	36766	แทงใจ
แทรกซ้อน	36765	แทรกซ้อน
แทรกเตอร์	36764	แทรกเตอร์
แท้ง	36763	แท้ง
แนนทัคเค็ท	36762	แนนทัคเค็ท
แนวนอน	36761	แนวนอน
แน่งน้อย	36760	แน่งน้อย
แน่นท้อง	36759	แน่นท้อง
แปรขบวน	36758	แปรขบวน
แปร่งๆ	36757	แปร่งๆ
แปร๋	36756	แปร๋
แป้นพิมพ์	36755	แป้นพิมพ์
แป้ว	36754	แป้ว
แผล็บ	36753	แผล็บ
แผ่กระจาย	36752	แผ่กระจาย
แผ่นๆ	36751	แผ่นๆ
แผ้วพาน	36750	แผ้วพาน
แพ่น	36749	แพ่น
แฟกซ์	36748	แฟกซ์
แฟลต	36747	แฟลต
แมสซาชูเซตส์	36746	แมสซาชูเซตส์
แม่เหย้าแม่เรือน	36745	แม่เหย้าแม่เรือน
แยง	36744	แยง
แร	36743	แร
แรงดึงดูด	36742	แรงดึงดูด
แร่ง	36741	แร่ง
และๆ	36740	และๆ
แล็บ	36739	แล็บ
แวง	36738	แวง
แหก	36737	แหก
แหบๆ	36736	แหบๆ
แหมะ	36735	แหมะ
แหมะๆ	36734	แหมะๆ
แหม่มๆ	36733	แหม่มๆ
แห้งเหี่ยว	36732	แห้งเหี่ยว
แอนติบอดี	36731	แอนติบอดี
แอบอิง	36730	แอบอิง
แอว	36729	แอว
โกสีย์	36728	โกสีย์
โครงร่าง	36727	โครงร่าง
โครมครามๆ	36726	โครมครามๆ
โจก	36725	โจก
โฉมศรี	36724	โฉมศรี
โฉลก	36723	โฉลก
โดยอรรถ	36722	โดยอรรถ
โดยเสด็จ	36721	โดยเสด็จ
โทษา	36720	โทษา
โทโทษ	36719	โทโทษ
โนน	36718	โนน
โน้ตเพลง	36717	โน้ตเพลง
โน้มนำ	36716	โน้มนำ
โบ๋	36715	โบ๋
โปร่งๆ	36714	โปร่งๆ
โปลิโอ	36713	โปลิโอ
โปสเตอร์	36712	โปสเตอร์
โปะ	36711	โปะ
โป๊กเกอร์	36710	โป๊กเกอร์
โผเผ	36709	โผเผ
โพธิสมภาร	36708	โพธิสมภาร
โพรงจมูก	36707	โพรงจมูก
โมก	36706	โมก
โมรี	36705	โมรี
โม่ง	36704	โม่ง
โยกโย้	36703	โยกโย้
โยงใย	36702	โยงใย
โรคมะเร็ง	36701	โรคมะเร็ง
โรคา	36700	โรคา
โรจน์	36699	โรจน์
โลกิยะ	36698	โลกิยะ
โลภโมโทสัน	36697	โลภโมโทสัน
โลมเล้า	36696	โลมเล้า
โศกาดูร	36695	โศกาดูร
โศกาลัย	36694	โศกาลัย
โสกันต์	36693	โสกันต์
โสภณ	36692	โสภณ
โหรงเหรง	36691	โหรงเหรง
โห่งๆ	36690	โห่งๆ
โอดครวญ	36689	โอดครวญ
โอโซน	36688	โอโซน
โอ่งมังกร	36687	โอ่งมังกร
ใจฝ่อ	36686	ใจฝ่อ
ใจหนักแน่น	36685	ใจหนักแน่น
ใจเดียว	36684	ใจเดียว
ใจเด็ด	36683	ใจเด็ด
ใจแป้ว	36682	ใจแป้ว
ใช้กรรม	36681	ใช้กรรม
ใช้ภาษา	36680	ใช้ภาษา
ใต้ฝ่าละอองพระบาท	36679	ใต้ฝ่าละอองพระบาท
ใต้เท้ากรุณา	36678	ใต้เท้ากรุณา
ใบบอก	36677	ใบบอก
ใบบุญ	36676	ใบบุญ
ใบปลิว	36675	ใบปลิว
ไขน้ำ	36674	ไขน้ำ
ไข่ตุ๋น	36673	ไข่ตุ๋น
ไข่แดง	36672	ไข่แดง
ไงๆ	36671	ไงๆ
ไชโยๆ	36670	ไชโยๆ
ไซบีเรีย	36669	ไซบีเรีย
ได้ๆ	36668	ได้ๆ
ไตรปิฎก	36667	ไตรปิฎก
ไพฑูรย์	36666	ไพฑูรย์
ไฟแดง	36665	ไฟแดง
ไฟๆ	36664	ไฟๆ
ไม่เข้าใครออกใคร	36663	ไม่เข้าใครออกใคร
ไม้ล้มลุก	36662	ไม้ล้มลุก
ไว้ลาย	36661	ไว้ลาย
ไศล	36660	ไศล
ไอกรน	36659	ไอกรน
กกหู	36658	กกหู
กฎธรรมชาติ	36657	กฎธรรมชาติ
กฎหมายระหว่างประเทศ	36656	กฎหมายระหว่างประเทศ
กนิษฐภคินี	36655	กนิษฐภคินี
กรณีๆ	36654	กรณีๆ
กรมสามัญศึกษา	36653	กรมสามัญศึกษา
กรรณิกา	36652	กรรณิกา
กรรมวาจาจารย์	36651	กรรมวาจาจารย์
กรรมาชีพ	36650	กรรมาชีพ
กระจองอแง	36649	กระจองอแง
กระจาน	36648	กระจาน
กระจุย	36647	กระจุย
กระฉอก	36646	กระฉอก
กระดานชนวน	36645	กระดานชนวน
กระดาษแข็ง	36644	กระดาษแข็ง
กระทุงเหว	36643	กระทุงเหว
กระบวนความ	36642	กระบวนความ
กระวาย	36641	กระวาย
กระษัตริย์	36640	กระษัตริย์
กระหย่อมๆ	36639	กระหย่อมๆ
กระอ้อมกระแอ้ม	36638	กระอ้อมกระแอ้ม
กระเตง	36637	กระเตง
กระเทาะ	36636	กระเทาะ
กระเบน	36635	กระเบน
กระเบียดกระเสียร	36634	กระเบียดกระเสียร
กระแจะ	36633	กระแจะ
กระโห้	36632	กระโห้
กราฟิก	36631	กราฟิก
กริน	36630	กริน
กริม	36629	กริม
กริ่งๆ	36628	กริ่งๆ
กริ่ม	36627	กริ่ม
กริ๊ก	36626	กริ๊ก
กรุบ	36625	กรุบ
กรุ่ม	36624	กรุ่ม
กรุ๊กกรู	36623	กรุ๊กกรู
กรุ๊ป	36622	กรุ๊ป
กร้วมๆ	36621	กร้วมๆ
กฤดา	36620	กฤดา
กลฉ้อฉล	36619	กลฉ้อฉล
กลยุทธ	36618	กลยุทธ
กลวงๆ	36617	กลวงๆ
กลอกกลับ	36616	กลอกกลับ
กลอุบาย	36615	กลอุบาย
กลีบบัว	36614	กลีบบัว
กลึง	36613	กลึง
กล้องถ่าย	36612	กล้องถ่าย
กล้องแกล้ง	36611	กล้องแกล้ง
กล้าได้กล้าเสีย	36610	กล้าได้กล้าเสีย
กล้าๆ	36609	กล้าๆ
กวดวิชา	36608	กวดวิชา
กวนๆ	36607	กวนๆ
กองพล	36606	กองพล
กองร้อย	36605	กองร้อย
กะหลาป๋า	36604	กะหลาป๋า
กะๆ	36603	กะๆ
กักขฬะ	36602	กักขฬะ
กักตุน	36601	กักตุน
กันลอง	36600	กันลอง
กับแกล้ม	36599	กับแกล้ม
กัลกัตตา	36598	กัลกัตตา
กัลยาณี	36597	กัลยาณี
กานดา	36596	กานดา
กาบๆ	36595	กาบๆ
กามเทพ	36594	กามเทพ
การก	36593	การก
กาลามชน	36592	กาลามชน
กาลี	36591	กาลี
กาฮัง	36590	กาฮัง
กำจร	36589	กำจร
กำชับกำชา	36588	กำชับกำชา
กำดัด	36587	กำดัด
กำธร	36586	กำธร
กินที่	36585	กินที่
กิ้งกือ	36584	กิ้งกือ
กิ๊บ	36583	กิ๊บ
กีรติ	36582	กีรติ
กี๋	36581	กี๋
กุบกับๆ	36580	กุบกับๆ
กุมภา	36579	กุมภา
กุศลกรรม	36578	กุศลกรรม
กุหร่า	36577	กุหร่า
กุ้งนาง	36576	กุ้งนาง
กุ๋ย	36575	กุ๋ย
กูบ	36574	กูบ
ก่อกรรมทำเข็ญ	36573	ก่อกรรมทำเข็ญ
ก่อกำเนิด	36572	ก่อกำเนิด
ก้านแย่ง	36571	ก้านแย่ง
ก๊ง	36570	ก๊ง
ก๊วน	36569	ก๊วน
ขจรขจาย	36568	ขจรขจาย
ขจาย	36567	ขจาย
ขณะใด	36566	ขณะใด
ขนพอง	36565	ขนพอง
ขนมถ้วย	36564	ขนมถ้วย
ขนอุย	36563	ขนอุย
ขนัน	36562	ขนัน
ขนุนนก	36561	ขนุนนก
ขนเพชร	36560	ขนเพชร
ขบฉัน	36559	ขบฉัน
ขบเขี้ยวเคี้ยวฟัน	36558	ขบเขี้ยวเคี้ยวฟัน
ขยุกขยิก	36557	ขยุกขยิก
ขยุบ	36556	ขยุบ
ขลา	36555	ขลา
ขวัญใจ	36554	ขวัญใจ
ขวางกั้น	36553	ขวางกั้น
ขว้างจักร	36552	ขว้างจักร
ของเล่นๆ	36551	ของเล่นๆ
ของแข็ง	36550	ของแข็ง
ของ้าว	36549	ของ้าว
ขัดลาภ	36548	ขัดลาภ
ขัดหู	36547	ขัดหู
ขัดแตะ	36546	ขัดแตะ
ขันอาสา	36545	ขันอาสา
ขับไม้	36544	ขับไม้
ขั้นต้นๆ	36543	ขั้นต้นๆ
ขาดตัว	36542	ขาดตัว
ขายเหมา	36541	ขายเหมา
ขาวดำ	36540	ขาวดำ
ขีปนาวุธ	36539	ขีปนาวุธ
ขี้ขลาด	36538	ขี้ขลาด
ขี้คุก	36537	ขี้คุก
ขี้เต่า	36536	ขี้เต่า
ขี้เป็ด	36535	ขี้เป็ด
ขี้โล้	36534	ขี้โล้
ขี้ไต้	36533	ขี้ไต้
ขึงพืด	36532	ขึงพืด
ขุดคุ้ย	36531	ขุดคุ้ย
ขุนยวม	36530	ขุนยวม
ขุมนรก	36529	ขุมนรก
ขุ่นใจ	36528	ขุ่นใจ
ข่างๆ	36527	ข่างๆ
ข้องขัด	36526	ข้องขัด
ข้อพิพาท	36525	ข้อพิพาท
ข้อเรียกร้อง	36524	ข้อเรียกร้อง
ข้าน้อย	36523	ข้าน้อย
ข้าพเจ้าๆ	36522	ข้าพเจ้าๆ
ข้ามสมุทร	36521	ข้ามสมุทร
ข้าวทิพย์	36520	ข้าวทิพย์
ข้าวยำ	36519	ข้าวยำ
ข้าวเก่า	36518	ข้าวเก่า
คชา	36517	คชา
คณิต	36516	คณิต
คนเก่าคนแก่	36515	คนเก่าคนแก่
คริส	36514	คริส
ครื้น	36513	ครื้น
คร่ำครึ	36512	คร่ำครึ
คร้าบ	36511	คร้าบ
คร๊าบ	36510	คร๊าบ
คลองส่งน้ำ	36509	คลองส่งน้ำ
คละเคล้า	36508	คละเคล้า
คลับคล้ายคลับคลา	36507	คลับคล้ายคลับคลา
คลั๊กๆ	36506	คลั๊กๆ
คอขาดบาดตาย	36505	คอขาดบาดตาย
คอตั้ง	36504	คอตั้ง
คอร์น	36503	คอร์น
คอเลสเตอรอล	36502	คอเลสเตอรอล
คอแข็ง	36501	คอแข็ง
คอแบะ	36500	คอแบะ
คะคาน	36499	คะคาน
คันฉ่อง	36498	คันฉ่อง
คั่งค้าง	36497	คั่งค้าง
คาคบ	36496	คาคบ
คาถาอาคม	36495	คาถาอาคม
คาราวาน	36494	คาราวาน
คาร์	36493	คาร์
คาวี	36492	คาวี
คำปรารภ	36491	คำปรารภ
คำฝอย	36490	คำฝอย
คิดสั้น	36489	คิดสั้น
คุณพ่อเลี้ยง	36488	คุณพ่อเลี้ยง
คู่ทุกข์คู่ยาก	36487	คู่ทุกข์คู่ยาก
คู่บุญ	36486	คู่บุญ
คู่สมรส	36485	คู่สมรส
คู่สวด	36484	คู่สวด
ค่อ	36483	ค่อ
ค่ะๆ	36482	ค่ะๆ
ค่าป่วยการ	36481	ค่าป่วยการ
ค้างๆ	36480	ค้างๆ
ฆาตกรรม	36479	ฆาตกรรม
งกเงิ่น	36478	งกเงิ่น
งอก่องอขิง	36477	งอก่องอขิง
งอนไถ	36476	งอนไถ
งอๆ	36475	งอๆ
งี๊ดๆ	36474	งี๊ดๆ
งึมๆ	36473	งึมๆ
งุ้ม	36472	งุ้ม
งูๆ	36471	งูๆ
ง่อกแง่ก	36470	ง่อกแง่ก
ง่อย	36469	ง่อย
ง่ำ	36468	ง่ำ
จตุ	36467	จตุ
จตุรพิธพร	36466	จตุรพิธพร
จมื่น	36465	จมื่น
จริยวัตร	36464	จริยวัตร
จะแจ่ม	36463	จะแจ่ม
จักรวรรดิ	36462	จักรวรรดิ
จังหวะๆ	36461	จังหวะๆ
จังหัน	36460	จังหัน
จันอับ	36459	จันอับ
จับเวลา	36458	จับเวลา
จั่ว	36457	จั่ว
จานเชิง	36456	จานเชิง
จำนวนจริง	36455	จำนวนจริง
จำปีแขก	36454	จำปีแขก
จำยอม	36453	จำยอม
จำรูญ	36452	จำรูญ
จิบๆ	36451	จิบๆ
จิ๊ดๆ	36450	จิ๊ดๆ
จิ๊ดๆๆ	36449	จิ๊ดๆๆ
จิ๊บๆ	36448	จิ๊บๆ
จืดๆ	36447	จืดๆ
จุฑา	36446	จุฑา
จุดยุทธศาสตร์	36445	จุดยุทธศาสตร์
จุมพล	36444	จุมพล
ฉกาจฉกรรจ์	36443	ฉกาจฉกรรจ์
ฉลวย	36442	ฉลวย
ฉลองพระเนตร	36441	ฉลองพระเนตร
ฉลาม	36440	ฉลาม
ฉลู	36439	ฉลู
ฉอก	36438	ฉอก
ฉันๆ	36437	ฉันๆ
ฉุ	36436	ฉุ
ฉุก	36435	ฉุก
ฉุกละหุก	36434	ฉุกละหุก
ฉุนๆ	36433	ฉุนๆ
ชงฆ์	36432	ชงฆ์
ชดช้อย	36431	ชดช้อย
ชม้อย	36430	ชม้อย
ชร	36429	ชร
ชรอุ่ม	36428	ชรอุ่ม
ชราภาพ	36427	ชราภาพ
ชะๆ	36426	ชะๆ
ชาติพันธุ์	36425	ชาติพันธุ์
ชาวกรุงเทพ	36424	ชาวกรุงเทพ
ชำนิชำนาญ	36423	ชำนิชำนาญ
ชิงไหวชิงพริบ	36422	ชิงไหวชิงพริบ
ชิชะ	36421	ชิชะ
ชิ่น	36420	ชิ่น
ชีวภาพ	36419	ชีวภาพ
ชีวิน	36418	ชีวิน
ชี้ช่อง	36417	ชี้ช่อง
ชุดทำงาน	36416	ชุดทำงาน
ชุดๆ	36415	ชุดๆ
ชุบย้อม	36414	ชุบย้อม
ชุ่มๆ	36413	ชุ่มๆ
ชูรส	36412	ชูรส
ช่องไฟ	36411	ช่องไฟ
ช้างประสานงา	36410	ช้างประสานงา
ซั้น	36409	ซั้น
ซาวร์	36408	ซาวร์
ซิมโฟนี	36407	ซิมโฟนี
ซิ่ง	36406	ซิ่ง
ซี่ๆ	36405	ซี่ๆ
ซูริค	36404	ซูริค
ซ่องสุม	36403	ซ่องสุม
ซ่าส์	36402	ซ่าส์
ซ่าหริ่ม	36401	ซ่าหริ่ม
ซ้อนซับ	36400	ซ้อนซับ
ฐานานุรูป	36399	ฐานานุรูป
ดวงๆ	36398	ดวงๆ
ดอกจัน	36397	ดอกจัน
ดาม	36396	ดาม
ดาวกระจาย	36395	ดาวกระจาย
ดาวน์	36394	ดาวน์
ดำหัว	36393	ดำหัว
ดื่นดึก	36392	ดื่นดึก
ดื้อดัน	36391	ดื้อดัน
ดูดกลืน	36390	ดูดกลืน
ดูดดึง	36389	ดูดดึง
ดูไปก่อน	36388	ดูไปก่อน
ด้วยๆๆ	36387	ด้วยๆๆ
ด้านๆ	36386	ด้านๆ
ตกน้ำมัน	36385	ตกน้ำมัน
ตกปลอก	36384	ตกปลอก
ตงิด	36383	ตงิด
ตจ	36382	ตจ
ตบแต่ง	36381	ตบแต่ง
ตรวจจับ	36380	ตรวจจับ
ตรวจพบ	36379	ตรวจพบ
ตระหนี่ตัว	36378	ตระหนี่ตัว
ตรัง	36377	ตรัง
ตราสิน	36376	ตราสิน
ตรีภพ	36375	ตรีภพ
ตรียัมปวาย	36374	ตรียัมปวาย
ตรีศก	36373	ตรีศก
ตรุ	36372	ตรุ
ตรู่ๆ	36371	ตรู่ๆ
ตฤษณา	36370	ตฤษณา
ตลกๆ	36369	ตลกๆ
ตลบหลัง	36368	ตลบหลัง
ตองสู	36367	ตองสู
ตะพัง	36366	ตะพัง
ตะพุ่น	36365	ตะพุ่น
ตะลุมพุก	36364	ตะลุมพุก
ตะลุย	36363	ตะลุย
ตะลุ่ม	36362	ตะลุ่ม
ตะเพิด	36361	ตะเพิด
ตะแก	36360	ตะแก
ตะแหมะแขะ	36359	ตะแหมะแขะ
ตะไคร้หอม	36358	ตะไคร้หอม
ตัดทอน	36357	ตัดทอน
ตันติ	36356	ตันติ
ตัวตั้ง	36355	ตัวตั้ง
ตัวถัง	36354	ตัวถัง
ตัวประกอบ	36353	ตัวประกอบ
ตัวประกัน	36352	ตัวประกัน
ตาขอ	36351	ตาขอ
ตางๆ	36350	ตางๆ
ตาน้ำ	36349	ตาน้ำ
ตายดาบหน้า	36348	ตายดาบหน้า
ตายอดตายอยาก	36347	ตายอดตายอยาก
ตาลปัตร	36346	ตาลปัตร
ตาแดงๆ	36345	ตาแดงๆ
ติดหลังแห	36344	ติดหลังแห
ติ๋มๆ	36343	ติ๋มๆ
ตีจาก	36342	ตีจาก
ตีตรา	36341	ตีตรา
ตีตั๋ว	36340	ตีตั๋ว
ตีเสียง	36339	ตีเสียง
ตีแผ่	36338	ตีแผ่
ตื่นใจ	36337	ตื่นใจ
ตุ้บตั้บๆ	36336	ตุ้บตั้บๆ
ถนนลาดยาง	36335	ถนนลาดยาง
ถนอมอาหาร	36334	ถนอมอาหาร
ถมถืด	36333	ถมถืด
ถล่มทลาย	36332	ถล่มทลาย
ถวัลย์	36331	ถวัลย์
ถอดหัวโขน	36330	ถอดหัวโขน
ถักๆ	36329	ถักๆ
ถัน	36328	ถัน
ถั่วงอก	36327	ถั่วงอก
ถาวรวัตถุ	36326	ถาวรวัตถุ
ถาโถม	36325	ถาโถม
ถีบจักรยาน	36324	ถีบจักรยาน
ถีบรถ	36323	ถีบรถ
ถึงชีพิตักษัย	36322	ถึงชีพิตักษัย
ถึงแก่พิราลัย	36321	ถึงแก่พิราลัย
ถุน	36320	ถุน
ถูกขา	36319	ถูกขา
ถูกส่วน	36318	ถูกส่วน
ถูกเส้น	36317	ถูกเส้น
ถูลู่ถูกัง	36316	ถูลู่ถูกัง
ถ่อมตัว	36315	ถ่อมตัว
ถ่ายทำ	36314	ถ่ายทำ
ทรราช	36313	ทรราช
ทราบฝ่าพระบาท	36312	ทราบฝ่าพระบาท
ทราบฝ่าละอองธุลีพระบาท	36311	ทราบฝ่าละอองธุลีพระบาท
ทราบฝ่าละอองพระบาท	36310	ทราบฝ่าละอองพระบาท
ทราบเกล้าทราบกระหม่อม	36309	ทราบเกล้าทราบกระหม่อม
ทรามสงวน	36308	ทรามสงวน
ทศทิศ	36307	ทศทิศ
ทศพร	36306	ทศพร
ทองคำขาว	36305	ทองคำขาว
ทองชมพูนุท	36304	ทองชมพูนุท
ทองพระกร	36303	ทองพระกร
ทองหมั้น	36302	ทองหมั้น
ทอดที่	36301	ทอดที่
ทอดยอด	36300	ทอดยอด
ทะลุปรุโปร่ง	36299	ทะลุปรุโปร่ง
ทางๆ	36298	ทางๆ
ทำเสน่ห์	36297	ทำเสน่ห์
ทีฆายุ	36296	ทีฆายุ
ที่ราบสูง	36295	ที่ราบสูง
ที่อาศัย	36294	ที่อาศัย
ทูลเกล้าทูลกระหม่อมถวาย	36293	ทูลเกล้าทูลกระหม่อมถวาย
ท่อนไม้	36292	ท่อนไม้
ท่าพระจันทร์	36291	ท่าพระจันทร์
ท่าว	36290	ท่าว
ท้องพอง	36289	ท้องพอง
ท้าวนาง	36288	ท้าวนาง
ธนูศิลป์	36287	ธนูศิลป์
ธรรมจักร	36286	ธรรมจักร
ธรรมนิยม	36285	ธรรมนิยม
ธรรมวัตร	36284	ธรรมวัตร
ธรรมิก	36283	ธรรมิก
นกกางปีก	36282	นกกางปีก
นคเรศ	36281	นคเรศ
นมแมว	36280	นมแมว
นฤบดี	36279	นฤบดี
นฤมิต	36278	นฤมิต
นวยนาด	36277	นวยนาด
นอกคอก	36276	นอกคอก
นอกตำรา	36275	นอกตำรา
นอนกรน	36274	นอนกรน
นั่งๆ	36273	นั่งๆ
นาคปรก	36272	นาคปรก
นามกร	36271	นามกร
นามบัตร	36270	นามบัตร
นายพระทวาร	36269	นายพระทวาร
นารายณ์บรรทมสินธุ์	36268	นารายณ์บรรทมสินธุ์
นิจศีล	36267	นิจศีล
นิพจน์	36266	นิพจน์
นิ้วๆ	36265	นิ้วๆ
นี้ๆ	36264	นี้ๆ
นุงนัง	36263	นุงนัง
นุ่งกระโจมอก	36262	นุ่งกระโจมอก
นเรศ	36261	นเรศ
น้ำขาวๆ	36260	น้ำขาวๆ
น้ำจิ้ม	36259	น้ำจิ้ม
น้ำชา	36258	น้ำชา
น้ำซับ	36257	น้ำซับ
น้ำท่า	36256	น้ำท่า
น้ำมันดิบ	36255	น้ำมันดิบ
น้ำเหลืองๆ	36254	น้ำเหลืองๆ
บถ	36253	บถ
บรรจถรณ์	36252	บรรจถรณ์
บรรทัดฐาน	36251	บรรทัดฐาน
บรรเจิด	36250	บรรเจิด
บรั่นดี	36249	บรั่นดี
บริขาร	36248	บริขาร
บล็อกๆ	36247	บล็อกๆ
บวน	36246	บวน
บอกใบ้	36245	บอกใบ้
บอบ	36244	บอบ
บังมืด	36243	บังมืด
บังโคลน	36242	บังโคลน
บัณฑิตย์	36241	บัณฑิตย์
บัณฑูร	36240	บัณฑูร
บัวตูม	36239	บัวตูม
บางตา	36238	บางตา
บาทยุคล	36237	บาทยุคล
บำนาญ	36236	บำนาญ
บำรุงบำเรอ	36235	บำรุงบำเรอ
บีฟ	36234	บีฟ
บีเวอร์	36233	บีเวอร์
บุนนาค	36232	บุนนาค
บุรพทิศ	36231	บุรพทิศ
บ่มผิว	36230	บ่มผิว
บ่วงบาศ	36229	บ่วงบาศ
บ้างๆ	36228	บ้างๆ
บ้านจัดสรร	36227	บ้านจัดสรร
บ้าบิ่น	36226	บ้าบิ่น
ปกติวิสัย	36225	ปกติวิสัย
ปกิณกะ	36224	ปกิณกะ
ปฏิคม	36223	ปฏิคม
ปฏิชีวนะ	36222	ปฏิชีวนะ
ปฏิสัมพันธ์	36221	ปฏิสัมพันธ์
ปทานุกรม	36220	ปทานุกรม
ปนๆ	36219	ปนๆ
ปบ	36218	ปบ
ปรอด	36217	ปรอด
ประกันภัย	36216	ประกันภัย
ประกาศิต	36215	ประกาศิต
ประจบประแจง	36214	ประจบประแจง
ประจุไฟฟ้า	36213	ประจุไฟฟ้า
ประชดประชัน	36212	ประชดประชัน
ประดิดประดอย	36211	ประดิดประดอย
ประติชญา	36210	ประติชญา
ประพิมพ์ประพาย	36209	ประพิมพ์ประพาย
ประยุทธ์	36208	ประยุทธ์
ประลาย	36207	ประลาย
ประหยัดๆ	36206	ประหยัดๆ
ประเจิดประเจ้อ	36205	ประเจิดประเจ้อ
ประเดี๋ยวประด๋าว	36204	ประเดี๋ยวประด๋าว
ประเทียบ	36203	ประเทียบ
ประแดง	36202	ประแดง
ประแป้ง	36201	ประแป้ง
ปริก	36200	ปริก
ปริตร	36199	ปริตร
ปรินิพพาน	36198	ปรินิพพาน
ปริยัติ	36197	ปริยัติ
ปริศนาอักษรไขว้	36196	ปริศนาอักษรไขว้
ปรโลก	36195	ปรโลก
ปลก	36194	ปลก
ปลงตก	36193	ปลงตก
ปลดปล่อย	36192	ปลดปล่อย
ปลดออก	36191	ปลดออก
ปลอมปน	36190	ปลอมปน
ปลาทอง	36189	ปลาทอง
ปลายๆ	36188	ปลายๆ
ปลาๆ	36187	ปลาๆ
ปลิ้นปล้อน	36186	ปลิ้นปล้อน
ปลี้ๆ	36185	ปลี้ๆ
ปลุกปล้ำ	36184	ปลุกปล้ำ
ปลุกเสก	36183	ปลุกเสก
ปล่อยเกาะ	36182	ปล่อยเกาะ
ปวดหัวๆ	36181	ปวดหัวๆ
ปอย	36180	ปอย
ปะวะหล่ำ	36179	ปะวะหล่ำ
ปักๆ	36178	ปักๆ
ปัญจวีสติ	36177	ปัญจวีสติ
ปัฏ	36176	ปัฏ
ปัดเป่า	36175	ปัดเป่า
ปับๆ	36174	ปับๆ
ปั๊ม	36173	ปั๊ม
ปากกบ	36172	ปากกบ
ปากกาหมึกซึม	36171	ปากกาหมึกซึม
ปากนก	36170	ปากนก
ปากห่าง	36169	ปากห่าง
ปากเสียง	36168	ปากเสียง
ปากแห้ง	36167	ปากแห้ง
ปาฐก	36166	ปาฐก
ปิฎก	36165	ปิฎก
ปิดตาย	36164	ปิดตาย
ปิตุ	36163	ปิตุ
ปิตุภูมิ	36162	ปิตุภูมิ
ปีกกา	36161	ปีกกา
ปืนสั้น	36160	ปืนสั้น
ปุตตะ	36159	ปุตตะ
ปุบ	36158	ปุบ
ปุบปับ	36157	ปุบปับ
ปุปะ	36156	ปุปะ
ปุๆๆ	36155	ปุๆๆ
ปุ่มป่ำ	36154	ปุ่มป่ำ
ปูนขาว	36153	ปูนขาว
ป้อมๆ	36152	ป้อมๆ
ป้อแป้	36151	ป้อแป้
ป้ำเป๋อ	36150	ป้ำเป๋อ
ผด	36149	ผด
ผมเปีย	36148	ผมเปีย
ผรุสวาท	36147	ผรุสวาท
ผลอ	36146	ผลอ
ผลาผล	36145	ผลาผล
ผลาหาร	36144	ผลาหาร
ผสมผเส	36143	ผสมผเส
ผสมโรง	36142	ผสมโรง
ผอด	36141	ผอด
ผักทอดยอด	36140	ผักทอดยอด
ผัดเพี้ยน	36139	ผัดเพี้ยน
ผันผยอง	36138	ผันผยอง
ผั้บๆ	36137	ผั้บๆ
ผาดแผลง	36136	ผาดแผลง
ผาดๆ	36135	ผาดๆ
ผิดนัด	36134	ผิดนัด
ผิดเมีย	36133	ผิดเมีย
ผืนๆ	36132	ผืนๆ
ผุยผง	36131	ผุยผง
ผูกหู	36130	ผูกหู
ผู้ชายๆ	36129	ผู้ชายๆ
ผู้ชำนาญการ	36128	ผู้ชำนาญการ
ผู้ถาม	36127	ผู้ถาม
ผู้นั้นๆ	36126	ผู้นั้นๆ
ผู้ปฏิบัติงาน	36125	ผู้ปฏิบัติงาน
ผู้รับสาร	36124	ผู้รับสาร
ผู้ลากมากดี	36123	ผู้ลากมากดี
ผู้วิเศษ	36122	ผู้วิเศษ
ผู้สั่งซื้อ	36121	ผู้สั่งซื้อ
ผู้ส่งสาร	36120	ผู้ส่งสาร
ผู้ให่ญ	36119	ผู้ให่ญ
ผ็อย	36118	ผ็อย
ผ่อนชำระ	36117	ผ่อนชำระ
ผ่างๆ	36116	ผ่างๆ
ผ้าย	36115	ผ้าย
ผ้าลูกไม้	36114	ผ้าลูกไม้
ผ้าอาบ	36113	ผ้าอาบ
ผ้าอ้อม	36112	ผ้าอ้อม
ฝักมะขาม	36111	ฝักมะขาม
ฝัด	36110	ฝัด
ฝันเฟื่อง	36109	ฝันเฟื่อง
ฝากไข้	36108	ฝากไข้
ฝีจักร	36107	ฝีจักร
ฝ่ายหน้า	36106	ฝ่ายหน้า
พงษ์	36105	พงษ์
พนัง	36104	พนัง
พนาสัณฑ์	36103	พนาสัณฑ์
พยับ	36102	พยับ
พยับฝน	36101	พยับฝน
พรหมวิหาร	36100	พรหมวิหาร
พระกระแสรับสั่ง	36099	พระกระแสรับสั่ง
พระประสงค์	36098	พระประสงค์
พระปรีชาสามารถ	36097	พระปรีชาสามารถ
พระพันปีหลวง	36096	พระพันปีหลวง
พระราชานุญาต	36095	พระราชานุญาต
พระวิจารณ์	36094	พระวิจารณ์
พระองค์ๆ	36093	พระองค์ๆ
พระแท่น	36092	พระแท่น
พรึบ	36091	พรึบ
พลการ	36090	พลการ
พลขันธ์	36089	พลขันธ์
พลีท	36088	พลีท
พล่อยๆ	36087	พล่อยๆ
พอทำเนา	36086	พอทำเนา
พะเยิบพะยาบ	36085	พะเยิบพะยาบ
พังพาน	36084	พังพาน
พัทธสีมา	36083	พัทธสีมา
พันจ่า	36082	พันจ่า
พันธมิตร	36081	พันธมิตร
พันเอิญ	36080	พันเอิญ
พันโท	36079	พันโท
พับๆ	36078	พับๆ
พั่บๆ	36077	พั่บๆ
พาณิชยกรรม	36076	พาณิชยกรรม
พาเหรด	36075	พาเหรด
พินทุ	36074	พินทุ
พินัย	36073	พินัย
พินิต	36072	พินิต
พิมล	36071	พิมล
พิศๆ	36070	พิศๆ
พีระมิด	36069	พีระมิด
พุทธจักร	36068	พุทธจักร
พุทธันดร	36067	พุทธันดร
พุทธาวาส	36066	พุทธาวาส
พ่าห์	36065	พ่าห์
ฟรังค์	36064	ฟรังค์
ฟองอากาศ	36063	ฟองอากาศ
ฟอน	36062	ฟอน
ฟันฝ่า	36061	ฟันฝ่า
ฟันหลอ	36060	ฟันหลอ
ฟั่นเฝือ	36059	ฟั่นเฝือ
ฟาย	36058	ฟาย
ฟี้	36057	ฟี้
ฟุ	36056	ฟุ
ฟุตบอลประเพณี	36055	ฟุตบอลประเพณี
ฟุ้งกระจาย	36054	ฟุ้งกระจาย
ฟูฟ่อง	36053	ฟูฟ่อง
ฟูๆ	36052	ฟูๆ
ภาคิไนย	36051	ภาคิไนย
ภาพลวงตา	36050	ภาพลวงตา
ภุขัน	36049	ภุขัน
ภุช	36048	ภุช
ภุมริน	36047	ภุมริน
ภูบดินทร์	36046	ภูบดินทร์
ภูมิคุ้มกัน	36045	ภูมิคุ้มกัน
ภูมิธรรม	36044	ภูมิธรรม
ภูมิบาล	36043	ภูมิบาล
ภูริ	36042	ภูริ
มนุ	36041	มนุ
มมังการ	36040	มมังการ
มรรคนายก	36039	มรรคนายก
มวยปล้ำ	36038	มวยปล้ำ
มวยไทย	36037	มวยไทย
มหิ	36036	มหิ
มหิงส์	36035	มหิงส์
มหู	36034	มหู
มอเตอร์	36033	มอเตอร์
มะขวิด	36032	มะขวิด
มะดัน	36031	มะดัน
มะเส็ง	36030	มะเส็ง
มะแม	36029	มะแม
มัดๆ	36028	มัดๆ
มัธะยม	36027	มัธะยม
มัสมั่น	36026	มัสมั่น
มั่วมูล	36025	มั่วมูล
มาตราพฤติ	36024	มาตราพฤติ
มานุษยวิทยา	36023	มานุษยวิทยา
มายากล	36022	มายากล
มารุมมาตุ้ม	36021	มารุมมาตุ้ม
มาลย์	36020	มาลย์
มาลาเรีย	36019	มาลาเรีย
มิจฉา	36018	มิจฉา
มิชชันนารี	36017	มิชชันนารี
มิดหมี	36016	มิดหมี
มิตรจิตมิตรใจ	36015	มิตรจิตมิตรใจ
มิถิลา	36014	มิถิลา
มีชู้	36013	มีชู้
มึนชา	36012	มึนชา
มืดฟ้ามัวดิน	36011	มืดฟ้ามัวดิน
มือดี	36010	มือดี
มือบอน	36009	มือบอน
มืออ่อน	36008	มืออ่อน
มือๆ	36007	มือๆ
มุขเด็จ	36006	มุขเด็จ
มุทิตา	36005	มุทิตา
มุมฉาก	36004	มุมฉาก
มุมๆ	36003	มุมๆ
มุ่งมาด	36002	มุ่งมาด
มูๆ	36001	มูๆ
มูๆๆ	36000	มูๆๆ
ม่วน	35999	ม่วน
ม้วนๆ	35998	ม้วนๆ
ม้าลาย	35997	ม้าลาย
ยวบ	35996	ยวบ
ยองยอง	35995	ยองยอง
ยับย่อย	35994	ยับย่อย
ยั้ว	35993	ยั้ว
ยาตรา	35992	ยาตรา
ยาแดง	35991	ยาแดง
ยิ่นดี	35990	ยิ่นดี
ยี่หร่า	35989	ยี่หร่า
ยุทธศาสตร์	35988	ยุทธศาสตร์
ยุทโธปกรณ์	35987	ยุทโธปกรณ์
ยุรยาตร	35986	ยุรยาตร
ยุ่งใจ	35985	ยุ่งใจ
ยูเนสโก	35984	ยูเนสโก
ย้ายบ้าน	35983	ย้ายบ้าน
รกเรี้ยว	35982	รกเรี้ยว
รติ	35981	รติ
รถเก๋ง	35980	รถเก๋ง
รมยา	35979	รมยา
รวก	35978	รวก
รวยริน	35977	รวยริน
ระคาง	35976	ระคาง
ระดู	35975	ระดู
ระรวย	35974	ระรวย
ระวังๆ	35973	ระวังๆ
รักบี้	35972	รักบี้
รังกา	35971	รังกา
รังสิ	35970	รังสิ
รัษฎากร	35969	รัษฎากร
รากศัพท์	35968	รากศัพท์
ราชกิจจานุเบกษา	35967	ราชกิจจานุเบกษา
ราชธรรม	35966	ราชธรรม
ราชาคณะ	35965	ราชาคณะ
ราบๆ	35964	ราบๆ
ราพณ์	35963	ราพณ์
รำมะนา	35962	รำมะนา
รำเพย	35961	รำเพย
รำโคม	35960	รำโคม
ริบบิ้น	35959	ริบบิ้น
รีบรุด	35958	รีบรุด
รุสเซีย	35957	รุสเซีย
รุ่มร่าม	35956	รุ่มร่าม
รุ้งกินน้ำ	35955	รุ้งกินน้ำ
รู้คิดรู้อ่าน	35954	รู้คิดรู้อ่าน
รู้ๆ	35953	รู้ๆ
ร่มเกล้า	35952	ร่มเกล้า
ร่วมอุทร	35951	ร่วมอุทร
ร่องน้ำ	35950	ร่องน้ำ
ร้องห่มร้องไห้	35949	ร้องห่มร้องไห้
ลงอาชญา	35948	ลงอาชญา
ลบโลก	35947	ลบโลก
ลมจับ	35946	ลมจับ
ลมปราณ	35945	ลมปราณ
ลมพัดชายเขา	35944	ลมพัดชายเขา
ลมเพลมพัด	35943	ลมเพลมพัด
ลวนลาม	35942	ลวนลาม
ลอตเตอรี่	35941	ลอตเตอรี่
ลอร์ด	35940	ลอร์ด
ละมั่ง	35939	ละมั่ง
ละลด	35938	ละลด
ละวาง	35937	ละวาง
ลักยิ้ม	35936	ลักยิ้ม
ลักษมี	35935	ลักษมี
ลัดวงจร	35934	ลัดวงจร
ลาวัณย์	35933	ลาวัณย์
ลิ่น	35932	ลิ่น
ลี่	35931	ลี่
ลุงๆ	35930	ลุงๆ
ลูกกลิ้ง	35929	ลูกกลิ้ง
ลูกครึ่ง	35928	ลูกครึ่ง
ลูกดอก	35927	ลูกดอก
ลูกท่านหลานเธอ	35926	ลูกท่านหลานเธอ
ลูกบาศก์	35925	ลูกบาศก์
ลูกโยน	35924	ลูกโยน
ลูบๆ	35923	ลูบๆ
ล่วงเวลา	35922	ล่วงเวลา
ล่องหน	35921	ล่องหน
ล่อๆ	35920	ล่อๆ
ล่ะๆ	35919	ล่ะๆ
ล่างๆ	35918	ล่างๆ
ล้มทั้งยืน	35917	ล้มทั้งยืน
ล้าย	35916	ล้าย
วกๆ	35915	วกๆ
วรรณพฤติ	35914	วรรณพฤติ
วรุณ	35913	วรุณ
วอกแวก	35912	วอกแวก
วัค	35911	วัค
วัคซีน	35910	วัคซีน
วัช	35909	วัช
วัชระ	35908	วัชระ
วัชรี	35907	วัชรี
วับแวม	35906	วับแวม
วัวตัวผู้	35905	วัวตัวผู้
วาจก	35904	วาจก
วาสุกรี	35903	วาสุกรี
วิจักษ์	35902	วิจักษ์
วิจิตรพิสดาร	35901	วิจิตรพิสดาร
วิชชา	35900	วิชชา
วิชาธร	35899	วิชาธร
วิดีโอ	35898	วิดีโอ
วิทูร	35897	วิทูร
วินด์	35896	วินด์
วิปลาส	35895	วิปลาส
วิปัสสนา	35894	วิปัสสนา
วิว	35893	วิว
วิวาหะ	35892	วิวาหะ
วิสัยทัศน์	35891	วิสัยทัศน์
วุ้นเส้น	35890	วุ้นเส้น
ว้าว	35889	ว้าว
ศรีวิชัย	35888	ศรีวิชัย
ศักดา	35887	ศักดา
ศัลยแพทย์	35886	ศัลยแพทย์
ศานต์	35885	ศานต์
ศาสนูปถัมภก	35884	ศาสนูปถัมภก
ศิระ	35883	ศิระ
ศุทธิ	35882	ศุทธิ
ษมา	35881	ษมา
สงครามกลางเมือง	35880	สงครามกลางเมือง
สดคาว	35879	สดคาว
สดับตรับฟัง	35878	สดับตรับฟัง
สตร๊าฟ	35877	สตร๊าฟ
สตาร์ท	35876	สตาร์ท
สตีม	35875	สตีม
สถานที่ๆ	35874	สถานที่ๆ
สถุล	35873	สถุล
สบประมาท	35872	สบประมาท
สมนาคุณ	35871	สมนาคุณ
สมบัติผู้ดี	35870	สมบัติผู้ดี
สมุทัย	35869	สมุทัย
สมุหนายก	35868	สมุหนายก
สรวลเสเฮฮา	35867	สรวลเสเฮฮา
สรเสริญ	35866	สรเสริญ
สลักเสลา	35865	สลักเสลา
สลุต	35864	สลุต
สวบๆ	35863	สวบๆ
สวัสดิภาพ	35862	สวัสดิภาพ
สวางคบุรี	35861	สวางคบุรี
สอยไร	35860	สอยไร
สะบัดร้อนสะบัดหนาว	35859	สะบัดร้อนสะบัดหนาว
สะบ้า	35858	สะบ้า
สะใจ	35857	สะใจ
สังกะตัง	35856	สังกะตัง
สังคมศึกษา	35855	สังคมศึกษา
สังฆกรรม	35854	สังฆกรรม
สังฆการี	35853	สังฆการี
สังฆปาโมกข์	35852	สังฆปาโมกข์
สังฆาวาส	35851	สังฆาวาส
สังวาส	35850	สังวาส
สังเวียน	35849	สังเวียน
สัททุลวิกกีฬิต	35848	สัททุลวิกกีฬิต
สัทศาสตร์	35847	สัทศาสตร์
สันป่าตอง	35846	สันป่าตอง
สับปลับ	35845	สับปลับ
สัมมาชีพ	35844	สัมมาชีพ
สัมโพธิ	35843	สัมโพธิ
สาธารณภัย	35842	สาธารณภัย
สาธารณูปโภค	35841	สาธารณูปโภค
สาปสรร	35840	สาปสรร
สามนตราช	35839	สามนตราช
สามัญสำนึก	35838	สามัญสำนึก
สายระโยง	35837	สายระโยง
สายรุ้ง	35836	สายรุ้ง
สายสมร	35835	สายสมร
สายสวาท	35834	สายสวาท
สารนิเทศ	35833	สารนิเทศ
สารประกอบ	35832	สารประกอบ
สารละลาย	35831	สารละลาย
สารัตถภาพ	35830	สารัตถภาพ
สาสน	35829	สาสน
สิงสาราสัตว์	35828	สิงสาราสัตว์
สิทธาจารย์	35827	สิทธาจารย์
สินธุ	35826	สินธุ
สิลา	35825	สิลา
สิเนรุ	35824	สิเนรุ
สิ่งละอันพันละน้อย	35823	สิ่งละอันพันละน้อย
สิ่งๆ	35822	สิ่งๆ
สีสา	35821	สีสา
สีสุก	35820	สีสุก
สุกี้	35819	สุกี้
สุขนาฏกรรม	35818	สุขนาฏกรรม
สุขลักษณะ	35817	สุขลักษณะ
สุดเสียงสังข์	35816	สุดเสียงสังข์
สุมๆ	35815	สุมๆ
สุรารักษ์	35814	สุรารักษ์
สุริยคติ	35813	สุริยคติ
สุลต่าน	35812	สุลต่าน
สูบเลือด	35811	สูบเลือด
สูร	35810	สูร
สูเจ้า	35809	สูเจ้า
สโคป	35808	สโคป
สโตน	35807	สโตน
ส่วนสัด	35806	ส่วนสัด
ส่วนหน้า	35805	ส่วนหน้า
ส้มมะขาม	35804	ส้มมะขาม
ส้มๆ	35803	ส้มๆ
หงัก	35802	หงัก
หงายหลัง	35801	หงายหลัง
หดหาย	35800	หดหาย
หนวก	35799	หนวก
หนังกำพร้า	35798	หนังกำพร้า
หนาด	35797	หนาด
หนาตา	35796	หนาตา
หนูผี	35795	หนูผี
หน็อยแน่	35794	หน็อยแน่
หน่ายหนี	35793	หน่ายหนี
หน้างอก	35792	หน้างอก
หน้าจ๋อย	35791	หน้าจ๋อย
หน้าบาง	35790	หน้าบาง
หน้าเลือด	35789	หน้าเลือด
หมดรูป	35788	หมดรูป
หมากพร้าว	35787	หมากพร้าว
หมากอีแปะ	35786	หมากอีแปะ
หมายมั่นปั้นมือ	35785	หมายมั่นปั้นมือ
หมิ่นๆ	35784	หมิ่นๆ
หมื่นๆ	35783	หมื่นๆ
หมูสี	35782	หมูสี
หมูแฮม	35781	หมูแฮม
หม่นไหม้	35780	หม่นไหม้
หยวนๆ	35779	หยวนๆ
หยองๆ	35778	หยองๆ
หยักศก	35777	หยักศก
หยับ	35776	หยับ
หยั่งทราบ	35775	หยั่งทราบ
หยากไย่	35774	หยากไย่
หยาดน้ำค้าง	35773	หยาดน้ำค้าง
หยาดฟ้า	35772	หยาดฟ้า
หยิบยื่น	35771	หยิบยื่น
หยุมหยิม	35770	หยุมหยิม
หยุ่น	35769	หยุ่น
หริ่งๆ	35768	หริ่งๆ
หรี่ๆ	35767	หรี่ๆ
หรือๆ	35766	หรือๆ
หฤหรรษ์	35765	หฤหรรษ์
หลวม	35764	หลวม
หลักแจว	35763	หลักแจว
หลับใน	35762	หลับใน
หวอดๆ	35761	หวอดๆ
หวีๆ	35760	หวีๆ
หอกซัด	35759	หอกซัด
หอง	35758	หอง
หักหลัง	35757	หักหลัง
หัตถศึกษา	35756	หัตถศึกษา
หันๆ	35755	หันๆ
หัวกะทิ	35754	หัวกะทิ
หัวซุนๆ	35753	หัวซุนๆ
หัวต่อ	35752	หัวต่อ
หัวปักหัวปำ	35751	หัวปักหัวปำ
หัวป่า	35750	หัวป่า
หัวหมู	35749	หัวหมู
หัวเถิก	35748	หัวเถิก
หัวเรี่ยวหัวแรง	35747	หัวเรี่ยวหัวแรง
หัวแม่เท้า	35746	หัวแม่เท้า
หัวโล้น	35745	หัวโล้น
หางปลา	35744	หางปลา
หาบๆ	35743	หาบๆ
หินงอก	35742	หินงอก
หินโสโครก	35741	หินโสโครก
หีบห่อ	35740	หีบห่อ
หืด	35739	หืด
หูทวนลม	35738	หูทวนลม
หูหนู	35737	หูหนู
ห่วย	35736	ห่วย
ห้องเครื่อง	35735	ห้องเครื่อง
ห้ามทัพ	35734	ห้ามทัพ
ห้ามล้อ	35733	ห้ามล้อ
ห้าวๆ	35732	ห้าวๆ
อกร่อง	35731	อกร่อง
อกหัก	35730	อกหัก
อดตาหลับขับตานอน	35729	อดตาหลับขับตานอน
อธิการ	35728	อธิการ
อนนต์	35727	อนนต์
อนาคามี	35726	อนาคามี
อนิจ	35725	อนิจ
อนุช	35724	อนุช
อนุวัต	35723	อนุวัต
อบายภูมิ	35722	อบายภูมิ
อภิบาล	35721	อภิบาล
อภิรัฐมนตรี	35720	อภิรัฐมนตรี
อมก๋อย	35719	อมก๋อย
อมตะ	35718	อมตะ
อมพะนำ	35717	อมพะนำ
อยู่ดีกินดี	35716	อยู่ดีกินดี
อย่างๆ	35715	อย่างๆ
อรหัง	35714	อรหัง
อรัญวาสี	35713	อรัญวาสี
อลูมิเนียม	35712	อลูมิเนียม
อลเวง	35711	อลเวง
อสุ	35710	อสุ
อหิวาตกโรค	35709	อหิวาตกโรค
ออกญา	35708	ออกญา
ออกฝี	35707	ออกฝี
ออกฝีดาษ	35706	ออกฝีดาษ
ออดอ้อน	35705	ออดอ้อน
ออมทรัพย์	35704	ออมทรัพย์
ออสเตรีย	35703	ออสเตรีย
อะลูมิเนียม	35702	อะลูมิเนียม
อัคนิโหตร	35701	อัคนิโหตร
อังกะลุง	35700	อังกะลุง
อัญชัน	35699	อัญชัน
อัฐบริขาร	35698	อัฐบริขาร
อัดสำเนา	35697	อัดสำเนา
อัปราชัย	35696	อัปราชัย
อัสดง	35695	อัสดง
อาคเนย์	35694	อาคเนย์
อาญาสิทธิ์	35693	อาญาสิทธิ์
อาดๆ	35692	อาดๆ
อานนท์	35691	อานนท์
อาบเหงื่อต่างน้ำ	35690	อาบเหงื่อต่างน้ำ
อารบิค	35689	อารบิค
อารยะ	35688	อารยะ
อาลัยอาวรณ์	35687	อาลัยอาวรณ์
อาๆ	35686	อาๆ
อำเภอใจ	35685	อำเภอใจ
อิก	35684	อิก
อิหร่าน	35683	อิหร่าน
อีก้อ	35682	อีก้อ
อีสุกอีใส	35681	อีสุกอีใส
อีแร้ง	35680	อีแร้ง
อื้น	35679	อื้น
อื้อฉาว	35678	อื้อฉาว
อุจจาระ	35677	อุจจาระ
อุทกธาร	35676	อุทกธาร
อุบาสก	35675	อุบาสก
อุปกิเลส	35674	อุปกิเลส
อุปโลกน์	35673	อุปโลกน์
อุษาโยค	35672	อุษาโยค
อุไร	35671	อุไร
อุ้ย	35670	อุ้ย
อุ๊บ	35669	อุ๊บ
อเนกประสงค์	35668	อเนกประสงค์
อ่อนข้อ	35667	อ่อนข้อ
อ่อนปวกเปียก	35666	อ่อนปวกเปียก
อ้ม	35665	อ้ม
อ้อๆ	35664	อ้อๆ
อ๊าย	35663	อ๊าย
ฮวงซุ้ย	35662	ฮวงซุ้ย
ฮอร์โมน	35661	ฮอร์โมน
ฮอลล์	35660	ฮอลล์
ฮัก	35659	ฮัก
ฮัดๆ	35658	ฮัดๆ
ฮันนีมูน	35657	ฮันนีมูน
ฮิปโป	35656	ฮิปโป
ฮึม	35655	ฮึม
ฮึ้ย	35654	ฮึ้ย
เกรงอกเกรงใจ	35653	เกรงอกเกรงใจ
เกรียง	35652	เกรียง
เกรี้ยว	35651	เกรี้ยว
เกร่อ	35650	เกร่อ
เกลียวกลม	35649	เกลียวกลม
เกลือกกลั้ว	35648	เกลือกกลั้ว
เกส	35647	เกส
เกะ	35646	เกะ
เกะๆ	35645	เกะๆ
เกาเหลา	35644	เกาเหลา
เกี๋ยง	35643	เกี๋ยง
เกือกม้า	35642	เกือกม้า
เก็บเนื้อเก็บตัว	35641	เก็บเนื้อเก็บตัว
เก้อๆ	35640	เก้อๆ
เขม	35639	เขม
เขม้นขะมัก	35638	เขม้นขะมัก
เขวๆ	35637	เขวๆ
เขาๆ	35636	เขาๆ
เขี้ยวกระแต	35635	เขี้ยวกระแต
เขี้ยวหมา	35634	เขี้ยวหมา
เข็มหมุด	35633	เข็มหมุด
เข่งๆ	35632	เข่งๆ
เข่นเขี้ยว	35631	เข่นเขี้ยว
เข้	35630	เข้
เข้ากระดูกดำ	35629	เข้ากระดูกดำ
เข้าตำรา	35628	เข้าตำรา
เข้าฝัน	35627	เข้าฝัน
เคมีภัณฑ์	35626	เคมีภัณฑ์
เครง	35625	เครง
เครื่องกรองอากาศ	35624	เครื่องกรองอากาศ
เครื่องกัณฑ์	35623	เครื่องกัณฑ์
เครื่องกิน	35622	เครื่องกิน
เครื่องคิดเลข	35621	เครื่องคิดเลข
เครื่องอุปกรณ์	35620	เครื่องอุปกรณ์
เครื่องเขิน	35619	เครื่องเขิน
เคลีย	35618	เคลีย
เคียงบ่าเคียงไหล่	35617	เคียงบ่าเคียงไหล่
เคี่ยม	35616	เคี่ยม
เคเบิล	35615	เคเบิล
เงินต้น	35614	เงินต้น
เงินเชื่อ	35613	เงินเชื่อ
เง้า	35612	เง้า
เจดียสถาน	35611	เจดียสถาน
เจต	35610	เจต
เจตคติ	35609	เจตคติ
เจริญเติบโต	35608	เจริญเติบโต
เจีย	35607	เจีย
เจียงๆ	35606	เจียงๆ
เจ็บแสบ	35605	เจ็บแสบ
เจ้าหน้า	35604	เจ้าหน้า
เจ้าหลวง	35603	เจ้าหลวง
เจ๋ง	35602	เจ๋ง
เฉิดฉัน	35601	เฉิดฉัน
เชลยศักดิ์	35600	เชลยศักดิ์
เชิงกราน	35599	เชิงกราน
เชิดหุ่น	35598	เชิดหุ่น
เซรามิก	35597	เซรามิก
เซียว	35596	เซียว
เซ่อๆ	35595	เซ่อๆ
เฌอ	35594	เฌอ
เดชนะ	35593	เดชนะ
เดรท	35592	เดรท
เดินเทียน	35591	เดินเทียน
เดินเหิน	35590	เดินเหิน
เดี้ย	35589	เดี้ย
เดโช	35588	เดโช
เด็กชา	35587	เด็กชา
เด็จ	35586	เด็จ
เด๋อๆ	35585	เด๋อๆ
เตร็ด	35584	เตร็ด
เตอะ	35583	เตอะ
เตียนๆ	35582	เตียนๆ
เต็มอัตรา	35581	เต็มอัตรา
เต่ง	35580	เต่ง
เถลิงถวัลยราชสมบัติ	35579	เถลิงถวัลยราชสมบัติ
เทนนิส	35578	เทนนิส
เทพนิยาย	35577	เทพนิยาย
เทิน	35576	เทิน
เท็จๆ	35575	เท็จๆ
เท้าช้าง	35574	เท้าช้าง
เนิบๆ	35573	เนิบๆ
เนื้อตาย	35572	เนื้อตาย
เนื้อเยื่อ	35571	เนื้อเยื่อ
เบคอน	35570	เบคอน
เบญจศีล	35569	เบญจศีล
เบต้า	35568	เบต้า
เบอะ	35567	เบอะ
เบามือ	35566	เบามือ
เบิกอรุณ	35565	เบิกอรุณ
เบียดบัง	35564	เบียดบัง
เบี้ยล่าง	35563	เบี้ยล่าง
เบี้ยเลี้ยง	35562	เบี้ยเลี้ยง
เบื้อ	35561	เบื้อ
เบ็ดเสร็จ	35560	เบ็ดเสร็จ
เบ้า	35559	เบ้า
เปรียว	35558	เปรียว
เปรียะ	35557	เปรียะ
เปอร์เซนต์	35556	เปอร์เซนต์
เปะ	35555	เปะ
เปิก	35554	เปิก
เปิ่นๆ	35553	เปิ่นๆ
เปื่อยๆ	35552	เปื่อยๆ
เป่ง	35551	เป่ง
เป่าหลอด	35550	เป่าหลอด
เป้	35549	เป้
เป้อเย้อ	35548	เป้อเย้อ
เผด็จ	35547	เผด็จ
เผอเรอ	35546	เผอเรอ
เผื่อน	35545	เผื่อน
เฝื่อนๆ	35544	เฝื่อนๆ
เพกา	35543	เพกา
เพรางาย	35542	เพรางาย
เพรียวลม	35541	เพรียวลม
เพส	35540	เพส
เพา	35539	เพา
เพาะเลี้ยง	35538	เพาะเลี้ยง
เพื่อนเกลอ	35537	เพื่อนเกลอ
เมทนี	35536	เมทนี
เมนต์	35535	เมนต์
เมามัน	35534	เมามัน
เมือก	35533	เมือก
เมืองๆ	35532	เมืองๆ
เม้าส์	35531	เม้าส์
เยาวเรศ	35530	เยาวเรศ
เยาะๆ	35529	เยาะๆ
เยียดยัด	35528	เยียดยัด
เยียน	35527	เยียน
เยือก	35526	เยือก
เยื้อน	35525	เยื้อน
เย็นเยือก	35524	เย็นเยือก
เย้	35523	เย้
เราะราย	35522	เราะราย
เรียนปฏิบัติ	35521	เรียนปฏิบัติ
เรี่ยๆ	35520	เรี่ยๆ
เรืองๆ	35519	เรืองๆ
เรือนจำ	35518	เรือนจำ
เรือนร่าง	35517	เรือนร่าง
เรื่องเล่า	35516	เรื่องเล่า
เรื้อ	35515	เรื้อ
เรื้อน	35514	เรื้อน
เร่อ	35513	เร่อ
เร่อร่า	35512	เร่อร่า
เร่าๆ	35511	เร่าๆ
เลบง	35510	เลบง
เลอะๆ	35509	เลอะๆ
เลียม	35508	เลียม
เลียว	35507	เลียว
เลี่ยม	35506	เลี่ยม
เลื่อนที่	35505	เลื่อนที่
เลื่อนเปื้อน	35504	เลื่อนเปื้อน
เล็บครุฑ	35503	เล็บครุฑ
เล็บมือนาง	35502	เล็บมือนาง
เวลส์	35501	เวลส์
เวียนนา	35500	เวียนนา
เว้าวอน	35499	เว้าวอน
เสพย์	35498	เสพย์
เสมอตัว	35497	เสมอตัว
เสมอนอก	35496	เสมอนอก
เสมอบ่าเสมอไหล่	35495	เสมอบ่าเสมอไหล่
เสร็จๆ	35494	เสร็จๆ
เสลดพังพอน	35493	เสลดพังพอน
เสลือกสลน	35492	เสลือกสลน
เสสรวล	35491	เสสรวล
เสียกล	35490	เสียกล
เสี่ยงภัย	35489	เสี่ยงภัย
เสือกสน	35488	เสือกสน
เสื่อลำแพน	35487	เสื่อลำแพน
เสื้อกล้าม	35486	เสื้อกล้าม
เสื้อแสง	35485	เสื้อแสง
เสโท	35484	เสโท
เส้นผ่านศูนย์กลาง	35483	เส้นผ่านศูนย์กลาง
เส้นแข็ง	35482	เส้นแข็ง
เหตุบังเอิญ	35481	เหตุบังเอิญ
เหนี่ยง	35480	เหนี่ยง
เหนื่อยๆ	35479	เหนื่อยๆ
เหน็บชา	35478	เหน็บชา
เหน่อๆ	35477	เหน่อๆ
เหย	35476	เหย
เหย่งๆ	35475	เหย่งๆ
เหลือรับ	35474	เหลือรับ
เหลือร้าย	35473	เหลือร้าย
เหลือๆ	35472	เหลือๆ
เหิมหาญ	35471	เหิมหาญ
เหียง	35470	เหียง
เห็จ	35469	เห็จ
เห่อเหิม	35468	เห่อเหิม
เอกเขนก	35467	เอกเขนก
เอกโทษ	35466	เอกโทษ
เอาบุญเอาคุณ	35465	เอาบุญเอาคุณ
เอาใหญ่	35464	เอาใหญ่
เอิก	35463	เอิก
เอียด	35462	เอียด
เอือน	35461	เอือน
เอเคอร์	35460	เอเคอร์
เอเชียน	35459	เอเชียน
แกร็นๆ	35458	แกร็นๆ
แกลน	35457	แกลน
แกแล	35456	แกแล
แก่นแก้ว	35455	แก่นแก้ว
แก้ปัญหา	35454	แก้ปัญหา
แขยง	35453	แขยง
แข็งข้อ	35452	แข็งข้อ
แคนาดา	35451	แคนาดา
แคปซูล	35450	แคปซูล
แคระๆ	35449	แคระๆ
แควก	35448	แควก
แคโรทีน	35447	แคโรทีน
แจ็กเก็ต	35446	แจ็กเก็ต
แจ้งๆ	35445	แจ้งๆ
แจ้น	35444	แจ้น
แจ๋	35443	แจ๋
แซ่ดๆ	35442	แซ่ดๆ
แด่น	35441	แด่น
แด่วๆ	35440	แด่วๆ
แถน	35439	แถน
แทรกๆ	35438	แทรกๆ
แท่	35437	แท่
แนวตั้ง	35436	แนวตั้ง
แน่แน่ว	35435	แน่แน่ว
แบงค์	35434	แบงค์
แบดมินตัน	35433	แบดมินตัน
แบ๊ง	35432	แบ๊ง
แบ๊งก์	35431	แบ๊งก์
แปรงสีฟัน	35430	แปรงสีฟัน
แป๊ด	35429	แป๊ด
แผนงาน	35428	แผนงาน
แผ่ขยาย	35427	แผ่ขยาย
แผ่นกรอง	35426	แผ่นกรอง
แพทยศาสตร์	35425	แพทยศาสตร์
แพ้รู้	35424	แพ้รู้
แพ้เปรียบ	35423	แพ้เปรียบ
แฟชั่น	35422	แฟชั่น
แฟร์	35421	แฟร์
แมวเซา	35420	แมวเซา
แม่ธรณี	35419	แม่ธรณี
แม่พิมพ์	35418	แม่พิมพ์
แม่สะเรียง	35417	แม่สะเรียง
แม่เจ้าโว้ย	35416	แม่เจ้าโว้ย
แม่ๆ	35415	แม่ๆ
แยกๆ	35414	แยกๆ
แยบ	35413	แยบ
แรกเริ่มเดิมที	35412	แรกเริ่มเดิมที
แรคคูน	35411	แรคคูน
แวด	35410	แวด
แสก	35409	แสก
แหงๆ	35408	แหงๆ
แหนงหน่าย	35407	แหนงหน่าย
แหนงใจ	35406	แหนงใจ
แหนบ	35405	แหนบ
แหยม	35404	แหยม
แหยะๆ	35403	แหยะๆ
แหยๆ	35402	แหยๆ
แหลกเหลว	35401	แหลกเหลว
แหลน	35400	แหลน
แหล่งหล้า	35399	แหล่งหล้า
แหล่งเสื่อมโทรม	35398	แหล่งเสื่อมโทรม
แอดๆ	35397	แอดๆ
แอบอ้าง	35396	แอบอ้าง
แอร่ม	35395	แอร่ม
แอร์	35394	แอร์
แอหนัง	35393	แอหนัง
แอ๊ด	35392	แอ๊ด
แอ๋	35391	แอ๋
แฮ่กๆ	35390	แฮ่กๆ
โกร๋น	35389	โกร๋น
โกโรโกโส	35388	โกโรโกโส
โขยกๆ	35387	โขยกๆ
โขลงๆ	35386	โขลงๆ
โจ่งแจ้ง	35385	โจ่งแจ้ง
โฉมเฉลา	35384	โฉมเฉลา
โซซัดโซเซ	35383	โซซัดโซเซ
โซเซๆ	35382	โซเซๆ
โดดร่ม	35381	โดดร่ม
โด่	35380	โด่
โด่เด่	35379	โด่เด่
โตมร	35378	โตมร
โถงๆ	35377	โถงๆ
โถนม	35376	โถนม
โถ่	35375	โถ่
โท่	35374	โท่
โผย	35373	โผย
โผล่ๆ	35372	โผล่ๆ
โพด	35371	โพด
โพละ	35370	โพละ
โพแทสเซียม	35369	โพแทสเซียม
โภคทรัพย์	35368	โภคทรัพย์
โยธิน	35367	โยธิน
โยโส	35366	โยโส
โย้	35365	โย้
โรงเรียนประจำ	35364	โรงเรียนประจำ
โรงไฟฟ้า	35363	โรงไฟฟ้า
โรยรา	35362	โรยรา
โรยหน้า	35361	โรยหน้า
โรหิต	35360	โรหิต
โลกธาตุ	35359	โลกธาตุ
โลกาภิวัตน์	35358	โลกาภิวัตน์
โลกุตรธรรม	35357	โลกุตรธรรม
โลมา	35356	โลมา
โล่งๆๆ	35355	โล่งๆๆ
โศลก	35354	โศลก
โสดาบัน	35353	โสดาบัน
โสมม	35352	โสมม
โหดเหี้ยม	35351	โหดเหี้ยม
โหมด	35350	โหมด
โหวงเหวง	35349	โหวงเหวง
โอก	35348	โอก
โอฆบุรี	35347	โอฆบุรี
โอนกรรมสิทธิ์	35346	โอนกรรมสิทธิ์
โอภาปราศรัย	35345	โอภาปราศรัย
โอฬาริก	35344	โอฬาริก
โฮกฮาก	35343	โฮกฮาก
ใจจืด	35342	ใจจืด
ใจน้อยๆ	35341	ใจน้อยๆ
ใช่ๆ	35340	ใช่ๆ
ใช้คำ	35339	ใช้คำ
ใต้เท้ากรุณาเจ้า	35338	ใต้เท้ากรุณาเจ้า
ใบสำคัญ	35337	ใบสำคัญ
ใบเงิน	35336	ใบเงิน
ใบเบิก	35335	ใบเบิก
ใบโพ	35334	ใบโพ
ใส่ไคล้	35333	ใส่ไคล้
ให้ท่า	35332	ให้ท่า
ให้หา	35331	ให้หา
ไก๋	35330	ไก๋
ไข่จิ้งจก	35329	ไข่จิ้งจก
ไข่เน่า	35328	ไข่เน่า
ไข่เหา	35327	ไข่เหา
ไข่ๆ	35326	ไข่ๆ
ไข้ใจ	35325	ไข้ใจ
ไค	35324	ไค
ไซด์บอร์ด	35323	ไซด์บอร์ด
ได้ท่า	35322	ได้ท่า
ไตรจีวร	35321	ไตรจีวร
ไตรตรา	35320	ไตรตรา
ไตรทวาร	35319	ไตรทวาร
ไต่ลวด	35318	ไต่ลวด
ไต้ก๋ง	35317	ไต้ก๋ง
ไต้ฝุ่น	35316	ไต้ฝุ่น
ไถกลบ	35315	ไถกลบ
ไถๆ	35314	ไถๆ
ไถ้	35313	ไถ้
ไทยใหญ่	35312	ไทยใหญ่
ไฝ	35311	ไฝ
ไพรสณฑ์	35310	ไพรสณฑ์
ไพริน	35309	ไพริน
ไพร์	35308	ไพร์
ไม่ชอบมาพากล	35307	ไม่ชอบมาพากล
ไม้ดอก	35306	ไม้ดอก
ไม้ผล	35305	ไม้ผล
ไม้สอย	35304	ไม้สอย
ไม้หมอน	35303	ไม้หมอน
ไม้ไผ่	35302	ไม้ไผ่
ไวพจน์	35301	ไวพจน์
ไว้ตัว	35300	ไว้ตัว
ไส้ติ่ง	35299	ไส้ติ่ง
ไหซอง	35298	ไหซอง
ไหมทอง	35297	ไหมทอง
ไหลๆ	35296	ไหลๆ
ไห่	35295	ไห่
ไอศุริยสมบัติ	35294	ไอศุริยสมบัติ
กฎข้อบังคับ	35293	กฎข้อบังคับ
กตัญญุตา	35292	กตัญญุตา
กรงขัง	35291	กรงขัง
กรงทอง	35290	กรงทอง
กรมวัง	35289	กรมวัง
กรมอุตุนิยมวิทยา	35288	กรมอุตุนิยมวิทยา
กรรพุม	35287	กรรพุม
กรรมฐาน	35286	กรรมฐาน
กรรมพันธุ์	35285	กรรมพันธุ์
กรรมสัมปาทิก	35284	กรรมสัมปาทิก
กรรมเวร	35283	กรรมเวร
กรรม์	35282	กรรม์
กระจัง	35281	กระจัง
กระจัดพลัดพราย	35280	กระจัดพลัดพราย
กระจุกๆ	35279	กระจุกๆ
กระชัง	35278	กระชัง
กระชากๆ	35277	กระชากๆ
กระชุ	35276	กระชุ
กระฎี	35275	กระฎี
กระดากกระเดื่อง	35274	กระดากกระเดื่อง
กระดานลื่น	35273	กระดานลื่น
กระดาษสา	35272	กระดาษสา
กระดำกระด่าง	35271	กระดำกระด่าง
กระดิกกระเดี้ย	35270	กระดิกกระเดี้ย
กระทบกระเทือน	35269	กระทบกระเทือน
กระทรวงๆ	35268	กระทรวงๆ
กระวี	35267	กระวี
กระษาปณ์	35266	กระษาปณ์
กระสง	35265	กระสง
กระสวย	35264	กระสวย
กระอัก	35263	กระอัก
กระเง้ากระงอด	35262	กระเง้ากระงอด
กระเซอะกระเซิง	35261	กระเซอะกระเซิง
กระเดิด	35260	กระเดิด
กระเบนเหน็บ	35259	กระเบนเหน็บ
กระเส่า	35258	กระเส่า
กระเหม่น	35257	กระเหม่น
กระแสพระราชดำริ	35256	กระแสพระราชดำริ
กระแห	35255	กระแห
กระไรๆ	35254	กระไรๆ
กระไอ	35253	กระไอ
กรีธา	35252	กรีธา
กรุย	35251	กรุย
กรุยกราย	35250	กรุยกราย
กรุ้งกริ่ง	35249	กรุ้งกริ่ง
กร่อยๆ	35248	กร่อยๆ
กร้าวๆ	35247	กร้าวๆ
กร๊อบ	35246	กร๊อบ
กฤช	35245	กฤช
กฤตยา	35244	กฤตยา
กลละ	35243	กลละ
กลอนตลาด	35242	กลอนตลาด
กลับตาลปัตร	35241	กลับตาลปัตร
กลัวลาน	35240	กลัวลาน
กลาด	35239	กลาด
กลิง	35238	กลิง
กลิ่นอาย	35237	กลิ่นอาย
กลิ้ม	35236	กลิ้ม
กลีบๆ	35235	กลีบๆ
กลูโคส	35234	กลูโคส
กล่อมหอ	35233	กล่อมหอ
กล้องจุลทรรศน์	35232	กล้องจุลทรรศน์
กล้องถ่ายภาพ	35231	กล้องถ่ายภาพ
กวัดไกว	35230	กวัดไกว
กวางทราย	35229	กวางทราย
กวิน	35228	กวิน
กสิ	35227	กสิ
กองเกียรติยศ	35226	กองเกียรติยศ
กองโจร	35225	กองโจร
กอล์ฟ	35224	กอล์ฟ
กะทือ	35223	กะทือ
กะวะ	35222	กะวะ
กะหล่ำปลี	35221	กะหล่ำปลี
กะเล่อกะล่า	35220	กะเล่อกะล่า
กักบริเวณ	35219	กักบริเวณ
กักๆ	35218	กักๆ
กัณฐชะ	35217	กัณฐชะ
กันยา	35216	กันยา
กันเกรา	35215	กันเกรา
กัปปิยโวหาร	35214	กัปปิยโวหาร
กัลยาณมิตร	35213	กัลยาณมิตร
กัวลาลัมเปอร์	35212	กัวลาลัมเปอร์
กั้กๆ	35211	กั้กๆ
กากบาท	35210	กากบาท
กาบปูเล	35209	กาบปูเล
การเวก	35208	การเวก
กาลามสูตร	35207	กาลามสูตร
กาสาวพัสตร์	35206	กาสาวพัสตร์
กำหนัด	35205	กำหนัด
กำเริบเสิบสาน	35204	กำเริบเสิบสาน
กิตติคุณ	35203	กิตติคุณ
กินด่าง	35202	กินด่าง
กินมือ	35201	กินมือ
กินเปล่า	35200	กินเปล่า
กินเมือง	35199	กินเมือง
กินเศษกินเลย	35198	กินเศษกินเลย
กินเส้น	35197	กินเส้น
กิ๋วๆ	35196	กิ๋วๆ
กี่กระตุก	35195	กี่กระตุก
กี๊	35194	กี๊
กึกกัก	35193	กึกกัก
กุบกับ	35192	กุบกับ
กุมภีล์	35191	กุมภีล์
กุลาตีไม้	35190	กุลาตีไม้
กุลาหล	35189	กุลาหล
กุศโลบาย	35188	กุศโลบาย
กุเรา	35187	กุเรา
กุ้งไม้	35186	กุ้งไม้
กูรมะ	35185	กูรมะ
ก่ง	35184	ก่ง
ก่น	35183	ก่น
ก่อหวอด	35182	ก่อหวอด
ก้นหอย	35181	ก้นหอย
ก้มหลัง	35180	ก้มหลัง
ก้างปลา	35179	ก้างปลา
ก้านมะพร้าว	35178	ก้านมะพร้าว
ก้ำ	35177	ก้ำ
ก๊าก	35176	ก๊าก
ก๊าบ	35175	ก๊าบ
ก๋า	35174	ก๋า
ขนมทราย	35173	ขนมทราย
ขนมเข่ง	35172	ขนมเข่ง
ขนสัตว์	35171	ขนสัตว์
ขนอง	35170	ขนอง
ขนาก	35169	ขนาก
ขนาย	35168	ขนาย
ขมึงทึง	35167	ขมึงทึง
ขยั้น	35166	ขยั้น
ขวง	35165	ขวง
ขวัญบิน	35164	ขวัญบิน
ขวัญหนี	35163	ขวัญหนี
ขวัญแขวน	35162	ขวัญแขวน
ของกำนัล	35161	ของกำนัล
ของเหลว	35160	ของเหลว
ขอบถนน	35159	ขอบถนน
ขอบเรือ	35158	ขอบเรือ
ขะมุกขะมอม	35157	ขะมุกขะมอม
ขัณฑสกร	35156	ขัณฑสกร
ขัดตาทัพ	35155	ขัดตาทัพ
ขัตติยา	35154	ขัตติยา
ขันสู้	35153	ขันสู้
ขั้วโลก	35152	ขั้วโลก
ขาง	35151	ขาง
ขาดตอน	35150	ขาดตอน
ขาม้า	35149	ขาม้า
ขาเข้า	35148	ขาเข้า
ขิกๆ	35147	ขิกๆ
ขิม	35146	ขิม
ขี่ม้าส่งเมือง	35145	ขี่ม้าส่งเมือง
ขี้หมา	35144	ขี้หมา
ขี้เซา	35143	ขี้เซา
ขึ้นครู	35142	ขึ้นครู
ขุดเจาะ	35141	ขุดเจาะ
ขุนศึก	35140	ขุนศึก
ขุนหมื่น	35139	ขุนหมื่น
ขุนหลวง	35138	ขุนหลวง
ขุ่นข้อง	35137	ขุ่นข้อง
ขู่ขวัญ	35136	ขู่ขวัญ
ข้อกฎหมาย	35135	ข้อกฎหมาย
ข้องแวะ	35134	ข้องแวะ
ข้อด้อย	35133	ข้อด้อย
ข้อต่อ	35132	ข้อต่อ
ข้อต้นๆ	35131	ข้อต้นๆ
ข้อผิดพลาด	35130	ข้อผิดพลาด
ข้อย่อยๆ	35129	ข้อย่อยๆ
ข้อสัญญา	35128	ข้อสัญญา
ข้ออ้าง	35127	ข้ออ้าง
ข้าราชการพลเรือน	35126	ข้าราชการพลเรือน
ข้าราชสำนัก	35125	ข้าราชสำนัก
ข้าวตาก	35124	ข้าวตาก
ข้าวตู	35123	ข้าวตู
ข้าวพระ	35122	ข้าวพระ
ข้าวพอง	35121	ข้าวพอง
ข้าวเกรียบปากหม้อ	35120	ข้าวเกรียบปากหม้อ
ฃอ	35119	ฃอ
ฃอง	35118	ฃอง
ฃาด	35117	ฃาด
คงขาด	35116	คงขาด
คงแก่เรียน	35115	คงแก่เรียน
คชศาสตร์	35114	คชศาสตร์
คณะรัฐบาล	35113	คณะรัฐบาล
คดงอ	35112	คดงอ
คดีอาญา	35111	คดีอาญา
คนจร	35110	คนจร
คนทรง	35109	คนทรง
คนธ์	35108	คนธ์
คมๆ	35107	คมๆ
ครรลอง	35106	ครรลอง
ครอกๆ	35105	ครอกๆ
ครอสสติตช์	35104	ครอสสติตช์
ครั่นเนื้อครั่นตัว	35103	ครั่นเนื้อครั่นตัว
คราใด	35102	คราใด
ครึ	35101	ครึ
ครุภัณฑ์	35100	ครุภัณฑ์
ครุมเครือ	35099	ครุมเครือ
ครุศาสตร์	35098	ครุศาสตร์
คลอนแคลน	35097	คลอนแคลน
คลอแคล	35096	คลอแคล
คละคลุ้ง	35095	คละคลุ้ง
คลัก	35094	คลัก
คลานๆ	35093	คลานๆ
คลิก	35092	คลิก
คลึง	35091	คลึง
คลุกคลาน	35090	คลุกคลาน
คลุมถุงชน	35089	คลุมถุงชน
คลุ้มคลั่ง	35088	คลุ้มคลั่ง
คล่าว	35087	คล่าว
คล้ำๆ	35086	คล้ำๆ
ควิ้วๆ	35085	ควิ้วๆ
คว้างเคว้ง	35084	คว้างเคว้ง
คอกระเช้า	35083	คอกระเช้า
คอคอดกระ	35082	คอคอดกระ
คอนโดมิเนียม	35081	คอนโดมิเนียม
คออ่อน	35080	คออ่อน
คอเป็นเอ็น	35079	คอเป็นเอ็น
คะแนนนิยม	35078	คะแนนนิยม
คัดท้าย	35077	คัดท้าย
คัดลายมือ	35076	คัดลายมือ
คัท	35075	คัท
คันๆ	35074	คันๆ
คาธ	35073	คาธ
คาบศิลา	35072	คาบศิลา
คาบสมุทร	35071	คาบสมุทร
คาร์โบไฮเดรต	35070	คาร์โบไฮเดรต
คำบังคับ	35069	คำบังคับ
คำฟ้อง	35068	คำฟ้อง
คำแสด	35067	คำแสด
คิดหน้าคิดหลัง	35066	คิดหน้าคิดหลัง
คิมหันต์	35065	คิมหันต์
คีย์บอร์ด	35064	คีย์บอร์ด
คืนชีพ	35063	คืนชีพ
คุณนาม	35062	คุณนาม
คุมแค้น	35061	คุมแค้น
คูถ	35060	คูถ
คูปอง	35059	คูปอง
คู่กรณี	35058	คู่กรณี
คู่แห่	35057	คู่แห่
ค่าเสียหาย	35056	ค่าเสียหาย
ค้อ	35055	ค้อ
ค้ำประกัน	35054	ค้ำประกัน
ค๋ะ	35053	ค๋ะ
ฆนะ	35052	ฆนะ
ฆาตกร	35051	ฆาตกร
ฆ้องโหม่ง	35050	ฆ้องโหม่ง
งวดๆ	35049	งวดๆ
งอกเงย	35048	งอกเงย
งอด	35047	งอด
งอม	35046	งอม
งอย	35045	งอย
งามหน้า	35044	งามหน้า
งุ่นง่าน	35043	งุ่นง่าน
งูๆปลาๆ	35042	งูๆปลาๆ
ง้วน	35041	ง้วน
ง้องอน	35040	ง้องอน
จตุจักร	35039	จตุจักร
จตุปัจจัย	35038	จตุปัจจัย
จนตรอก	35037	จนตรอก
จรมูก	35036	จรมูก
จรรจา	35035	จรรจา
จรวจ	35034	จรวจ
จริงเท็จ	35033	จริงเท็จ
จรูญ	35032	จรูญ
จอทีวี	35031	จอทีวี
จะเข้	35030	จะเข้
จักร์ๆ	35029	จักร์ๆ
จัณฑาล	35028	จัณฑาล
จันทนา	35027	จันทนา
จันท์	35026	จันท์
จับหลัก	35025	จับหลัก
จัว	35024	จัว
จาว	35023	จาว
จำงาย	35022	จำงาย
จำอวด	35021	จำอวด
จำเรียง	35020	จำเรียง
จิกหัว	35019	จิกหัว
จิงโจ้น้ำ	35018	จิงโจ้น้ำ
จิตภาพ	35017	จิตภาพ
จิตรา	35016	จิตรา
จิ้มฟันจระเข้	35015	จิ้มฟันจระเข้
จี๊ด	35014	จี๊ด
จุกเจ่า	35013	จุกเจ่า
จุดศูนย์กลาง	35012	จุดศูนย์กลาง
จุปาก	35011	จุปาก
จุมพิต	35010	จุมพิต
จุฬาราชมนตรี	35009	จุฬาราชมนตรี
จุ๊บๆ	35008	จุ๊บๆ
จู๊ด	35007	จู๊ด
จู๋จี๋	35006	จู๋จี๋
จ่ง	35005	จ่ง
จ่ารง	35004	จ่ารง
จ้องหน่อง	35003	จ้องหน่อง
จ๊อกกี้	35002	จ๊อกกี้
จ๊ะเอ๋	35001	จ๊ะเอ๋
ฉม	35000	ฉม
ฉมัง	34999	ฉมัง
ฉลององค์	34998	ฉลององค์
ฉลัก	34997	ฉลัก
ฉัด	34996	ฉัด
ฉับๆ	34995	ฉับๆ
ฉู่	34994	ฉู่
ฉ่อง	34993	ฉ่อง
ชด	34992	ชด
ชนชั้นกลาง	34991	ชนชั้นกลาง
ชนมพรรษา	34990	ชนมพรรษา
ชลธาร	34989	ชลธาร
ชลี	34988	ชลี
ชวร	34987	ชวร
ชวาล	34986	ชวาล
ชอก	34985	ชอก
ชะคราม	34984	ชะคราม
ชะต้า	34983	ชะต้า
ชักหน้าไม่ถึงหลัง	34982	ชักหน้าไม่ถึงหลัง
ชันโรง	34981	ชันโรง
ชัพ	34980	ชัพ
ชั้นนำ	34979	ชั้นนำ
ชาต	34978	ชาต
ชายแครง	34977	ชายแครง
ชาร์ท	34976	ชาร์ท
ชาวต่างชาติ	34975	ชาวต่างชาติ
ชาวนาหมอน	34974	ชาวนาหมอน
ชิคาโก	34973	ชิคาโก
ชิงชัน	34972	ชิงชัน
ชิงทรัพย์	34971	ชิงทรัพย์
ชินบุตร	34970	ชินบุตร
ชีพจร	34969	ชีพจร
ชี้วัด	34968	ชี้วัด
ชึ่งๆๆ	34967	ชึ่งๆๆ
ชื่นมื่น	34966	ชื่นมื่น
ชื้นๆ	34965	ชื้นๆ
ชื้อ	34964	ชื้อ
ชุกชี	34963	ชุกชี
ชูชีพ	34962	ชูชีพ
ชู้สาว	34961	ชู้สาว
ซวดเซ	34960	ซวดเซ
ซวน	34959	ซวน
ซวนเซ	34958	ซวนเซ
ซอกซอน	34957	ซอกซอน
ซอฟต์แวร์	34956	ซอฟต์แวร์
ซอมซ่อ	34955	ซอมซ่อ
ซังกะตาย	34954	ซังกะตาย
ซัดข้าวสาร	34953	ซัดข้าวสาร
ซัลเฟต	34952	ซัลเฟต
ซาวน์	34951	ซาวน์
ซาอุดิอาระเบีย	34950	ซาอุดิอาระเบีย
ซิก	34949	ซิก
ซิกๆ	34948	ซิกๆ
ซิบ	34947	ซิบ
ซิม	34946	ซิม
ซีเรียส	34945	ซีเรียส
ซุบ	34944	ซุบ
ซุปเปอร์มาร์เก็ต	34943	ซุปเปอร์มาร์เก็ต
ซ่ง	34942	ซ่ง
ซ่อนรูป	34941	ซ่อนรูป
ซ่อมแปลง	34940	ซ่อมแปลง
ซ้น	34939	ซ้น
ซ้ำซ้อน	34938	ซ้ำซ้อน
ฐานราก	34937	ฐานราก
ฐิติ	34936	ฐิติ
ดกดื่น	34935	ดกดื่น
ดงดาน	34934	ดงดาน
ดรีม	34933	ดรีม
ดอกฟ้า	34932	ดอกฟ้า
ดอกเล็ก	34931	ดอกเล็ก
ดอกแห้ง	34930	ดอกแห้ง
ดอกไม้รุ่ง	34929	ดอกไม้รุ่ง
ดักดาน	34928	ดักดาน
ดังจริงๆ	34927	ดังจริงๆ
ดัสกร	34926	ดัสกร
ดาลโทสะ	34925	ดาลโทสะ
ดาวตก	34924	ดาวตก
ดาวบส	34923	ดาวบส
ดาวเสาร์	34922	ดาวเสาร์
ดำนาน	34921	ดำนาน
ดำฤษณา	34920	ดำฤษณา
ดำเนินชีวิต	34919	ดำเนินชีวิต
ดิกๆ	34918	ดิกๆ
ดิษฐ์	34917	ดิษฐ์
ดิสก์	34916	ดิสก์
ดีฝ่อ	34915	ดีฝ่อ
ดุก	34914	ดุก
ดุด	34913	ดุด
ดุ่ย	34912	ดุ่ย
ดูร้าย	34911	ดูร้าย
ด่างๆ	34910	ด่างๆ
ด้นดั้น	34909	ด้นดั้น
ตกประหม่า	34908	ตกประหม่า
ตรงกลางๆ	34907	ตรงกลางๆ
ตระกอง	34906	ตระกอง
ตระบอง	34905	ตระบอง
ตระบัด	34904	ตระบัด
ตระหน่ำ	34903	ตระหน่ำ
ตรับ	34902	ตรับ
ตรัย	34901	ตรัย
ตฤณมัย	34900	ตฤณมัย
ตลิ่งๆ	34899	ตลิ่งๆ
ตวงพระธาตุ	34898	ตวงพระธาตุ
ตวิ๊ดๆ	34897	ตวิ๊ดๆ
ตอนนั้นๆ	34896	ตอนนั้นๆ
ตอม่อ	34895	ตอม่อ
ตะกราม	34894	ตะกราม
ตะกลาม	34893	ตะกลาม
ตะกอ	34892	ตะกอ
ตะปูควง	34891	ตะปูควง
ตะพึด	34890	ตะพึด
ตะละ	34889	ตะละ
ตะลุง	34888	ตะลุง
ตะลุ่มโปง	34887	ตะลุ่มโปง
ตะแบก	34886	ตะแบก
ตักกะ	34885	ตักกะ
ตักษัย	34884	ตักษัย
ตังๆ	34883	ตังๆ
ตันตระ	34882	ตันตระ
ตันหยง	34881	ตันหยง
ตัวเก็ง	34880	ตัวเก็ง
ตัวแปร	34879	ตัวแปร
ตัวไม้	34878	ตัวไม้
ตั้งนาฬิกาปลุก	34877	ตั้งนาฬิกาปลุก
ตาง	34876	ตาง
ตาชั่ง	34875	ตาชั่ง
ตาพร่า	34874	ตาพร่า
ตายทั้งกลม	34873	ตายทั้งกลม
ตาลุ	34872	ตาลุ
ตาวัน	34871	ตาวัน
ตาหยี	34870	ตาหยี
ตาเรือ	34869	ตาเรือ
ตาโศก	34868	ตาโศก
ตาไก่	34867	ตาไก่
ตำตา	34866	ตำตา
ตำรวจวัง	34865	ตำรวจวัง
ติดเครื่อง	34864	ติดเครื่อง
ตีนเป็ด	34863	ตีนเป็ด
ตีบ	34862	ตีบ
ตีฝีปาก	34861	ตีฝีปาก
ตึกๆๆๆ	34860	ตึกๆๆๆ
ตึ้กๆ	34859	ตึ้กๆ
ตุรงค์	34858	ตุรงค์
ตุล	34857	ตุล
ตุ้งติ้ง	34856	ตุ้งติ้ง
ตุ๊ด	34855	ตุ๊ด
ตูมตาม	34854	ตูมตาม
ตู่ตัว	34853	ตู่ตัว
ตู้อบ	34852	ตู้อบ
ตู้ๆ	34851	ตู้ๆ
ต่วน	34850	ต่วน
ต่อยหอย	34849	ต่อยหอย
ต้นตระกูล	34848	ต้นตระกูล
ต๊อก	34847	ต๊อก
ถนัดมือ	34846	ถนัดมือ
ถวัลยราชย์	34845	ถวัลยราชย์
ถวายกร	34844	ถวายกร
ถอดสี	34843	ถอดสี
ถอยหลังเข้าคลอง	34842	ถอยหลังเข้าคลอง
ถะถั่น	34841	ถะถั่น
ถับ	34840	ถับ
ถัว	34839	ถัว
ถึงแก่น	34838	ถึงแก่น
ถือสิทธิ์	34837	ถือสิทธิ์
ถุงน้ำดี	34836	ถุงน้ำดี
ถ่อง	34835	ถ่อง
ถ้อยทีถ้อยอาศัยกัน	34834	ถ้อยทีถ้อยอาศัยกัน
ทธิ	34833	ทธิ
ทบวงการ	34832	ทบวงการ
ทยา	34831	ทยา
ทรงกลด	34830	ทรงกลด
ทรงจำเป็น	34829	ทรงจำเป็น
ทรงหม้อตาล	34828	ทรงหม้อตาล
ทวา	34827	ทวา
ทศมาส	34826	ทศมาส
ทศวรรษ	34825	ทศวรรษ
ทหารบก	34824	ทหารบก
ทองทึบ	34823	ทองทึบ
ทองนพคุณ	34822	ทองนพคุณ
ทองสัมฤทธิ์	34821	ทองสัมฤทธิ์
ทะนงศักดิ์	34820	ทะนงศักดิ์
ทะยานใจ	34819	ทะยานใจ
ทัณฑสถาน	34818	ทัณฑสถาน
ทัณฑ์บน	34817	ทัณฑ์บน
ทันต์	34816	ทันต์
ทับทรวง	34815	ทับทรวง
ทัศ	34814	ทัศ
ทางเก็บ	34813	ทางเก็บ
ทานกัณฑ์	34812	ทานกัณฑ์
ทาว	34811	ทาว
ทำงานบ้าน	34810	ทำงานบ้าน
ทิพากร	34809	ทิพากร
ทิวากาล	34808	ทิวากาล
ทิวไม้	34807	ทิวไม้
ทุกคน	34806	ทุกคน
ทุกวัน	34805	ทุกวัน
ทุกหย่อมหญ้า	34804	ทุกหย่อมหญ้า
ทุนนิยม	34803	ทุนนิยม
ทุนสำรอง	34802	ทุนสำรอง
ทุศีล	34801	ทุศีล
ทู้	34800	ทู้
ธนสาร	34799	ธนสาร
ธรณีวิทยา	34798	ธรณีวิทยา
ธรณีสงฆ์	34797	ธรณีสงฆ์
ธรรมขันธ์	34796	ธรรมขันธ์
ธรรมคุณ	34795	ธรรมคุณ
ธรรมจรรยา	34794	ธรรมจรรยา
ธรรมราชา	34793	ธรรมราชา
ธรา	34792	ธรา
ธันยา	34791	ธันยา
ธุม	34790	ธุม
ธุรการ	34789	ธุรการ
นกกระจอกทอง	34788	นกกระจอกทอง
นกกระจิบ	34787	นกกระจิบ
นกกระทุง	34786	นกกระทุง
นครพนม	34785	นครพนม
นครินทร์	34784	นครินทร์
นพคุณ	34783	นพคุณ
นพศก	34782	นพศก
นภศูล	34781	นภศูล
นรนาถ	34780	นรนาถ
นลาฏ	34779	นลาฏ
นวดฟั้น	34778	นวดฟั้น
นวลหง	34777	นวลหง
นวโกวาท	34776	นวโกวาท
นหุต	34775	นหุต
นอกครู	34774	นอกครู
นอกลู่นอกทาง	34773	นอกลู่นอกทาง
นองเนือง	34772	นองเนือง
นอนวัน	34771	นอนวัน
นอบนบ	34770	นอบนบ
นักการทูต	34769	นักการทูต
นักงาน	34768	นักงาน
นักวิจัย	34767	นักวิจัย
นักเรียนๆ	34766	นักเรียนๆ
นัตถุ์	34765	นัตถุ์
นัยน์เนตร	34764	นัยน์เนตร
นั่งร้าน	34763	นั่งร้าน
นั่นปะไร	34762	นั่นปะไร
นาคา	34761	นาคา
นานสองนาน	34760	นานสองนาน
นาภี	34759	นาภี
นายท่า	34758	นายท่า
นายท้าย	34757	นายท้าย
นาศ	34756	นาศ
นาสา	34755	นาสา
นำร่อง	34754	นำร่อง
นิติกรรม	34753	นิติกรรม
นิติบัญญัติ	34752	นิติบัญญัติ
นิบาต	34751	นิบาต
นิรนาม	34750	นิรนาม
นิรมล	34749	นิรมล
นิรา	34748	นิรา
นิวซีแลนด์	34747	นิวซีแลนด์
นิวยอร์ค	34746	นิวยอร์ค
นิวส์	34745	นิวส์
นิโคติน	34744	นิโคติน
นิโรธ	34743	นิโรธ
นีออน	34742	นีออน
นู้น	34741	นู้น
น่ารักๆ	34740	น่ารักๆ
น้าๆ	34739	น้าๆ
น้ำดอกไม้สด	34738	น้ำดอกไม้สด
น้ำตะไคร้	34737	น้ำตะไคร้
น้ำพระพิพัฒน์สัตยา	34736	น้ำพระพิพัฒน์สัตยา
น้ำย่อย	34735	น้ำย่อย
น้ำเชื่อม	34734	น้ำเชื่อม
น้ำเชื้อ	34733	น้ำเชื้อ
บดขยี้	34732	บดขยี้
บทบงสุ์	34731	บทบงสุ์
บทบรรณาธิการ	34730	บทบรรณาธิการ
บทมาลย์	34729	บทมาลย์
บพิธ	34728	บพิธ
บรรจวบ	34727	บรรจวบ
บรรณสาร	34726	บรรณสาร
บราวน์	34725	บราวน์
บริกร	34724	บริกร
บริพันธ์	34723	บริพันธ์
บริโภคเจดีย์	34722	บริโภคเจดีย์
บรีส	34721	บรีส
บอกเล่า	34720	บอกเล่า
บังคับการ	34719	บังคับการ
บังเงา	34718	บังเงา
บังใบ	34717	บังใบ
บัณเฑาะว์	34716	บัณเฑาะว์
บัดดล	34715	บัดดล
บัดนิ่	34714	บัดนิ่
บันจวบ	34713	บันจวบ
บัล	34712	บัล
บัวผุด	34711	บัวผุด
บางบัวทอง	34710	บางบัวทอง
บางเบา	34709	บางเบา
บางไทร	34708	บางไทร
บาดตา	34707	บาดตา
บาดทะยัก	34706	บาดทะยัก
บาดใจ	34705	บาดใจ
บาต	34704	บาต
บานพับ	34703	บานพับ
บาบิโลเนียน	34702	บาบิโลเนียน
บายศรีปากชาม	34701	บายศรีปากชาม
บำบวง	34700	บำบวง
บำเทิง	34699	บำเทิง
บีบขมับ	34698	บีบขมับ
บึงบาง	34697	บึงบาง
บุคลากร	34696	บุคลากร
บุง	34695	บุง
บุญหนักศักดิ์ใหญ่	34694	บุญหนักศักดิ์ใหญ่
บุบสลาย	34693	บุบสลาย
บุปผชาติ	34692	บุปผชาติ
บุรณะ	34691	บุรณะ
บุษบัน	34690	บุษบัน
บุ๊ค	34689	บุ๊ค
บูรี	34688	บูรี
บู๊	34687	บู๊
บ่อนทำลาย	34686	บ่อนทำลาย
บ้าเลือด	34685	บ้าเลือด
ปง	34684	ปง
ปฏิกรรมสงคราม	34683	ปฏิกรรมสงคราม
ปฏิกูล	34682	ปฏิกูล
ปฏิญญา	34681	ปฏิญญา
ปฏิพัทธ์	34680	ปฏิพัทธ์
ปฏิเสธข่าว	34679	ปฏิเสธข่าว
ปฐมสมโพธิ	34678	ปฐมสมโพธิ
ปติ	34677	ปติ
ปถพี	34676	ปถพี
ปรน	34675	ปรน
ปรม	34674	ปรม
ปรมาณู	34673	ปรมาณู
ประกวดราคา	34672	ประกวดราคา
ประการๆ	34671	ประการๆ
ประคับประคอง	34670	ประคับประคอง
ประคำ	34669	ประคำ
ประจำชาติ	34668	ประจำชาติ
ประจำซอง	34667	ประจำซอง
ประจำยาม	34666	ประจำยาม
ประชาสงเคราะห์	34665	ประชาสงเคราะห์
ประตูชัย	34664	ประตูชัย
ประทักษิณ	34663	ประทักษิณ
ประทิน	34662	ประทิน
ประนัง	34661	ประนัง
ประภัสสร	34660	ประภัสสร
ประภา	34659	ประภา
ประภากร	34658	ประภากร
ประยุร	34657	ประยุร
ประสานงา	34656	ประสานงา
ประสิว	34655	ประสิว
ประเชิญ	34654	ประเชิญ
ประเด	34653	ประเด
ประเวศ	34652	ประเวศ
ประแจ	34651	ประแจ
ประโมทย์	34650	ประโมทย์
ประโยคๆ	34649	ประโยคๆ
ประโลมโลก	34648	ประโลมโลก
ปรัชญาเมธี	34647	ปรัชญาเมธี
ปรากฤต	34646	ปรากฤต
ปรางค์ปรา	34645	ปรางค์ปรา
ปราจีนบุรี	34644	ปราจีนบุรี
ปราณ	34643	ปราณ
ปราดๆ	34642	ปราดๆ
ปราน	34641	ปราน
ปริวิตก	34640	ปริวิตก
ปริศนาธรรม	34639	ปริศนาธรรม
ปรู๊บ	34638	ปรู๊บ
ปร่า	34637	ปร่า
ปลงธุระ	34636	ปลงธุระ
ปลงผม	34635	ปลงผม
ปลากราย	34634	ปลากราย
ปลาต	34633	ปลาต
ปลุกระดม	34632	ปลุกระดม
ปล่อยเนื้อปล่อยตัว	34631	ปล่อยเนื้อปล่อยตัว
ปล้อน	34630	ปล้อน
ปสาน	34629	ปสาน
ปอกลอก	34628	ปอกลอก
ปะตาระกาหลา	34627	ปะตาระกาหลา
ปักษี	34626	ปักษี
ปัจจุสมัย	34625	ปัจจุสมัย
ปัจฉิม	34624	ปัจฉิม
ปัจฉิมลิขิต	34623	ปัจฉิมลิขิต
ปัจเจกโพธิ	34622	ปัจเจกโพธิ
ปัญจวัคคีย์	34621	ปัญจวัคคีย์
ปัศจิม	34620	ปัศจิม
ปั้นปึ่ง	34619	ปั้นปึ่ง
ปั้นเจ๋อ	34618	ปั้นเจ๋อ
ปากคีบ	34617	ปากคีบ
ปาณาติบาต	34616	ปาณาติบาต
ปาหนัน	34615	ปาหนัน
ปิดๆ	34614	ปิดๆ
ปิตุลา	34613	ปิตุลา
ปิ่	34612	ปิ่
ปิ่ม	34611	ปิ่ม
ปีกค้างคาว	34610	ปีกค้างคาว
ปูชา	34609	ปูชา
ปูนปลาสเตอร์	34608	ปูนปลาสเตอร์
ปูม	34607	ปูม
ป่นๆ	34606	ป่นๆ
ป่วง	34605	ป่วง
ป่าเถื่อน	34604	ป่าเถื่อน
ป้ายสี	34603	ป้ายสี
ป๊า	34602	ป๊า
ป๋า	34601	ป๋า
ผกผัน	34600	ผกผัน
ผกากรอง	34599	ผกากรอง
ผงาด	34598	ผงาด
ผลก	34597	ผลก
ผลุบๆ	34596	ผลุบๆ
ผอก	34595	ผอก
ผักหวาน	34594	ผักหวาน
ผัวๆ	34593	ผัวๆ
ผาก	34592	ผาก
ผิวเรียบ	34591	ผิวเรียบ
ผีเรือน	34590	ผีเรือน
ผึงๆ	34589	ผึงๆ
ผุๆ	34588	ผุๆ
ผูกพัทธสีมา	34587	ผูกพัทธสีมา
ผู้จัดทำ	34586	ผู้จัดทำ
ผู้ตอบ	34585	ผู้ตอบ
ผู้ถือหุ้น	34584	ผู้ถือหุ้น
ผู้รับรอง	34583	ผู้รับรอง
ผู้สำเร็จราชการ	34582	ผู้สำเร็จราชการ
ผู้สื่อข่าว	34581	ผู้สื่อข่าว
ผู้เลี้ยงดู	34580	ผู้เลี้ยงดู
ผู้ใด	34579	ผู้ใด
ผ้ากฐิน	34578	ผ้ากฐิน
ผ้าตา	34577	ผ้าตา
ผ้าป่า	34576	ผ้าป่า
ผ้าแถบ	34575	ผ้าแถบ
ฝืด	34574	ฝืด
ฝืนๆ	34573	ฝืนๆ
ฝ่ายซ้าย	34572	ฝ่ายซ้าย
พญาลอ	34571	พญาลอ
พณิชยการ	34570	พณิชยการ
พนาย	34569	พนาย
พรหมินทร์	34568	พรหมินทร์
พระชนม์ชีพ	34567	พระชนม์ชีพ
พระบัญญัติ	34566	พระบัญญัติ
พระพุทธเจ้าอยู่หัว	34565	พระพุทธเจ้าอยู่หัว
พระภูมิ	34564	พระภูมิ
พระมหากระษัตร	34563	พระมหากระษัตร
พระมหากระษัตราธิราชเจ้า	34562	พระมหากระษัตราธิราชเจ้า
พระมหากระษัตริย์เจ้า	34561	พระมหากระษัตริย์เจ้า
พระราชอาคันตุกะ	34560	พระราชอาคันตุกะ
พระราชานุสาวรีย์	34559	พระราชานุสาวรีย์
พระเจ้าวรวงศ์เธอ	34558	พระเจ้าวรวงศ์เธอ
พระเถระ	34557	พระเถระ
พรัด	34556	พรัด
พรานๆ	34555	พรานๆ
พรายๆ	34554	พรายๆ
พราวแพรว	34553	พราวแพรว
พราหมณ์ขายเมีย	34552	พราหมณ์ขายเมีย
พราหมณ์ดีดน้ำเต้า	34551	พราหมณ์ดีดน้ำเต้า
พริ้นท์	34550	พริ้นท์
พริ้มพราย	34549	พริ้มพราย
พรืด	34548	พรืด
พร่ำเพ้อ	34547	พร่ำเพ้อ
พลวง	34546	พลวง
พลังจิต	34545	พลังจิต
พลาดๆ	34544	พลาดๆ
พลุ้ย	34543	พลุ้ย
พลเรือเอก	34542	พลเรือเอก
พวงๆ	34541	พวงๆ
พสก	34540	พสก
พหลโยธิน	34539	พหลโยธิน
พอกพูน	34538	พอกพูน
พอดีๆ	34537	พอดีๆ
พอมีพอกิน	34536	พอมีพอกิน
พอมีอันจะกิน	34535	พอมีอันจะกิน
พะแนง	34534	พะแนง
พักร	34533	พักร
พังพาบ	34532	พังพาบ
พัช	34531	พัช
พัดโบก	34530	พัดโบก
พัทธ์	34529	พัทธ์
พันตา	34528	พันตา
พันล้าน	34527	พันล้าน
พัลลภ	34526	พัลลภ
พัว	34525	พัว
พาง	34524	พาง
พาณ	34523	พาณ
พาราณสีๆ	34522	พาราณสีๆ
พารามีเซียม	34521	พารามีเซียม
พาร์ท	34520	พาร์ท
พาหุรัด	34519	พาหุรัด
พาฬ	34518	พาฬ
พาไล	34517	พาไล
พิทยาธร	34516	พิทยาธร
พิธาน	34515	พิธาน
พิปริต	34514	พิปริต
พิมพ์ทอง	34513	พิมพ์ทอง
พิลาป	34512	พิลาป
พิลาส	34511	พิลาส
พิศดาร	34510	พิศดาร
พิษสุนัขบ้า	34509	พิษสุนัขบ้า
พิสัย	34508	พิสัย
พิสุทธิ์	34507	พิสุทธิ์
พิหาร	34506	พิหาร
พี้	34505	พี้
พุฒ	34504	พุฒ
พุทธปฏิมา	34503	พุทธปฏิมา
พุทธิ	34502	พุทธิ
พุ่งพรวด	34501	พุ่งพรวด
พุ่มข้าวบิณฑ์	34500	พุ่มข้าวบิณฑ์
พ้องพาน	34499	พ้องพาน
พ้อม	34498	พ้อม
ฟักฟูม	34497	ฟักฟูม
ฟิล์ม	34496	ฟิล์ม
ฟิวส์	34495	ฟิวส์
ฟี่	34494	ฟี่
ฟื้นองค์	34493	ฟื้นองค์
ภรณี	34492	ภรณี
ภราดรภาพ	34491	ภราดรภาพ
ภาคปฏิบัติ	34490	ภาคปฏิบัติ
ภาม	34489	ภาม
ภาสน์	34488	ภาสน์
ภูธเรศ	34487	ภูธเรศ
ภูมิแพ้	34486	ภูมิแพ้
ภูเบนทร์	34485	ภูเบนทร์
มงคลสูตร	34484	มงคลสูตร
มนุษยศาสตร์	34483	มนุษยศาสตร์
มฤค	34482	มฤค
มละ	34481	มละ
มวยวัด	34480	มวยวัด
มหกรรม	34479	มหกรรม
มหาพน	34478	มหาพน
มหายาน	34477	มหายาน
มหาสงกรานต์	34476	มหาสงกรานต์
มหาสารคาม	34475	มหาสารคาม
มหาอำนาจ	34474	มหาอำนาจ
มหิดล	34473	มหิดล
มหิมา	34472	มหิมา
มอเตอร์ไซค์	34471	มอเตอร์ไซค์
มะงุมมะงาหรา	34470	มะงุมมะงาหรา
มะตาด	34469	มะตาด
มะปริง	34468	มะปริง
มะละกา	34467	มะละกา
มะโต	34466	มะโต
มักคุ้น	34465	มักคุ้น
มักมาก	34464	มักมาก
มัฆวาน	34463	มัฆวาน
มัจฉาชาติ	34462	มัจฉาชาติ
มันฝรั่ง	34461	มันฝรั่ง
มันส์	34460	มันส์
มันแกว	34459	มันแกว
มาดา	34458	มาดา
มาตร	34457	มาตร
มาตราส่วน	34456	มาตราส่วน
มานพ	34455	มานพ
มานิต	34454	มานิต
มาร์ช	34453	มาร์ช
มาลำ	34452	มาลำ
มาแขก	34451	มาแขก
มาๆ	34450	มาๆ
มิชชั่น	34449	มิชชั่น
มิลลิเมตร	34448	มิลลิเมตร
มิสกวัน	34447	มิสกวัน
มีดโกน	34446	มีดโกน
มีเดีย	34445	มีเดีย
มีๆ	34444	มีๆ
มุขตลก	34443	มุขตลก
มุขมนตรี	34442	มุขมนตรี
มุสา	34441	มุสา
มุ่งร้ายหมายขวัญ	34440	มุ่งร้ายหมายขวัญ
มุ่นหมก	34439	มุ่นหมก
มูตร	34438	มูตร
มูลโค	34437	มูลโค
มูเซอ	34436	มูเซอ
มู่ลี่	34435	มู่ลี่
มเหศวร	34434	มเหศวร
มโนรมย์	34433	มโนรมย์
ม้อคกิ้งเบิ๊ด	34432	ม้อคกิ้งเบิ๊ด
ม้าย่อง	34431	ม้าย่อง
ยกกระบัตร	34430	ยกกระบัตร
ยกทรง	34429	ยกทรง
ยกยอด	34428	ยกยอด
ยวด	34427	ยวด
ยองๆ	34426	ยองๆ
ยะลา	34425	ยะลา
ยักขินี	34424	ยักขินี
ยักษิณี	34423	ยักษิณี
ยัญ	34422	ยัญ
ยาจืด	34421	ยาจืด
ยาดา	34420	ยาดา
ยานมาศ	34419	ยานมาศ
ยามักการ	34418	ยามักการ
ยาหยี	34417	ยาหยี
ยิมนาสติก	34416	ยิมนาสติก
ยิ่นดิ่	34415	ยิ่นดิ่
ยีน	34414	ยีน
ยี่ภู่	34413	ยี่ภู่
ยึดทรัพย์	34412	ยึดทรัพย์
ยึดอำนาจ	34411	ยึดอำนาจ
ยืนหยัด	34410	ยืนหยัด
ยุกต์	34409	ยุกต์
ยุคุนธร	34408	ยุคุนธร
ยุต	34407	ยุต
ยุทธภัณฑ์	34406	ยุทธภัณฑ์
ยูนิฟอร์ม	34405	ยูนิฟอร์ม
ย่นๆ	34404	ย่นๆ
ย่อมุม	34403	ย่อมุม
ย่อมเยาว์	34402	ย่อมเยาว์
ย่อย่น	34401	ย่อย่น
ย่ำแย่	34400	ย่ำแย่
ย้อนหลัง	34399	ย้อนหลัง
รพี	34398	รพี
รองนายกรัฐมนตรี	34397	รองนายกรัฐมนตรี
รอมร่อ	34396	รอมร่อ
รอยร้าว	34395	รอยร้าว
ระงมไพร	34394	ระงมไพร
ระดา	34393	ระดา
ระนอง	34392	ระนอง
ระนาว	34391	ระนาว
ระบบระเบียบ	34390	ระบบระเบียบ
ระมาด	34389	ระมาด
ระวิง	34388	ระวิง
ระสาย	34387	ระสาย
ระเนน	34386	ระเนน
ระแคะระคาย	34385	ระแคะระคาย
รักขิต	34384	รักขิต
รัชฎาภิเษก	34383	รัชฎาภิเษก
รัฐมนตรีว่าการ	34382	รัฐมนตรีว่าการ
รัฐวิสาหกิจ	34381	รัฐวิสาหกิจ
รัตติกาล	34380	รัตติกาล
รับกฐิน	34379	รับกฐิน
รับมือ	34378	รับมือ
รับเหมา	34377	รับเหมา
รากฝอย	34376	รากฝอย
รากสามสิบ	34375	รากสามสิบ
ราคิน	34374	ราคิน
ราชบุตรๆ	34373	ราชบุตรๆ
ราชวงศา	34372	ราชวงศา
ราชวรมหาวิหาร	34371	ราชวรมหาวิหาร
ราชาๆ	34370	ราชาๆ
ราชิ	34369	ราชิ
รามคำแหง	34368	รามคำแหง
รายรับ	34367	รายรับ
ราเชนทร์	34366	ราเชนทร์
รำไพ	34365	รำไพ
ริดสีดวง	34364	ริดสีดวง
รุ่นๆ	34363	รุ่นๆ
รุ่ยร่าย	34362	รุ่ยร่าย
ร่องๆ	34361	ร่องๆ
ร้องฎีกา	34360	ร้องฎีกา
ร้องห่ม	34359	ร้องห่ม
ร้านชำ	34358	ร้านชำ
ร้าวฉาน	34357	ร้าวฉาน
ฤๅษีแปลงสาร	34356	ฤๅษีแปลงสาร
ลงขัน	34355	ลงขัน
ลงพื้น	34354	ลงพื้น
ลงอุโบสถ	34353	ลงอุโบสถ
ลงแรงๆ	34352	ลงแรงๆ
ลดๆ	34351	ลดๆ
ลนควัน	34350	ลนควัน
ลบเหลี่ยม	34349	ลบเหลี่ยม
ลมกรด	34348	ลมกรด
ลมแล้ง	34347	ลมแล้ง
ลอกท้องร่อง	34346	ลอกท้องร่อง
ละเมียด	34345	ละเมียด
ละเวง	34344	ละเวง
ลักษะ	34343	ลักษะ
ลัคนา	34342	ลัคนา
ลังถึง	34341	ลังถึง
ลัดนิ้วมือ	34340	ลัดนิ้วมือ
ลันไต	34339	ลันไต
ลั่นปาก	34338	ลั่นปาก
ลากเส้น	34337	ลากเส้น
ลานช้าง	34336	ลานช้าง
ลานนา	34335	ลานนา
ลายสอ	34334	ลายสอ
ลายอย่าง	34333	ลายอย่าง
ลายๆ	34332	ลายๆ
ลำลอง	34331	ลำลอง
ลำเจียก	34330	ลำเจียก
ลำๆ	34329	ลำๆ
ลิกู	34328	ลิกู
ลิกไนต์	34327	ลิกไนต์
ลิขสิทธิ์	34326	ลิขสิทธิ์
ลิ้นไก่	34325	ลิ้นไก่
ลื่อ	34324	ลื่อ
ลุกฮือ	34323	ลุกฮือ
ลุ่นๆ	34322	ลุ่นๆ
ลูกข่าง	34321	ลูกข่าง
ลูกตุ้ม	34320	ลูกตุ้ม
ลูกบท	34319	ลูกบท
ลูกเห็บ	34318	ลูกเห็บ
ล็อก	34317	ล็อก
ล็อค	34316	ล็อค
ล้นเกล้าล้นกระหม่อม	34315	ล้นเกล้าล้นกระหม่อม
ล้านๆ	34314	ล้านๆ
วงรี	34313	วงรี
วงเดือน	34312	วงเดือน
วชิระ	34311	วชิระ
วนิดา	34310	วนิดา
วรรคๆ	34309	วรรคๆ
วรรธนะ	34308	วรรธนะ
วรรษ	34307	วรรษ
วสันต์	34306	วสันต์
วอด	34305	วอด
วังชา	34304	วังชา
วัฏจักร	34303	วัฏจักร
วัดผล	34302	วัดผล
วันทยหัตถ์	34301	วันทยหัตถ์
วายชีวิต	34300	วายชีวิต
วาฬ	34299	วาฬ
วาโย	34298	วาโย
วิชนี	34297	วิชนี
วิทยาทาน	34296	วิทยาทาน
วินาศ	34295	วินาศ
วิภาช	34294	วิภาช
วิภาษ	34293	วิภาษ
วิลาวัณย์	34292	วิลาวัณย์
วิลาศ	34291	วิลาศ
วิลาส	34290	วิลาส
วิษณุ	34289	วิษณุ
วิสุงคามสีมา	34288	วิสุงคามสีมา
วิสุทธิ์	34287	วิสุทธิ์
วิโรจน์	34286	วิโรจน์
วิไลวรรณ	34285	วิไลวรรณ
วิ่งเปี้ยว	34284	วิ่งเปี้ยว
วีรชน	34283	วีรชน
วุด	34282	วุด
วุ้ย	34281	วุ้ย
ว่าความ	34280	ว่าความ
ว่าที่	34279	ว่าที่
ว่าวอน	34278	ว่าวอน
ศรนารายณ์	34277	ศรนารายณ์
ศรีสะเกษ	34276	ศรีสะเกษ
ศวา	34275	ศวา
ศารทูล	34274	ศารทูล
ศาลคดีเด็กและเยาวชน	34273	ศาลคดีเด็กและเยาวชน
ศาลสูง	34272	ศาลสูง
ศาสนสถาน	34271	ศาสนสถาน
ศุลกากร	34270	ศุลกากร
สกทาคามี	34269	สกทาคามี
สกรรจ์	34268	สกรรจ์
สกา	34267	สกา
สกาว	34266	สกาว
สกุณ	34265	สกุณ
สกุณี	34264	สกุณี
สติปัฏฐาน	34263	สติปัฏฐาน
สนธิสัญญา	34262	สนธิสัญญา
สนมเอก	34261	สนมเอก
สนามบิน	34260	สนามบิน
สนามเพลาะ	34259	สนามเพลาะ
สนุ่น	34258	สนุ่น
สมจร	34257	สมจร
สมบุญ	34256	สมบุญ
สมประดี	34255	สมประดี
สมมุติฐาน	34254	สมมุติฐาน
สมสู่	34253	สมสู่
สมิงทอง	34252	สมิงทอง
สมุก	34251	สมุก
สระพรั่ง	34250	สระพรั่ง
สวมรอย	34249	สวมรอย
สวามิ	34248	สวามิ
สะดวกสบาย	34247	สะดวกสบาย
สะบัดๆ	34246	สะบัดๆ
สะพานแขวน	34245	สะพานแขวน
สะพายแล่ง	34244	สะพายแล่ง
สะระตะ	34243	สะระตะ
สะสาง	34242	สะสาง
สะอาง	34241	สะอาง
สะเก็ด	34240	สะเก็ด
สะเดาอินเดีย	34239	สะเดาอินเดีย
สะเด็ด	34238	สะเด็ด
สะไอ	34237	สะไอ
สังฆทาน	34236	สังฆทาน
สังฆมณฑล	34235	สังฆมณฑล
สังโยค	34234	สังโยค
สัทธา	34233	สัทธา
สันตติ	34232	สันตติ
สันตะปาปาๆ	34231	สันตะปาปาๆ
สันเขา	34230	สันเขา
สัปเหร่อ	34229	สัปเหร่อ
สัพ	34228	สัพ
สั่นคลอน	34227	สั่นคลอน
สากกะเบือ	34226	สากกะเบือ
สาครบุรี	34225	สาครบุรี
สาตรา	34224	สาตรา
สาธารณสมบัติ	34223	สาธารณสมบัติ
สาบเสือ	34222	สาบเสือ
สามตา	34221	สามตา
สามหาว	34220	สามหาว
สามิภักดิ์	34219	สามิภักดิ์
สายดิน	34218	สายดิน
สายตัว	34217	สายตัว
สายยู	34216	สายยู
สายระยาง	34215	สายระยาง
สายระเดียง	34214	สายระเดียง
สารกัมมันตภาพรังสี	34213	สารกัมมันตภาพรังสี
สารถีชักรถ	34212	สารถีชักรถ
สารบรรณ	34211	สารบรรณ
สารพางค์	34210	สารพางค์
สาลินี	34209	สาลินี
สาลี่	34208	สาลี่
สาวแส้	34207	สาวแส้
สาวใภ้	34206	สาวใภ้
สาไถย	34205	สาไถย
สำปั้น	34204	สำปั้น
สำริด	34203	สำริด
สำส่อน	34202	สำส่อน
สำออย	34201	สำออย
สำเภาทอง	34200	สำเภาทอง
สิกข์	34199	สิกข์
สิงห์บุรี	34198	สิงห์บุรี
สิญจน์	34197	สิญจน์
สินน้ำใจ	34196	สินน้ำใจ
สินี	34195	สินี
สิ่งประดิษฐ์	34194	สิ่งประดิษฐ์
สีน้ำมัน	34193	สีน้ำมัน
สีหนาท	34192	สีหนาท
สีๆ	34191	สีๆ
สี่เหลี่ยมผืนผ้า	34190	สี่เหลี่ยมผืนผ้า
สึกกร่อน	34189	สึกกร่อน
สืบสาวราวเรื่อง	34188	สืบสาวราวเรื่อง
สุขภัณฑ์	34187	สุขภัณฑ์
สุขวิทยา	34186	สุขวิทยา
สุงสิง	34185	สุงสิง
สุณิสา	34184	สุณิสา
สุดคน	34183	สุดคน
สุบรรณ	34182	สุบรรณ
สุภา	34181	สุภา
สุริยง	34180	สุริยง
สุริยวงศ์	34179	สุริยวงศ์
สุริย์	34178	สุริย์
สุวภาพ	34177	สุวภาพ
สูติ	34176	สูติ
สู่สม	34175	สู่สม
สแกนดิเนเวีย	34174	สแกนดิเนเวีย
สโตร์	34173	สโตร์
ส่งสาร	34172	ส่งสาร
ส่วนท้องถิ่น	34171	ส่วนท้องถิ่น
ส่วนโค้ง	34170	ส่วนโค้ง
ส้มป่อย	34169	ส้มป่อย
หง	34168	หง
หงอ	34167	หงอ
หงอยๆ	34166	หงอยๆ
หนองบัวลำภู	34165	หนองบัวลำภู
หนังกลางวัน	34164	หนังกลางวัน
หนาหู	34163	หนาหู
หนำใจ	34162	หนำใจ
หน่วยราชการ	34161	หน่วยราชการ
หน่อไม้ฝรั่ง	34160	หน่อไม้ฝรั่ง
หน้างอ	34159	หน้างอ
หน้าจั่ว	34158	หน้าจั่ว
หน้าซีดๆ	34157	หน้าซีดๆ
หน้าตาย	34156	หน้าตาย
หน้าบัน	34155	หน้าบัน
หน้าเง้า	34154	หน้าเง้า
หมดอาลัย	34153	หมดอาลัย
หมดไส้หมดพุง	34152	หมดไส้หมดพุง
หมองหมาง	34151	หมองหมาง
หมอตำแย	34150	หมอตำแย
หมอนทอง	34149	หมอนทอง
หมอบๆ	34148	หมอบๆ
หมับ	34147	หมับ
หมากขาม	34146	หมากขาม
หมากสง	34145	หมากสง
หมางเมิน	34144	หมางเมิน
หม่อ	34143	หม่อ
หม่อง	34142	หม่อง
หม่ำ	34141	หม่ำ
หยอยๆ	34140	หยอยๆ
หยากเยื่อ	34139	หยากเยื่อ
หยิกๆ	34138	หยิกๆ
หยุมๆ	34137	หยุมๆ
หย่อง	34136	หย่อง
หรดาล	34135	หรดาล
หรดี	34134	หรดี
หฤโหด	34133	หฤโหด
หลบๆ	34132	หลบๆ
หลวงจีน	34131	หลวงจีน
หลังฉาก	34130	หลังฉาก
หลังเท้า	34129	หลังเท้า
หลัดๆ	34128	หลัดๆ
หลิน	34127	หลิน
หลิ่ง	34126	หลิ่ง
หลี	34125	หลี
หลีฮื้อ	34124	หลีฮื้อ
หลุกหลิก	34123	หลุกหลิก
หวย	34122	หวย
หวิดๆ	34121	หวิดๆ
หะหาย	34120	หะหาย
หักร้าง	34119	หักร้าง
หัวซุน	34118	หัวซุน
หัวปลวก	34117	หัวปลวก
หัวรุนแรง	34116	หัวรุนแรง
หัวลม	34115	หัวลม
หัวอ่อน	34114	หัวอ่อน
หัวเด็ดตีนขาด	34113	หัวเด็ดตีนขาด
หัวเต่า	34112	หัวเต่า
หัวเม็ด	34111	หัวเม็ด
หัวแรง	34110	หัวแรง
หัวแหลม	34109	หัวแหลม
หัวใหม่	34108	หัวใหม่
หั้น	34107	หั้น
หางหงส์	34106	หางหงส์
หามรุ่งหามค่ำ	34105	หามรุ่งหามค่ำ
หาได้	34104	หาได้
หิต	34103	หิต
หินทราย	34102	หินทราย
หินปูน	34101	หินปูน
หินยาน	34100	หินยาน
หิรัญ	34099	หิรัญ
หื่น	34098	หื่น
หุบๆ	34097	หุบๆ
หุ้น	34096	หุ้น
หุ้มแผลง	34095	หุ้มแผลง
หูกระต่าย	34094	หูกระต่าย
หูผึ่ง	34093	หูผึ่ง
ห่อเหี่ยว	34092	ห่อเหี่ยว
ห้วงๆ	34091	ห้วงๆ
ห้างหุ้นส่วน	34090	ห้างหุ้นส่วน
ห้ามสมุทร	34089	ห้ามสมุทร
อกตั้ง	34088	อกตั้ง
อกุศลกรรม	34087	อกุศลกรรม
องค์การโทรศัพท์แห่งประเทศไทย	34086	องค์การโทรศัพท์แห่งประเทศไทย
อธิกมาส	34085	อธิกมาส
อธิราช	34084	อธิราช
อนาจาร	34083	อนาจาร
อนุชิต	34082	อนุชิต
อนุทิน	34081	อนุทิน
อนุภาค	34080	อนุภาค
อบเชย	34079	อบเชย
อพาร์ตเมนต์	34078	อพาร์ตเมนต์
อภิลักขิตกาล	34077	อภิลักขิตกาล
อภิลักขิตสมัย	34076	อภิลักขิตสมัย
อภิวันทน์	34075	อภิวันทน์
อมโรค	34074	อมโรค
อยู่เวร	34073	อยู่เวร
อรชุน	34072	อรชุน
อรัญญิก	34071	อรัญญิก
อรูป	34070	อรูป
อลงกรณ์	34069	อลงกรณ์
อลัชชี	34068	อลัชชี
อวชาตบุตร	34067	อวชาตบุตร
อวพจน์	34066	อวพจน์
อวิจี	34065	อวิจี
อสูร	34064	อสูร
ออกดอกออกผล	34063	ออกดอกออกผล
ออกลูกออกหลาน	34062	ออกลูกออกหลาน
ออกโรง	34061	ออกโรง
ออกๆ	34060	ออกๆ
อักษะ	34059	อักษะ
อัครราชทูต	34058	อัครราชทูต
อังสา	34057	อังสา
อัจกลับ	34056	อัจกลับ
อัณฑชะ	34055	อัณฑชะ
อัดลม	34054	อัดลม
อัมพวัน	34053	อัมพวัน
อัมพุ	34052	อัมพุ
อากัป	34051	อากัป
อาคารชุด	34050	อาคารชุด
อาชีวะ	34049	อาชีวะ
อาณัติ	34048	อาณัติ
อาภา	34047	อาภา
อารบิก	34046	อารบิก
อาวาส	34045	อาวาส
อาเกียรณ์	34044	อาเกียรณ์
อำพัน	34043	อำพัน
อำมฤต	34042	อำมฤต
อิดหนาระอาใจ	34041	อิดหนาระอาใจ
อินังขังขอบ	34040	อินังขังขอบ
อินโดจีน	34039	อินโดจีน
อิสตรี	34038	อิสตรี
อิ่มหมีพีมัน	34037	อิ่มหมีพีมัน
อีจู้	34036	อีจู้
อีเป้า	34035	อีเป้า
อึงอล	34034	อึงอล
อุก	34033	อุก
อุกอาจ	34032	อุกอาจ
อุณา	34031	อุณา
อุปถัมภก	34030	อุปถัมภก
อุปัฏฐาก	34029	อุปัฏฐาก
อุปัทวันตราย	34028	อุปัทวันตราย
อุสุภ	34027	อุสุภ
อุสุม	34026	อุสุม
อุ้มน้ำ	34025	อุ้มน้ำ
อู้ๆ	34024	อู้ๆ
อเมริกาใต้	34023	อเมริกาใต้
อ่อนเปลี้ย	34022	อ่อนเปลี้ย
อ่านๆ	34021	อ่านๆ
อ่ำ	34020	อ่ำ
อ้ายบ้า	34019	อ้ายบ้า
อ้าๆ	34018	อ้าๆ
ฮวบ	34017	ฮวบ
ฮั้ว	34016	ฮั้ว
ฮาร์ท	34015	ฮาร์ท
ฮูก	34014	ฮูก
ฮ้าไฮ้	34013	ฮ้าไฮ้
เกตุมาลา	34012	เกตุมาลา
เกรด	34011	เกรด
เกริน	34010	เกริน
เกลือแกง	34009	เกลือแกง
เกลื้อ	34008	เกลื้อ
เกาะแกะ	34007	เกาะแกะ
เกาเหลียง	34006	เกาเหลียง
เกียง	34005	เกียง
เกียรติ์	34004	เกียรติ์
เกี๊ยะ	34003	เกี๊ยะ
เก็บตก	34002	เก็บตก
เก๊	34001	เก๊
เขมรใหญ่	34000	เขมรใหญ่
เขวี้ยง	33999	เขวี้ยง
เขียวเสวย	33998	เขียวเสวย
เขียวไข่กา	33997	เขียวไข่กา
เขี่ยน	33996	เขี่ยน
เข็ง	33995	เข็ง
เข้าชื่อ	33994	เข้าชื่อ
เข้าหลัก	33993	เข้าหลัก
เข้าเค้า	33992	เข้าเค้า
เข้าเฝือก	33991	เข้าเฝือก
เข้าแบบ	33990	เข้าแบบ
เข้าๆ	33989	เข้าๆ
เครดิต	33988	เครดิต
เครียดๆ	33987	เครียดๆ
เครือเขา	33986	เครือเขา
เครื่องราชอิสริยาภรณ์	33985	เครื่องราชอิสริยาภรณ์
เครื่องร่อน	33984	เครื่องร่อน
เครื่องว่าง	33983	เครื่องว่าง
เครื่องหมายการค้า	33982	เครื่องหมายการค้า
เครื่องเสียง	33981	เครื่องเสียง
เคลียคลอ	33980	เคลียคลอ
เคล้าเคลีย	33979	เคล้าเคลีย
เคียม	33978	เคียม
เคี้ยวฟัน	33977	เคี้ยวฟัน
เงอะงะ	33976	เงอะงะ
เงี่ย	33975	เงี่ย
เงี่ยง	33974	เงี่ยง
เงือดงด	33973	เงือดงด
เจว็ด	33972	เจว็ด
เจษฎา	33971	เจษฎา
เจิด	33970	เจิด
เจิดจ้า	33969	เจิดจ้า
เจียระบาด	33968	เจียระบาด
เจี๊ยบๆ	33967	เจี๊ยบๆ
เจื่อน	33966	เจื่อน
เจ่อ	33965	เจ่อ
เจ้	33964	เจ้
เจ้าขรัว	33963	เจ้าขรัว
เจ้าจอมมารดา	33962	เจ้าจอมมารดา
เจ้าถิ่น	33961	เจ้าถิ่น
เฉท	33960	เฉท
เฉนียน	33959	เฉนียน
เฉพาะกาล	33958	เฉพาะกาล
เฉลียวใจ	33957	เฉลียวใจ
เฉอะแฉะ	33956	เฉอะแฉะ
เฉาก๊วย	33955	เฉาก๊วย
เฉิด	33954	เฉิด
เชลยศึก	33953	เชลยศึก
เชิงกลอน	33952	เชิงกลอน
เชิงชั้น	33951	เชิงชั้น
เชียงของ	33950	เชียงของ
เซิร์ฟ	33949	เซิร์ฟ
เซ่ง	33948	เซ่ง
เดก	33947	เดก
เดินโต๊ะ	33946	เดินโต๊ะ
เดือนเต็ม	33945	เดือนเต็ม
เด็ดๆ	33944	เด็ดๆ
เด๋อ	33943	เด๋อ
เตี่ยว	33942	เตี่ยว
เต้นแร้งเต้นกา	33941	เต้นแร้งเต้นกา
เต้าส่วน	33940	เต้าส่วน
เถกิง	33939	เถกิง
เถน	33938	เถน
เถร	33937	เถร
เถรานุเถระ	33936	เถรานุเถระ
เทวา	33935	เทวา
เทศาภิบาล	33934	เทศาภิบาล
เทิร์น	33933	เทิร์น
เทิ่ง	33932	เทิ่ง
เทียร	33931	เทียร
เที่ยงๆ	33930	เที่ยงๆ
เท่อ	33929	เท่อ
เท่าทุน	33928	เท่าทุน
เธอๆ	33927	เธอๆ
เนียง	33926	เนียง
เนืองนอง	33925	เนืองนอง
เนื้องอก	33924	เนื้องอก
เน่ง	33923	เน่ง
เน้อ	33922	เน้อ
เบญจศก	33921	เบญจศก
เบาราณ	33920	เบาราณ
เบาแรง	33919	เบาแรง
เบิกความ	33918	เบิกความ
เบียดกรอ	33917	เบียดกรอ
เบี่ยงเบน	33916	เบี่ยงเบน
เปลญวน	33915	เปลญวน
เปลาะๆ	33914	เปลาะๆ
เปล่าดาย	33913	เปล่าดาย
เปาะ	33912	เปาะ
เปิดบัญชี	33911	เปิดบัญชี
เปิดใจ	33910	เปิดใจ
เปิดๆ	33909	เปิดๆ
เปิบข้าว	33908	เปิบข้าว
เปิ่น	33907	เปิ่น
เปียว	33906	เปียว
เปี๊ยบ	33905	เปี๊ยบ
เป็นบ้าเป็นหลัง	33904	เป็นบ้าเป็นหลัง
เป็นล่ำเป็นสัน	33903	เป็นล่ำเป็นสัน
เป็นวรรคเป็นเวร	33902	เป็นวรรคเป็นเวร
เป็นใจ	33901	เป็นใจ
เป็นไทย	33900	เป็นไทย
เป๋อ	33899	เป๋อ
เผลอๆ	33898	เผลอๆ
เพชรน้ำหนึ่ง	33897	เพชรน้ำหนึ่ง
เพทาย	33896	เพทาย
เพนนี	33895	เพนนี
เพราพริ้ง	33894	เพราพริ้ง
เพริศ	33893	เพริศ
เพริศพริ้ง	33892	เพริศพริ้ง
เพริศแพร้ว	33891	เพริศแพร้ว
เพลาะ	33890	เพลาะ
เพลิงกัลป์	33889	เพลิงกัลป์
เพลี่ยง	33888	เพลี่ยง
เพล็ด	33887	เพล็ด
เพ่งๆ	33886	เพ่งๆ
เฟค	33885	เฟค
เฟอร์รัส	33884	เฟอร์รัส
เฟือง	33883	เฟือง
เฟือน	33882	เฟือน
เฟื้อ	33881	เฟื้อ
เภตรา	33880	เภตรา
เภรี	33879	เภรี
เภสัชวิทยา	33878	เภสัชวิทยา
เมกะเฮิรตซ์	33877	เมกะเฮิรตซ์
เมฆี	33876	เมฆี
เมถุน	33875	เมถุน
เมนเฟรม	33874	เมนเฟรม
เมลือง	33873	เมลือง
เมาะตะมะ	33872	เมาะตะมะ
เมินๆ	33871	เมินๆ
เมียงม่าย	33870	เมียงม่าย
เมียๆ	33869	เมียๆ
เยอว	33868	เยอว
เยาวลักษณ์	33867	เยาวลักษณ์
เยิ่น	33866	เยิ่น
เยี่ยมยอด	33865	เยี่ยมยอด
เยี่ยมๆ	33864	เยี่ยมๆ
เยื้อ	33863	เยื้อ
เย็นตาโฟ	33862	เย็นตาโฟ
เย็บเล่ม	33861	เย็บเล่ม
เรขาคณิต	33860	เรขาคณิต
เรณู	33859	เรณู
เริศร้าง	33858	เริศร้าง
เรียงพิมพ์	33857	เรียงพิมพ์
เรียงหมอน	33856	เรียงหมอน
เรียบง่าย	33855	เรียบง่าย
เรือก	33854	เรือก
เรืองแสง	33853	เรืองแสง
เรือนหอ	33852	เรือนหอ
เรือโยง	33851	เรือโยง
เรื่อยเจื้อย	33850	เรื่อยเจื้อย
เลกวัด	33849	เลกวัด
เลดี	33848	เลดี
เลท	33847	เลท
เลียนเสียง	33846	เลียนเสียง
เลี้ยงส่ง	33845	เลี้ยงส่ง
เลี้ยวๆ	33844	เลี้ยวๆ
เลือดร้อน	33843	เลือดร้อน
เล่นเบี้ย	33842	เล่นเบี้ย
เล่ห์กระเท่ห์	33841	เล่ห์กระเท่ห์
เล้าโลม	33840	เล้าโลม
เวจ	33839	เวจ
เวชกรรม	33838	เวชกรรม
เวชยันต์	33837	เวชยันต์
เวรๆ	33836	เวรๆ
เวลลิงตัน	33835	เวลลิงตัน
เวไนย	33834	เวไนย
เสตร็ทโตรสโคป	33833	เสตร็ทโตรสโคป
เสนีย์	33832	เสนีย์
เสาตะลุง	33831	เสาตะลุง
เสาวคนธ์	33830	เสาวคนธ์
เสาหมอ	33829	เสาหมอ
เสาเข็ม	33828	เสาเข็ม
เสียบน	33827	เสียบน
เสียหน้า	33826	เสียหน้า
เสียอกเสียใจ	33825	เสียอกเสียใจ
เสียเชิง	33824	เสียเชิง
เสือกไส	33823	เสือกไส
เสือตกถัง	33822	เสือตกถัง
เสือๆ	33821	เสือๆ
เส้นหมี่	33820	เส้นหมี่
เส้นๆ	33819	เส้นๆ
เส้า	33818	เส้า
เหงือกปลาหมอ	33817	เหงือกปลาหมอ
เหงื่อกาฬ	33816	เหงื่อกาฬ
เหนอะหนะ	33815	เหนอะหนะ
เหนียง	33814	เหนียง
เหน่ง	33813	เหน่ง
เหมาหลาหงี	33812	เหมาหลาหงี
เหมือนกับว่า	33811	เหมือนกับว่า
เหยง	33810	เหยง
เหยี่ยวๆ	33809	เหยี่ยวๆ
เหลือบ่ากว่าแรง	33808	เหลือบ่ากว่าแรง
เหลือหลอ	33807	เหลือหลอ
เหล็กกล้า	33806	เหล็กกล้า
เหิมฮึก	33805	เหิมฮึก
เหือด	33804	เหือด
เอกศก	33803	เอกศก
เอกอุ	33802	เอกอุ
เอนกาย	33801	เอนกาย
เอาผิด	33800	เอาผิด
เอาละๆ	33799	เอาละๆ
เอาเถิดเจ้าล่อ	33798	เอาเถิดเจ้าล่อ
เอาใช้	33797	เอาใช้
เอิ้บๆ	33796	เอิ้บๆ
เอี๊ยม	33795	เอี๊ยม
เอื้อมอาจ	33794	เอื้อมอาจ
เอเดน	33793	เอเดน
เอเย่นต์	33792	เอเย่นต์
เฮอ	33791	เฮอ
เฮ่อ	33790	เฮ่อ
เฮ้ว	33789	เฮ้ว
แกะรอย	33788	แกะรอย
แก้ง	33787	แก้ง
แขวะ	33786	แขวะ
แคชเชียร์	33785	แคชเชียร์
แคฝรั่ง	33784	แคฝรั่ง
แครอท	33783	แครอท
แคล้วคลาด	33782	แคล้วคลาด
แงะ	33781	แงะ
แจ่ง	33780	แจ่ง
แฉ่ง	33779	แฉ่ง
แชงมา	33778	แชงมา
แชท	33777	แชท
แซ่ซ้อง	33776	แซ่ซ้อง
แดดาล	33775	แดดาล
แต๊ดแต๋	33774	แต๊ดแต๋
แถก	33773	แถก
แถลงข่าว	33772	แถลงข่าว
แทรกซึม	33771	แทรกซึม
แนม	33770	แนม
แบต	33769	แบต
แบบพิธี	33768	แบบพิธี
แบล็ก	33767	แบล็ก
แบหลา	33766	แบหลา
แบเบาะ	33765	แบเบาะ
แปม	33764	แปม
แปรญัตติ	33763	แปรญัตติ
แปลกปลอม	33762	แปลกปลอม
แป้งญวน	33761	แป้งญวน
แป้งมัน	33760	แป้งมัน
แป้งสารภี	33759	แป้งสารภี
แป๊บ	33758	แป๊บ
แผนกๆ	33757	แผนกๆ
แผ่ซ่าน	33756	แผ่ซ่าน
แพทย์ศาสตร์	33755	แพทย์ศาสตร์
แพ้พ่าย	33754	แพ้พ่าย
แฟ้บ	33753	แฟ้บ
แมค	33752	แมค
แมวมอง	33751	แมวมอง
แม็ก	33750	แม็ก
แม่นๆ	33749	แม่นๆ
แม่ม่าย	33748	แม่ม่าย
แม่ยาย	33747	แม่ยาย
แย่ๆ	33746	แย่ๆ
แรงดลใจ	33745	แรงดลใจ
แลคเกอร์	33744	แลคเกอร์
แลนด์	33743	แลนด์
และเลียม	33742	และเลียม
แวดวง	33741	แวดวง
แวววาม	33740	แวววาม
แว่นขยาย	33739	แว่นขยาย
แสกๆ	33738	แสกๆ
แสดงทรรศนะ	33737	แสดงทรรศนะ
แสดงเหตุผล	33736	แสดงเหตุผล
แสนกล	33735	แสนกล
แสนยานุภาพ	33734	แสนยานุภาพ
แสะ	33733	แสะ
แหนม	33732	แหนม
แหนหวง	33731	แหนหวง
แหนแห่	33730	แหนแห่
แหย	33729	แหย
แหยง	33728	แหยง
แหย่ง	33727	แหย่ง
แหลกลาญ	33726	แหลกลาญ
แหะ	33725	แหะ
แห้งเหือด	33724	แห้งเหือด
แอด	33723	แอด
แอบๆ	33722	แอบๆ
แอ้ด	33721	แอ้ด
แฮ่กึ๊น	33720	แฮ่กึ๊น
โกรธแค้น	33719	โกรธแค้น
โกสุม	33718	โกสุม
โกโก้	33717	โกโก้
โขลนทวาร	33716	โขลนทวาร
โคบาล	33715	โคบาล
โคมเวียน	33714	โคมเวียน
โครมๆ	33713	โครมๆ
โค่ง	33712	โค่ง
โงก	33711	โงก
โจ๋	33710	โจ๋
โฉงเฉง	33709	โฉงเฉง
โฉ่งฉ่าง	33708	โฉ่งฉ่าง
โซเชียลิสต์	33707	โซเชียลิสต์
โซเดียมคลอไรด์	33706	โซเดียมคลอไรด์
โซเวียต	33705	โซเวียต
โดดเด่น	33704	โดดเด่น
โตรก	33703	โตรก
โต้คารม	33702	โต้คารม
โต๊ะกลม	33701	โต๊ะกลม
โทศก	33700	โทศก
โนรา	33699	โนรา
โน๊ต	33698	โน๊ต
โบกขรพรรษ	33697	โบกขรพรรษ
โปง	33696	โปง
โปดก	33695	โปดก
โปร	33694	โปร
โป้	33693	โป้
โป้งๆ	33692	โป้งๆ
โป้ปด	33691	โป้ปด
โป๊ป	33690	โป๊ป
โผอน	33689	โผอน
โพธิสัตว์ๆ	33688	โพธิสัตว์ๆ
โพล่งๆ	33687	โพล่งๆ
โภคะ	33686	โภคะ
โภช	33685	โภช
โมงครุ่ม	33684	โมงครุ่ม
โมลี	33683	โมลี
โม่งโค่ง	33682	โม่งโค่ง
โยนหัวโยนก้อย	33681	โยนหัวโยนก้อย
โรคประสาท	33680	โรคประสาท
โรธ	33679	โรธ
โรมันคาทอลิก	33678	โรมันคาทอลิก
โรล	33677	โรล
โลกอุดร	33676	โลกอุดร
โลกีย์	33675	โลกีย์
โวการ	33674	โวการ
โว้เว้	33673	โว้เว้
โสดา	33672	โสดา
โหน่ง	33671	โหน่ง
โหยไห้	33670	โหยไห้
โหลด	33669	โหลด
โอฆสงสาร	33668	โอฆสงสาร
โอบเอื้อ	33667	โอบเอื้อ
โอ่อวด	33666	โอ่อวด
โอ๊ต	33665	โอ๊ต
ใจต่ำ	33664	ใจต่ำ
ในขณะนั้นๆ	33663	ในขณะนั้นๆ
ใบทอง	33662	ใบทอง
ใบระกา	33661	ใบระกา
ใบลา	33660	ใบลา
ใบเสร็จ	33659	ใบเสร็จ
ไกล่	33658	ไกล่
ไก่แก้ว	33657	ไก่แก้ว
ไขหู	33656	ไขหู
ไข่จระเข้	33655	ไข่จระเข้
ไข่หวาน	33654	ไข่หวาน
ไข่เหี้ย	33653	ไข่เหี้ย
ไข้พิษ	33652	ไข้พิษ
ไข้มาลาเรีย	33651	ไข้มาลาเรีย
ไข้สันนิบาต	33650	ไข้สันนิบาต
ไข้ๆ	33649	ไข้ๆ
ไคลแมกซ์	33648	ไคลแมกซ์
ได้ชื่อ	33647	ได้ชื่อ
ไตรรัตน์	33646	ไตรรัตน์
ไตรสรณคมน์	33645	ไตรสรณคมน์
ไต่ไม้	33644	ไต่ไม้
ไถดะ	33643	ไถดะ
ไถ่บาป	33642	ไถ่บาป
ไทยมุง	33641	ไทยมุง
ไทรทอง	33640	ไทรทอง
ไทเป	33639	ไทเป
ไนลอน	33638	ไนลอน
ไปรเวต	33637	ไปรเวต
ไพชยนต์	33636	ไพชยนต์
ไพรวัน	33635	ไพรวัน
ไมโครกรัม	33634	ไมโครกรัม
ไมโครฟิล์ม	33633	ไมโครฟิล์ม
ไมโครเวฟ	33632	ไมโครเวฟ
ไม้ตาย	33631	ไม้ตาย
ไม้ตีพริก	33630	ไม้ตีพริก
ไม้โอ	33629	ไม้โอ
ไรๆ	33628	ไรๆ
ไลท์	33627	ไลท์
ไวไฟ	33626	ไวไฟ
ไว้ธุระ	33625	ไว้ธุระ
ไส้ตัน	33624	ไส้ตัน
ไอพ่น	33623	ไอพ่น
ไอริช	33622	ไอริช
ไอแดด	33621	ไอแดด
ไฮดรา	33620	ไฮดรา
ไฮโดรเจน	33619	ไฮโดรเจน
กกกอด	33618	กกกอด
กงกำกงเกวียน	33617	กงกำกงเกวียน
กงสี	33616	กงสี
กช	33615	กช
กฎหมายอาญา	33614	กฎหมายอาญา
กฎหมายแพ่ง	33613	กฎหมายแพ่ง
กฎๆ	33612	กฎๆ
กดราคา	33611	กดราคา
กดหัว	33610	กดหัว
กถามุข	33609	กถามุข
กบาล	33608	กบาล
กรก	33607	กรก
กรกฎ	33606	กรกฎ
กรดอะมิโน	33605	กรดอะมิโน
กรมการศาสนา	33604	กรมการศาสนา
กรมประชาสัมพันธ์	33603	กรมประชาสัมพันธ์
กรรทบ	33602	กรรทบ
กรรบิด	33601	กรรบิด
กรรภิรมย์	33600	กรรภิรมย์
กรรมชวาต	33599	กรรมชวาต
กรรมวาจก	33598	กรรมวาจก
กรรแซง	33597	กรรแซง
กรรแทรก	33596	กรรแทรก
กรรแสง	33595	กรรแสง
กรวบ	33594	กรวบ
กระจับปิ้ง	33593	กระจับปิ้ง
กระจิด	33592	กระจิด
กระจุ๋มกระจิ๋ม	33591	กระจุ๋มกระจิ๋ม
กระจูด	33590	กระจูด
กระจู๋กระจี๋	33589	กระจู๋กระจี๋
กระจ่า	33588	กระจ่า
กระจ้อย	33587	กระจ้อย
กระชดกระช้อย	33586	กระชดกระช้อย
กระชุ่มกระชวย	33585	กระชุ่มกระชวย
กระซับ	33584	กระซับ
กระซาบ	33583	กระซาบ
กระดาษกาว	33582	กระดาษกาว
กระดาษพิมพ์	33581	กระดาษพิมพ์
กระดาษแก้ว	33580	กระดาษแก้ว
กระดิกๆ	33579	กระดิกๆ
กระดิบ	33578	กระดิบ
กระดุบกระดิบ	33577	กระดุบกระดิบ
กระดุ้งกระดิ้ง	33576	กระดุ้งกระดิ้ง
กระตุ่น	33575	กระตุ่น
กระตุ้งกระติ้ง	33574	กระตุ้งกระติ้ง
กระทงลอย	33573	กระทงลอย
กระทงๆ	33572	กระทงๆ
กระทรวงมหาดไทย	33571	กระทรวงมหาดไทย
กระทุง	33570	กระทุง
กระทุ้งๆ	33569	กระทุ้งๆ
กระทู้ถาม	33568	กระทู้ถาม
กระนั้นก็ตาม	33567	กระนั้นก็ตาม
กระบวร	33566	กระบวร
กระบาย	33565	กระบาย
กระบิด	33564	กระบิด
กระบิล	33563	กระบิล
กระป่อง	33562	กระป่อง
กระผลีกระผลาม	33561	กระผลีกระผลาม
กระพัด	33560	กระพัด
กระพี้	33559	กระพี้
กระพุ้ง	33558	กระพุ้ง
กระพุ้งแก้ม	33557	กระพุ้งแก้ม
กระฟัดกระเฟียด	33556	กระฟัดกระเฟียด
กระมล	33555	กระมล
กระยา	33554	กระยา
กระยิ้มกระย่อง	33553	กระยิ้มกระย่อง
กระยืดกระยาด	33552	กระยืดกระยาด
กระย่องกระแย่ง	33551	กระย่องกระแย่ง
กระวน	33550	กระวน
กระวาน	33549	กระวาน
กระษัตรี	33548	กระษัตรี
กระสร้อย	33547	กระสร้อย
กระสูบ	33546	กระสูบ
กระหนกนารี	33545	กระหนกนารี
กระหนุงกระหนิง	33544	กระหนุงกระหนิง
กระหรอด	33543	กระหรอด
กระอักกระอ่วน	33542	กระอักกระอ่วน
กระอุ	33541	กระอุ
กระเชอ	33540	กระเชอ
กระเตาะๆ	33539	กระเตาะๆ
กระเย้อกระแหย่ง	33538	กระเย้อกระแหย่ง
กระเส่าๆ	33537	กระเส่าๆ
กระเหม่า	33536	กระเหม่า
กระแชง	33535	กระแชง
กระแด่วๆ	33534	กระแด่วๆ
กระแท่น	33533	กระแท่น
กระโจมไฟ	33532	กระโจมไฟ
กระโชกกระชั้น	33531	กระโชกกระชั้น
กระโชกกระชาก	33530	กระโชกกระชาก
กรัณฑ์	33529	กรัณฑ์
กราบๆ	33528	กราบๆ
กราวเกรียว	33527	กราวเกรียว
กราวๆ	33526	กราวๆ
กรินทร์	33525	กรินทร์
กริวกราว	33524	กริวกราว
กริ๊งๆ	33523	กริ๊งๆ
กรีดกราด	33522	กรีดกราด
กรีดนิ้ว	33521	กรีดนิ้ว
กรุงเทพมหานครฯ	33520	กรุงเทพมหานครฯ
กรุงไทย	33519	กรุงไทย
กร้อ	33518	กร้อ
กร้าวแกร่ง	33517	กร้าวแกร่ง
กร๊วบๆ	33516	กร๊วบๆ
กร๊อดๆ	33515	กร๊อดๆ
กฤดาการ	33514	กฤดาการ
กฤดาภินิหาร	33513	กฤดาภินิหาร
กฤษฎีกา	33512	กฤษฎีกา
กลมดิก	33511	กลมดิก
กลยุทธ์	33510	กลยุทธ์
กลศาสตร์	33509	กลศาสตร์
กลับตัว	33508	กลับตัว
กลางค่ำ	33507	กลางค่ำ
กลุ้มอกกลุ้มใจ	33506	กลุ้มอกกลุ้มใจ
กลู่	33505	กลู่
กล่องๆ	33504	กล่องๆ
กล่าวอำลา	33503	กล่าวอำลา
กล่าวเกลี้ยง	33502	กล่าวเกลี้ยง
กล้วยกล้าย	33501	กล้วยกล้าย
กล้องภาพยนตร์	33500	กล้องภาพยนตร์
กล้องโทรทรรศน์	33499	กล้องโทรทรรศน์
กล้อมแกล้ม	33498	กล้อมแกล้ม
กล้าย	33497	กล้าย
กวะ	33496	กวะ
กวา	33495	กวา
กวางตุ้ง	33494	กวางตุ้ง
กวาดๆ	33493	กวาดๆ
กว้า	33492	กว้า
กว๊าน	33491	กว๊าน
กว๋อๆๆ	33490	กว๋อๆๆ
กษัตรี	33489	กษัตรี
กสิกรไทย	33488	กสิกรไทย
กสิณ	33487	กสิณ
กองกำลัง	33486	กองกำลัง
กองกูณฑ์	33485	กองกูณฑ์
กองข้าว	33484	กองข้าว
กองทัพบก	33483	กองทัพบก
กองบัญชาการ	33482	กองบัญชาการ
กอๆ	33481	กอๆ
กะต่า	33480	กะต่า
กะต๊ากๆ	33479	กะต๊ากๆ
กะทกรก	33478	กะทกรก
กะทอ	33477	กะทอ
กะทัง	33476	กะทัง
กะทัน	33475	กะทัน
กะปริบกะปรอย	33474	กะปริบกะปรอย
กะราง	33473	กะราง
กะหรี่	33472	กะหรี่
กะโต๊กๆ	33471	กะโต๊กๆ
กังก้า	33470	กังก้า
กังฉิน	33469	กังฉิน
กังไส	33468	กังไส
กัดแทะ	33467	กัดแทะ
กันตัง	33466	กันตัง
กันต์	33465	กันต์
กันย์	33464	กันย์
กัปปิยะ	33463	กัปปิยะ
กัมพุช	33462	กัมพุช
กัมโพชะ	33461	กัมโพชะ
กัลเม็ด	33460	กัลเม็ด
กั้นหยั่น	33459	กั้นหยั่น
กั้บๆ	33458	กั้บๆ
กามคุณ	33457	กามคุณ
กายบริหาร	33456	กายบริหาร
กายภาพบำบัด	33455	กายภาพบำบัด
การบูร	33454	การบูร
การ์เดน	33453	การ์เดน
กาลกิริยา	33452	กาลกิริยา
กาสัก	33451	กาสัก
กาหลง	33450	กาหลง
กาเว้าๆ	33449	กาเว้าๆ
กาเหว่าๆ	33448	กาเหว่าๆ
กาไหล่	33447	กาไหล่
กำกับดูแล	33446	กำกับดูแล
กำซาบ	33445	กำซาบ
กำถั่ว	33444	กำถั่ว
กำพืด	33443	กำพืด
กำมะลอ	33442	กำมะลอ
กำมือๆ	33441	กำมือๆ
กำแพงเพชร	33440	กำแพงเพชร
กำไลมือ	33439	กำไลมือ
กำๆ	33438	กำๆ
กิตติกรรมประกาศ	33437	กิตติกรรมประกาศ
กินกำไร	33436	กินกำไร
กินดิบๆ	33435	กินดิบๆ
กินตา	33434	กินตา
กินนรรำ	33433	กินนรรำ
กินนอกกินใน	33432	กินนอกกินใน
กินปลี	33431	กินปลี
กินล้างกินผลาญ	33430	กินล้างกินผลาญ
กินอยู่พูวาย	33429	กินอยู่พูวาย
กินเจ	33428	กินเจ
กินเปี้ยว	33427	กินเปี้ยว
กินแถว	33426	กินแถว
กิโมโน	33425	กิโมโน
กีวี	33424	กีวี
กึกกือ	33423	กึกกือ
กึกๆ	33422	กึกๆ
กุญแจมือ	33421	กุญแจมือ
กุฏไต	33420	กุฏไต
กุณฑี	33419	กุณฑี
กุบ	33418	กุบ
กุมภวาปี	33417	กุมภวาปี
กุย	33416	กุย
กุยช่าย	33415	กุยช่าย
กุยเฮง	33414	กุยเฮง
กุระ	33413	กุระ
กุลาดำ	33412	กุลาดำ
กุสุมา	33411	กุสุมา
กุ๊น	33410	กุ๊น
กุ๊ย	33409	กุ๊ย
กุ๋ยๆ	33408	กุ๋ยๆ
กูด	33407	กูด
ก็ๆ	33406	ก็ๆ
ก่าน	33405	ก่าน
ก้นขบ	33404	ก้นขบ
ก้นครัว	33403	ก้นครัว
ก้อนเส้า	33402	ก้อนเส้า
ก้อม	33401	ก้อม
ก้านตอง	33400	ก้านตอง
ก้าวๆ	33399	ก้าวๆ
ก๊าน	33398	ก๊าน
ขณะนั้นๆ	33397	ขณะนั้นๆ
ขนมเส้น	33396	ขนมเส้น
ขนาดนั้น	33395	ขนาดนั้น
ขนาดๆ	33394	ขนาดๆ
ขนิษฐ	33393	ขนิษฐ
ขบเผาะ	33392	ขบเผาะ
ขมอง	33391	ขมอง
ขมิ้นอ้อย	33390	ขมิ้นอ้อย
ขมึง	33389	ขมึง
ขยัก	33388	ขยัก
ขยักขย่อน	33387	ขยักขย่อน
ขยันขันแข็ง	33386	ขยันขันแข็ง
ขยันๆ	33385	ขยันๆ
ขยับๆ	33384	ขยับๆ
ขยาดๆ	33383	ขยาดๆ
ขย่ม	33382	ขย่ม
ขริบ	33381	ขริบ
ขลาดๆ	33380	ขลาดๆ
ขวนๆ	33379	ขวนๆ
ขวัญดีๆ	33378	ขวัญดีๆ
ขวากหนาม	33377	ขวากหนาม
ขวางๆ	33376	ขวางๆ
ขอคำแนะนำ	33375	ขอคำแนะนำ
ของวัด	33374	ของวัด
ของเค็ม	33373	ของเค็ม
ของเด็กเล่น	33372	ของเด็กเล่น
ของแห้งๆ	33371	ของแห้งๆ
ของใหม่	33370	ของใหม่
ขอฉาย	33369	ขอฉาย
ขอดค่อน	33368	ขอดค่อน
ขอนดอก	33367	ขอนดอก
ขอบคุณๆ	33366	ขอบคุณๆ
ขอมๆ	33365	ขอมๆ
ขอสับ	33364	ขอสับ
ขอให้	33363	ขอให้
ขะข่ำ	33362	ขะข่ำ
ขัดดอก	33361	ขัดดอก
ขัดยอก	33360	ขัดยอก
ขัดสมาธิ	33359	ขัดสมาธิ
ขัดแข็ง	33358	ขัดแข็ง
ขัตติยมานะ	33357	ขัตติยมานะ
ขับเคลื่อน	33356	ขับเคลื่อน
ขั้นตอนนี้	33355	ขั้นตอนนี้
ขั้นสูงๆ	33354	ขั้นสูงๆ
ขาดดุล	33353	ขาดดุล
ขาดเสบียงอาหาร	33352	ขาดเสบียงอาหาร
ขานาง	33351	ขานาง
ขาพับ	33350	ขาพับ
ขายชาติ	33349	ขายชาติ
ขาหยั่ง	33348	ขาหยั่ง
ขำๆ	33347	ขำๆ
ขิก	33346	ขิก
ขิด	33345	ขิด
ขิ่ง	33344	ขิ่ง
ขีณาสพ	33343	ขีณาสพ
ขีดขั้น	33342	ขีดขั้น
ขีดคั่น	33341	ขีดคั่น
ขี้กา	33340	ขี้กา
ขี้ก้าง	33339	ขี้ก้าง
ขี้ครอก	33338	ขี้ครอก
ขี้ผง	33337	ขี้ผง
ขี้เข็บ	33336	ขี้เข็บ
ขี้เท่อ	33335	ขี้เท่อ
ขี้แย	33334	ขี้แย
ขึ้งเคียด	33333	ขึ้งเคียด
ขึ้นคาน	33332	ขึ้นคาน
ขึ้นลงบันได	33331	ขึ้นลงบันได
ขืนใจ	33330	ขืนใจ
ขุนบาล	33329	ขุนบาล
ขุนพัฒน์	33328	ขุนพัฒน์
ขุนศาล	33327	ขุนศาล
ขุยไผ่	33326	ขุยไผ่
ขุ่นแค้น	33325	ขุ่นแค้น
ขู	33324	ขู
ขโมยขโจร	33323	ขโมยขโจร
ข่มนาม	33322	ข่มนาม
ข่มเหงคะเนงร้าย	33321	ข่มเหงคะเนงร้าย
ข้นๆ	33320	ข้นๆ
ข้องจิต	33319	ข้องจิต
ข้อน	33318	ข้อน
ข้อย	33317	ข้อย
ข้างตีน	33316	ข้างตีน
ข้างบนๆ	33315	ข้างบนๆ
ข้ามหน้า	33314	ข้ามหน้า
ข้ามหน้าข้ามตา	33313	ข้ามหน้าข้ามตา
ข้ามๆ	33312	ข้ามๆ
ข้าวกล้า	33311	ข้าวกล้า
ข้าวของๆ	33310	ข้าวของๆ
ข้าวขาหมู	33309	ข้าวขาหมู
ข้าวตัง	33308	ข้าวตัง
ข้าวบาตร	33307	ข้าวบาตร
ข้าวปุ้น	33306	ข้าวปุ้น
ข้าวผอก	33305	ข้าวผอก
ข้าวมันไก่	33304	ข้าวมันไก่
ข้าวหมก	33303	ข้าวหมก
ข้าวเม่าทอด	33302	ข้าวเม่าทอด
ข้าวแช่	33301	ข้าวแช่
ข้าหลวงเดิม	33300	ข้าหลวงเดิม
ฃอบใจ	33299	ฃอบใจ
ฃอให	33298	ฃอให
คงกระพัน	33297	คงกระพัน
คงกระพันชาตรี	33296	คงกระพันชาตรี
คงๆ	33295	คงๆ
คชสีห์	33294	คชสีห์
คณะทูต	33293	คณะทูต
คดีดำ	33292	คดีดำ
คดีแพ่ง	33291	คดีแพ่ง
คดๆ	33290	คดๆ
คนที	33289	คนที
คนหนึ่ง	33288	คนหนึ่ง
คนอื่น	33287	คนอื่น
คนเร่ร่อน	33286	คนเร่ร่อน
คนใช้ๆ	33285	คนใช้ๆ
คนไทย	33284	คนไทย
คมชัด	33283	คมชัด
ครรชิต	33282	ครรชิต
ครรโภทร	33281	ครรโภทร
ครรโลง	33280	ครรโลง
ครอบจักรวาล	33279	ครอบจักรวาล
ครัดเคร่ง	33278	ครัดเคร่ง
ครันๆ	33277	ครันๆ
ครั้งนั้นๆ	33276	ครั้งนั้นๆ
ครึน	33275	ครึน
ครึม	33274	ครึม
ครืนครั่น	33273	ครืนครั่น
ครือๆ	33272	ครือๆ
ครื้นครั่น	33271	ครื้นครั่น
ครื้นครึก	33270	ครื้นครึก
ครุฑพ่าห์	33269	ครุฑพ่าห์
ครูใหญ่	33268	ครูใหญ่
ครูๆ	33267	ครูๆ
คลอโรฟลูออโรคาร์บอน	33266	คลอโรฟลูออโรคาร์บอน
คลอโรฟีลล์	33265	คลอโรฟีลล์
คลอๆ	33264	คลอๆ
คลั่งไคล้	33263	คลั่งไคล้
คลื่นแสง	33262	คลื่นแสง
คลุกคลีตีโมง	33261	คลุกคลีตีโมง
คลุมโปง	33260	คลุมโปง
คล่องตัว	33259	คล่องตัว
ควบๆ	33258	ควบๆ
ควักค้อน	33257	ควักค้อน
ควันหลง	33256	ควันหลง
คว้าน	33255	คว้าน
คองคอร์ด	33254	คองคอร์ด
คอตั้งบ่า	33253	คอตั้งบ่า
คอต่อ	33252	คอต่อ
คอนโด	33251	คอนโด
คอนโทรล	33250	คอนโทรล
คอม้า	33249	คอม้า
คอยๆๆๆ	33248	คอยๆๆๆ
คอรัปชั่น	33247	คอรัปชั่น
คอร์ด	33246	คอร์ด
คอร์ดเดอร์	33245	คอร์ดเดอร์
คอสอง	33244	คอสอง
คอสูง	33243	คอสูง
คัดง้าง	33242	คัดง้าง
คันชัก	33241	คันชัก
คันชั่ง	33240	คันชั่ง
คันถรจนาจารย์	33239	คันถรจนาจารย์
คันธมาทน์	33238	คันธมาทน์
คันธ์	33237	คันธ์
คับๆ	33236	คับๆ
คัมภีรภาพ	33235	คัมภีรภาพ
คั่กๆ	33234	คั่กๆ
คาถาพัน	33233	คาถาพัน
คานหาม	33232	คานหาม
คาบชุด	33231	คาบชุด
คามวาสี	33230	คามวาสี
คาราเต้	33229	คาราเต้
คาร์พ	33228	คาร์พ
คาร์เนชั่น	33227	คาร์เนชั่น
คาวปลา	33226	คาวปลา
คาส	33225	คาส
คำฉันท์	33224	คำฉันท์
คำร้องทุกข์	33223	คำร้องทุกข์
คำเทียบ	33222	คำเทียบ
คำเมือง	33221	คำเมือง
คำแถลง	33220	คำแถลง
คิดมากๆ	33219	คิดมากๆ
คิดเถิง	33218	คิดเถิง
คิ่ดเถิง	33217	คิ่ดเถิง
คีย์	33216	คีย์
คีรีบูน	33215	คีรีบูน
คีโตน	33214	คีโตน
คึ่กๆ	33213	คึ่กๆ
คืนยังรุ่ง	33212	คืนยังรุ่ง
คือๆ	33211	คือๆ
คุกกี้	33210	คุกกี้
คุณครูบาอาจารย์	33209	คุณครูบาอาจารย์
คุณศัพท์	33208	คุณศัพท์
คุณากร	33207	คุณากร
คุต	33206	คุต
คุปต์	33205	คุปต์
คุมขัง	33204	คุมขัง
คุมเชิง	33203	คุมเชิง
คุยๆ	33202	คุยๆ
คุ่ม	33201	คุ่ม
คู่คี่	33200	คู่คี่
คู่ชีพ	33199	คู่ชีพ
คู่บารมี	33198	คู่บารมี
คู่สัญญา	33197	คู่สัญญา
ค็อกเทล	33196	ค็อกเทล
ค่อนๆ	33195	ค่อนๆ
ค่าน้ำ	33194	ค่าน้ำ
ค่าน้ำร้อนน้ำชา	33193	ค่าน้ำร้อนน้ำชา
ค่ายๆ	33192	ค่ายๆ
ค่าหัว	33191	ค่าหัว
ค้อนติง	33190	ค้อนติง
ค้อยๆ	33189	ค้อยๆ
ค้ำหัว	33188	ค้ำหัว
ฆาน	33187	ฆาน
ฆ้องวง	33186	ฆ้องวง
งัว	33185	งัว
งานประดิษฐ์	33184	งานประดิษฐ์
งานเกษตร	33183	งานเกษตร
งี่เง่า	33182	งี่เง่า
งืมๆ	33181	งืมๆ
งุด	33180	งุด
ง่วงเหงาหาวนอน	33179	ง่วงเหงาหาวนอน
ง่อนแง่น	33178	ง่อนแง่น
ง่อยเปลี้ยเสียขา	33177	ง่อยเปลี้ยเสียขา
ง่านๆ	33176	ง่านๆ
จงกรม	33175	จงกรม
จงกลนี	33174	จงกลนี
จงเจริญ	33173	จงเจริญ
จตุรคูณ	33172	จตุรคูณ
จตุโลกบาล	33171	จตุโลกบาล
จมๆ	33170	จมๆ
จรรม	33169	จรรม
จรรโลงใจ	33168	จรรโลงใจ
จริก	33167	จริก
จริงๆๆ	33166	จริงๆๆ
จริยศาสตร์	33165	จริยศาสตร์
จริยศึกษา	33164	จริยศึกษา
จรี	33163	จรี
จรึง	33162	จรึง
จรุก	33161	จรุก
จรุง	33160	จรุง
จลา	33159	จลา
จวงจันทน์	33158	จวงจันทน์
จองถนน	33157	จองถนน
จองหองพองขน	33156	จองหองพองขน
จอนหู	33155	จอนหู
จอมใจ	33154	จอมใจ
จะละเม็ด	33153	จะละเม็ด
จะลุง	33152	จะลุง
จะไจ้	33151	จะไจ้
จักรกล	33150	จักรกล
จักรยานยนต์	33149	จักรยานยนต์
จักริน	33148	จักริน
จักรเย็บผ้า	33147	จักรเย็บผ้า
จังหรีด	33146	จังหรีด
จังไร	33145	จังไร
จัณฑ์	33144	จัณฑ์
จัดการๆ	33143	จัดการๆ
จัดกิจกรรม	33142	จัดกิจกรรม
จัตุรมุข	33141	จัตุรมุข
จัตุโลกบาล	33140	จัตุโลกบาล
จันทน์ขาว	33139	จันทน์ขาว
จันทบูร	33138	จันทบูร
จันทรอุปราคา	33137	จันทรอุปราคา
จันทรเกษม	33136	จันทรเกษม
จับจด	33135	จับจด
จับจิต	33134	จับจิต
จับตาย	33133	จับตาย
จับปิ้ง	33132	จับปิ้ง
จับเชิง	33131	จับเชิง
จั้ง	33130	จั้ง
จั๊กกะจี้	33129	จั๊กกะจี้
จั๊กจี้	33128	จั๊กจี้
จั๊บๆ	33127	จั๊บๆ
จากพราก	33126	จากพราก
จาการ์ตา	33125	จาการ์ตา
จานบิน	33124	จานบิน
จานเสียง	33123	จานเสียง
จารกรรม	33122	จารกรรม
จำนรรจ์	33121	จำนรรจ์
จำนวนอตรรกยะ	33120	จำนวนอตรรกยะ
จำนอง	33119	จำนอง
จำปาดะ	33118	จำปาดะ
จำปูน	33117	จำปูน
จำโนทย์	33116	จำโนทย์
จี๊ดๆ	33115	จี๊ดๆ
จึ้ง	33114	จึ้ง
จุฑามณี	33113	จุฑามณี
จุดทศนิยม	33112	จุดทศนิยม
จุดบกพร่อง	33111	จุดบกพร่อง
จุรี	33110	จุรี
จุลชีวัน	33109	จุลชีวัน
จุลทรรศน์	33108	จุลทรรศน์
จุลวรรค	33107	จุลวรรค
จุๆ	33106	จุๆ
จุ่ง	33105	จุ่ง
จุ้นจู๊	33104	จุ้นจู๊
จูงจมูก	33103	จูงจมูก
จเร	33102	จเร
จ่ากลอง	33101	จ่ากลอง
จ่างๆ	33100	จ่างๆ
จ่าปี่	33099	จ่าปี่
จ้น	33098	จ้น
จ้อน	33097	จ้อน
จ้อยร่อย	33096	จ้อยร่อย
จ๊วบๆ	33095	จ๊วบๆ
จ๊อกๆ	33094	จ๊อกๆ
จ๊าดๆ	33093	จ๊าดๆ
จ๊าบๆ	33092	จ๊าบๆ
จ๋อม	33091	จ๋อม
จ๋อมๆ	33090	จ๋อมๆ
จ๋อย	33089	จ๋อย
จ๋อแจ๋	33088	จ๋อแจ๋
จ๋ะ	33087	จ๋ะ
ฉกามาพจร	33086	ฉกามาพจร
ฉงนสนเท่ห์	33085	ฉงนสนเท่ห์
ฉนำ	33084	ฉนำ
ฉบับๆ	33083	ฉบับๆ
ฉมัน	33082	ฉมัน
ฉล	33081	ฉล
ฉลอม	33080	ฉลอม
ฉลุลาย	33079	ฉลุลาย
ฉวาก	33078	ฉวาก
ฉวาง	33077	ฉวาง
ฉศก	33076	ฉศก
ฉันทศาสตร์	33075	ฉันทศาสตร์
ฉันทานุมัติ	33074	ฉันทานุมัติ
ฉัพพรรณรังสี	33073	ฉัพพรรณรังสี
ฉากตั้ง	33072	ฉากตั้ง
ฉาดๆ	33071	ฉาดๆ
ฉุบ	33070	ฉุบ
ฉุยฉาย	33069	ฉุยฉาย
ชดเชย	33068	ชดเชย
ชนาง	33067	ชนาง
ชนิดๆ	33066	ชนิดๆ
ชนินทร์	33065	ชนินทร์
ชมกิจการ	33064	ชมกิจการ
ชรอื้อ	33063	ชรอื้อ
ชรอ่ำ	33062	ชรอ่ำ
ชระง่อน	33061	ชระง่อน
ชลธี	33060	ชลธี
ชลนัยน์	33059	ชลนัยน์
ชวลิต	33058	ชวลิต
ชอบๆ	33057	ชอบๆ
ชอื้อ	33056	ชอื้อ
ชอ่ำ	33055	ชอ่ำ
ชะพลู	33054	ชะพลู
ชะวาก	33053	ชะวาก
ชะอำ	33052	ชะอำ
ชะโอน	33051	ชะโอน
ชักเงา	33050	ชักเงา
ชักเนื้อ	33049	ชักเนื้อ
ชันตุ	33048	ชันตุ
ชันสูตรพลิกศพ	33047	ชันสูตรพลิกศพ
ชัยบุรี	33046	ชัยบุรี
ชัยปุระ	33045	ชัยปุระ
ชั่วระยะหนึ่ง	33044	ชั่วระยะหนึ่ง
ชั่วแต่ว่า	33043	ชั่วแต่ว่า
ชั่วโมงๆ	33042	ชั่วโมงๆ
ชั้ว	33041	ชั้ว
ชาตะ	33040	ชาตะ
ชาติๆ	33039	ชาติๆ
ชายกระเบน	33038	ชายกระเบน
ชายธง	33037	ชายธง
ชายไหว	33036	ชายไหว
ชาวกรุง	33035	ชาวกรุง
ชาวตะวันตก	33034	ชาวตะวันตก
ชาวน้ำ	33033	ชาวน้ำ
ชาวบางนกแขวก	33032	ชาวบางนกแขวก
ชาวบางยาง	33031	ชาวบางยาง
ชาเยนทร์	33030	ชาเยนทร์
ชำงาย	33029	ชำงาย
ชำนน	33028	ชำนน
ชำมะนาด	33027	ชำมะนาด
ชำเรา	33026	ชำเรา
ชำเราะ	33025	ชำเราะ
ชำแรก	33024	ชำแรก
ชิงช่วง	33023	ชิงช่วง
ชิมลาง	33022	ชิมลาง
ชิๆ	33021	ชิๆ
ชิ่ง	33020	ชิ่ง
ชิ้นเอกๆ	33019	ชิ้นเอกๆ
ชี่	33018	ชี่
ชื่อย่อ	33017	ชื่อย่อ
ชื่อๆ	33016	ชื่อๆ
ชุ	33015	ชุ
ชุมทางรถไฟ	33014	ชุมทางรถไฟ
ชเล	33013	ชเล
ชโลง	33012	ชโลง
ชไม	33011	ชไม
ช็อก	33010	ช็อก
ช็อกโกแลต	33009	ช็อกโกแลต
ช็อค	33008	ช็อค
ช็อป	33007	ช็อป
ช่วงชัย	33006	ช่วงชัย
ช่วงโชติ	33005	ช่วงโชติ
ช่วงใช้	33004	ช่วงใช้
ช่องแคบๆ	33003	ช่องแคบๆ
ช่องๆ	33002	ช่องๆ
ช่อน	33001	ช่อน
ช่อย	33000	ช่อย
ช่อๆ	32999	ช่อๆ
ช่างเครื่อง	32998	ช่างเครื่อง
ช้อนชา	32997	ช้อนชา
ช้อยชด	32996	ช้อยชด
ช้างๆ	32995	ช้างๆ
ซวดทรง	32994	ซวดทรง
ซองพลู	32993	ซองพลู
ซองๆ	32992	ซองๆ
ซอด้วง	32991	ซอด้วง
ซอฟแวร์	32990	ซอฟแวร์
ซอสามสาย	32989	ซอสามสาย
ซักฟอก	32988	ซักฟอก
ซากุระ	32987	ซากุระ
ซาตาน	32986	ซาตาน
ซามูไร	32985	ซามูไร
ซาร์ดีน	32984	ซาร์ดีน
ซาลาเปา	32983	ซาลาเปา
ซาไก	32982	ซาไก
ซำ	32981	ซำ
ซิกข์	32980	ซิกข์
ซิดนีย์	32979	ซิดนีย์
ซิตี	32978	ซิตี
ซิลิกอน	32977	ซิลิกอน
ซิลิเกต	32976	ซิลิเกต
ซิๆ	32975	ซิๆ
ซีดี	32974	ซีดี
ซีน	32973	ซีน
ซีอิ๊ว	32972	ซีอิ๊ว
ซีไรท์	32971	ซีไรท์
ซี้ดๆ	32970	ซี้ดๆ
ซื่อสัตย์สุจริต	32969	ซื่อสัตย์สุจริต
ซุบๆ	32968	ซุบๆ
ซุ่มซ่าม	32967	ซุ่มซ่าม
ซูบ	32966	ซูบ
ซ่อกๆ	32965	ซ่อกๆ
ซ่อง	32964	ซ่อง
ซ่อนๆ	32963	ซ่อนๆ
ซ่าโบะ	32962	ซ่าโบะ
ซ้อมใหญ่	32961	ซ้อมใหญ่
ซ้ำคำ	32960	ซ้ำคำ
ฐานทัพ	32959	ฐานทัพ
ฐานานุศักดิ์	32958	ฐานานุศักดิ์
ฐาปนา	32957	ฐาปนา
ดนู	32956	ดนู
ดรัมเมเยอร์	32955	ดรัมเมเยอร์
ดร๊าฟ	32954	ดร๊าฟ
ดวงจันทร์ๆ	32953	ดวงจันทร์ๆ
ดอกบุก	32952	ดอกบุก
ดอกเห็ด	32951	ดอกเห็ด
ดอกไม้ทะเล	32950	ดอกไม้ทะเล
ดอกไม้ร่วง	32949	ดอกไม้ร่วง
ดอกไม้ไหว	32948	ดอกไม้ไหว
ดอกๆ	32947	ดอกๆ
ดอท	32946	ดอท
ดอนๆ	32945	ดอนๆ
ดังฤๅ	32944	ดังฤๅ
ดาก	32943	ดาก
ดาวรุ่ง	32942	ดาวรุ่ง
ดาหลัง	32941	ดาหลัง
ดำกล	32940	ดำกล
ดำรู	32939	ดำรู
ดำเกิง	32938	ดำเกิง
ดำเนินคดี	32937	ดำเนินคดี
ดำแดง	32936	ดำแดง
ดำไร	32935	ดำไร
ดิง	32934	ดิง
ดิตถ์	32933	ดิตถ์
ดินระเบิด	32932	ดินระเบิด
ดินหม้อ	32931	ดินหม้อ
ดินเปรี้ยว	32930	ดินเปรี้ยว
ดิสคัส	32929	ดิสคัส
ดีฉันๆ	32928	ดีฉันๆ
ดีดดิ้น	32927	ดีดดิ้น
ดีดฝ้าย	32926	ดีดฝ้าย
ดีบัว	32925	ดีบัว
ดีเนื้อดีใจ	32924	ดีเนื้อดีใจ
ดีเปรสชัน	32923	ดีเปรสชัน
ดีแตก	32922	ดีแตก
ดีแล้วๆ	32921	ดีแล้วๆ
ดึงดูดใจ	32920	ดึงดูดใจ
ดึงๆ	32919	ดึงๆ
ดึงๆๆ	32918	ดึงๆๆ
ดื่นดาษ	32917	ดื่นดาษ
ดุบๆ	32916	ดุบๆ
ดุรงค์	32915	ดุรงค์
ดุล	32914	ดุล
ดุลการค้า	32913	ดุลการค้า
ดุลบัญชี	32912	ดุลบัญชี
ดุ้ง	32911	ดุ้ง
ดูเล่น	32910	ดูเล่น
ด่อกแด่ก	32909	ด่อกแด่ก
ด่าว	32908	ด่าว
ด้ายดิบ	32907	ด้ายดิบ
ด้ำ	32906	ด้ำ
ตกกระทบ	32905	ตกกระทบ
ตกปากตกคำ	32904	ตกปากตกคำ
ตกฟอง	32903	ตกฟอง
ตกรางวัล	32902	ตกรางวัล
ตกสะเก็ด	32901	ตกสะเก็ด
ตกแสก	32900	ตกแสก
ตรรกศาสตร์	32899	ตรรกศาสตร์
ตรวย	32898	ตรวย
ตรอมตรม	32897	ตรอมตรม
ตระดาษ	32896	ตระดาษ
ตระพัง	32895	ตระพัง
ตราตั้ง	32894	ตราตั้ง
ตรายาง	32893	ตรายาง
ตราหน้า	32892	ตราหน้า
ตรีคูณ	32891	ตรีคูณ
ตรีบูร	32890	ตรีบูร
ตรีปวาย	32889	ตรีปวาย
ตรีศูล	32888	ตรีศูล
ตรีเนตร	32887	ตรีเนตร
ตรีโลก	32886	ตรีโลก
ตรุณ	32885	ตรุณ
ตลกหัวเราะ	32884	ตลกหัวเราะ
ตลาดยี่สาน	32883	ตลาดยี่สาน
ตองกราย	32882	ตองกราย
ตอนหลังๆ	32881	ตอนหลังๆ
ตอแย	32880	ตอแย
ตะกรัน	32879	ตะกรัน
ตะกวด	32878	ตะกวด
ตะกูด	32877	ตะกูด
ตะขาบๆ	32876	ตะขาบๆ
ตะครั่นตะครอ	32875	ตะครั่นตะครอ
ตะคร้อ	32874	ตะคร้อ
ตะคุ่ม	32873	ตะคุ่ม
ตะบม	32872	ตะบม
ตะบอง	32871	ตะบอง
ตะบูน	32870	ตะบูน
ตะพง	32869	ตะพง
ตะพาก	32868	ตะพาก
ตะพานช้าง	32867	ตะพานช้าง
ตะพาบ	32866	ตะพาบ
ตะลิงปลิง	32865	ตะลิงปลิง
ตะวันขึ้น	32864	ตะวันขึ้น
ตะวันออกกลาง	32863	ตะวันออกกลาง
ตะหลิว	32862	ตะหลิว
ตะแบง	32861	ตะแบง
ตะโพง	32860	ตะโพง
ตะไบ	32859	ตะไบ
ตังเก	32858	ตังเก
ตัดประเด็น	32857	ตัดประเด็น
ตัดหน้า	32856	ตัดหน้า
ตับอ่อน	32855	ตับอ่อน
ตัวการ	32854	ตัวการ
ตัวขาบ	32853	ตัวขาบ
ตัวดีๆ	32852	ตัวดีๆ
ตัวตืด	32851	ตัวตืด
ตัวบรรจง	32850	ตัวบรรจง
ตัวยืน	32849	ตัวยืน
ตัวใครตัวมัน	32848	ตัวใครตัวมัน
ตั่บๆ	32847	ตั่บๆ
ตั้งตาคอย	32846	ตั้งตาคอย
ตั้งประเด็น	32845	ตั้งประเด็น
ตั้งเป้าหมาย	32844	ตั้งเป้าหมาย
ตั้งเมือง	32843	ตั้งเมือง
ตั้งใจมั่น	32842	ตั้งใจมั่น
ตั้งใจเรียน	32841	ตั้งใจเรียน
ตั๊น	32840	ตั๊น
ตานขโมย	32839	ตานขโมย
ตาบทิศ	32838	ตาบทิศ
ตาบอดตาใส	32837	ตาบอดตาใส
ตาปลา	32836	ตาปลา
ตามพะ	32835	ตามพะ
ตายด้าน	32834	ตายด้าน
ตายน้อย	32833	ตายน้อย
ตารางเหลี่ยม	32832	ตารางเหลี่ยม
ตาลีตาเหลือก	32831	ตาลีตาเหลือก
ตาว	32830	ตาว
ตาหวาน	32829	ตาหวาน
ตาเต็ง	32828	ตาเต็ง
ตาเหล่	32827	ตาเหล่
ตาแมว	32826	ตาแมว
ตำรวจหลวง	32825	ตำรวจหลวง
ตำหนักน้ำ	32824	ตำหนักน้ำ
ติกาหรัง	32823	ติกาหรัง
ติณ	32822	ติณ
ติดบ่อน	32821	ติดบ่อน
ติดลม	32820	ติดลม
ติดอันดับ	32819	ติดอันดับ
ติปา	32818	ติปา
ติรัจฉาน	32817	ติรัจฉาน
ตีกรอบ	32816	ตีกรอบ
ตีตรวน	32815	ตีตรวน
ตีทอง	32814	ตีทอง
ตีท้ายครัว	32813	ตีท้ายครัว
ตีนกา	32812	ตีนกา
ตีนคู้	32811	ตีนคู้
ตีนเหยียด	32810	ตีนเหยียด
ตีระฆัง	32809	ตีระฆัง
ตีสองหน้า	32808	ตีสองหน้า
ตีหน้าตาย	32807	ตีหน้าตาย
ตีอวน	32806	ตีอวน
ตึกระฟ้า	32805	ตึกระฟ้า
ตึกๆ	32804	ตึกๆ
ตึ๊ดตื๋อ	32803	ตึ๊ดตื๋อ
ตุกติก	32802	ตุกติก
ตุงๆ	32801	ตุงๆ
ตุปัดตุป่อง	32800	ตุปัดตุป่อง
ตุ่ย	32799	ตุ่ย
ตุ๊	32798	ตุ๊
ตุ๊กตุ่น	32797	ตุ๊กตุ่น
ตุ๋น	32796	ตุ๋น
ตูด	32795	ตูด
ต่อกิ่ง	32794	ต่อกิ่ง
ต่อนัดต่อแนง	32793	ต่อนัดต่อแนง
ต่อยๆ	32792	ต่อยๆ
ต่อแย้ง	32791	ต่อแย้ง
ต่อไปๆ	32790	ต่อไปๆ
ต่อไส้	32789	ต่อไส้
ต่ำใจ	32788	ต่ำใจ
ต้นคิด	32787	ต้นคิด
ต้นตอ	32786	ต้นตอ
ต้นเชือก	32785	ต้นเชือก
ต้นไม้ๆ	32784	ต้นไม้ๆ
ต้มเค็ม	32783	ต้มเค็ม
ต้อกระจก	32782	ต้อกระจก
ต้องคดี	32781	ต้องคดี
ต้องเต	32780	ต้องเต
ต้อยตริ่ง	32779	ต้อยตริ่ง
ต้าย	32778	ต้าย
ต๋อม	32777	ต๋อม
ถกเขมร	32776	ถกเขมร
ถด	32775	ถด
ถนัดใจ	32774	ถนัดใจ
ถนัดๆ	32773	ถนัดๆ
ถมทอง	32772	ถมทอง
ถลน	32771	ถลน
ถลากถลำ	32770	ถลากถลำ
ถลากไถล	32769	ถลากไถล
ถลำตัว	32768	ถลำตัว
ถอก	32767	ถอก
ถอดถอน	32766	ถอดถอน
ถอนหญ้า	32765	ถอนหญ้า
ถังๆ	32764	ถังๆ
ถัมภ์	32763	ถัมภ์
ถั่วดำ	32762	ถั่วดำ
ถั่วลิสง	32761	ถั่วลิสง
ถั่วเหลือง	32760	ถั่วเหลือง
ถาบ	32759	ถาบ
ถามนำ	32758	ถามนำ
ถี่ยิบ	32757	ถี่ยิบ
ถึงพริกถึงขิง	32756	ถึงพริกถึงขิง
ถึงเงิน	32755	ถึงเงิน
ถึงแก่ความตาย	32754	ถึงแก่ความตาย
ถือเขาถือเรา	32753	ถือเขาถือเรา
ถือเราถือเขา	32752	ถือเราถือเขา
ถุงตะเคียว	32751	ถุงตะเคียว
ถุงลม	32750	ถุงลม
ถุย	32749	ถุย
ถูกน้อย	32748	ถูกน้อย
ถูกล่า	32747	ถูกล่า
ถ่ายแบบ	32746	ถ่ายแบบ
ถ่ายโอน	32745	ถ่ายโอน
ถ้วนๆ	32744	ถ้วนๆ
ถ้อ	32743	ถ้อ
ถ้ำๆ	32742	ถ้ำๆ
ทนม	32741	ทนม
ทนๆ	32740	ทนๆ
ทรกรรม	32739	ทรกรรม
ทรงกระเทียม	32738	ทรงกระเทียม
ทรงตัก	32737	ทรงตัก
ทรงธรรม	32736	ทรงธรรม
ทรงบาดาล	32735	ทรงบาดาล
ทรงลังกา	32734	ทรงลังกา
ทรงเจ้า	32733	ทรงเจ้า
ทรลักษณ์ๆ	32732	ทรลักษณ์ๆ
ทรวด	32731	ทรวด
ทรามสวาท	32730	ทรามสวาท
ทรามเชย	32729	ทรามเชย
ทรามๆ	32728	ทรามๆ
ทฤษฎีบท	32727	ทฤษฎีบท
ทล	32726	ทล
ทวงคืน	32725	ทวงคืน
ทวารทั้งเก้า	32724	ทวารทั้งเก้า
ทวิ	32723	ทวิ
ทศชาติ	32722	ทศชาติ
ทสา	32721	ทสา
ทองต้นแขน	32720	ทองต้นแขน
ทองบรอนซ์	32719	ทองบรอนซ์
ทองเอก	32718	ทองเอก
ทอดตา	32717	ทอดตา
ทอดน่อง	32716	ทอดน่อง
ทอดสะพาน	32715	ทอดสะพาน
ทอย	32714	ทอย
ทอร์ปิโด	32713	ทอร์ปิโด
ทอล์กโชว์	32712	ทอล์กโชว์
ทอหูก	32711	ทอหูก
ทะนุ	32710	ทะนุ
ทะยานอยาก	32709	ทะยานอยาก
ทักขิณา	32708	ทักขิณา
ทักข์	32707	ทักข์
ทักษิณาทาน	32706	ทักษิณาทาน
ทันกิน	32705	ทันกิน
ทับที่	32704	ทับที่
ทับสิทธิ์	32703	ทับสิทธิ์
ทัศนูปกรณ์	32702	ทัศนูปกรณ์
ทัศไนย	32701	ทัศไนย
ทั้งสอง	32700	ทั้งสอง
ทั้งเนื้อทั้งตัว	32699	ทั้งเนื้อทั้งตัว
ทางช้างเผือก	32698	ทางช้างเผือก
ทาบทับ	32697	ทาบทับ
ทาบทาม	32696	ทาบทาม
ทายาด	32695	ทายาด
ทารุณโหดร้าย	32694	ทารุณโหดร้าย
ทาวเฮาส์	32693	ทาวเฮาส์
ทาษ	32692	ทาษ
ทำกรรม	32691	ทำกรรม
ทำนุ	32690	ทำนุ
ทำนูล	32689	ทำนูล
ทำปลา	32688	ทำปลา
ทำฟัน	32687	ทำฟัน
ทำวัตรเช้า	32686	ทำวัตรเช้า
ทำเนา	32685	ทำเนา
ทำเวร	32684	ทำเวร
ทำแท้ง	32683	ทำแท้ง
ทำใจ	32682	ทำใจ
ทำไร่	32681	ทำไร่
ทำๆ	32680	ทำๆ
ทิงเจอร์	32679	ทิงเจอร์
ทิต	32678	ทิต
ทิพยอาสน์	32677	ทิพยอาสน์
ทิพา	32676	ทิพา
ทิมดาบ	32675	ทิมดาบ
ทิ้งๆ	32674	ทิ้งๆ
ทีฆนิกาย	32673	ทีฆนิกาย
ที่ชุมนุม	32672	ที่ชุมนุม
ที่ทำมาหากิน	32671	ที่ทำมาหากิน
ที่ประทับ	32670	ที่ประทับ
ที่พำนักพักพิง	32669	ที่พำนักพักพิง
ที่เล่น	32668	ที่เล่น
ทุกหัวระแหง	32667	ทุกหัวระแหง
ทุนนอน	32666	ทุนนอน
ทุรชน	32665	ทุรชน
ทุรพล	32664	ทุรพล
ทุเรศ	32663	ทุเรศ
ทูน่า	32662	ทูน่า
ทแกล้ว	32661	ทแกล้ว
ทแยง	32660	ทแยง
ทโมน	32659	ทโมน
ท่ง	32658	ท่ง
ท่าอากาศยาน	32657	ท่าอากาศยาน
ท้องคุ้ง	32656	ท้องคุ้ง
ท้องพระคลัง	32655	ท้องพระคลัง
ท้องแขวน	32654	ท้องแขวน
ท้องแบน	32653	ท้องแบน
ธงฉาน	32652	ธงฉาน
ธนบดี	32651	ธนบดี
ธรณิน	32650	ธรณิน
ธรณินทร์	32649	ธรณินทร์
ธรณิศ	32648	ธรณิศ
ธรรมจักษุ	32647	ธรรมจักษุ
ธรรมนูญ	32646	ธรรมนูญ
ธรรมราช	32645	ธรรมราช
ธรรมเนียมประเพณี	32644	ธรรมเนียมประเพณี
ธวัช	32643	ธวัช
ธัญญบุรี	32642	ธัญญบุรี
ธารน้ำ	32641	ธารน้ำ
ธารพระกร	32640	ธารพระกร
ธุรกรรม	32639	ธุรกรรม
นกกระปูด	32638	นกกระปูด
นกกระยาง	32637	นกกระยาง
นกกาบบัว	32636	นกกาบบัว
นกตะกรุม	32635	นกตะกรุม
นกหก	32634	นกหก
นครลำพูน	32633	นครลำพูน
นงพาล	32632	นงพาล
นมสวรรค์	32631	นมสวรรค์
นฤนาท	32630	นฤนาท
นฤบาล	32629	นฤบาล
นฤมิตร	32628	นฤมิตร
นวรัตน์	32627	นวรัตน์
นวลลออ	32626	นวลลออ
นอกกฎหมาย	32625	นอกกฎหมาย
นอกรีตนอกรอย	32624	นอกรีตนอกรอย
นอต	32623	นอต
นอนก้น	32622	นอนก้น
นอนหลับทับสิทธิ์	32621	นอนหลับทับสิทธิ์
นอนแบ็บ	32620	นอนแบ็บ
นอร์เวย์	32619	นอร์เวย์
นะแน่ง	32618	นะแน่ง
นะๆๆๆๆ	32617	นะๆๆๆๆ
นักธรณีวิทยา	32616	นักธรณีวิทยา
นักธรรม	32615	นักธรรม
นักบริหาร	32614	นักบริหาร
นักพัฒนา	32613	นักพัฒนา
นักภาษาศาสตร์	32612	นักภาษาศาสตร์
นักวิ่ง	32611	นักวิ่ง
นักสิทธิ์	32610	นักสิทธิ์
นักอ่าน	32609	นักอ่าน
นักเดินเรือ	32608	นักเดินเรือ
นักเทศน์	32607	นักเทศน์
นัข	32606	นัข
นัค	32605	นัค
นังคัล	32604	นังคัล
นันทน์	32603	นันทน์
นั่งยอง	32602	นั่งยอง
นั่งเมือง	32601	นั่งเมือง
นั่นแน่ๆ	32600	นั่นแน่ๆ
นั่นๆ	32599	นั่นๆ
นั่นๆๆๆ	32598	นั่นๆๆๆ
นาคร	32597	นาคร
นาคี	32596	นาคี
นาคๆ	32595	นาคๆ
นางบำเรอ	32594	นางบำเรอ
นางพระกำนัล	32593	นางพระกำนัล
นางรอง	32592	นางรอง
นางสนองพระโอษฐ์	32591	นางสนองพระโอษฐ์
นางเล็ด	32590	นางเล็ด
นางแย้ม	32589	นางแย้ม
นานนม	32588	นานนม
นามสมญา	32587	นามสมญา
นายกอง	32586	นายกอง
นายธง	32585	นายธง
นายพลโท	32584	นายพลโท
นายอำเภอๆ	32583	นายอำเภอๆ
นายโรง	32582	นายโรง
นารีผล	32581	นารีผล
นาหมอน	32580	นาหมอน
นาฬิกาทราย	32579	นาฬิกาทราย
นาเมือง	32578	นาเมือง
นาเวศ	32577	นาเวศ
นาๆ	32576	นาๆ
นำจับ	32575	นำจับ
นำสืบ	32574	นำสืบ
นำเสนอ	32573	นำเสนอ
นำใจ	32572	นำใจ
นิคมอุตสาหกรรม	32571	นิคมอุตสาหกรรม
นิคาลัย	32570	นิคาลัย
นิติกร	32569	นิติกร
นิติบุคคล	32568	นิติบุคคล
นิธิ	32567	นิธิ
นิมมาน	32566	นิมมาน
นิมมานรดี	32565	นิมมานรดี
นิรทุกข์	32564	นิรทุกข์
นิรัติศัย	32563	นิรัติศัย
นิรโทษ	32562	นิรโทษ
นิวตัน	32561	นิวตัน
นิวยอร์ก	32560	นิวยอร์ก
นิวเดลี	32559	นิวเดลี
นิ่วๆ	32558	นิ่วๆ
นีล	32557	นีล
นี้ๆๆ	32556	นี้ๆๆ
นุง	32555	นุง
นุด	32554	นุด
นู่น	32553	นู่น
น่าๆ	32552	น่าๆ
น้อมเกล้าน้อมกระหม่อมถวาย	32551	น้อมเกล้าน้อมกระหม่อมถวาย
น้อยเนื้อต่ำใจ	32550	น้อยเนื้อต่ำใจ
น้ำขาว	32549	น้ำขาว
น้ำขึ้นๆ	32548	น้ำขึ้นๆ
น้ำทรง	32547	น้ำทรง
น้ำพริกเผา	32546	น้ำพริกเผา
น้ำมันจันทน์	32545	น้ำมันจันทน์
น้ำมันเครื่อง	32544	น้ำมันเครื่อง
น้ำย่อยๆ	32543	น้ำย่อยๆ
น้ำละว้า	32542	น้ำละว้า
น้ำสุก	32541	น้ำสุก
น้ำส้มสายชู	32540	น้ำส้มสายชู
น้ำอดน้ำทน	32539	น้ำอดน้ำทน
น้ำเคย	32538	น้ำเคย
น้ำใจเดียว	32537	น้ำใจเดียว
บดินทร์	32536	บดินทร์
บทคัดย่อ	32535	บทคัดย่อ
บทๆ	32534	บทๆ
บรรดาก	32533	บรรดาก
บรรทมสินธุ์	32532	บรรทมสินธุ์
บรรทับ	32531	บรรทับ
บรรพสตรี	32530	บรรพสตรี
บรรยง	32529	บรรยง
บรรยงก์	32528	บรรยงก์
บรรลัยกัลป์	32527	บรรลัยกัลป์
บรรษัท	32526	บรรษัท
บรรสบ	32525	บรรสบ
บรรสม	32524	บรรสม
บรรสาน	32523	บรรสาน
บรรสาร	32522	บรรสาร
บรรเทือง	32521	บรรเทือง
บรัสเซลส์	32520	บรัสเซลส์
บราลี	32519	บราลี
บริจาริกา	32518	บริจาริกา
บริบาล	32517	บริบาล
บริเฉท	32516	บริเฉท
บรูไน	32515	บรูไน
บอกให้ทราบ	32514	บอกให้ทราบ
บอยสเกาต์	32513	บอยสเกาต์
บอเนียว	32512	บอเนียว
บังคัล	32511	บังคัล
บังสาด	32510	บังสาด
บังสุกุล	32509	บังสุกุล
บังสูรย์	32508	บังสูรย์
บังเหตุ	32507	บังเหตุ
บังแทรก	32506	บังแทรก
บังๆ	32505	บังๆ
บัญญัติไตรยางศ์	32504	บัญญัติไตรยางศ์
บัณฑุ	32503	บัณฑุ
บันกวด	32502	บันกวด
บันดล	32501	บันดล
บันทึง	32500	บันทึง
บันเดิน	32499	บันเดิน
บันเหิน	32498	บันเหิน
บันไดแก้ว	32497	บันไดแก้ว
บัลลูน	32496	บัลลูน
บัวโรย	32495	บัวโรย
บั้งๆ	32494	บั้งๆ
บั้นท้าย	32493	บั้นท้าย
บางขุนนนท์	32492	บางขุนนนท์
บางครั้ง	32491	บางครั้ง
บางเขน	32490	บางเขน
บางแสน	32489	บางแสน
บาดหู	32488	บาดหู
บาดเจ็บๆ	32487	บาดเจ็บๆ
บาทบงกช	32486	บาทบงกช
บาทบริจาริกา	32485	บาทบริจาริกา
บาร์เลย์	32484	บาร์เลย์
บาศ	32483	บาศ
บาศก์	32482	บาศก์
บาสเกตบอล	32481	บาสเกตบอล
บาเรียน	32480	บาเรียน
บาเล่ย์	32479	บาเล่ย์
บำรุงขวัญ	32478	บำรุงขวัญ
บำเพ็ญกุศล	32477	บำเพ็ญกุศล
บิดๆ	32476	บิดๆ
บิตุลา	32475	บิตุลา
บิล	32474	บิล
บีฑา	32473	บีฑา
บีบน้ำตา	32472	บีบน้ำตา
บี้แบน	32471	บี้แบน
บึก	32470	บึก
บึ้กๆ	32469	บึ้กๆ
บื๋อ	32468	บื๋อ
บุกบัน	32467	บุกบัน
บุกเบิก	32466	บุกเบิก
บุคลิก	32465	บุคลิก
บุญญาภินิหาร	32464	บุญญาภินิหาร
บุญเขต	32463	บุญเขต
บุตรา	32462	บุตรา
บุทคล	32461	บุทคล
บุฟเฟต์	32460	บุฟเฟต์
บุรุษโทษ	32459	บุรุษโทษ
บุษกร	32458	บุษกร
บุษยะ	32457	บุษยะ
บุ่ง	32456	บุ่ง
บุ๋ม	32455	บุ๋ม
บูชากัณฑ์เทศน์	32454	บูชากัณฑ์เทศน์
บูชิต	32453	บูชิต
บูรณมี	32452	บูรณมี
บูลวาร์ด	32451	บูลวาร์ด
บู้บี้	32450	บู้บี้
บู๊ต	32449	บู๊ต
บโทน	32448	บโทน
บ่มิได้	32447	บ่มิได้
บ่อง	32446	บ่อง
บ่อนแตก	32445	บ่อนแตก
บ้องตัน	32444	บ้องตัน
บ้องไฟ	32443	บ้องไฟ
บ้านกลาง	32442	บ้านกลาง
บ้านนาหมอน	32441	บ้านนาหมอน
บ้านริมคลอง	32440	บ้านริมคลอง
บ๊อง	32439	บ๊อง
ปกกระพอง	32438	ปกกระพอง
ปกเกศ	32437	ปกเกศ
ปฏิบัติราชการ	32436	ปฏิบัติราชการ
ปฏิปัน	32435	ปฏิปัน
ปฐมฤกษ์	32434	ปฐมฤกษ์
ปฐมเหตุ	32433	ปฐมเหตุ
ปทีป	32432	ปทีป
ปมเขื่อง	32431	ปมเขื่อง
ปรด	32430	ปรด
ปรนัย	32429	ปรนัย
ประคด	32428	ประคด
ประจันตคาม	32427	ประจันตคาม
ประจำปี	32426	ประจำปี
ประชาภิบาล	32425	ประชาภิบาล
ประชามติ	32424	ประชามติ
ประชุมชน	32423	ประชุมชน
ประดอย	32422	ประดอย
ประดาตาย	32421	ประดาตาย
ประดาษ	32420	ประดาษ
ประดิทิน	32419	ประดิทิน
ประตยาค	32418	ประตยาค
ประตูป่า	32417	ประตูป่า
ประตูฟุตบอล	32416	ประตูฟุตบอล
ประทาศี	32415	ประทาศี
ประทิ่น	32414	ประทิ่น
ประมาณตัว	32413	ประมาณตัว
ประมาทหน้า	32412	ประมาทหน้า
ประวัติกาล	32411	ประวัติกาล
ประวิตร	32410	ประวิตร
ประศาสน์	32409	ประศาสน์
ประสงค์ร้าย	32408	ประสงค์ร้าย
ประสมโรง	32407	ประสมโรง
ประสา	32406	ประสา
ประหยัดคำ	32405	ประหยัดคำ
ประหล่ำ	32404	ประหล่ำ
ประเจิด	32403	ประเจิด
ประเดียง	32402	ประเดียง
ประเพณีนิยม	32401	ประเพณีนิยม
ประเมินๆ	32400	ประเมินๆ
ประเล่ห์	32399	ประเล่ห์
ประเวณี	32398	ประเวณี
ประเสบันอากง	32397	ประเสบันอากง
ประแดะ	32396	ประแดะ
ประโคน	32395	ประโคน
ประโคมดนตรี	32394	ประโคมดนตรี
ประโยคประธาน	32393	ประโยคประธาน
ประไพ	32392	ประไพ
ปรัก	32391	ปรัก
ปรัตยุบัน	32390	ปรัตยุบัน
ปรับแต่ง	32389	ปรับแต่ง
ปราณบุรี	32388	ปราณบุรี
ปริณายก	32387	ปริณายก
ปรินส์	32386	ปรินส์
ปริภาษ	32385	ปริภาษ
ปริมณฑล	32384	ปริมณฑล
ปริมาตร	32383	ปริมาตร
ปริวัตร	32382	ปริวัตร
ปริวาร	32381	ปริวาร
ปรึก	32380	ปรึก
ปรึง	32379	ปรึง
ปรุงอาหาร	32378	ปรุงอาหาร
ปรู๊ด	32377	ปรู๊ด
ปรเมนทร์	32376	ปรเมนทร์
ปรเมศวร์	32375	ปรเมศวร์
ปลงอนิจจัง	32374	ปลงอนิจจัง
ปลงอาบัติ	32373	ปลงอาบัติ
ปลดทุกข์	32372	ปลดทุกข์
ปลดระวาง	32371	ปลดระวาง
ปลั๊กไฟ	32370	ปลั๊กไฟ
ปลาป่น	32369	ปลาป่น
ปลายน้ำ	32368	ปลายน้ำ
ปลิม	32367	ปลิม
ปลิ้นปลอก	32366	ปลิ้นปลอก
ปลีกตัว	32365	ปลีกตัว
ปลีกเวลา	32364	ปลีกเวลา
ปลูกสร้าง	32363	ปลูกสร้าง
ปล่อยปละ	32362	ปล่อยปละ
ปล้องๆ	32361	ปล้องๆ
ปล้ำปลุก	32360	ปล้ำปลุก
ปอดแปด	32359	ปอดแปด
ปะทะปะทัง	32358	ปะทะปะทัง
ปะเตะ	32357	ปะเตะ
ปะเหลาะ	32356	ปะเหลาะ
ปะๆ	32355	ปะๆ
ปัจฉา	32354	ปัจฉา
ปัจฉิมยาม	32353	ปัจฉิมยาม
ปัจฉิมวัย	32352	ปัจฉิมวัย
ปัจเจก	32351	ปัจเจก
ปัดแข้งปัดขา	32350	ปัดแข้งปัดขา
ปัดไถม	32349	ปัดไถม
ปัตติ	32348	ปัตติ
ปัตถะ	32347	ปัตถะ
ปัถพี	32346	ปัถพี
ปันน้ำ	32345	ปันน้ำ
ปันใจ	32344	ปันใจ
ปัยกา	32343	ปัยกา
ปัศตัน	32342	ปัศตัน
ปั่ว	32341	ปั่ว
ปั้นลม	32340	ปั้นลม
ปั้นสีหน้า	32339	ปั้นสีหน้า
ปั้นเหน่ง	32338	ปั้นเหน่ง
ปั๊มน้ำ	32337	ปั๊มน้ำ
ปากกาลูกลื่น	32336	ปากกาลูกลื่น
ปากคลองตลาด	32335	ปากคลองตลาด
ปากคัน	32334	ปากคัน
ปากจิ้งจก	32333	ปากจิ้งจก
ปากฉลาม	32332	ปากฉลาม
ปากช้าง	32331	ปากช้าง
ปากตะไกร	32330	ปากตะไกร
ปากหอยปากปู	32329	ปากหอยปากปู
ปากเบาๆ	32328	ปากเบาๆ
ปากเปราะ	32327	ปากเปราะ
ปาจิตตีย์	32326	ปาจิตตีย์
ปาตี	32325	ปาตี
ปาป	32324	ปาป
ปาม	32323	ปาม
ปารมี	32322	ปารมี
ปาร์ตี้	32321	ปาร์ตี้
ปาร์เกต์	32320	ปาร์เกต์
ปาล	32319	ปาล
ปาสาณ	32318	ปาสาณ
ปาเต๊ะ	32317	ปาเต๊ะ
ปาโมกข์	32316	ปาโมกข์
ปิดประตูค้า	32315	ปิดประตูค้า
ปิตา	32314	ปิตา
ปิตุฆาต	32313	ปิตุฆาต
ปิตุจฉา	32312	ปิตุจฉา
ปิโตรเลียม	32311	ปิโตรเลียม
ปีกกล้าขาแข็ง	32310	ปีกกล้าขาแข็ง
ปีกนก	32309	ปีกนก
ปีระมิด	32308	ปีระมิด
ปีแสง	32307	ปีแสง
ปุยนุ่น	32306	ปุยนุ่น
ปุเลงๆ	32305	ปุเลงๆ
ปุ่มๆ	32304	ปุ่มๆ
ปูชนียบพิตร	32303	ปูชนียบพิตร
ปูนซีเมนต์	32302	ปูนซีเมนต์
ปูนๆ	32301	ปูนๆ
ปูๆ	32300	ปูๆ
ปู่ครู	32299	ปู่ครู
ปู่ทวด	32298	ปู่ทวด
ปู่เจ้า	32297	ปู่เจ้า
ปู๊ดๆ	32296	ปู๊ดๆ
ป่วนปั่น	32295	ป่วนปั่น
ป่าผลัดใบ	32294	ป่าผลัดใบ
ป่าแดง	32293	ป่าแดง
ป้องกันอุบัติเหตุ	32292	ป้องกันอุบัติเหตุ
ป้าง	32291	ป้าง
ป๊าว	32290	ป๊าว
ป๋อ	32289	ป๋อ
ผกาย	32288	ผกาย
ผงขาว	32287	ผงขาว
ผนิด	32286	ผนิด
ผมทรงมหาดไทย	32285	ผมทรงมหาดไทย
ผมม้า	32284	ผมม้า
ผมไฟ	32283	ผมไฟ
ผมๆ	32282	ผมๆ
ผลรวม	32281	ผลรวม
ผลัดแผ่นดิน	32280	ผลัดแผ่นดิน
ผลัดๆ	32279	ผลัดๆ
ผลัวะ	32278	ผลัวะ
ผลั้วะ	32277	ผลั้วะ
ผลั๊กๆ	32276	ผลั๊กๆ
ผลานิสงส์	32275	ผลานิสงส์
ผลิก	32274	ผลิก
ผลุ	32273	ผลุ
ผลุบผลับ	32272	ผลุบผลับ
ผล็อยๆ	32271	ผล็อยๆ
ผสมเทียม	32270	ผสมเทียม
ผอูน	32269	ผอูน
ผักรู้นอน	32268	ผักรู้นอน
ผักๆ	32267	ผักๆ
ผับ	32266	ผับ
ผาม	32265	ผาม
ผิดตา	32264	ผิดตา
ผิว่า	32263	ผิว่า
ผีถึงป่าช้า	32262	ผีถึงป่าช้า
ผุดลุกผุดนั่ง	32261	ผุดลุกผุดนั่ง
ผูกขวัญ	32260	ผูกขวัญ
ผูกคำ	32259	ผูกคำ
ผูกภาษี	32258	ผูกภาษี
ผู้ชายพายเรือ	32257	ผู้ชายพายเรือ
ผู้ประสานงาน	32256	ผู้ประสานงาน
ผู้พิทักษ์สันติราษฎร์	32255	ผู้พิทักษ์สันติราษฎร์
ผู้รับโทรเลข	32254	ผู้รับโทรเลข
ผู้รู้	32253	ผู้รู้
ผู้สัมภาษณ์	32252	ผู้สัมภาษณ์
ผู้ส่งออก	32251	ผู้ส่งออก
ผู้ส่งโทรเลข	32250	ผู้ส่งโทรเลข
ผู้หญิงยิงเรือ	32249	ผู้หญิงยิงเรือ
ผู้อพยพ	32248	ผู้อพยพ
ผู้อภิปราย	32247	ผู้อภิปราย
ผู้อื่น	32246	ผู้อื่น
ผู้เดียว	32245	ผู้เดียว
ผู้แทนราษฎร	32244	ผู้แทนราษฎร
ผ่อนหนักเป็นเบา	32243	ผ่อนหนักเป็นเบา
ผ้ง	32242	ผ้ง
ผ้ากราบ	32241	ผ้ากราบ
ฝนทอง	32240	ฝนทอง
ฝนห่าแก้ว	32239	ฝนห่าแก้ว
ฝั่งฝา	32238	ฝั่งฝา
ฝากกาย	32237	ฝากกาย
ฝากผีฝากไข้	32236	ฝากผีฝากไข้
ฝากโรงเรียน	32235	ฝากโรงเรียน
ฝาดๆ	32234	ฝาดๆ
ฝีไม้ลายมือ	32233	ฝีไม้ลายมือ
ฝึด	32232	ฝึด
ฝืดๆ	32231	ฝืดๆ
ฝ่ายขวา	32230	ฝ่ายขวา
พกลม	32229	พกลม
พจนารถ	32228	พจนารถ
พจี	32227	พจี
พญาไฟ	32226	พญาไฟ
พธู	32225	พธู
พนสณฑ์	32224	พนสณฑ์
พนาราม	32223	พนาราม
พนาลัย	32222	พนาลัย
พนาวัน	32221	พนาวัน
พนาสณฑ์	32220	พนาสณฑ์
พนาเวศ	32219	พนาเวศ
พบเห็น	32218	พบเห็น
พม่ารำขวาน	32217	พม่ารำขวาน
พยัคฆิน	32216	พยัคฆิน
พยางค์ๆ	32215	พยางค์ๆ
พยาม	32214	พยาม
พรรดึก	32213	พรรดึก
พรรเอิญ	32212	พรรเอิญ
พรหมจารี	32211	พรหมจารี
พรหมสี่หน้า	32210	พรหมสี่หน้า
พรหมาสตร์	32209	พรหมาสตร์
พระจันทร์ครึ่งซีก	32208	พระจันทร์ครึ่งซีก
พระธาตุ	32207	พระธาตุ
พระนางเธอ	32206	พระนางเธอ
พระนางๆ	32205	พระนางๆ
พระนาย	32204	พระนาย
พระมหากรุณา	32203	พระมหากรุณา
พระมเหสี	32202	พระมเหสี
พระราชกฤษฎีกา	32201	พระราชกฤษฎีกา
พระราชวังหลวง	32200	พระราชวังหลวง
พระราชสำนัก	32199	พระราชสำนัก
พระราชหฤไทย	32198	พระราชหฤไทย
พระสถูป	32197	พระสถูป
พระหา	32196	พระหา
พระอัธยาศัย	32195	พระอัธยาศัย
พระอุปัชฌาย์	32194	พระอุปัชฌาย์
พระเคราะห์ๆ	32193	พระเคราะห์ๆ
พระเปนเจ้า	32192	พระเปนเจ้า
พระๆ	32191	พระๆ
พรากเด็ก	32190	พรากเด็ก
พราด	32189	พราด
พราดๆ	32188	พราดๆ
พรานป่า	32187	พรานป่า
พราหมณ์เก็บหัวแหวน	32186	พราหมณ์เก็บหัวแหวน
พริกกะเกลือ	32185	พริกกะเกลือ
พริกเหลือง	32184	พริกเหลือง
พริบไหว	32183	พริบไหว
พริ้งพราย	32182	พริ้งพราย
พริ้มเพรา	32181	พริ้มเพรา
พรึน	32180	พรึน
พรึบๆ	32179	พรึบๆ
พรูๆ	32178	พรูๆ
พร้อยๆ	32177	พร้อยๆ
พร้ำ	32176	พร้ำ
พฤกษทล	32175	พฤกษทล
พฤฒ	32174	พฤฒ
พฤฒิ	32173	พฤฒิ
พลอดรัก	32172	พลอดรัก
พลอยฟ้าพลอยฝน	32171	พลอยฟ้าพลอยฝน
พลั่กๆ	32170	พลั่กๆ
พลาญ	32169	พลาญ
พลานามัย	32168	พลานามัย
พลาสเตอร์	32167	พลาสเตอร์
พลำ	32166	พลำ
พลุ่ย	32165	พลุ่ย
พลเทพ	32164	พลเทพ
พลโลก	32163	พลโลก
พวงคราม	32162	พวงคราม
พวงชมพู	32161	พวงชมพู
พวงดอกไม้	32160	พวงดอกไม้
พวงหรีด	32159	พวงหรีด
พหู	32158	พหู
พอดีพอร้าย	32157	พอดีพอร้าย
พอทำพอกิน	32156	พอทำพอกิน
พะพาน	32155	พะพาน
พะยูง	32154	พะยูง
พะรังพะรุง	32153	พะรังพะรุง
พะอากพะอำ	32152	พะอากพะอำ
พะเยา	32151	พะเยา
พะเยิบ	32150	พะเยิบ
พะโล้	32149	พะโล้
พักฟื้น	32148	พักฟื้น
พักสมอง	32147	พักสมอง
พัตร	32146	พัตร
พัทธ	32145	พัทธ
พัทยา	32144	พัทยา
พันตัน	32143	พันตัน
พันลำ	32142	พันลำ
พันแสง	32141	พันแสง
พัสดุภัณฑ์	32140	พัสดุภัณฑ์
พาซื่อ	32139	พาซื่อ
พาดๆ	32138	พาดๆ
พานร	32137	พานร
พานรินทร์	32136	พานรินทร์
พานๆ	32135	พานๆ
พาม	32134	พาม
พายม้า	32133	พายม้า
พาราฟิน	32132	พาราฟิน
พาลๆ	32131	พาลๆ
พาส	32130	พาส
พิซซ่า	32129	พิซซ่า
พิดทูล	32128	พิดทูล
พิธีมณฑล	32127	พิธีมณฑล
พิบูลย์	32126	พิบูลย์
พิพักพิพ่วน	32125	พิพักพิพ่วน
พิพัฒ	32124	พิพัฒ
พิพากษ์	32123	พิพากษ์
พิราลัย	32122	พิราลัย
พิษฐาน	32121	พิษฐาน
พิไล	32120	พิไล
พืชคาม	32119	พืชคาม
พุดซ้อน	32118	พุดซ้อน
พุดดิ้ง	32117	พุดดิ้ง
พุทธมณฑล	32116	พุทธมณฑล
พุทธศาสนสุภาษิต	32115	พุทธศาสนสุภาษิต
พุทธเจดีย์	32114	พุทธเจดีย์
พุ่มพวง	32113	พุ่มพวง
พูนๆ	32112	พูนๆ
พู้น	32111	พู้น
พ่วงพี	32110	พ่วงพี
พ่อสื่อ	32109	พ่อสื่อ
พ่อเรือน	32108	พ่อเรือน
พ่อๆ	32107	พ่อๆ
พ้นๆ	32106	พ้นๆ
ฟกช้ำดำเขียว	32105	ฟกช้ำดำเขียว
ฟรานซ์	32104	ฟรานซ์
ฟลายเวท	32103	ฟลายเวท
ฟลุก	32102	ฟลุก
ฟลุ๊ค	32101	ฟลุ๊ค
ฟลูออรีน	32100	ฟลูออรีน
ฟลูออไรด์	32099	ฟลูออไรด์
ฟอกขาว	32098	ฟอกขาว
ฟอกซัก	32097	ฟอกซัก
ฟอกผ้า	32096	ฟอกผ้า
ฟักข้าว	32095	ฟักข้าว
ฟันปลา	32094	ฟันปลา
ฟาดเคราะห์	32093	ฟาดเคราะห์
ฟายน้ำตา	32092	ฟายน้ำตา
ฟายมือ	32091	ฟายมือ
ฟาเรนไฮต์	32090	ฟาเรนไฮต์
ฟิดๆ	32089	ฟิดๆ
ฟีนอล	32088	ฟีนอล
ฟื้นฝอย	32087	ฟื้นฝอย
ฟุลสแก๊ป	32086	ฟุลสแก๊ป
ฟ่องฟู	32085	ฟ่องฟู
ฟ่อนๆ	32084	ฟ่อนๆ
ฟ่าง	32083	ฟ่าง
ฟ้อ	32082	ฟ้อ
ฟ้อแฟ้	32081	ฟ้อแฟ้
ภพภูมิ	32080	ภพภูมิ
ภรรดา	32079	ภรรดา
ภัต	32078	ภัต
ภัทรกัป	32077	ภัทรกัป
ภากร	32076	ภากร
ภาคทฤษฎี	32075	ภาคทฤษฎี
ภาคทัณฑ์	32074	ภาคทัณฑ์
ภาคย์	32073	ภาคย์
ภาควิชา	32072	ภาควิชา
ภาคี	32071	ภาคี
ภาณ	32070	ภาณ
ภาพนิ่ง	32069	ภาพนิ่ง
ภาพพิมพ์	32068	ภาพพิมพ์
ภาพย์	32067	ภาพย์
ภาพลักษณ์	32066	ภาพลักษณ์
ภุชงค์	32065	ภุชงค์
ภุมเทวดา	32064	ภุมเทวดา
ภูบดี	32063	ภูบดี
ภูม	32062	ภูม
ภูมินทร์	32061	ภูมินทร์
ภูวดล	32060	ภูวดล
ภูเบศวร์	32059	ภูเบศวร์
มงกุฎๆ	32058	มงกุฎๆ
มณเฑียรบาล	32057	มณเฑียรบาล
มดเท็จ	32056	มดเท็จ
มนิลา	32055	มนิลา
มรณกรรม	32054	มรณกรรม
มรณบัตร	32053	มรณบัตร
มรณา	32052	มรณา
มฤดก	32051	มฤดก
มฤต	32050	มฤต
มลน	32049	มลน
มลภาวะ	32048	มลภาวะ
มลังเมลือง	32047	มลังเมลือง
มหันตโทษ	32046	มหันตโทษ
มหาชัย	32045	มหาชัย
มหานิกาย	32044	มหานิกาย
มหาพรหม	32043	มหาพรหม
มหาวรรค	32042	มหาวรรค
มหาอุจ	32041	มหาอุจ
มหาไถ่	32040	มหาไถ่
มหิศร	32039	มหิศร
มหิษ	32038	มหิษ
มอนิเตอร์	32037	มอนิเตอร์
มอบฉันทะ	32036	มอบฉันทะ
มอส	32035	มอส
มะกะโรนี	32034	มะกะโรนี
มะกา	32033	มะกา
มะงั่ว	32032	มะงั่ว
มะดูก	32031	มะดูก
มะตี	32030	มะตี
มะอึก	32029	มะอึก
มะเขือยาว	32028	มะเขือยาว
มะเมีย	32027	มะเมีย
มะไฟเดือนห้า	32026	มะไฟเดือนห้า
มักๆ	32025	มักๆ
มังคลาวาส	32024	มังคลาวาส
มัชฌิมนิกาย	32023	มัชฌิมนิกาย
มัดจำ	32022	มัดจำ
มัตตัญญู	32021	มัตตัญญู
มัตสยา	32020	มัตสยา
มันตา	32019	มันตา
มันย่อง	32018	มันย่อง
มัศยา	32017	มัศยา
มัสยิด	32016	มัสยิด
มัสรู่	32015	มัสรู่
มั่กขั้ก	32014	มั่กขั้ก
มั่งคั่งร่ำรวย	32013	มั่งคั่งร่ำรวย
มั่นๆ	32012	มั่นๆ
มากหน้าหลายตา	32011	มากหน้าหลายตา
มาณวิกา	32010	มาณวิกา
มาดากัสการ์	32009	มาดากัสการ์
มาตุจฉา	32008	มาตุจฉา
มาตุภูมิ	32007	มาตุภูมิ
มาตุรงค์	32006	มาตุรงค์
มาตุลา	32005	มาตุลา
มาริ	32004	มาริ
มาลาการ	32003	มาลาการ
มาศๆ	32002	มาศๆ
มาเลย์	32001	มาเลย์
มิดีมิร้าย	32000	มิดีมิร้าย
มิตรจิต	31999	มิตรจิต
มินตรา	31998	มินตรา
มินท์	31997	มินท์
มิส	31996	มิส
มิสซิส	31995	มิสซิส
มิ่งมิตร	31994	มิ่งมิตร
มิ้ม	31993	มิ้ม
มีดหมอ	31992	มีดหมอ
มีดีๆ	31991	มีดีๆ
มีมารยาท	31990	มีมารยาท
มีเทน	31989	มีเทน
มีแต่	31988	มีแต่
มี่ฉาว	31987	มี่ฉาว
มึนงง	31986	มึนงง
มืดแปดด้าน	31985	มืดแปดด้าน
มือกาว	31984	มือกาว
มือหนัก	31983	มือหนัก
มือเบา	31982	มือเบา
มือเย็น	31981	มือเย็น
มือแข็ง	31980	มือแข็ง
มุกๆ	31979	มุกๆ
มุนิ	31978	มุนิ
มุมกลับ	31977	มุมกลับ
มุสาวาท	31976	มุสาวาท
มุ่ย	31975	มุ่ย
มูก	31974	มูก
มูกมัน	31973	มูกมัน
มูกเลือด	31972	มูกเลือด
มู่ทู่	31971	มู่ทู่
มเหาฬาร	31970	มเหาฬาร
มโนธรรม	31969	มโนธรรม
มโนมัย	31968	มโนมัย
มโนรถ	31967	มโนรถ
มไหศวรรย์	31966	มไหศวรรย์
ม้อคกิ้งเบิ๊ต	31965	ม้อคกิ้งเบิ๊ต
ม้าม	31964	ม้าม
ม้าเร็วๆ	31963	ม้าเร็วๆ
ม้าใช้ๆ	31962	ม้าใช้ๆ
ม้าๆ	31961	ม้าๆ
ยกมือไหว้	31960	ยกมือไหว้
ยชุรเวท	31959	ยชุรเวท
ยติภังค์	31958	ยติภังค์
ยวนยี	31957	ยวนยี
ยวนๆ	31956	ยวนๆ
ยวรยาตร	31955	ยวรยาตร
ยอดด้วน	31954	ยอดด้วน
ยอบแยบ	31953	ยอบแยบ
ยอแสง	31952	ยอแสง
ยอๆ	31951	ยอๆ
ยังชั่ว	31950	ยังชั่ว
ยังแล้ว	31949	ยังแล้ว
ยันตร์	31948	ยันตร์
ยั่น	31947	ยั่น
ยั้งๆ	31946	ยั้งๆ
ยาคู	31945	ยาคู
ยาตร	31944	ยาตร
ยาธาตุ	31943	ยาธาตุ
ยาฝอย	31942	ยาฝอย
ยามๆ	31941	ยามๆ
ยาวเหยียด	31940	ยาวเหยียด
ยำเยีย	31939	ยำเยีย
ยิกๆ	31938	ยิกๆ
ยิ้มแหย	31937	ยิ้มแหย
ยิ้มแห้ง	31936	ยิ้มแห้ง
ยี่สก	31935	ยี่สก
ยืดหยุ่น	31934	ยืดหยุ่น
ยุทธภูมิ	31933	ยุทธภูมิ
ยุพ	31932	ยุพ
ยุพา	31931	ยุพา
ยุพาพาล	31930	ยุพาพาล
ยุวราช	31929	ยุวราช
ยุ่บๆ	31928	ยุ่บๆ
ยุ่มย่าม	31927	ยุ่มย่าม
ยูนิเซฟ	31926	ยูนิเซฟ
ยูโด	31925	ยูโด
ย่องเบาๆ	31924	ย่องเบาๆ
ย่างสามขุม	31923	ย่างสามขุม
ย่าทวด	31922	ย่าทวด
รบพุ่ง	31921	รบพุ่ง
รวิ	31920	รวิ
รองบ่อน	31919	รองบ่อน
รองรัง	31918	รองรัง
รอนราญ	31917	รอนราญ
รอนสิทธิ์	31916	รอนสิทธิ์
รอยต่อ	31915	รอยต่อ
ระยัด	31914	ระยัด
ระลอกๆ	31913	ระลอกๆ
ระวังไพร	31912	ระวังไพร
ระวาย	31911	ระวาย
ระเนียด	31910	ระเนียด
ระเบิดปรมาณู	31909	ระเบิดปรมาณู
ระเบ็ง	31908	ระเบ็ง
ระเหิด	31907	ระเหิด
ระแรง	31906	ระแรง
ระโยง	31905	ระโยง
รักษาพยาบาล	31904	รักษาพยาบาล
รักๆ	31903	รักๆ
รังดุม	31902	รังดุม
รังวัด	31901	รังวัด
รังแค	31900	รังแค
รัชชูปการ	31899	รัชชูปการ
รัชดาภิเษก	31898	รัชดาภิเษก
รัชนี	31897	รัชนี
รัฐบุรุษ	31896	รัฐบุรุษ
รัฐประศาสน์	31895	รัฐประศาสน์
รัตติ	31894	รัตติ
รัตนากร	31893	รัตนากร
รัถยา	31892	รัถยา
รับสาร	31891	รับสาร
รับหน้า	31890	รับหน้า
รัมภา	31889	รัมภา
รัสเบอรี่	31888	รัสเบอรี่
รั่วๆ	31887	รั่วๆ
รากแก้ว	31886	รากแก้ว
ราคาตลาด	31885	ราคาตลาด
ราชครู	31884	ราชครู
ราชบัณฑิตยสภา	31883	ราชบัณฑิตยสภา
ราชพฤกษ์	31882	ราชพฤกษ์
ราชสมบัติ	31881	ราชสมบัติ
ราชสาส์น	31880	ราชสาส์น
ราชสีห์ๆ	31879	ราชสีห์ๆ
ราชัน	31878	ราชัน
ราชันย์	31877	ราชันย์
ราชาวดี	31876	ราชาวดี
ราชินีนาถ	31875	ราชินีนาถ
ราชี	31874	ราชี
ราชูปโภค	31873	ราชูปโภค
ราชเทวี	31872	ราชเทวี
รานรุก	31871	รานรุก
รายๆ	31870	รายๆ
ราหุ	31869	ราหุ
ราแรม	31868	ราแรม
ราโชบาย	31867	ราโชบาย
ราไชศวรรย์	31866	ราไชศวรรย์
รำคาญๆ	31865	รำคาญๆ
รำบาญ	31864	รำบาญ
รำมะร่อ	31863	รำมะร่อ
ริบหรี่ๆ	31862	ริบหรี่ๆ
รีดนาทาเร้น	31861	รีดนาทาเร้น
รีโมต	31860	รีโมต
รีไซเคิล	31859	รีไซเคิล
รื้น	31858	รื้น
รุกล้ำ	31857	รุกล้ำ
รุ่มรวย	31856	รุ่มรวย
รูปี	31855	รูปี
รู้จักมักจี่	31854	รู้จักมักจี่
รู้ตื้นลึกหนาบาง	31853	รู้ตื้นลึกหนาบาง
รู้สึกตัว	31852	รู้สึกตัว
รู้เห็นเป็นใจ	31851	รู้เห็นเป็นใจ
ร่มธง	31850	ร่มธง
ร่มโพธิ์ร่มไทร	31849	ร่มโพธิ์ร่มไทร
ร่มๆ	31848	ร่มๆ
ร่วงรุ้ง	31847	ร่วงรุ้ง
ร่วนๆ	31846	ร่วนๆ
ร่างแห	31845	ร่างแห
ร่ำรี้ร่ำไร	31844	ร่ำรี้ร่ำไร
ร้น	31843	ร้น
ร้องส่ง	31842	ร้องส่ง
ร้านๆ	31841	ร้านๆ
ฤคเวท	31840	ฤคเวท
ฤชา	31839	ฤชา
ฤชุ	31838	ฤชุ
ฤทธิรอน	31837	ฤทธิรอน
ฤทธิ์เดช	31836	ฤทธิ์เดช
ลงท้อง	31835	ลงท้อง
ลงพระบังคน	31834	ลงพระบังคน
ลงยา	31833	ลงยา
ลงสมัคร	31832	ลงสมัคร
ลมบ้าหมู	31831	ลมบ้าหมู
ลมว่าว	31830	ลมว่าว
ลมๆ	31829	ลมๆ
ลองกอง	31828	ลองกอง
ลองจิจูด	31827	ลองจิจูด
ลองภูมิ	31826	ลองภูมิ
ลองใน	31825	ลองใน
ลองไน	31824	ลองไน
ลอมพอก	31823	ลอมพอก
ลอยชาย	31822	ลอยชาย
ลอยหน้าลอยตา	31821	ลอยหน้าลอยตา
ลอยแพ	31820	ลอยแพ
ละติจูด	31819	ละติจูด
ละลุง	31818	ละลุง
ละลุม	31817	ละลุม
ละหุ่ง	31816	ละหุ่ง
ละเมิน	31815	ละเมิน
ละเมียดละไม	31814	ละเมียดละไม
ละเลง	31813	ละเลง
ละเล้า	31812	ละเล้า
ละๆ	31811	ละๆ
ลักปิดลักเปิด	31810	ลักปิดลักเปิด
ลักลั่น	31809	ลักลั่น
ลักสร้อย	31808	ลักสร้อย
ลักสี	31807	ลักสี
ลัญจกร	31806	ลัญจกร
ลันเตา	31805	ลันเตา
ลับลี้	31804	ลับลี้
ลับล่อ	31803	ลับล่อ
ลากข้าง	31802	ลากข้าง
ลาดบัวหลวง	31801	ลาดบัวหลวง
ลาดเขา	31800	ลาดเขา
ลาติน	31799	ลาติน
ลามปาม	31798	ลามปาม
ลามลวน	31797	ลามลวน
ลายขัด	31796	ลายขัด
ลายสอง	31795	ลายสอง
ลายแทง	31794	ลายแทง
ลาวา	31793	ลาวา
ลำบากยากเข็ญ	31792	ลำบากยากเข็ญ
ลำพองใจ	31791	ลำพองใจ
ลำภุขัน	31790	ลำภุขัน
ลำยอง	31789	ลำยอง
ลำเพา	31788	ลำเพา
ลำเพ็ญ	31787	ลำเพ็ญ
ลำไพ่	31786	ลำไพ่
ลิงค์	31785	ลิงค์
ลิลลี่	31784	ลิลลี่
ลิ้นหมา	31783	ลิ้นหมา
ลีบๆ	31782	ลีบๆ
ลี้พล	31781	ลี้พล
ลึงค์	31780	ลึงค์
ลืมหูลืมตา	31779	ลืมหูลืมตา
ลุกวาว	31778	ลุกวาว
ลุมพี	31777	ลุมพี
ลุแก่อำนาจ	31776	ลุแก่อำนาจ
ลุ่มๆ	31775	ลุ่มๆ
ลูกกระเดือก	31774	ลูกกระเดือก
ลูกกลอน	31773	ลูกกลอน
ลูกคอก	31772	ลูกคอก
ลูกคำ	31771	ลูกคำ
ลูกชิด	31770	ลูกชิด
ลูกนา	31769	ลูกนา
ลูกปัด	31768	ลูกปัด
ลูกผสม	31767	ลูกผสม
ลูกลมๆ	31766	ลูกลมๆ
ลูกสวรรค์	31765	ลูกสวรรค์
ลูกสูบ	31764	ลูกสูบ
ลูกแหง่	31763	ลูกแหง่
ล่อน	31762	ล่อน
ล้มหมอนนอนเสื่อ	31761	ล้มหมอนนอนเสื่อ
ล้มๆ	31760	ล้มๆ
ล้อหลอก	31759	ล้อหลอก
ล้างปาก	31758	ล้างปาก
ล้างโลก	31757	ล้างโลก
ล้ำหน้า	31756	ล้ำหน้า
ฦๅชา	31755	ฦๅชา
วงกบ	31754	วงกบ
วงกลมๆ	31753	วงกลมๆ
วงรอบ	31752	วงรอบ
วงแหวน	31751	วงแหวน
วงใน	31750	วงใน
วงๆ	31749	วงๆ
วจนะ	31748	วจนะ
วจีกรรม	31747	วจีกรรม
วณิพก	31746	วณิพก
วตะ	31745	วตะ
วธู	31744	วธู
วนอุทยาน	31743	วนอุทยาน
วรมหาวิหาร	31742	วรมหาวิหาร
วลาหก	31741	วลาหก
วสะ	31740	วสะ
วสา	31739	วสา
วังวน	31738	วังวน
วัฏฏสงสาร	31737	วัฏฏสงสาร
วัณณะ	31736	วัณณะ
วัดแดด	31735	วัดแดด
วัตถุนิยม	31734	วัตถุนิยม
วันต์	31733	วันต์
วันทยาวุธ	31732	วันทยาวุธ
วันท์	31731	วันท์
วันสุกดิบ	31730	วันสุกดิบ
วันอุโบสถ	31729	วันอุโบสถ
วับๆ	31728	วับๆ
วางก้าม	31727	วางก้าม
วางมาด	31726	วางมาด
วางเงิน	31725	วางเงิน
วางเพลิง	31724	วางเพลิง
วางๆ	31723	วางๆ
วาทศาสตร์	31722	วาทศาสตร์
วายวอด	31721	วายวอด
วารสารศาสตร์	31720	วารสารศาสตร์
วาววาม	31719	วาววาม
วาวแวว	31718	วาวแวว
วาวๆ	31717	วาวๆ
วาสี	31716	วาสี
วิกฤตกาล	31715	วิกฤตกาล
วิกล	31714	วิกล
วิจาร	31713	วิจาร
วิชิต	31712	วิชิต
วิญญู	31711	วิญญู
วิดีโอเทป	31710	วิดีโอเทป
วิทยฐานะ	31709	วิทยฐานะ
วิทยาคม	31708	วิทยาคม
วิทยาศาสตร์ประยุกต์	31707	วิทยาศาสตร์ประยุกต์
วิทยาศาสตร์เทคโนโลยีและสิ่งแวดล้อม	31706	วิทยาศาสตร์เทคโนโลยีและสิ่งแวดล้อม
วิทยาเขต	31705	วิทยาเขต
วิธีๆ	31704	วิธีๆ
วินัยธร	31703	วินัยธร
วิบุล	31702	วิบุล
วิบูล	31701	วิบูล
วิพิธทัศนา	31700	วิพิธทัศนา
วิภังค์	31699	วิภังค์
วิมุตติ	31698	วิมุตติ
วิริยภาพ	31697	วิริยภาพ
วิรุฬห์	31696	วิรุฬห์
วิรูปักษ์	31695	วิรูปักษ์
วิวัฒน์	31694	วิวัฒน์
วิศาล	31693	วิศาล
วิสัญญี	31692	วิสัญญี
วิสาขะ	31691	วิสาขะ
วิสาขา	31690	วิสาขา
วิสาหกิจ	31689	วิสาหกิจ
วิหิงสา	31688	วิหิงสา
วิฬาร	31687	วิฬาร
วิ่งวัว	31686	วิ่งวัว
วิ่งๆ	31685	วิ่งๆ
วี้ด	31684	วี้ด
วุฒิสภา	31683	วุฒิสภา
วุ่นๆ	31682	วุ่นๆ
วู้ดๆ	31681	วู้ดๆ
วโรดม	31680	วโรดม
ว่าการ	31679	ว่าการ
ศตพรรษ	31678	ศตพรรษ
ศรีราชา	31677	ศรีราชา
ศฤงค์	31676	ศฤงค์
ศศะ	31675	ศศะ
ศศิ	31674	ศศิ
ศศิธร	31673	ศศิธร
ศอกกลับ	31672	ศอกกลับ
ศาลชั้นต้น	31671	ศาลชั้นต้น
ศาลยุติธรรม	31670	ศาลยุติธรรม
ศาลหลวง	31669	ศาลหลวง
ศาลอุทธรณ์	31668	ศาลอุทธรณ์
ศาลๆ	31667	ศาลๆ
ศิขริน	31666	ศิขริน
ศิขา	31665	ศิขา
ศิลปหัตถกรรม	31664	ศิลปหัตถกรรม
ศิลาฤกษ์	31663	ศิลาฤกษ์
ศิวลึงค์	31662	ศิวลึงค์
ศิวิลัยซ์	31661	ศิวิลัยซ์
ศีลมหาสนิท	31660	ศีลมหาสนิท
ศีลอด	31659	ศีลอด
ศึกษานิเทศก์	31658	ศึกษานิเทศก์
ศุลี	31657	ศุลี
ศูนย์ชุมชน	31656	ศูนย์ชุมชน
สกลนคร	31655	สกลนคร
สกี	31654	สกี
สกีน้ำ	31653	สกีน้ำ
สก๊อต	31652	สก๊อต
สคูล	31651	สคูล
สดมภ์	31650	สดมภ์
สตรอว์เบอร์รี	31649	สตรอว์เบอร์รี
สตะ	31648	สตะ
สถาปัตยกรรมศาสตร์	31647	สถาปัตยกรรมศาสตร์
สนตะพาย	31646	สนตะพาย
สนทนาปราศรัย	31645	สนทนาปราศรัย
สนัด	31644	สนัด
สนับ	31643	สนับ
สนามแม่เหล็ก	31642	สนามแม่เหล็ก
สภาพธรรม	31641	สภาพธรรม
สมการ	31640	สมการ
สมถวิปัสสนา	31639	สมถวิปัสสนา
สมบูรณาญาสิทธิราชย์	31638	สมบูรณาญาสิทธิราชย์
สมปัก	31637	สมปัก
สมพรปาก	31636	สมพรปาก
สมพัตสร	31635	สมพัตสร
สมัชชา	31634	สมัชชา
สมัยก่อนๆ	31633	สมัยก่อนๆ
สมุฏฐาน	31632	สมุฏฐาน
สมเด็จพระผู้มีพระภาค	31631	สมเด็จพระผู้มีพระภาค
สมเสร็จ	31630	สมเสร็จ
สยด	31629	สยด
สรนุก	31628	สรนุก
สรวม	31627	สรวม
สรวมชีพ	31626	สรวมชีพ
สระคราญ	31625	สระคราญ
สระว่ายน้ำ	31624	สระว่ายน้ำ
สระแก้ว	31623	สระแก้ว
สรีรวิทยา	31622	สรีรวิทยา
สร้อยทอง	31621	สร้อยทอง
สร้อยนกเขา	31620	สร้อยนกเขา
สร้างมิตรภาพ	31619	สร้างมิตรภาพ
สฤต	31618	สฤต
สฤษฎี	31617	สฤษฎี
สลวน	31616	สลวน
สลักสำคัญ	31615	สลักสำคัญ
สลักหลัง	31614	สลักหลัง
สลับสลอน	31613	สลับสลอน
สลัม	31612	สลัม
สลากกินแบ่ง	31611	สลากกินแบ่ง
สลิป	31610	สลิป
สวา	31609	สวา
สวาง	31608	สวาง
สวาดิ	31607	สวาดิ
สวิงสวาย	31606	สวิงสวาย
สวีเดน	31605	สวีเดน
สสาร	31604	สสาร
สหชาติ	31603	สหชาติ
สหัสเนตร	31602	สหัสเนตร
สองร้อย	31601	สองร้อย
สอยดาว	31600	สอยดาว
สอๆ	31599	สอๆ
สะดม	31598	สะดม
สะตาหมัน	31597	สะตาหมัน
สะท้อนใจ	31596	สะท้อนใจ
สะท้อนๆ	31595	สะท้อนๆ
สะบัดสะบิ้ง	31594	สะบัดสะบิ้ง
สะพรึบ	31593	สะพรึบ
สะพัก	31592	สะพัก
สะพัง	31591	สะพัง
สะพานหัน	31590	สะพานหัน
สะพานเดินเรือ	31589	สะพานเดินเรือ
สะอาดๆ	31588	สะอาดๆ
สะอิ้ง	31587	สะอิ้ง
สะเออะ	31586	สะเออะ
สักกะหลาด	31585	สักกะหลาด
สักครั้งหนึ่ง	31584	สักครั้งหนึ่ง
สังขละบุรี	31583	สังขละบุรี
สังคายนา	31582	สังคายนา
สังคีต	31581	สังคีต
สังฆาฏิ	31580	สังฆาฏิ
สังปะลิเหงะ	31579	สังปะลิเหงะ
สังเกตๆ	31578	สังเกตๆ
สัจกิริยา	31577	สัจกิริยา
สัจจา	31576	สัจจา
สัณฑ์	31575	สัณฑ์
สัตภัณฑ์	31574	สัตภัณฑ์
สัตยา	31573	สัตยา
สัตย์ซื่อตรง	31572	สัตย์ซื่อตรง
สัตววิทยา	31571	สัตววิทยา
สัตสดก	31570	สัตสดก
สัตหีบ	31569	สัตหีบ
สันถวไมตรี	31568	สันถวไมตรี
สับๆ	31567	สับๆ
สัปดาห์ๆ	31566	สัปดาห์ๆ
สัปตศก	31565	สัปตศก
สัมฤทธิผล	31564	สัมฤทธิผล
สัสดี	31563	สัสดี
สากรรจ์	31562	สากรรจ์
สากๆ	31561	สากๆ
สาทร	31560	สาทร
สาธารณสถาน	31559	สาธารณสถาน
สาธุๆ	31558	สาธุๆ
สานุ	31557	สานุ
สามกษัตริย์	31556	สามกษัตริย์
สามขุม	31555	สามขุม
สามง่าม	31554	สามง่าม
สามัคยาจารยสมาคม	31553	สามัคยาจารยสมาคม
สามัคยาจารย์	31552	สามัคยาจารย์
สามเศียร	31551	สามเศียร
สามแก้ว	31550	สามแก้ว
สายดือ	31549	สายดือ
สายอากาศ	31548	สายอากาศ
สายเอก	31547	สายเอก
สารกรมธรรม์	31546	สารกรมธรรม์
สารบาญ	31545	สารบาญ
สารบาญชี	31544	สารบาญชี
สารหนู	31543	สารหนู
สารอินทรีย์	31542	สารอินทรีย์
สาวน้อยร้อยชั่ง	31541	สาวน้อยร้อยชั่ง
สาวิตรี	31540	สาวิตรี
สาวแก่	31539	สาวแก่
สาวไส้	31538	สาวไส้
สาสนา	31537	สาสนา
สาสน์	31536	สาสน์
สาโท	31535	สาโท
สาโรช	31534	สาโรช
สำนาน	31533	สำนาน
สำบัดสำนวน	31532	สำบัดสำนวน
สำปะหลัง	31531	สำปะหลัง
สำปันนี	31530	สำปันนี
สำมะลอ	31529	สำมะลอ
สำมะโนประชากร	31528	สำมะโนประชากร
สำรองๆ	31527	สำรองๆ
สำลาน	31526	สำลาน
สำแลง	31525	สำแลง
สิขา	31524	สิขา
สิขเรศ	31523	สิขเรศ
สิงหนคร	31522	สิงหนคร
สิงหาสน์	31521	สิงหาสน์
สินเดิม	31520	สินเดิม
สิบห้า	31519	สิบห้า
สิมิลัน	31518	สิมิลัน
สิเน่หา	31517	สิเน่หา
สิ่งทอ	31516	สิ่งทอ
สิ้นภพ	31515	สิ้นภพ
สิ้นแต้ม	31514	สิ้นแต้ม
สิ้นไร้ไม้ตอก	31513	สิ้นไร้ไม้ตอก
สีคิ้ว	31512	สีคิ้ว
สีทันดร	31511	สีทันดร
สีผึ้ง	31510	สีผึ้ง
สีฝัด	31509	สีฝัด
สีฝุ่น	31508	สีฝุ่น
สีเสียดเหนือ	31507	สีเสียดเหนือ
สีไฟ	31506	สีไฟ
สี่สิบ	31505	สี่สิบ
สี่เหลี่ยมขนมเปียกปูน	31504	สี่เหลี่ยมขนมเปียกปูน
สืบต่อไป	31503	สืบต่อไป
สืบพยาน	31502	สืบพยาน
สืบมา	31501	สืบมา
สุกดิบ	31500	สุกดิบ
สุขาภิบาล	31499	สุขาภิบาล
สุขารมณ์	31498	สุขารมณ์
สุขาวดี	31497	สุขาวดี
สุขุมวิท	31496	สุขุมวิท
สุคนธรส	31495	สุคนธรส
สุดหล้าฟ้าเขียว	31494	สุดหล้าฟ้าเขียว
สุทธาวาส	31493	สุทธาวาส
สุทัศนเทพวราราม	31492	สุทัศนเทพวราราม
สุทไธศวรรย์	31491	สุทไธศวรรย์
สุพรรณราช	31490	สุพรรณราช
สุพรรณศรี	31489	สุพรรณศรี
สุมขอน	31488	สุมขอน
สุมนา	31487	สุมนา
สุมาตรา	31486	สุมาตรา
สุมาลี	31485	สุมาลี
สุราษฏร์ธานี	31484	สุราษฏร์ธานี
สุริโย	31483	สุริโย
สุเอซ	31482	สุเอซ
สูญสลาย	31481	สูญสลาย
สูญเสียชีวิต	31480	สูญเสียชีวิต
สูติบัตร	31479	สูติบัตร
สู้รบตบมือ	31478	สู้รบตบมือ
สเตชั่น	31477	สเตชั่น
สเตแท่น	31476	สเตแท่น
สแกนเนอร์	31475	สแกนเนอร์
สแควร์	31474	สแควร์
สโนดรอป	31473	สโนดรอป
สโลวะเกีย	31472	สโลวะเกีย
สไมลส์	31471	สไมลส์
สไลด์	31470	สไลด์
ส่งภาษา	31469	ส่งภาษา
ส่วนภูมิภาค	31468	ส่วนภูมิภาค
ส่วนลด	31467	ส่วนลด
ส่อน	31466	ส่อน
ส่าน	31465	ส่าน
ส่ายหน้า	31464	ส่ายหน้า
ส่าหรี	31463	ส่าหรี
หงอนไก่	31462	หงอนไก่
หงับๆ	31461	หงับๆ
หงุงหงิง	31460	หงุงหงิง
หงุบ	31459	หงุบ
หงุบหงับ	31458	หงุบหงับ
หง่อม	31457	หง่อม
หง่างๆ	31456	หง่างๆ
หญ้าบัว	31455	หญ้าบัว
หญ้าฝรั่น	31454	หญ้าฝรั่น
หนองจอก	31453	หนองจอก
หนองใน	31452	หนองใน
หนักมือ	31451	หนักมือ
หนังไก่	31450	หนังไก่
หนับ	31449	หนับ
หนั่น	31448	หนั่น
หนาวๆ	31447	หนาวๆ
หนึบ	31446	หนึบ
หน่วยกิต	31445	หน่วยกิต
หน่วยก้าน	31444	หน่วยก้าน
หน่ายแหนง	31443	หน่ายแหนง
หน้ากล้อง	31442	หน้ากล้อง
หน้าขา	31441	หน้าขา
หน้าค่าตา	31440	หน้าค่าตา
หน้าตั้ง	31439	หน้าตั้ง
หน้าบูด	31438	หน้าบูด
หน้าพาทย์	31437	หน้าพาทย์
หน้าแว่น	31436	หน้าแว่น
หน้าๆ	31435	หน้าๆ
หมดบุญ	31434	หมดบุญ
หมดหวัง	31433	หมดหวัง
หมดอายุ	31432	หมดอายุ
หมดอาลัยตายอยาก	31431	หมดอาลัยตายอยาก
หมดเขต	31430	หมดเขต
หมวย	31429	หมวย
หมอเฒ่า	31428	หมอเฒ่า
หมากม่วง	31427	หมากม่วง
หมากฮอส	31426	หมากฮอส
หมากเขียว	31425	หมากเขียว
หมากแข้ง	31424	หมากแข้ง
หมากแดง	31423	หมากแดง
หมาร่า	31422	หมาร่า
หมูยอ	31421	หมูยอ
หมูหัน	31420	หมูหัน
หมูแดง	31419	หมูแดง
หม้อตาล	31418	หม้อตาล
หม้า	31417	หม้า
หยอกเอิน	31416	หยอกเอิน
หยอกๆ	31415	หยอกๆ
หยอดหลุม	31414	หยอดหลุม
หยักเหยา	31413	หยักเหยา
หยักไย่	31412	หยักไย่
หยิบผิด	31411	หยิบผิด
หยีๆ	31410	หยีๆ
หยุดๆ	31409	หยุดๆ
หย็อง	31408	หย็อง
หย็องแหย็งๆ	31407	หย็องแหย็งๆ
หย็อยๆ	31406	หย็อยๆ
หย่ง	31405	หย่ง
หย่อนๆ	31404	หย่อนๆ
หย่ากัน	31403	หย่ากัน
หย่านม	31402	หย่านม
หรรษ	31401	หรรษ
หรีด	31400	หรีด
หรุ่ม	31399	หรุ่ม
หลงลืมตัว	31398	หลงลืมตัว
หลงๆ	31397	หลงๆ
หลด	31396	หลด
หลบมุม	31395	หลบมุม
หลบหน้าหลบตา	31394	หลบหน้าหลบตา
หลอ	31393	หลอ
หลอดฟลูออเรสเซนต์	31392	หลอดฟลูออเรสเซนต์
หลอมเหลว	31391	หลอมเหลว
หลักลอย	31390	หลักลอย
หลากคำ	31389	หลากคำ
หลายแหล่	31388	หลายแหล่
หลีกภัย	31387	หลีกภัย
หลีกๆ	31386	หลีกๆ
หลุดลุ่ย	31385	หลุดลุ่ย
หลุมพราง	31384	หลุมพราง
หล่อเย็น	31383	หล่อเย็น
หวนคำนึง	31382	หวนคำนึง
หวังๆ	31381	หวังๆ
หวามๆ	31380	หวามๆ
หวิด	31379	หวิด
หวิวๆ	31378	หวิวๆ
หอนาฬิกา	31377	หอนาฬิกา
หอมขาว	31376	หอมขาว
หอมจันทร์	31375	หอมจันทร์
หักราคา	31374	หักราคา
หักอกหักใจ	31373	หักอกหักใจ
หักเห	31372	หักเห
หัตถกิจ	31371	หัตถกิจ
หันเห	31370	หันเห
หัวซุกหัวซุน	31369	หัวซุกหัวซุน
หัวที	31368	หัวที
หัวน้ำลง	31367	หัวน้ำลง
หัวปั่น	31366	หัวปั่น
หัวราน้ำ	31365	หัวราน้ำ
หัวสูง	31364	หัวสูง
หัวหด	31363	หัวหด
หัวหน้าๆ	31362	หัวหน้าๆ
หัวเข้า	31361	หัวเข้า
หัวเลี้ยวหัวต่อ	31360	หัวเลี้ยวหัวต่อ
หัสดี	31359	หัสดี
หั่นๆ	31358	หั่นๆ
หาควร	31357	หาควร
หาค่ามิได้	31356	หาค่ามิได้
หางกระรอก	31355	หางกระรอก
หางนาค	31354	หางนาค
หางเปีย	31353	หางเปีย
หางแพน	31352	หางแพน
หางแมงป่อง	31351	หางแมงป่อง
หางไก่	31350	หางไก่
หาดทราย	31349	หาดทราย
หายขาด	31348	หายขาด
หายหัว	31347	หายหัว
หำ	31346	หำ
หิตานุหิตประโยชน์	31345	หิตานุหิตประโยชน์
หินชาติ	31344	หินชาติ
หิมวันต์	31343	หิมวันต์
หิมวา	31342	หิมวา
หิริ	31341	หิริ
หิริโอตตัปปะ	31340	หิริโอตตัปปะ
หิ่งหาย	31339	หิ่งหาย
หิ้วท้อง	31338	หิ้วท้อง
หี	31337	หี
หืน	31336	หืน
หุบผา	31335	หุบผา
หูก	31334	หูก
หูช้าง	31333	หูช้าง
หูเบาๆ	31332	หูเบาๆ
หูเสือ	31331	หูเสือ
ห่างเห	31330	ห่างเห
ห้วยละหาน	31329	ห้วยละหาน
ห้องชุด	31328	ห้องชุด
ห้องปฏิบัติการ	31327	ห้องปฏิบัติการ
ห้องประชุม	31326	ห้องประชุม
ห้องรับแขก	31325	ห้องรับแขก
ห้องส้วม	31324	ห้องส้วม
ห้องอาบน้ำ	31323	ห้องอาบน้ำ
ห้อแห้	31322	ห้อแห้
ห้าสิบ	31321	ห้าสิบ
ห้ำ	31320	ห้ำ
อกเมือง	31319	อกเมือง
อกไก่	31318	อกไก่
อควาเรียม	31317	อควาเรียม
องค์การสหประชาชาติ	31316	องค์การสหประชาชาติ
อณู	31315	อณู
อติเรก	31314	อติเรก
อธิกรณ์	31313	อธิกรณ์
อนัตตา	31312	อนัตตา
อนันตริยกรรม	31311	อนันตริยกรรม
อนารยธรรม	31310	อนารยธรรม
อนิจจาๆ	31309	อนิจจาๆ
อนุศาสนาจารย์	31308	อนุศาสนาจารย์
อนุสติ	31307	อนุสติ
อนุสนธิ	31306	อนุสนธิ
อบรมสั่งสอน	31305	อบรมสั่งสอน
อปยศ	31304	อปยศ
อปลักษณ์	31303	อปลักษณ์
อภัพ	31302	อภัพ
อภัยทาน	31301	อภัยทาน
อภิญญาณ	31300	อภิญญาณ
อภิลักขิต	31299	อภิลักขิต
อภิสิทธิ์	31298	อภิสิทธิ์
อมฤตรส	31297	อมฤตรส
อมๆ	31296	อมๆ
อยู่ท้อง	31295	อยู่ท้อง
อยู่ยงคงกระพัน	31294	อยู่ยงคงกระพัน
อยู่ไฟ	31293	อยู่ไฟ
อย่างใด	31292	อย่างใด
อย่าๆ	31291	อย่าๆ
อรรถกถา	31290	อรรถกถา
อรรถาธิบาย	31289	อรรถาธิบาย
อรรธสระ	31288	อรรธสระ
อรหัน	31287	อรหัน
อรัญประเทศ	31286	อรัญประเทศ
อริยผล	31285	อริยผล
อริยมรรค	31284	อริยมรรค
อริยสัจ	31283	อริยสัจ
อรุ	31282	อรุ
อลงกต	31281	อลงกต
อลักเอลื่อ	31280	อลักเอลื่อ
อวบๆ	31279	อวบๆ
อสนีบาต	31278	อสนีบาต
อสัญ	31277	อสัญ
อสิ	31276	อสิ
ออกซฟอร์ด	31275	ออกซฟอร์ด
ออกรบ	31274	ออกรบ
ออกไข้หัว	31273	ออกไข้หัว
ออกไซด์	31272	ออกไซด์
ออทิสติก	31271	ออทิสติก
ออนส์	31270	ออนส์
ออมชอม	31269	ออมชอม
ออมอด	31268	ออมอด
ออเจ้า	31267	ออเจ้า
อะคร้าว	31266	อะคร้าว
อะตอม	31265	อะตอม
อะเคื้อ	31264	อะเคื้อ
อักษรศาสตร	31263	อักษรศาสตร
อักโขภิณี	31262	อักโขภิณี
อักๆ	31261	อักๆ
อัคคะ	31260	อัคคะ
อัครมหาเสนาบดี	31259	อัครมหาเสนาบดี
อังคาส	31258	อังคาส
อังสะ	31257	อังสะ
อัญประกาศเดี่ยว	31256	อัญประกาศเดี่ยว
อัฏ	31255	อัฏ
อัฐศก	31254	อัฐศก
อัณฑะ	31253	อัณฑะ
อัดฉีด	31252	อัดฉีด
อัดแน่น	31251	อัดแน่น
อัตถ์	31250	อัตถ์
อัตนัย	31249	อัตนัย
อัตวินิบาตกรรม	31248	อัตวินิบาตกรรม
อัตวิสัย	31247	อัตวิสัย
อันๆ	31246	อันๆ
อัปปะ	31245	อัปปะ
อัปภาคย์	31244	อัปภาคย์
อัประมาณ	31243	อัประมาณ
อัพภาส	31242	อัพภาส
อัฟกานิสถาน	31241	อัฟกานิสถาน
อัยการศึก	31240	อัยการศึก
อัยยิกา	31239	อัยยิกา
อัลบั้ม	31238	อัลบั้ม
อัลเซเชียน	31237	อัลเซเชียน
อัศวเมธ	31236	อัศวเมธ
อัสนี	31235	อัสนี
อัสสาสะ	31234	อัสสาสะ
อัสสุชล	31233	อัสสุชล
อั้งโล่	31232	อั้งโล่
อาการนาม	31231	อาการนาม
อาคารๆ	31230	อาคารๆ
อาฆาตมาดร้าย	31229	อาฆาตมาดร้าย
อาจาด	31228	อาจาด
อาจเอื้อม	31227	อาจเอื้อม
อานันท์	31226	อานันท์
อาม	31225	อาม
อายเหนียม	31224	อายเหนียม
อารยชาติ	31223	อารยชาติ
อาราธนาศีล	31222	อาราธนาศีล
อาลปนะ	31221	อาลปนะ
อาเศียรวาท	31220	อาเศียรวาท
อาโป	31219	อาโป
อำนาจเจริญ	31218	อำนาจเจริญ
อำนาถ	31217	อำนาถ
อำพะนำ	31216	อำพะนำ
อำยวน	31215	อำยวน
อำแดง	31214	อำแดง
อิดๆ	31213	อิดๆ
อิตาเลียน	31212	อิตาเลียน
อิทธิปาฏิหาริย์	31211	อิทธิปาฏิหาริย์
อินน์	31210	อินน์
อิริยา	31209	อิริยา
อิ่มๆ	31208	อิ่มๆ
อีกด้วย	31207	อีกด้วย
อีลุ่ยฉุยแฉก	31206	อีลุ่ยฉุยแฉก
อีหลี	31205	อีหลี
อีเมล	31204	อีเมล
อีแปะ	31203	อีแปะ
อีโหน่อีเหน่	31202	อีโหน่อีเหน่
อี๊ดๆ	31201	อี๊ดๆ
อึกๆ	31200	อึกๆ
อุกกาบาต	31199	อุกกาบาต
อุณาโลม	31198	อุณาโลม
อุตพิด	31197	อุตพิด
อุตุนิยมวิทยา	31196	อุตุนิยมวิทยา
อุบัติภัย	31195	อุบัติภัย
อุปัชฌายวัตร	31194	อุปัชฌายวัตร
อุปัทวเหตุ	31193	อุปัทวเหตุ
อุปเท่ห์	31192	อุปเท่ห์
อุลตราไวโอเลต	31191	อุลตราไวโอเลต
อุวะ	31190	อุวะ
อุว๊ะ	31189	อุว๊ะ
อุสวะ	31188	อุสวะ
อุสา	31187	อุสา
อุเทศ	31186	อุเทศ
อุ้มสม	31185	อุ้มสม
อู๊ดๆ	31184	อู๊ดๆ
อโณทัย	31183	อโณทัย
อ่วม	31182	อ่วม
อ่อนหัด	31181	อ่อนหัด
อ่านหนังสือ	31180	อ่านหนังสือ
อ่านออกเสียง	31179	อ่านออกเสียง
อ่าองค์	31178	อ่าองค์
อ้าวๆ	31177	อ้าวๆ
อ๊าก	31176	อ๊าก
อ๋อย	31175	อ๋อย
ฮกเกี้ยน	31174	ฮกเกี้ยน
ฮวงโห	31173	ฮวงโห
ฮอด	31172	ฮอด
ฮอร์	31171	ฮอร์
ฮอล	31170	ฮอล
ฮักๆ	31169	ฮักๆ
ฮาวาย	31168	ฮาวาย
ฮิต	31167	ฮิต
ฮิปปี้	31166	ฮิปปี้
ฮิๆ	31165	ฮิๆ
ฮึกหาญ	31164	ฮึกหาญ
ฮือฮา	31163	ฮือฮา
ฮื้อๆๆๆ	31162	ฮื้อๆๆๆ
เกจิอาจารย์	31161	เกจิอาจารย์
เกต์	31160	เกต์
เกรงกลัว	31159	เกรงกลัว
เกรย์	31158	เกรย์
เกรส์	31157	เกรส์
เกรอะ	31156	เกรอะ
เกรอะกรัง	31155	เกรอะกรัง
เกรียก	31154	เกรียก
เกลศ	31153	เกลศ
เกลียวๆ	31152	เกลียวๆ
เกลื่อนกล่น	31151	เกลื่อนกล่น
เกล็ดๆ	31150	เกล็ดๆ
เกศากันต์	31149	เกศากันต์
เกษตรอำเภอ	31148	เกษตรอำเภอ
เกาหลีใต้	31147	เกาหลีใต้
เกาๆ	31146	เกาๆ
เกินๆ	31145	เกินๆ
เกียรตินิยม	31144	เกียรตินิยม
เกี่ยวเบ็ด	31143	เกี่ยวเบ็ด
เก็ง	31142	เก็ง
เก็งกำไร	31141	เก็งกำไร
เก็บไร	31140	เก็บไร
เก็บๆ	31139	เก็บๆ
เก๊ก	31138	เก๊ก
เก๊กฮวย	31137	เก๊กฮวย
เก๊า	31136	เก๊า
เก๋ๆ	31135	เก๋ๆ
เขยกๆ	31134	เขยกๆ
เขรอะ	31133	เขรอะ
เขลง	31132	เขลง
เขลาๆ	31131	เขลาๆ
เขียนประกาศ	31130	เขียนประกาศ
เข็มซ่อนปลาย	31129	เข็มซ่อนปลาย
เข้มขาบ	31128	เข้มขาบ
เข้าฌาน	31127	เข้าฌาน
เข้าปิ้ง	31126	เข้าปิ้ง
เข้ายา	31125	เข้ายา
เข้ารอย	31124	เข้ารอย
เข้าสุหนัต	31123	เข้าสุหนัต
เข้าเกณฑ์	31122	เข้าเกณฑ์
เข้าใจผิด	31121	เข้าใจผิด
เข้าไป	31120	เข้าไป
เข้าไม้	31119	เข้าไม้
เคยปาก	31118	เคยปาก
เครงครื้น	31117	เครงครื้น
เคราะห์หามยามร้าย	31116	เคราะห์หามยามร้าย
เครื่องกำเนิดไฟฟ้า	31115	เครื่องกำเนิดไฟฟ้า
เครื่องบน	31114	เครื่องบน
เครื่องมุก	31113	เครื่องมุก
เครื่องสูง	31112	เครื่องสูง
เครื่องหนัง	31111	เครื่องหนัง
เครื่องหลัง	31110	เครื่องหลัง
เครื่องห้า	31109	เครื่องห้า
เครื่องเคลือบ	31108	เครื่องเคลือบ
เครื่องใหญ่	31107	เครื่องใหญ่
เครื่องๆ	31106	เครื่องๆ
เคลิ้มๆ	31105	เคลิ้มๆ
เคลือบฟัน	31104	เคลือบฟัน
เคลือบแฝง	31103	เคลือบแฝง
เคล้าคลึง	31102	เคล้าคลึง
เคารพผู้ใหญ่	31101	เคารพผู้ใหญ่
เคี้ยวเอื้อง	31100	เคี้ยวเอื้อง
เคี้ยวๆ	31099	เคี้ยวๆ
เค้าเรื่อง	31098	เค้าเรื่อง
เค้าๆๆ	31097	เค้าๆๆ
เงินเฟ้อ	31096	เงินเฟ้อ
เงี่ยฟัง	31095	เงี่ยฟัง
เจตสิก	31094	เจตสิก
เจนใจ	31093	เจนใจ
เจริญตาเจริญใจ	31092	เจริญตาเจริญใจ
เจือจาง	31091	เจือจาง
เจ็บช้ำน้ำใจ	31090	เจ็บช้ำน้ำใจ
เจ่ง	31089	เจ่ง
เจ่าจุก	31088	เจ่าจุก
เจ้ากี้เจ้าการ	31087	เจ้ากี้เจ้าการ
เจ้าของๆ	31086	เจ้าของๆ
เจ้าข้าๆ	31085	เจ้าข้าๆ
เจ้าคณะ	31084	เจ้าคณะ
เจ้าจำนำ	31083	เจ้าจำนำ
เจ้าท่า	31082	เจ้าท่า
เจ้าประคุณ	31081	เจ้าประคุณ
เจ้ายศ	31080	เจ้ายศ
เจ้าหัว	31079	เจ้าหัว
เจ้าไทย	31078	เจ้าไทย
เจ้าๆ	31077	เจ้าๆ
เจ๊	31076	เจ๊
เจ๊ง	31075	เจ๊ง
เฉพาะกิจ	31074	เฉพาะกิจ
เฉลิมฉลอง	31073	เฉลิมฉลอง
เฉลี่ยง	31072	เฉลี่ยง
เฉลี่ยๆ	31071	เฉลี่ยๆ
เฉวียน	31070	เฉวียน
เฉาะๆ	31069	เฉาะๆ
เฉียว	31068	เฉียว
เฉียวฉุน	31067	เฉียวฉุน
เชลง	31066	เชลง
เชวง	31065	เชวง
เชอญ	31064	เชอญ
เชิงชาย	31063	เชิงชาย
เชิญๆ	31062	เชิญๆ
เชียร	31061	เชียร
เชี่ยน	31060	เชี่ยน
เชื่อวัน	31059	เชื่อวัน
เชื้อรา	31058	เชื้อรา
เช็ดหม้อ	31057	เช็ดหม้อ
เช่นเดียวกัน	31056	เช่นเดียวกัน
เช่นใด	31055	เช่นใด
เซต	31054	เซต
เซท	31053	เซท
เซราะ	31052	เซราะ
เซ็ง	31051	เซ็ง
เซ็งๆ	31050	เซ็งๆ
เซ็ต	31049	เซ็ต
เซ็นต์	31048	เซ็นต์
เซ่อซ่า	31047	เซ่อซ่า
เฌอเอม	31046	เฌอเอม
เณรๆ	31045	เณรๆ
เดชน์	31044	เดชน์
เดชๆ	31043	เดชๆ
เดซิเมตร	31042	เดซิเมตร
เดนมาร์ก	31041	เดนมาร์ก
เดินสะพัด	31040	เดินสะพัด
เดินอากาศ	31039	เดินอากาศ
เดินเรื่อง	31038	เดินเรื่อง
เดิมๆ	31037	เดิมๆ
เดือนขาด	31036	เดือนขาด
เดื่อ	31035	เดื่อ
เด่	31034	เด่
เด่า	31033	เด่า
เตภูมิกถา	31032	เตภูมิกถา
เตรียมตรม	31031	เตรียมตรม
เตรียมใจ	31030	เตรียมใจ
เตะจมูก	31029	เตะจมูก
เตาแก๊ส	31028	เตาแก๊ส
เต็มบาท	31027	เต็มบาท
เต่าทอง	31026	เต่าทอง
เต่าหวาย	31025	เต่าหวาย
เต้านม	31024	เต้านม
เต้าหู้ยี้	31023	เต้าหู้ยี้
เต้าเจี้ยว	31022	เต้าเจี้ยว
เต๋า	31021	เต๋า
เถลือกถลน	31020	เถลือกถลน
เทพนม	31019	เทพนม
เทพศิรินทราวาส	31018	เทพศิรินทราวาส
เทมส์	31017	เทมส์
เทรนท์	31016	เทรนท์
เทล	31015	เทล
เทวทูต	31014	เทวทูต
เทวศ	31013	เทวศ
เทหวัตถุ	31012	เทหวัตถุ
เทียง	31011	เทียง
เทือกเถาเหล่ากอ	31010	เทือกเถาเหล่ากอ
เทือน	31009	เทือน
เทเบิลเทนนิส	31008	เทเบิลเทนนิส
เทเวศวร์	31007	เทเวศวร์
เท่ๆ	31006	เท่ๆ
เท้าความ	31005	เท้าความ
เธียร	31004	เธียร
เนติ	31003	เนติ
เนติบัณฑิต	31002	เนติบัณฑิต
เนปาล	31001	เนปาล
เนิ่นๆ	31000	เนิ่นๆ
เนียร	30999	เนียร
เนือย	30998	เนือย
เนื้อถ้อยกระทงความ	30997	เนื้อถ้อยกระทงความ
เนื้อร้าย	30996	เนื้อร้าย
เนื้ออ่อนๆ	30995	เนื้ออ่อนๆ
เนื้อเปื่อย	30994	เนื้อเปื่อย
เนื้อแท้	30993	เนื้อแท้
เนเธอร์แลนด์	30992	เนเธอร์แลนด์
เบซิก	30991	เบซิก
เบญจบรรพต	30990	เบญจบรรพต
เบญจมาศ	30989	เบญจมาศ
เบญจา	30988	เบญจา
เบญจเพส	30987	เบญจเพส
เบญจ์	30986	เบญจ์
เบลเยียม	30985	เบลเยียม
เบอร์ลิน	30984	เบอร์ลิน
เบะ	30983	เบะ
เบาะๆ	30982	เบาะๆ
เบิกโรง	30981	เบิกโรง
เบี้ยบน	30980	เบี้ยบน
เบี้ยวๆ	30979	เบี้ยวๆ
เบือ	30978	เบือ
เปรมปรีดิ์	30977	เปรมปรีดิ์
เปรี้ยวปาก	30976	เปรี้ยวปาก
เปรี๊ยะ	30975	เปรี๊ยะ
เปลา	30974	เปลา
เปลี่ยนมือ	30973	เปลี่ยนมือ
เปลี่ยม	30972	เปลี่ยม
เปาะเปี๊ยะ	30971	เปาะเปี๊ยะ
เปิง	30970	เปิง
เปิ๊บ	30969	เปิ๊บ
เปี้ยว	30968	เปี้ยว
เป็นคุ้งเป็นแคว	30967	เป็นคุ้งเป็นแคว
เป็นต้นๆ	30966	เป็นต้นๆ
เป็นปี่เป็นขลุ่ย	30965	เป็นปี่เป็นขลุ่ย
เป็นสุข	30964	เป็นสุข
เป็นอันๆ	30963	เป็นอันๆ
เป็นเจ้าของ	30962	เป็นเจ้าของ
เป็นโล้เป็นพาย	30961	เป็นโล้เป็นพาย
เป็นใหญ่	30960	เป็นใหญ่
เป้ง	30959	เป้ง
เผดิม	30958	เผดิม
เผดียง	30957	เผดียง
เผาไหม้	30956	เผาไหม้
เผิน	30955	เผิน
เผื่อเหลือเผื่อขาด	30954	เผื่อเหลือเผื่อขาด
เผ่าๆ	30953	เผ่าๆ
เพชรกลับ	30952	เพชรกลับ
เพชรปาณี	30951	เพชรปาณี
เพชรหึง	30950	เพชรหึง
เพนกวิน	30949	เพนกวิน
เพริด	30948	เพริด
เพรียกพร้อง	30947	เพรียกพร้อง
เพลงกล่อมเด็ก	30946	เพลงกล่อมเด็ก
เพลงสาธุการ	30945	เพลงสาธุการ
เพลาๆ	30944	เพลาๆ
เพิก	30943	เพิก
เพิ่มจำนวน	30942	เพิ่มจำนวน
เพียงดัง	30941	เพียงดัง
เพียน	30940	เพียน
เพื่อนพ้อง	30939	เพื่อนพ้อง
เพ้อๆ	30938	เพ้อๆ
เฟรช	30937	เฟรช
เฟรนช์ฟราย	30936	เฟรนช์ฟราย
เฟลมิง	30935	เฟลมิง
เฟลิคซ์	30934	เฟลิคซ์
เฟอะ	30933	เฟอะ
เฟิร์น	30932	เฟิร์น
เฟี้ยมเฝ้า	30931	เฟี้ยมเฝ้า
เภสัชกรรม	30930	เภสัชกรรม
เภสัชเพลา	30929	เภสัชเพลา
เมตตากรุณา	30928	เมตตากรุณา
เมตตาอาทร	30927	เมตตาอาทร
เมตริก	30926	เมตริก
เมธา	30925	เมธา
เมธี	30924	เมธี
เมนทอล	30923	เมนทอล
เมนท์	30922	เมนท์
เมษา	30921	เมษา
เมาส์	30920	เมาส์
เมืองมัณฑเล	30919	เมืองมัณฑเล
เมื่อหน้า	30918	เมื่อหน้า
เมื่อไรๆ	30917	เมื่อไรๆ
เมื่อไหร่ๆ	30916	เมื่อไหร่ๆ
เม็กซิโก	30915	เม็กซิโก
เม็ดๆ	30914	เม็ดๆ
เยรูซาเลม	30913	เยรูซาเลม
เยลลี่	30912	เยลลี่
เยาวราช	30911	เยาวราช
เยาะเย้ย	30910	เยาะเย้ย
เยียรบับ	30909	เยียรบับ
เยื่อเคย	30908	เยื่อเคย
เย็บๆ	30907	เย็บๆ
เย่อ	30906	เย่อ
เย้ยๆ	30905	เย้ยๆ
เรท	30904	เรท
เรอะ	30903	เรอะ
เราๆๆๆ	30902	เราๆๆๆ
เริงร่า	30901	เริงร่า
เริด	30900	เริด
เรียงรัน	30899	เรียงรัน
เรียวหนาม	30898	เรียวหนาม
เรือกลไฟ	30897	เรือกลไฟ
เรือดำน้ำ	30896	เรือดำน้ำ
เรือนแก้ว	30895	เรือนแก้ว
เรือนแฝด	30894	เรือนแฝด
เรือพ่วง	30893	เรือพ่วง
เรือเดินสมุทร	30892	เรือเดินสมุทร
เรือแหวด	30891	เรือแหวด
เร่งๆ	30890	เร่งๆ
เลหลัง	30889	เลหลัง
เลิกร้าง	30888	เลิกร้าง
เลี่ย	30887	เลี่ย
เลือกๆ	30886	เลือกๆ
เลือง	30885	เลือง
เลือดอุ่น	30884	เลือดอุ่น
เล็มล่า	30883	เล็มล่า
เล่นกล	30882	เล่นกล
เล่นพวก	30881	เล่นพวก
เล่นเพลง	30880	เล่นเพลง
เล่นเสียง	30879	เล่นเสียง
เล่มๆ	30878	เล่มๆ
เวชภัณฑ์	30877	เวชภัณฑ์
เวหาส	30876	เวหาส
เวิลด์	30875	เวิลด์
เวียงจันทน์	30874	เวียงจันทน์
เว้าๆ	30873	เว้าๆ
เศวตร	30872	เศวตร
เศษส่วน	30871	เศษส่วน
เสนากุฎ	30870	เสนากุฎ
เสนาธิการ	30869	เสนาธิการ
เสบียงกรัง	30868	เสบียงกรัง
เสลด	30867	เสลด
เสลภูมิ	30866	เสลภูมิ
เสาดั้ง	30865	เสาดั้ง
เสาวรส	30864	เสาวรส
เสาวลักษณ์	30863	เสาวลักษณ์
เสาเอก	30862	เสาเอก
เสาๆ	30861	เสาๆ
เสียกำลังใจ	30860	เสียกำลังใจ
เสียงสะท้อน	30859	เสียงสะท้อน
เสียงเขียว	30858	เสียงเขียว
เสียงๆ	30857	เสียงๆ
เสียจริต	30856	เสียจริต
เสียรูป	30855	เสียรูป
เสียวๆ	30854	เสียวๆ
เสียเวลา	30853	เสียเวลา
เสียแต้ม	30852	เสียแต้ม
เสี่ย	30851	เสี่ย
เส้นรอบวง	30850	เส้นรอบวง
เส้นสาย	30849	เส้นสาย
เส้อร์	30848	เส้อร์
เหงาๆ	30847	เหงาๆ
เหตุๆ	30846	เหตุๆ
เหนาะ	30845	เหนาะ
เหนาะๆ	30844	เหนาะๆ
เหนียม	30843	เหนียม
เหนียมๆ	30842	เหนียมๆ
เหนียวหนืด	30841	เหนียวหนืด
เหนี่ยวนำ	30840	เหนี่ยวนำ
เหนือๆ	30839	เหนือๆ
เหมียวๆ	30838	เหมียวๆ
เหมืองฝาย	30837	เหมืองฝาย
เหมือนกัน	30836	เหมือนกัน
เหม็ง	30835	เหม็ง
เหย็งๆ	30834	เหย็งๆ
เหย่าๆ	30833	เหย่าๆ
เหล็กๆ	30832	เหล็กๆ
เหว่า	30831	เหว่า
เหอ	30830	เหอ
เหอะ	30829	เหอะ
เหียนราก	30828	เหียนราก
เหี้ย	30827	เหี้ย
เหี้ยมหาญ	30826	เหี้ยมหาญ
เห็ดโคน	30825	เห็ดโคน
เห็นดีๆ	30824	เห็นดีๆ
เห็นแก่ตัว	30823	เห็นแก่ตัว
เอกซเรย์	30822	เอกซเรย์
เอกบุรุษ	30821	เอกบุรุษ
เอกมัย	30820	เอกมัย
เอกอัครราชทูต	30819	เอกอัครราชทูต
เอกเทศ	30818	เอกเทศ
เอทิล	30817	เอทิล
เอนก	30816	เอนก
เอลฟ์	30815	เอลฟ์
เอารส	30814	เอารส
เอาฤกษ์	30813	เอาฤกษ์
เอาอยู่	30812	เอาอยู่
เอิ้น	30811	เอิ้น
เอิ๊บๆ	30810	เอิ๊บๆ
เอียงอาย	30809	เอียงอาย
เอี่ยมอ่อง	30808	เอี่ยมอ่อง
เอี้ยงๆ	30807	เอี้ยงๆ
เอี้ยด	30806	เอี้ยด
เอี๊ยดๆ	30805	เอี๊ยดๆ
เอี๋ยนๆ	30804	เอี๋ยนๆ
เอื้อนๆ	30803	เอื้อนๆ
เอื้อเฟื้อเผื่อแผ่	30802	เอื้อเฟื้อเผื่อแผ่
เอเธนส์	30801	เอเธนส์
เอๆ	30800	เอๆ
เอ็ก	30799	เอ็ก
เอ็กซ์	30798	เอ็กซ์
เอ็นไซม์	30797	เอ็นไซม์
เอ้อเฮอ	30796	เอ้อเฮอ
เอ๋อ	30795	เอ๋อ
เฮกเตอร์	30794	เฮกเตอร์
เฮาส	30793	เฮาส
เฮิสต์	30792	เฮิสต์
เฮี้ยว	30791	เฮี้ยว
เฮือกๆ	30790	เฮือกๆ
เฮือน	30789	เฮือน
แกงขม	30788	แกงขม
แกนๆ	30787	แกนๆ
แกมมา	30786	แกมมา
แกระ	30785	แกระ
แกร็กๆ	30784	แกร็กๆ
แกๆ	30783	แกๆ
แก่นๆ	30782	แก่นๆ
แก่แรด	30781	แก่แรด
แก้บาป	30780	แก้บาป
แก้วสารพัดนึก	30779	แก้วสารพัดนึก
แก้เกี้ยว	30778	แก้เกี้ยว
แขนเสื้อ	30777	แขนเสื้อ
แขวนนวม	30776	แขวนนวม
แข็งแรงๆ	30775	แข็งแรงๆ
แคมป์	30774	แคมป์
แง่งขิง	30773	แง่งขิง
แง้มๆ	30772	แง้มๆ
แจงสี่เบี้ย	30771	แจงสี่เบี้ย
แจ้งความ	30770	แจ้งความ
แจ๋วๆ	30769	แจ๋วๆ
แชมเปี้ยน	30768	แชมเปี้ยน
แชเชือน	30767	แชเชือน
แช่งชักหักกระดูก	30766	แช่งชักหักกระดูก
แซ	30765	แซ
แซด	30764	แซด
แซดๆ	30763	แซดๆ
แซนด์	30762	แซนด์
แซยิด	30761	แซยิด
แซลมอน	30760	แซลมอน
แตกฝูง	30759	แตกฝูง
แตกมัน	30758	แตกมัน
แตกเนื้อสาว	30757	แตกเนื้อสาว
แตกเนื้อหนุ่ม	30756	แตกเนื้อหนุ่ม
แตรฝรั่ง	30755	แตรฝรั่ง
แตรรถยนต์	30754	แตรรถยนต์
แตะๆ	30753	แตะๆ
แต่นี้	30752	แต่นี้
แต่เดิมๆ	30751	แต่เดิมๆ
แต่เพียง	30750	แต่เพียง
แต่แล้ว	30749	แต่แล้ว
แต่โบราณ	30748	แต่โบราณ
แต้ว	30747	แต้ว
แต้วแล้ว	30746	แต้วแล้ว
แต๊กๆๆๆ	30745	แต๊กๆๆๆ
แทงทวย	30744	แทงทวย
แทงหยวก	30743	แทงหยวก
แทะๆ	30742	แทะๆ
แท็กซี่มิเตอร์	30741	แท็กซี่มิเตอร์
แท่งๆ	30740	แท่งๆ
แนวเส้นตรง	30739	แนวเส้นตรง
แนะนำตัว	30738	แนะนำตัว
แนะนำบุคคล	30737	แนะนำบุคคล
แน่นหน้าอก	30736	แน่นหน้าอก
แน่ะๆ	30735	แน่ะๆ
แบคทีเรีย	30734	แบคทีเรีย
แบบจำลอง	30733	แบบจำลอง
แบลค	30732	แบลค
แบล็ค	30731	แบล็ค
แบ๊ค	30730	แบ๊ค
แบ๊คเกรานด์	30729	แบ๊คเกรานด์
แปดปน	30728	แปดปน
แปดเปื้อน	30727	แปดเปื้อน
แปบ	30726	แปบ
แปรธาตุ	30725	แปรธาตุ
แปลน	30724	แปลน
แปลบปลาบ	30723	แปลบปลาบ
แปล๊บ	30722	แปล๊บ
แป้งร่ำ	30721	แป้งร่ำ
แป๊ะซะ	30720	แป๊ะซะ
แป๋ว	30719	แป๋ว
แผลว	30718	แผลว
แผล็บๆ	30717	แผล็บๆ
แผ่นเสียง	30716	แผ่นเสียง
แผ่อำนาจ	30715	แผ่อำนาจ
แผ่เผื่อ	30714	แผ่เผื่อ
แฝงๆ	30713	แฝงๆ
แพนงเชิง	30712	แพนงเชิง
แพรวพราย	30711	แพรวพราย
แพร่กระจาย	30710	แพร่กระจาย
แพว	30709	แพว
แพ้ภัยตัว	30708	แพ้ภัยตัว
แพ้ว	30707	แพ้ว
แพ้แรง	30706	แพ้แรง
แฟนซี	30705	แฟนซี
แฟบ	30704	แฟบ
แฟ็กซ์	30703	แฟ็กซ์
แฟ่บ	30702	แฟ่บ
แมงกะพรุน	30701	แมงกะพรุน
แมนเชสเตอร์	30700	แมนเชสเตอร์
แม่งๆ	30699	แม่งๆ
แม่น้ำๆ	30698	แม่น้ำๆ
แม่สาย	30697	แม่สาย
แม่เรือน	30696	แม่เรือน
แม่โจ้	30695	แม่โจ้
แยะๆ	30694	แยะๆ
แรงผลักดัน	30693	แรงผลักดัน
แรมรอน	30692	แรมรอน
แวบๆ	30691	แวบๆ
แสนๆ	30690	แสนๆ
แหล่งๆ	30689	แหล่งๆ
แอกน้อย	30688	แอกน้อย
แอร์โรว์	30687	แอร์โรว์
แอลบูมิน	30686	แอลบูมิน
แอลป์	30685	แอลป์
แอสไพริน	30684	แอสไพริน
แฮนด์	30683	แฮนด์
โกมล	30682	โกมล
โกรกกราก	30681	โกรกกราก
โกรธเคือง	30680	โกรธเคือง
โกร่ง	30679	โกร่ง
โกร่งๆ	30678	โกร่งๆ
โกลาหลอลหม่าน	30677	โกลาหลอลหม่าน
โกวิท	30676	โกวิท
โกสินทร์	30675	โกสินทร์
โก้ๆ	30674	โก้ๆ
โก๊ะ	30673	โก๊ะ
โก๋	30672	โก๋
โขย่ง	30671	โขย่ง
โข่ง	30670	โข่ง
โคมลอย	30669	โคมลอย
โครก	30668	โครก
โครกครอก	30667	โครกครอก
โคร่งคร่าง	30666	โคร่งคร่าง
โคลัมเบีย	30665	โคลัมเบีย
โคไซน์	30664	โคไซน์
โค้งๆ	30663	โค้งๆ
โค้ด	30662	โค้ด
โฆษณาการ	30661	โฆษณาการ
โงกเงก	30660	โงกเงก
โง่เขลา	30659	โง่เขลา
โจท	30658	โจท
โจทเจ้า	30657	โจทเจ้า
โจรผู้ร้าย	30656	โจรผู้ร้าย
โซก	30655	โซก
โซดาไฟ	30654	โซดาไฟ
โซล่า	30653	โซล่า
โซโล	30652	โซโล
โดมิโน	30651	โดมิโน
โดยนัยนี้	30650	โดยนัยนี้
โต๊ะหมู่	30649	โต๊ะหมู่
โต๊ะหมู่บูชา	30648	โต๊ะหมู่บูชา
โทษกรณ์	30647	โทษกรณ์
โทษานุโทษ	30646	โทษานุโทษ
โนรี	30645	โนรี
โน่นๆ	30644	โน่นๆ
โบนัส	30643	โบนัส
โบรกเกอร์	30642	โบรกเกอร์
โปก	30641	โปก
โปงลาง	30640	โปงลาง
โปรง	30639	โปรง
โปรเตสแตนต์	30638	โปรเตสแตนต์
โปล์	30637	โปล์
โป้ก	30636	โป้ก
โป๊กๆ	30635	โป๊กๆ
โผงเผง	30634	โผงเผง
โพนทะนา	30633	โพนทะนา
โพนเพน	30632	โพนเพน
โพรก	30631	โพรก
โพระดก	30630	โพระดก
โพสต์	30629	โพสต์
โภชนาหาร	30628	โภชนาหาร
โภชน์	30627	โภชน์
โมกขศักดิ์	30626	โมกขศักดิ์
โมเม	30625	โมเม
โยต	30624	โยต
โยทะกา	30623	โยทะกา
โยธี	30622	โยธี
โยนห่วง	30621	โยนห่วง
โยนิโสมนสิการ	30620	โยนิโสมนสิการ
โรคกระเพาะ	30619	โรคกระเพาะ
โรคประจำตัว	30618	โรคประจำตัว
โรคภัยไข้เจ็บ	30617	โรคภัยไข้เจ็บ
โรงคัล	30616	โรงคัล
โรงธาร	30615	โรงธาร
โรงเรียนๆ	30614	โรงเรียนๆ
โรจ	30613	โรจ
โรตีสายไหม	30612	โรตีสายไหม
โรส	30611	โรส
โลกธรรม	30610	โลกธรรม
โลกันตร์	30609	โลกันตร์
โลกัย	30608	โลกัย
โลกามิส	30607	โลกามิส
โลนๆ	30606	โลนๆ
โล่ติ๊น	30605	โล่ติ๊น
โล้งโต้ง	30604	โล้งโต้ง
โวล	30603	โวล
โศภา	30602	โศภา
โหก	30601	โหก
โหง	30600	โหง
โหยกเหยก	30599	โหยกเหยก
โหยงๆ	30598	โหยงๆ
โหย่ง	30597	โหย่ง
โหล่	30596	โหล่
โอคลาโฮมา	30595	โอคลาโฮมา
โอฐ	30594	โอฐ
โอสาน	30593	โอสาน
โอฬารึก	30592	โอฬารึก
โฮสต์	30591	โฮสต์
โฮเต็ลๆ	30590	โฮเต็ลๆ
โฮ้งๆ	30589	โฮ้งๆ
ใจขุ่น	30588	ใจขุ่น
ใจป้ำ	30587	ใจป้ำ
ใจมือ	30586	ใจมือ
ใจเบาๆ	30585	ใจเบาๆ
ใจเหี่ยวแห้ง	30584	ใจเหี่ยวแห้ง
ใจใหญ่ใจโต	30583	ใจใหญ่ใจโต
ใจไม้ไส้ระกำ	30582	ใจไม้ไส้ระกำ
ในทันที	30581	ในทันที
ในๆ	30580	ในๆ
ใบฎีกา	30579	ใบฎีกา
ใบสุทธิ	30578	ใบสุทธิ
ใบอนุญาตขับขี่	30577	ใบอนุญาตขับขี่
ใบเลี้ยง	30576	ใบเลี้ยง
ใบแข็ง	30575	ใบแข็ง
ให้ท้าย	30574	ให้ท้าย
ให้ร้ายป้ายสี	30573	ให้ร้ายป้ายสี
ไกด์	30572	ไกด์
ไกรศรี	30571	ไกรศรี
ไขสันหลัง	30570	ไขสันหลัง
ไขสือ	30569	ไขสือ
ไข่ข้าว	30568	ไข่ข้าว
ไข้เลือดออก	30567	ไข้เลือดออก
ไฉไล	30566	ไฉไล
ไซน์	30565	ไซน์
ไซเรน	30564	ไซเรน
ไซโคลน	30563	ไซโคลน
ไซโล	30562	ไซโล
ไดออกไซด์	30561	ไดออกไซด์
ได้กัน	30560	ได้กัน
ได้ดี	30559	ได้ดี
ได้ท้าย	30558	ได้ท้าย
ได้หน้าลืมหลัง	30557	ได้หน้าลืมหลัง
ได้ใจ	30556	ได้ใจ
ไตปลา	30555	ไตปลา
ไตรกลีเซอไรด์	30554	ไตรกลีเซอไรด์
ไตรจักร	30553	ไตรจักร
ไตรตรึงษ์	30552	ไตรตรึงษ์
ไตรโลก	30551	ไตรโลก
ไต่คู้	30550	ไต่คู้
ไต้หวัน	30549	ไต้หวัน
ไถแปร	30548	ไถแปร
ไทยแลนด์	30547	ไทยแลนด์
ไนเตรท	30546	ไนเตรท
ไนโรบี	30545	ไนโรบี
ไปรษณียภัณฑ์	30544	ไปรษณียภัณฑ์
ไผ	30543	ไผ
ไพพ์	30542	ไพพ์
ไพรสาณฑ์	30541	ไพรสาณฑ์
ไพร่หลวง	30540	ไพร่หลวง
ไพหาร	30539	ไพหาร
ไฟธาตุ	30538	ไฟธาตุ
ไฟเบอร์	30537	ไฟเบอร์
ไฟโต	30536	ไฟโต
ไมครอน	30535	ไมครอน
ไมโครคอมพิวเตอร์	30534	ไมโครคอมพิวเตอร์
ไม่สบาย	30533	ไม่สบาย
ไม่ๆ	30532	ไม่ๆ
ไม้จำปา	30531	ไม้จำปา
ไม้ดัด	30530	ไม้ดัด
ไม้ดำ	30529	ไม้ดำ
ไม้นวม	30528	ไม้นวม
ไม้สั้นๆ	30527	ไม้สั้นๆ
ไม้หึ่ง	30526	ไม้หึ่ง
ไม้เบื่อไม้เมา	30525	ไม้เบื่อไม้เมา
ไยไพ	30524	ไยไพ
ไย่	30523	ไย่
ไรต์	30522	ไรต์
ไรท์	30521	ไรท์
ไร่ๆ	30520	ไร่ๆ
ไลซ์	30519	ไลซ์
ไล่ช้าง	30518	ไล่ช้าง
ไล่เบี้ย	30517	ไล่เบี้ย
ไล่ๆ	30516	ไล่ๆ
ไวกิ้ง	30515	ไวกิ้ง
ไวด์	30514	ไวด์
ไวต์	30513	ไวต์
ไวยาวัจกร	30512	ไวยาวัจกร
ไหม้ๆ	30511	ไหม้ๆ
ไหวตัว	30510	ไหวตัว
ไหๆ	30509	ไหๆ
ไอพิษ	30508	ไอพิษ
ไอราวัณ	30507	ไอราวัณ
