word	freq	pinyin
车展	501000	chezhan
蛋糕	501000	dangao
豆腐	501000	doufu
二手车	501000	ershouche
检查	501000	jiancha
轿车	501000	jiaoche
精神	501000	jingshen
面包	501000	mianbao
模具	501000	moju
摩托车	501000	motuoche
牛奶	501000	niunai
苹果	501000	pingguo
土豆	501000	tudou
新车	501000	xinche
熊猫	501000	xiongmao
医院	501000	yiyuan
用车	501000	yongche
萝卜	495881	luobo
仪表	435898	yibiao
死亡	429687	siwang
一汽	397127	yiqi
字符串	396499	zifuchuan
巧克力	374599	qiaokeli
初始化	373767	chushihua
遥控	364210	yaokong
零部件	361012	lingbujian
数组	358924	shuzu
全保	347211	quanbao
点心	346920	dianxin
恢复	330411	huifu
奥迪	327960	aodi
火锅	325863	huoguo
制动	323143	zhidong
海鲜	310902	haixian
意识	300155	yishi
葡萄酒	299849	putaojiu
医疗	291407	yiliao
包子	289537	baozi
治疗	288165	zhiliao
星光	284843	xingguang
马自达	269085	mazida
牵引	268810	qianyin
扭矩	267823	niuju
霸道	257877	badao
加载	257124	jiazai
馒头	246498	mantou
卫生	243636	weisheng
羊肉	243351	yangrou
客户端	235160	kehuduan
应用程序	233083	yingyongchengxu
加油站	232838	jiayouzhan
自定义	222736	zidingyi
信鸽	221963	xinge
柠檬	217416	ningmeng
香蕉	214220	xiangjiao
淀粉	208643	dianfen
患者	196788	huanzhe
检测	190815	jiance
配置文件	189784	peizhiwenjian
雅阁	187698	yage
接触	187659	jiechu
封装	184832	fengzhuang
多普达	181147	duopuda
监测	180771	jiance
字段	180325	ziduan
应急	177681	yingji
缓解	175909	huanjie
酱油	170116	jiangyou
核桃	167694	hetao
饮用水	165027	yinyongshui
指挥官	162861	zhihuiguan
预防	162366	yufang
鸳鸯	160379	yuanyang
青团	158219	qingtuan
损害	156599	sunhai
米饭	155542	mifan
酸奶	154794	suannai
试驾	154699	shijia
疾病	153915	jibing
驾校	152105	jiaxiao
豆浆	150318	doujiang
啊	150000	a
吧	150000	ba
不	150000	bu
出	150000	chu
大	150000	da
到	150000	dao
道	150000	dao
的	150000	de
得	150000	de
地	150000	di
对	150000	dui
多	150000	duo
个	150000	ge
过	150000	guo
国	150000	guo
还	150000	hai
好	150000	hao
和	150000	he
会	150000	hui
家	150000	jia
就	150000	jiu
看	150000	kan
可	150000	ke
来	150000	lai
了	150000	le
吗	150000	ma
么	150000	me
没	150000	mei
们	150000	men
那	150000	na
呢	150000	ne
能	150000	neng
你	150000	ni
去	150000	qu
然	150000	ran
人	150000	ren
上	150000	shang
什	150000	shen
生	150000	sheng
是	150000	shi
时	150000	shi
说	150000	shuo
它	150000	ta
他	150000	ta
她	150000	ta
为	150000	wei
我	150000	wo
下	150000	xia
学	150000	xue
要	150000	yao
也	150000	ye
以	150000	yi
一	150000	yi
有	150000	you
于	150000	yu
在	150000	zai
这	150000	zhe
着	150000	zhe
之	150000	zhi
中	150000	zhong
自	150000	zi
子	150000	zi
白糖	149447	baitang
方便面	148895	fangbianmian
比亚迪	148538	biyadi
可口可乐	148493	kekoukele
乙醇	146895	yichun
红柿	146302	hongshi
解决方案	146173	jiejuefangan
铃木	145083	lingmu
普洱茶	144106	puercha
西红柿	143633	xihongshi
茅台	139697	maotai
鱼类	138579	yulei
雷诺	138332	leinuo
编译器	135456	bianyiqi
无畏	135195	wuwei
重启	134085	zhongqi
磷酸	132081	linsuan
幻影	131315	huanying
控件	130597	kongjian
磨合	130255	mohe
子类	130011	zilei
托盘	129371	tuopan
青梅	128492	qingmei
越野车	127663	yueyeche
文件名	126730	wenjianming
风华	126223	fenghua
沙拉	122544	shala
黄蜂	119861	huangfeng
数据结构	119113	shujujiegou
手术	118069	shoushu
数据类型	117821	shujuleixing
奶油	116847	naiyou
石膏	115616	shigao
石榴	114867	shiliu
构造函数	114104	gouzaohanshu
豆油	113470	douyou
奶酪	111257	nailao
青菜	111184	qingcai
奶茶	110759	naicha
病人	110328	bingren
开发者	110188	kaifazhe
肉眼	108745	rouyan
跃进	108550	yuejin
木耳	108136	muer
铁板	106443	tieban
生姜	103878	shengjiang
黄豆	103012	huangdou
解决方法	102916	jiejuefangfa
三七	102601	sanqi
烤肉	102498	kaorou
用户名	101988	yonghuming
大肉	101457	darou
林肯	101281	linken
北京现代	100890	beijingxiandai
新车型	100322	xinchexing
乐风	100164	lefeng
头文件	98039	touwenjian
人体	95970	renti
展馆	95800	zhanguan
感染	95768	ganran
洋葱	95307	yangcong
命令行	94940	minglingxing
娃哈哈	93268	wahaha
实例化	92876	shilihua
递归	92824	digui
香菇	91300	xianggu
油品	90877	youpin
症状	90318	zhengzhuang
松花	90074	songhua
川菜	89350	chuancai
父类	89194	fulei
海带	87704	haidai
医学	87135	yixue
五粮液	86600	wuliangye
电瓶	86500	dianping
多线程	84642	duoxiancheng
东风日产	84309	dongfengrichan
多宝	84061	duobao
一次性	83632	yicixing
诊断	83265	zhenduan
金鹰	82091	jinying
鱿鱼	81989	youyu
山药	81972	shanyao
聚乙烯	81610	juyixi
飞碟	81370	feidie
医药	79913	yiyao
环境变量	79482	huanjingbianliang
水母	79147	shuimu
橄榄油	79094	ganlanyou
冬瓜	78776	donggua
汽车零部件	78561	qichelingbujian
防治	78390	fangzhi
右键	78178	youjian
果后	77813	guohou
服务器端	77716	fuwuqiduan
辐射	76581	fushe
推车	76208	tuiche
中国二手车城	76033	zhongguoershouchecheng
蒙迪欧	75946	mengdiou
生命周期	75450	shengmingzhouqi
类名	75082	leiming
优先级	74722	youxianji
韭菜	74374	jiucai
纯净水	73812	chunjingshui
狗肉	72864	gourou
甘露	71746	ganlu
生物	71512	shengwu
吸收	71373	xishou
敏感	70913	mingan
药物	70709	yaowu
冰点	70573	bingdian
豆芽	70507	douya
官网	70371	guanwang
人民医院	70179	renminyiyuan
上传	70154	shangchuan
释迦	69944	shijia
成员变量	69011	chengyuanbianliang
比萨	68765	bisa
迭代	68601	diedai
熄火	68504	xihuo
程序运行	68230	chengxuyunxing
糖水	68043	tangshui
服务端	67774	fuwuduan
前保	67741	qianbao
根目录	67524	genmulu
部位	67422	buwei
康复	67120	kangfu
链表	66938	lianbiao
胡萝卜素	66636	huluobosu
排放标准	66601	paifangbiaozhun
香草	66497	xiangcao
文件系统	66436	wenjianxitong
藏宝	66341	cangbao
泡菜	66243	paocai
自杀	66113	zisha
营养	65702	yingyang
野马	65462	yema
流行	65209	liuxing
开发人员	65181	kaifarenyuan
斯柯达	65091	sikeda
铁观音	64823	tieguanyin
如虎	64744	ruhu
嵌套	64184	qiantao
高压	64018	gaoya
全局变量	63739	quanjubianliang
医疗机构	63233	yiliaojigou
鱼头	63089	yutou
野猫	63065	yemao
鲜奶	62845	xiannai
毛泽东	62678	maozedong
盐酸	62337	yansuan
尾灯	61438	weideng
油条	61357	youtiao
叶酸	61269	yesuan
内存空间	60492	neicunkongjian
诺亚	60479	nuoya
虾米	60446	xiami
版本号	60417	banbenhao
下载地址	60323	xiazaidizhi
急救	59974	jijiu
后缀	59794	houzhui
防腐剂	59724	fangfuji
构造方法	59504	gouzaofangfa
胡锦涛	59429	hujintao
稻谷	59325	daogu
残疾人	59094	canjiren
结点	58686	jiedian
源文件	58200	yuanwenjian
宠物狗	57875	chongwugou
局部变量	57599	jububianliang
一丁不识	57111	yidingbushi
一丁点儿	57110	yidingdianer
一不小心	57109	yibuxiaoxin
一不扭众	57108	yibuniuzhong
一专多能	57107	yizhuanduoneng
一丘之貉	57106	yiqiuzhihe
一丝不差	57105	yisibucha
一丝不挂	57104	yisibugua
一丝不紊	57103	yisibuwen
一丝不苟	57102	yisibugou
一个	57101	yige
一个劲	57100	yigejin
一个半个	57099	yigebange
一个巴掌拍不响	57098	yigebazhangpaibuxiang
粤菜	57098	yuecai
一个心眼	57097	yigexinyan
一个心眼儿	57096	yigexinyaner
一个萝卜一个坑	57095	yigeluoboyigekeng
一举万里	57094	yijuwanli
一举两得	57093	yijuliangde
一之为甚	57092	yizhiweishen
一之已甚	57091	yizhiyishen
一之谓甚	57090	yizhiweishen
一乱涂地	57089	yiluantudi
一了	57088	yiliao
母狗	57087	mugou
一了百了	57087	yiliaobailiao
一了百当	57086	yiliaobaidang
一争高低	57085	yizhenggaodi
一事不知	57084	yishibuzhi
一事无成	57083	yishiwucheng
一五一十	57082	yiwuyishi
一些	57081	yixie
一些半些	57080	yixiebanxie
一人做事一人当	57079	yirenzuoshiyirendang
一人有庆	57078	yirenyouqing
一仆二主	57077	yipuerzhu
磷脂	57076	linzhi
一介不取	57076	yijiebuqu
一介不苟	57075	yijiebugou
一代	57074	yidai
一代不如一代	57073	yidaiburuyidai
一代楷模	57072	yidaikaimo
一代风流	57071	yidaifengliu
一令纸	57070	yilingzhi
一以当十	57069	yiyidangshi
一以当百	57068	yiyidangbai
一任	57067	yiren
一份	57066	yifen
一伙儿	57065	yihuoer
一会	57064	yihui
一会儿	57063	yihuier
一似	57062	yisi
一体	57061	yiti
一体两面	57060	yitiliangmian
一体同心	57059	yititongxin
一佛出世	57058	yifochushi
一侧	57057	yice
一倍	57056	yibei
一倡一和	57055	yichangyihe
一倡三叹	57054	yichangsantan
一倡百和	57053	yichangbaihe
一偏之见	57052	yipianzhijian
一偏之论	57051	yipianzhilun
一元化	57050	yiyuanhua
一元大武	57049	yiyuandawu
一元论	57048	yiyuanlun
一共	57047	yigong
一出戏	57046	yichuxi
一刀两断	57045	yidaoliangduan
一刀切	57044	yidaoqie
一分	57043	yifen
一分一毫	57042	yifenyihao
一分为二	57041	yifenweier
一分子	57040	yifenzi
一分子甲烷	57039	yifenzijiawan
一分钟	57038	yifenzhong
一切	57037	yiqie
一切万物	57036	yiqiewanwu
一切众生	57035	yiqiezhongsheng
一刹那	57034	yichana
一剑之任	57033	yijianzhiren
一副	57032	yifu
一力承当	57031	yilichengdang
一动不动	57030	yidongbudong
一动不如一静	57029	yidongburuyijing
一劳永逸	57028	yilaoyongyi
一包在内	57027	yibaozainei
一匡九合	57026	yikuangjiuhe
一匹	57025	yipi
一匹马	57024	yipima
一十八层地狱	57023	yishibacengdiyu
一半	57022	yiban
一卧不起	57021	yiwobuqi
一卷	57020	yijuan
一厢情愿	57019	yixiangqingyuan
一去不复返	57018	yiqubufufan
一双两好	57017	yishuanglianghao
一反其道	57016	yifanqidao
一发	57015	yifa
一发千钧	57014	yifaqianjun
一口两匙	57013	yikouliangchi
一口同声	57012	yikoutongsheng
一口同音	57011	yikoutongyin
一口吸尽西江水	57010	yikouxijinxijiangshui
一口咬定	57009	yikouyaoding
一口气	57008	yikouqi
一句话	57007	yijuhua
一只	57006	yizhi
一叶扁舟	57005	yiyepianzhou
一叶报秋	57004	yiyebaoqiu
一叶知秋	57003	yiyezhiqiu
一叶落知天下秋	57002	yiyeluozhitianxiaqiu
一叶迷山	57001	yiyemishan
一叶障目	57000	yiyezhangmu
一号	56999	yihao
一同	56998	yitong
一吐为快	56997	yituweikuai
一向	56996	yixiang
一呵而就	56995	yiheerjiu
一呼再喏	56994	yihuzainuo
一呼百应	56993	yihubaiying
一命呜呼	56992	yimingwuhu
一品红	56991	yipinhong
一哄而上	56990	yihongershang
一哄而散	56989	yihongersan
一哄而起	56988	yihongerqi
一哭二闹	56987	yikuernao
一唱一和	56986	yichangyihe
一唱百和	56985	yichangbaihe
一喷一醒	56984	yipenyixing
一回儿	56983	yihuier
一团和气	56982	yituanheqi
一场	56981	yichang
一场春梦	56980	yichangchunmeng
一场梦	56979	yichangmeng
一场空	56978	yichangkong
一场雨	56977	yichangyu
一坐尽倾	56976	yizuojinqing
一坐尽惊	56975	yizuojinjing
一块石头落了地	56974	yikuaishitouluoledi
一块石头落地	56973	yikuaishitouluodi
一塌糊涂	56972	yitahutu
一声不吭	56971	yishengbukeng
一声不响	56970	yishengbuxiang
一夔一契	56969	yikuiyiqi
一夕一朝	56968	yixiyizhao
一夕之间	56967	yixizhijian
一多半	56966	yiduoban
一夜情	56965	yiyeqing
一夜走红	56964	yiyezouhong
一大半	56963	yidaban
一大堆	56962	yidadui
一大批	56961	yidapi
一大把	56960	yidaba
一大早	56959	yidazao
一天一地	56958	yitianyidi
一天星斗	56957	yitianxingdou
一夫一妻制	56956	yifuyiqizhi
一夫之勇	56955	yifuzhiyong
一夫之用	56954	yifuzhiyong
一夫当关	56953	yifudangguan
一头	56952	yitou
一头热	56951	yitoure
一如既往	56950	yirujiwang
一孔不达	56949	yikongbuda
一孔之见	56948	yikongzhijian
一字一句	56947	yiziyiju
一字不易	56946	yizibuyi
一字不苟	56945	yizibugou
一字长城	56944	yizichangcheng
一字长蛇阵	56943	yizichangshezhen
一定	56942	yiding
一定不易	56941	yidingbuyi
一定不移	56940	yidingbuyi
一客不烦二主	56939	yikebufanerzhu
一家	56938	yijia
一家一户	56937	yijiayihu
一家一火	56936	yijiayihuo
一家一计	56935	yijiayiji
一家之主	56934	yijiazhizhu
一家之作	56933	yijiazhizuo
一家之学	56932	yijiazhixue
一家之言	56931	yijiazhiyan
一家之计	56930	yijiazhiji
一家之辞	56929	yijiazhici
一家人	56928	yijiaren
一家子	56927	yijiazi
一家无二	56926	yijiawuer
一家眷属	56925	yijiajuanshu
一家老小	56924	yijialaoxiao
一宿	56923	yixiu
一射之地	56922	yishezhidi
一小撮	56921	yixiaocuo
一尘不到	56920	yichenbudao
一尘不染	56919	yichenburan
一尘不缁	56918	yichenbuzi
一尺水十丈波	56917	yichishuishizhangbo
一尺水翻腾做一丈波	56916	yichishuifantengzuoyizhangbo
一尺水翻腾做百丈波	56915	yichishuifantengzuobaizhangbo
一山不藏二虎	56914	yishanbucangerhu
一岁载赦	56913	yisuizaishe
一差两讹	56912	yichaliange
一差二悮	56911	yichaerwu
一差二误	56910	yichaerwu
一差二错	56909	yichaercuo
一差半错	56908	yichabancuo
一己之见	56907	yijizhijian
一帆顺风	56906	yifanshunfeng
一帆风顺	56905	yifanfengshun
一席之地	56904	yixizhidi
一席谈	56903	yixitan
一幕	56902	yimu
一干	56901	yigan
一干二净	56900	yiganerjing
一干人犯	56899	yiganrenfan
一年一度	56898	yinianyidu
一年到头	56897	yiniandaotou
一年半载	56896	yinianbanzai
一年级	56895	yinianji
一并	56894	yibing
一床两好	56893	yichuanglianghao
一床锦被遮盖	56892	yichuangjinbeizhegai
一应	56891	yiying
一应俱全	56890	yiyingjuquan
一度	56889	yidu
一弹指顷	56888	yitanzhiqing
一彻万融	56887	yichewanrong
一得	56886	yide
一得之功	56885	yidezhigong
一得之愚	56884	yidezhiyu
一得之见	56883	yidezhijian
一心一意	56882	yixinyiyi
一心同体	56881	yixintongti
一心同功	56880	yixintonggong
一心同归	56879	yixintonggui
一心向往	56878	yixinxiangwang
一念之差	56877	yinianzhicha
一念之间	56876	yinianzhijian
一怒之下	56875	yinuzhixia
一怔	56874	yizheng
一息奄奄	56873	yixiyanyan
一意孤行	56872	yiyiguxing
一成	56871	yicheng
一成不变	56870	yichengbubian
一成不易	56869	yichengbuyi
一扎	56868	yiza
一打	56867	yida
一扫而光	56866	yisaoerguang
一扫而空	56865	yisaoerkong
一技之长	56864	yijizhichang
一把子	56863	yibazi
一把手	56862	yibashou
一把抓	56861	yibazhua
一把死拿	56860	yibasina
一把钥匙开一把锁	56859	yibayaoshikaiyibasuo
一抔黄沙	56858	yipouhuangsha
一报还一报	56857	yibaohuanyibao
一抹黑	56856	yimohei
一拍即合	56855	yipaijihe
一拥而上	56854	yiyongershang
一掊土	56853	yipoutu
一掷百万	56852	yizhibaiwan
一撮	56851	yizuo
一支半节	56850	yizhibanjie
一改	56849	yigai
一整套	56848	yizhengtao
一文不值	56847	yiwenbuzhi
一文不名	56846	yiwenbuming
一文钱难倒英雄汉	56845	yiwenqiannandaoyingxionghan
一方之任	56844	yifangzhiren
一方面	56843	yifangmian
一无可取	56842	yiwukequ
一无所得	56841	yiwusuode
一无所有	56840	yiwusuoyou
一无所知	56839	yiwusuozhi
一无所能	56838	yiwusuoneng
一无所见	56837	yiwusuojian
一无所长	56836	yiwusuochang
一无是处	56835	yiwushichu
一无长物	56834	yiwuchangwu
一日万几	56833	yiriwanji
一日万机	56832	yiriwanji
一日万里	56831	yiriwanli
一日三省	56830	yirisanxing
一日三秋	56829	yirisanqiu
一日之长	56828	yirizhichang
一旦	56827	yidan
一时一刻	56826	yishiyike
一时伯仲	56825	yishibozhong
一时千载	56824	yishiqianzai
一时半会儿	56823	yishibanhuier
一时得逞	56822	yishidecheng
一时疏忽	56821	yishishuhu
一时间	56820	yishijian
一星儿	56819	yixinger
一星半点儿	56818	yixingbandianer
一显身手	56817	yixianshenshou
一晃	56816	yihuang
一暝不视	56815	yimingbushi
一暴十寒	56814	yipushihan
一曝十寒	56813	yipushihan
一曲阳关	56812	yiquyangguan
一月	56811	yiyue
一服	56810	yifu
一服药	56809	yifuyao
一望无垠	56808	yiwangwuyin
一望无涯	56807	yiwangwuya
一望无际	56806	yiwangwuji
一望而知	56805	yiwangerzhi
一朝	56804	yizhao
一朝一夕	56803	yizhaoyixi
一朝之忿	56802	yizhaozhifen
一朝之患	56801	yizhaozhihuan
一朝千里	56800	yizhaoqianli
一朝天子一朝臣	56799	yichaotianziyichaochen
一期	56798	yiqi
一木难支	56797	yimunanzhi
一本万利	56796	yibenwanli
一本正经	56795	yibenzhengjing
一条	56794	yitiao
一条心	56793	yitiaoxin
一条龙	56792	yitiaolong
一枕南柯	56791	yizhennanke
一枝一栖	56790	yizhiyiqi
一枝一节	56789	yizhiyijie
一枝之栖	56788	yizhizhiqi
一枝香	56787	yizhixiang
一栖两雄	56786	yiqiliangxiong
一梦华胥	56785	yimenghuaxu
一棍子打死	56784	yigunzidasi
一棒一条痕	56783	yibangyitiaohen
一概而论	56782	yigaierlun
一榻横陈	56781	yitahengchen
一模一样	56780	yimuyiyang
一模二样	56779	yimoeryang
一步一个脚印	56777	yibuyigejiaoyin
一步一步	56776	yibuyibu
一步一趋	56775	yibuyiqu
一步步	56774	yibubu
一步步地	56773	yibubude
一死了之	56772	yisiliaozhi
一毛不拔	56771	yimaobuba
一毫不差	56770	yihaobucha
一毫不染	56769	yihaoburan
一毫不苟	56768	yihaobugou
一民同俗	56767	yimintongsu
一气之下	56766	yiqizhixia
一气呵成	56765	yiqihecheng
一氧化碳	56764	yiyanghuatan
一沓纸	56763	yidazhi
一沓钞票	56762	yidachaopiao
一波万波	56761	yibowanbo
一波三折	56760	yibosanzhe
一波才动万波随	56759	yibocaidongwanbosui
一泻万里	56758	yixiewanli
一泻千里	56757	yixieqianli
一派胡言	56756	yipaihuyan
一派胡言乱语	56755	yipaihuyanluanyu
一流	56754	yiliu
一浆十饼	56753	yijiangshibing
一清二楚	56752	yiqingerchu
一清宿弊	56751	yiqingsubi
一渊不两蛟	56750	yiyuanbuliangjiao
一溜儿	56749	yiliuer
一溜歪斜	56748	yiliuwaixie
一溜烟	56747	yiliuyan
一溜烟跑掉	56746	yiliuyanpaodiao
一溜风	56745	yiliufeng
一点	56744	yidian
一点钟	56743	yidianzhong
一熏一莸	56742	yixunyiyou
一片	56741	yipian
一片丹心	56740	yipiandanxin
一片冰心	56739	yipianbingxin
一片宫商	56738	yipiangongshang
一片散沙	56737	yipiansansha
一片昏黑	56736	yipianhunhei
一片汪洋	56735	yipianwangyang
一片混乱	56734	yipianhunluan
一片焦土	56733	yipianjiaotu
一片空白	56732	yipiankongbai
一牛吼地	56731	yiniuhoudi
一牛鸣地	56730	yiniumingdi
一物不知	56729	yiwubuzhi
一物降一物	56728	yiwuxiangyiwu
一狐之掖	56727	yihuzhiye
一现昙华	56726	yixiantanhua
一生一世	56725	yishengyishi
一男半女	56724	yinanbannv
一番	56723	yifan
一病不起	56722	yibingbuqi
一百	56721	yibai
一百二十行	56720	yibaiershihang
一百亿	56719	yibaiyi
一百八十度	56718	yibaibashidu
一盘散沙	56717	yipansansha
一目了然	56716	yimuliaoran
一目五行	56715	yimuwuhang
一目十行	56714	yimushihang
一目数行	56713	yimushuhang
一直	56712	yizhi
一直走	56711	yizhizou
一相情原	56710	yixiangqingyuan
一相情愿	56709	yixiangqingyuan
一瞑不视	56708	yimingbushi
一知半见	56707	yizhibanjian
一知半解	56706	yizhibanjie
一知片解	56705	yizhipianjie
一石二鸟	56704	yishierniao
一码事	56703	yimashi
一砖一瓦	56702	yizhuanyiwa
一碧万顷	56701	yibiwanqing
一神教	56700	yishenjiao
一秉大公	56699	yibingdagong
一种	56698	yizhong
一空依傍	56697	yikongyibang
一窍不通	56696	yiqiaobutong
一窝风	56695	yiwofeng
一竿子插到底	56694	yiganzichadaodi
一笑了之	56693	yixiaoliaozhi
一笑了事	56692	yixiaoleshi
一笔不苟	56691	yibibugou
一笔勾断	56690	yibigouduan
一笔勾消	56689	yibigouxiao
一笔勾销	56688	yibigouxiao
一笔带过	56687	yibidaiguo
一笔抹摋	56686	yibimosa
一笔抹杀	56685	yibimosha
一笔抹煞	56684	yibimosha
一等奖	56683	yidengjiang
一筹莫展	56682	yichoumozhan
一箭上垛	56681	yijianshangduo
一箭之地	56680	yijianzhidi
一篇文章	56679	yipianwenzhang
一米线	56678	yimixian
一系列	56677	yixilie
一索得男	56676	yisuodenan
一纸空文	56675	yizhikongwen
一线之隔	56674	yixianzhige
一缘一会	56673	yiyuanyihui
一网尽扫	56672	yiwangjinsao
一网打尽	56671	yiwangdajin
一者	56670	yizhe
一而再	56669	yierzai
一肚子	56668	yiduzi
一股劲	56667	yigujin
一股劲儿	56666	yigujiner
一肢一节	56665	yizhiyijie
一肢半节	56664	yizhibanjie
一脉同气	56663	yimaitongqi
一脉相传	56662	yimaixiangchuan
一脉相承	56661	yimaixiangcheng
一脉相通	56660	yimaixiangtong
一脉香烟	56659	yimaixiangyan
一脚不移	56658	yijiaobuyi
一臂之力	56657	yibizhili
一致	56656	yizhi
一般	56655	yiban
一般化	56654	yibanhua
一般见识	56653	yibanjianshi
一艘船	56652	yisouchuan
一苇可航	56651	yiweikehang
一落千丈	56650	yiluoqianzhang
一虎不河	56649	yihubuhe
一蛇两头	56648	yisheliangtou
一蟹不如一蟹	56647	yixieburuyixie
一行	56646	yixing
一行人	56645	yixingren
一行作吏	56644	yixingzuoli
一褱而论	56643	yihuaierlun
一见了然	56642	yijianliaoran
一见倾心	56641	yijianqingxin
一见如故	56640	yijianrugu
一见如旧	56639	yijianrujiu
一见钟情	56638	yijianzhongqing
一视同仁	56637	yishitongren
一览无遗	56636	yilanwuyi
一觉	56635	yijiao
一角	56634	yijiao
一触即发	56633	yichujifa
一触即溃	56632	yichujikui
一言一行	56631	yiyanyixing
一言不发	56630	yiyanbufa
一言两语	56629	yiyanliangyu
一言丧邦	56628	yiyansangbang
一言中的	56627	yiyanzhongdi
一言为定	56626	yiyanweiding
一言九鼎	56625	yiyanjiuding
一言兴邦	56624	yiyanxingbang
一言半句	56623	yiyanbanju
一言半语	56622	yiyanbanyu
一言难尽	56621	yiyannanjin
一语中人	56620	yiyuzhongren
一语中的	56619	yiyuzhongdi
一语双关	56618	yiyushuangguan
一语破的	56617	yiyupodi
一语道破	56616	yiyudaopo
一诺千金	56615	yinuoqianjin
一谷不升	56614	yigubusheng
一谷不登	56613	yigubudeng
一败涂地	56612	yibaitudi
一贫如洗	56611	yipinruxi
一贯	56610	yiguan
一贯性	56609	yiguanxing
一走了之	56608	yizouliaozhi
一起	56607	yiqi
一跌不振	56606	yidiebuzhen
一路平安	56605	yilupingan
一路神祇	56604	yilushenqi
一路顺风	56603	yilushunfeng
一路风尘	56602	yilufengchen
一路风清	56601	yilufengqing
一蹴可几	56600	yicukeji
一蹴而就	56599	yicuerjiu
一蹴而得	56598	yicuerde
一蹶不兴	56597	yijuebuxing
一蹶不振	56596	yijuebuzhen
一身两头	56595	yishenliangtou
一身二任	56594	yishenerren
一身而二任	56593	yishenererren
一身都是胆	56592	yishendoushidan
一轨同风	56591	yiguitongfeng
一转眼	56590	yizhuanyan
一轰而散	56589	yihongersan
一辞同轨	56588	yicitonggui
一辞莫赞	56587	yicimozan
一边倒	56586	yibiandao
一迎一和	56585	yiyingyihe
一还一报	56584	yihuanyibao
一连气儿	56583	yilianqier
一退六二五	56582	yituiliuerwu
一通	56581	yitong
一邱之貉	56580	yiqiuzhihe
一醉解千愁	56579	yizuijieqianchou
一重一掩	56578	yichongyiyan
一针见血	56577	yizhenjianxie
一钱不值	56576	yiqianbuzhi
一钱不名	56575	yiqianbuming
一钱不落虚空地	56574	yiqianbuluoxukongdi
一锅粥	56573	yiguozhou
一长一短	56572	yichangyiduan
一长两短	56571	yichangliangduan
一长串	56570	yichangchuan
一长二短	56569	yichangerduan
一长半短	56568	yichangbanduan
一门同气	56567	yimentongqi
一门心思	56566	yimenxinsi
一问三不知	56565	yiwensanbuzhi
一阵风	56564	yizhenfeng
一隅	56563	yiyu
一隅之地	56562	yiyuzhidi
一隅之见	56561	yiyuzhijian
一隅之说	56560	yiyuzhishuo
一霎那	56559	yishana
一面	56558	yimian
一面之缘	56557	yimianzhiyuan
一面之识	56556	yimianzhishi
一面倒	56555	yimiandao
一鞭一条痕	56554	yibianyitiaohen
一鞭先著	56553	yibianxianzhuo
一风吹	56552	yifengchui
一飞冲天	56551	yifeichongtian
一饭三吐哺	56550	yifansantubu
一马当先	56549	yimadangxian
一驮粮	56548	yiduoliang
一骨碌	56547	yigulu
一鳞一爪	56546	yilinyizhao
一鳞半爪	56545	yilinbanzhao
一鳞片爪	56544	yilinpianzhao
一鳞片甲	56543	yilinpianjia
一鸣惊人	56542	yimingjingren
一齐	56541	yiqi
一齐众楚	56540	yiqizhongchu
一龙一蛇	56539	yilongyishe
丁一卯二	56538	dingyimaoer
丁一确二	56537	dingyiqueer
丁丁	56536	dingding
丁丁当当	56535	dingdingdangdang
丁丑	56534	dingchou
丁东	56533	dingdong
丁亥	56532	dinghai
丁公凿井	56531	dinggongzaojing
丁公藤	56530	dinggongteng
丁冬	56529	dingdong
丁卯	56528	dingmao
丁坝	56527	dingba
丁字	56526	dingzi
丁字尺	56525	dingzichi
丁字形	56524	dingzixing
丁字街	56523	dingzijie
丁宁	56522	dingning
丁当	56521	dingdang
丁忧	56520	dingyou
丁未	56519	dingwei
丁点儿	56518	dingdianer
丁艰	56517	dingjian
丁零	56516	dingling
丁零当啷	56515	dinglingdanglang
丁香	56514	dingxiang
丁香花	56513	dingxianghua
七上八下	56512	qishangbaxia
七上八落	56511	qishangbaluo
七了八当	56510	qilebadang
七十二行	56509	qishierhang
七叶一枝花	56508	qiyeyizhihua
七叶树	56507	qiyeshu
七大	56506	qida
七大八小	56505	qidabaxiao
七大洲	56504	qidazhou
七尺之躯	56503	qichizhiqu
七开八得	56502	qikaibade
七情六欲	56501	qiqingliuyu
七折八扣	56500	qizhebakou
七担八挪	56499	qidanbanuo
七拉八扯	56498	qilabache
七拱八翘	56497	qigongbaqiao
七擒七纵	56496	qiqinqizong
七棱八瓣	56495	qilengbaban
七横八竖	56494	qihengbashu
七次量衣一次裁	56493	qiciliangyiyicicai
七步八叉	56492	qibubacha
七病八倒	56491	qibingbadao
七相五公	56490	qixiangwugong
七窍冒火	56489	qiqiaomaohuo
七纵七擒	56488	qizongqiqin
七纵七禽	56487	qizongqiqin
七纵八横	56486	qizongbaheng
七老八倒	56485	qilaobadao
七行俱下	56484	qihangjuxia
七言八语	56483	qiyanbayu
七返还丹	56482	qifanhuandan
七长八短	56481	qichangbaduan
七零八落	56480	qilingbaluo
七颠八倒	56479	qidianbadao
万一	56478	wanyi
万万	56477	wanwan
万万千千	56476	wanwanqianqian
万丈	56475	wanzhang
万丈深渊	56474	wanzhangshenyuan
万丈高楼平地起	56473	wanzhanggaoloupingdiqi
万不失一	56472	wanbushiyi
万不得已	56471	wanbudeyi
万世	56470	wanshi
万世一时	56469	wanshiyishi
万世不易	56468	wanshibuyi
万世师表	56467	wanshishibiao
万世无疆	56466	wanshiwujiang
万世流芳	56465	wanshiliufang
万事	56464	wanshi
万事亨通	56463	wanshihengtong
万事俱备	56462	wanshijubei
万事大吉	56461	wanshidaji
万事通	56460	wanshitong
万人之敌	56459	wanrenzhidi
万人坑	56458	wanrenkeng
万人空巷	56457	wanrenkongxiang
万代千秋	56456	wandaiqianqiu
万众	56455	wanzhong
万众一心	56454	wanzhongyixin
万俟	56453	moqi
万儿八千	56452	wanerbaqian
万全	56451	wanquan
万全之策	56450	wanquanzhice
万全之计	56449	wanquanzhiji
万分	56448	wanfen
万别千差	56447	wanbieqiancha
万劫不复	56446	wanjiebufu
万千	56445	wanqian
万卷	56444	wanjuan
万历	56443	wanli
万变不离其宗	56442	wanbianbuliqizong
万口一词	56441	wankouyici
万口一谈	56440	wankouyitan
万口一辞	56439	wankouyici
万古	56438	wangu
万古千秋	56437	wanguqianqiu
万古流芳	56436	wanguliufang
万古留芳	56435	wanguliufang
万古长存	56434	wanguchangcun
万古长春	56433	wanguchangchun
万古长青	56432	wanguchangqing
万国	56431	wanguo
万壑争流	56430	wanhezhengliu
万壑千岩	56429	wanheqianyan
健力	56428	jianli
万夫不当	56428	wanfubudang
万夫不当之勇	56427	wanfubudangzhiyong
万夫莫当	56426	wanfumodang
万头攒动	56425	wantoucuandong
万安	56424	wanan
万家灯火	56423	wanjiadenghuo
万家生佛	56422	wanjiashengfo
万寿无疆	56421	wanshouwujiang
万岁	56420	wansui
万岁千秋	56419	wansuiqianqiu
万年	56418	wannian
万年历	56417	wannianli
万年无疆	56416	wannianwujiang
万年青	56415	wannianqing
万幸	56414	wanxing
万应灵丹	56413	wanyinglingdan
万应锭	56412	wanyingding
万念俱寂	56411	wannianjuji
万念俱灰	56410	wannianjuhui
万恨千愁	56409	wanhenqianchou
万恶	56408	wane
万户侯	56407	wanhuhou
万户千门	56406	wanhuqianmen
万方	56405	wanfang
万无一失	56404	wanwuyishi
万有	56403	wanyou
万有引力	56402	wanyouyinli
万机	56401	wanji
万死	56400	wansi
万死一生	56399	wansiyisheng
万死不辞	56398	wansibuci
万死犹轻	56397	wansiyouqing
万民	56396	wanmin
万民涂炭	56395	wanmintutan
万水千山	56394	wanshuiqianshan
万流景仰	56393	wanliujingyang
万物	56392	wanwu
万物之灵	56391	wanwuzhiling
万状	56390	wanzhuang
万目睚眦	56389	wanmuyazi
万目睽睽	56388	wanmukuikui
万福	56387	wanfu
万端	56386	wanduan
万签插架	56385	wanqianchajia
万箭攒心	56384	wanjiancuanxin
万箭穿心	56383	wanjianchuanxin
万籁	56382	wanlai
万籁俱寂	56381	wanlaijuji
万籁无声	56380	wanlaiwusheng
万紫千红	56379	wanziqianhong
万绪千头	56378	wanxuqiantou
万绪千端	56377	wanxuqianduan
万缕千丝	56376	wanlvqiansi
万能	56375	wanneng
万能胶	56374	wannengjiao
万般	56373	wanban
万花筒	56372	wanhuatong
万苦千辛	56371	wankuqianxin
万语千言	56370	wanyuqianyan
万象	56369	wanxiang
万象更新	56368	wanxianggengxin
万象森罗	56367	wanxiangsenluo
万贯	56366	wanguan
万贯家私	56365	wanguanjiasi
万贯家财	56364	wanguanjiacai
万赖俱寂	56363	wanlaijuji
万赖无声	56362	wanlaiwusheng
万载千秋	56361	wanzaiqianqiu
万选青钱	56360	wanxuanqingqian
万里无云	56359	wanliwuyun
万里迢迢	56358	wanlitiaotiao
万里长城	56357	wanlichangcheng
万里长征	56356	wanlichangzheng
万里鹏程	56355	wanlipengcheng
万里鹏翼	56354	wanlipengyi
万金	56353	wanjin
万金油	56352	wanjinyou
万难	56351	wannan
万顷	56350	wanqing
万马奔腾	56349	wanmabenteng
万马齐喑	56348	wanmaqiyin
丈二和尚	56347	zhangerheshang
丈八蛇矛	56346	zhangbashemao
丈夫	56345	zhangfu
丈量	56344	zhangliang
三不拗六	56343	sanbuniuliu
三不知	56342	sanbuzhi
三不管	56341	sanbuguan
三个世界	56340	sangeshijie
三个面向	56339	sangemianxiang
三产	56338	sanchan
三亲六故	56337	sanqinliugu
三亲六眷	56336	sanqinliujuan
三亲四眷	56335	sanqinsijuan
三人为众	56334	sanrenweizhong
三从四德	56333	sancongside
三令五申	56332	sanlingwushen
三位一体	56331	sanweiyiti
三余读书	56330	sanyudushu
三八作风	56329	sanbazuofeng
三八妇女节	56328	sanbafunvjie
三八节	56327	sanbajie
三六九等	56326	sanliujiudeng
三分	56325	sanfen
三分鼎立	56324	sanfendingli
三分鼎足	56323	sanfendingzu
三副	56322	sanfu
三北	56321	sanbei
三十儿	56320	sanshier
三十六	56319	sanshiliu
三十六策	56318	sanshiliuce
三十六行	56317	sanshiliuhang
三十六计	56316	sanshiliuji
三占从二	56315	sanzhanconger
三叉戟	56314	sanchaji
三句不离本行	56313	sanjubulibenhang
三句话不离本行	56312	sanjuhuabulibenhang
三只手	56311	sanzhishou
三台	56310	santai
三台八座	56309	santaibazuo
三叶虫	56308	sanyechong
三号	56307	sanhao
三合	56306	sanhe
三合会	56305	sanhehui
三合土	56304	sanhetu
三合房	56303	sanhefang
三合板	56302	sanheban
三吐三握	56301	santusanwo
三回九转	56300	sanhuijiuzhuan
三大作风	56299	sandazuofeng
三大差别	56298	sandachabie
三大战役	56297	sandazhanyi
三大政策	56296	sandazhengce
三大法宝	56295	sandafabao
三天两头	56294	santianliangtou
三天两宿	56293	santianliangxiu
三夫之对	56292	sanfuzhidui
三夫之言	56291	sanfuzhiyan
三夫成市虎	56290	sanfuchengshihu
三头两日	56289	santouliangri
三头两绪	56288	santouliangxu
三头两面	56287	santouliangmian
三头八臂	56286	santoubabi
三头六臂	56285	santouliubi
三头六证	56284	santouliuzheng
三头六面	56283	santouliumian
三头对案	56282	santouduian
三好	56281	sanhao
三好两歉	56280	sanhaoliangqian
三好两歹	56279	sanhaoliangdai
三好二怯	56278	sanhaoerqie
三好生	56277	sanhaosheng
三妻四妾	56276	sanqisiqie
三姑六婆	56275	sanguliupo
三媒六证	56274	sanmeiliuzheng
三宫六院	56273	sangongliuyuan
三家村	56272	sanjiacun
三寸不烂之舌	56271	sancunbulanzhishe
三对六面	56270	sanduiliumian
三尸暴跳	56269	sanshibaotiao
三岔路口	56268	sanchalukou
三差两错	56267	sanchaliangcuo
三差五错	56266	sanchawucuo
三年五载	56265	sannianwuzai
三年化碧	56264	sannianhuabi
三度	56263	sandu
三座大山	56262	sanzuodashan
三徙成都	56261	sanxichengdou
三思	56260	sansi
三思而后行	56259	sansierhouxing
三思而行	56258	sansierxing
三战三北	56257	sanzhansanbei
三户亡秦	56256	sanhuwangqin
三折肱	56255	sanzhegong
三折肱为良医	56254	sanzhegongweiliangyi
三拳不敌四手	56253	sanquanbudisishou
三推六问	56252	santuiliuwen
三教	56251	sanjiao
三教九流	56250	sanjiaojiuliu
三旨相公	56249	sanzhixianggong
三旬九食	56248	sanxunjiushi
三更	56247	sangeng
三更半夜	56246	sangengbanye
三月三	56245	sanyuesan
三月不知肉味	56244	sanyuebuzhirouwei
三朝五日	56243	sanchaowuri
三朝元老	56242	sanchaoyuanlao
三期贤佞	56241	sanqixianning
三权分立	56240	sanquanfenli
三杯通大道	56239	sanbeitongdadao
三棱镜	56238	sanlengjing
三榜定案	56237	sanbangdingan
三江七泽	56236	sanjiangqize
三汤两割	56235	santangliangge
三汤五割	56234	santangwuge
三沐三熏	56233	sanmusanxun
三灾八难	56232	sanzaibanan
三灾六难	56231	sanzailiunan
三点式	56230	sandianshi
三熏三沐	56229	sanxunsanmu
三班倒	56228	sanbandao
三班六房	56227	sanbanliufang
三瓦两巷	56226	sanwaliangxiang
三瓦两舍	56225	sanwaliangshe
三生有幸	56224	sanshengyouxing
三番两次	56223	sanfanliangci
三番五次	56222	sanfanwuci
三百六十行	56221	sanbailiushihang
三相	56220	sanxiang
三省吾身	56219	sanxingwushen
三级跳远	56218	sanjitiaoyuan
三结合	56217	sanjiehe
三缄其口	56216	sanjianqikou
三老五更	56215	sanlaowugeng
三老四少	56214	sanlaosishao
三联单	56213	sanliandan
三脚猫	56212	sanjiaomao
三臡八菹	56211	sannibazu
三色堇	56210	sansejin
三节	56209	sanjie
三节两寿	56208	sanjieliangshou
三茶六礼	56207	sanchaliuli
三茶六饭	56206	sanchaliufan
三藏	56205	sanzang
三蛇七鼠	56204	sansheqishu
三行	56203	sanxing
三街六巷	56202	sanjieliuxiang
三街六市	56201	sanjieliushi
三角	56200	sanjiao
三角债	56199	sanjiaozhai
三角函数	56198	sanjiaohanshu
三角学	56197	sanjiaoxue
三角形	56196	sanjiaoxing
三角恋爱	56195	sanjiaolianai
三角板	56194	sanjiaoban
三角洲	56193	sanjiaozhou
三角裤衩	56192	sanjiaokucha
三角铁	56191	sanjiaotie
三言两句	56190	sanyanliangju
三言两语	56189	sanyanliangyu
三轮儿	56188	sanluner
三轮车	56187	sanlunche
三迁之教	56186	sanqianzhijiao
三过其门而不入	56185	sanguoqimenerburu
三连冠	56184	sanlianguan
三部曲	56183	sanbuqu
三重	56182	sanchong
三重唱	56181	sanchongchang
三长两短	56180	sanchangliangduan
三长四短	56179	sanchangsiduan
三陪	56178	sanpei
三面红旗	56177	sanmianhongqi
三风十愆	56176	sanfengshiqian
三餐	56175	sancan
三首六臂	56174	sanshouliubi
三马同槽	56173	sanmatongcao
三鲜	56172	sanxian
上上	56171	shangshang
上上下下	56170	shangshangxiaxia
上下	56169	shangxia
上下一心	56168	shangxiayixin
上下交困	56167	shangxiajiaokun
上下其手	56166	shangxiaqishou
上下同心	56165	shangxiatongxin
上下同欲	56164	shangxiatongyu
上下同门	56163	shangxiatongmen
上下床	56162	shangxiachuang
上下文	56161	shangxiawen
上下水	56160	shangxiashui
上下级	56159	shangxiaji
上不去	56158	shangbuqu
上世	56157	shangshi
上中农	56156	shangzhongnong
上举	56155	shangju
上乘	56154	shangcheng
上书	56153	shangshu
上交	56152	shangjiao
上交不谄	56151	shangjiaobuchan
上京	56150	shangjing
上人	56149	shangren
上代	56148	shangdai
上任	56147	shangren
上位	56146	shangwei
上体	56145	shangti
上供	56144	shanggong
上元	56143	shangyuan
上元节	56142	shangyuanjie
上光	56141	shangguang
上兵	56140	shangbing
上兵伐谋	56139	shangbingfamou
上冻	56138	shangdong
上刑	56137	shangxing
上列	56136	shanglie
上劲	56135	shangjin
上勤下顺	56134	shangqinxiashun
上医医国	56133	shangyiyiguo
上千	56132	shangqian
上升	56131	shangsheng
上午	56130	shangwu
上半夜	56129	shangbanye
上半天	56128	shangbantian
上半时	56127	shangbanshi
上半晌	56126	shangbanshang
上半月	56125	shangbanyue
上半身	56124	shangbanshen
上南落北	56123	shangnanluobei
上卷	56122	shangjuan
上去	56121	shangqu
上口	56120	shangkou
上古	56119	shanggu
上台	56118	shangtai
上叶	56117	shangye
上司	56116	shangsi
上吊	56115	shangdiao
上吐下泻	56114	shangtuxiaxie
上告	56113	shanggao
上呼吸道	56112	shanghuxidao
上和下睦	56111	shanghexiamu
上品	56110	shangpin
上唇	56109	shangchun
上回	56108	shanghui
上场	56107	shangchang
上场门	56106	shangchangmen
上坟	56105	shangfen
上坡	56104	shangpo
上坡路	56103	shangpolu
上堂	56102	shangtang
上士	56101	shangshi
上声	56100	shangsheng
上夜	56099	shangye
上天	56098	shangtian
上天入地	56097	shangtianrudi
上头	56096	shangtou
上奏	56095	shangzou
上套	56094	shangtao
上好	56093	shanghao
上好下甚	56092	shanghaoxiashen
上嫚下暴	56091	shangmanxiabao
上学	56090	shangxue
上官	56089	shangguan
上客	56088	shangke
上家	56087	shangjia
上宾	56086	shangbin
上寿	56085	shangshou
上将	56084	shangjiang
上尉	56083	shangwei
上层	56082	shangceng
上层建筑	56081	shangcengjianzhu
上层社会	56080	shangcengshehui
上届	56079	shangjie
上山	56078	shangshan
上山下乡	56077	shangshanxiaxiang
上岁数	56076	shangsuishu
上岸	56075	shangan
上峰	56074	shangfeng
上工	56073	shanggong
上市	56072	shangshi
上市公司	56071	shangshigongsi
上帝	56070	shangdi
上年	56069	shangnian
上年纪	56068	shangnianji
上床	56067	shangchuang
上座	56066	shangzuo
上座儿	56065	shangzuoer
上座率	56064	shangzuolv
上弦	56063	shangxian
上当	56062	shangdang
上当受骗	56061	shangdangshoupian
上当学乖	56060	shangdangxueguai
上心	56059	shangxin
上情	56058	shangqing
上情下达	56057	shangqingxiada
上感	56056	shanggan
上慢下暴	56055	shangmanxiabao
上房	56054	shangfang
上手	56053	shangshou
上报	56052	shangbao
上推下卸	56051	shangtuixiaxie
上援下推	56050	shangyuanxiatui
上操	56049	shangcao
上文	56048	shangwen
上方	56047	shangfang
上方剑	56046	shangfangjian
上方宝剑	56045	shangfangbaojian
上旬	56044	shangxun
上映	56043	shangying
上智下愚	56042	shangzhixiayu
上替下陵	56041	shangtixialing
上月	56040	shangyue
上朝	56039	shangchao
上机	56038	shangji
上来	56037	shanglai
上林	56036	shanglin
上树拔梯	56035	shangshubati
上校	56034	shangxiao
上根大器	56033	shanggendaqi
上档次	56032	shangdangci
上梁	56031	shangliang
上梁不正下梁歪	56030	shangliangbuzhengxialiangwai
上楼去梯	56029	shanglouquti
上次	56028	shangci
上款	56027	shangkuan
上气不接下气	56026	shangqibujiexiaqi
上水	56025	shangshui
上油	56024	shangyou
上流	56023	shangliu
上流社会	56022	shangliushehui
上浮	56021	shangfu
上海	56020	shanghai
上涨	56019	shangzhang
上游	56018	shangyou
上溢下漏	56017	shangyixialou
上溯	56016	shangsu
上漏下湿	56015	shanglouxiashi
上演	56014	shangyan
上火	56013	shanghuo
上烝下报	56012	shangzhengxiabao
上焦	56011	shangjiao
上班	56010	shangban
上界	56009	shangjie
上疏	56008	shangshu
上瘾	56007	shangyin
上相	56006	shangxiang
上税	56005	shangshui
上空	56004	shangkong
上窜下跳	56003	shangcuanxiatiao
上端	56002	shangduan
上竿掇梯	56001	shangganduoti
上等	56000	shangdeng
上等兵	55999	shangdengbing
上策	55998	shangce
上算	55997	shangsuan
上篇上论	55996	shangpianshanglun
上篮	55995	shanglan
上簇	55994	shangcu
上粪	55993	shangfen
上紧	55992	shangjin
上级	55991	shangji
上纲	55990	shanggang
上纲上线	55989	shanggangshangxian
上缴	55988	shangjiao
上联	55987	shanglian
上肢	55986	shangzhi
上肥	55985	shangfei
上脸	55984	shanglian
上膘	55983	shangbiao
上膛	55982	shangtang
上色	55981	shangse
上苍	55980	shangcang
上药	55979	shangyao
上菜	55978	shangcai
上蒸下报	55977	shangzhengxiabao
上蜡	55976	shangla
上行	55975	shanghang
上行下效	55974	shangxingxiaxiao
上街	55973	shangjie
上衣	55972	shangyi
上装	55971	shangzhuang
上西天	55970	shangxitian
上计	55969	shangji
上访	55968	shangfang
上诉	55967	shangsu
上课	55966	shangke
上调	55965	shangdiao
上谄下渎	55964	shangchanxiadu
上谕	55963	shangyu
上账	55962	shangzhang
上货	55961	shanghuo
上路	55960	shanglu
上蹿下跳	55959	shangcuanxiatiao
上身	55958	shangshen
上车	55957	shangche
上轨道	55956	shangguidao
上辈	55955	shangbei
上辈子	55954	shangbeizi
上边	55953	shangbian
上达	55952	shangda
上进	55951	shangjin
上进心	55950	shangjinxin
上述	55949	shangshu
上选	55948	shangxuan
上钩	55947	shanggou
上铺	55946	shangpu
上锁	55945	shangsuo
上门	55944	shangmen
上闩	55943	shangshuan
上阵	55942	shangzhen
上限	55941	shangxian
上院	55940	shangyuan
上陵下替	55939	shanglingxiati
上集	55938	shangji
上雨旁风	55937	shangyupangfeng
上面	55936	shangmian
上鞋	55935	shangxie
上颚	55934	shange
上风	55933	shangfeng
上首	55932	shangshou
上香	55931	shangxiang
上马	55930	shangma
下不为例	55929	xiabuweili
下不了台	55928	xiabuliaotai
下不来	55927	xiabulai
下不来台	55926	xiabulaitai
下中农	55925	xiazhongnong
下乘	55924	xiasheng
下井投石	55923	xiajingtoushi
下令	55922	xialing
下体	55921	xiati
下功夫	55920	xiagongfu
下劲	55919	xiajin
下半场	55918	xiabanchang
下半时	55917	xiabanshi
下半月	55916	xiabanyue
下卷	55915	xiajuan
下发	55914	xiafa
下台	55913	xiatai
下同	55912	xiatong
下咽	55911	xiayan
下回分解	55910	xiahuifenjie
下地	55909	xiadi
下场	55908	xiachang
下场门	55907	xiachangmen
下塌	55906	xiata
下塞上聋	55905	xiasaishanglong
下处	55904	xiachu
下大力气	55903	xiadaliqi
下头	55902	xiatou
下学上达	55901	xiaxueshangda
下家	55900	xiajia
下属	55899	xiashu
下工夫	55898	xiagongfu
下巴颏	55897	xiabake
下帖	55896	xiatie
下床	55895	xiachuang
下情上达	55894	xiaqingshangda
下意识	55893	xiayishi
下愚不移	55892	xiayubuyi
下拨	55891	xiabo
下毒	55890	xiadu
下毛毛雨	55889	xiamaomaoyu
下泄	55888	xiaxie
下渗	55887	xiashen
下潜	55886	xiaqian
下狠心	55885	xiahenxin
下眼皮	55884	xiayanpi
下礼拜	55883	xialibai
下种	55882	xiazhong
下笔有神	55881	xiabiyoushen
下落	55880	xialuo
下落不明	55879	xialuobuming
下行	55878	xiaxing
下调	55877	xiatiao
下车	55876	xiache
下车之始	55875	xiachezhishi
下车伊始	55874	xiacheyishi
下车作威	55873	xiachezuowei
下车泣罪	55872	xiacheqizui
下辈子	55871	xiabeizi
下述	55870	xiashu
下逐客令	55869	xiazhukeling
下铺	55868	xiapu
下降	55867	xiajiang
下陵上替	55866	xialingshangti
下集	55865	xiaji
下雨	55864	xiayu
下颌	55863	xiahe
下风	55862	xiafeng
下马冯妇	55861	xiamafengfu
下马看花	55860	xiamakanhua
不一	55859	buyi
不一会儿	55858	buyihuier
不一定	55857	buyiding
不一样	55856	buyiyang
不一而足	55855	buyierzu
不三不四	55854	busanbusi
不上不下	55853	bushangbuxia
不上不落	55852	bushangbuluo
不下	55851	buxia
不下于	55850	buxiayu
不世之业	55849	bushizhiye
不世之功	55848	bushizhigong
不中	55847	buzhong
不中用	55846	buzhongyong
不丰不俭	55845	bufengbujian
不丰不杀	55844	bufengbusha
不丹	55843	budan
不为五斗米折腰	55842	buweiwudoumizheyao
不为人知	55841	buweirenzhi
不为名不为利	55840	buweimingbuweili
不为已甚	55839	buweiyishen
不为瓦全	55838	buweiwaquan
不主故常	55837	buzhuguchang
不久	55836	bujiu
不义	55835	buyi
不义之财	55834	buyizhicai
不乏	55833	bufa
不乏先例	55832	bufaxianli
不乏其人	55831	bufaqiren
不乏其例	55830	bufaqili
不习地土	55829	buxiditu
不习水土	55828	buxishuitu
不了	55827	buliao
不了不当	55826	buliaobudang
不了了之	55825	buliaoliaozhi
不了而了	55824	buliaoerliao
不争	55823	buzheng
不争气	55822	buzhengqi
不事边幅	55821	bushibianfu
不二	55820	buer
不二价	55819	buerjia
不二法门	55818	buerfamen
不亢不卑	55817	bukangbubei
不亦	55816	buyi
不亦乐乎	55815	buyilehu
不亦善夫	55814	buyishanfu
不亦说乎	55813	buyiyuehu
不人道	55812	burendao
不仁	55811	buren
不仅	55810	bujin
不今不古	55809	bujinbugu
不介意	55808	bujieyi
不以一眚掩大德	55807	buyiyishengyandade
不以为奇	55806	buyiweiqi
不以为意	55805	buyiweiyi
不以为然	55804	buyiweiran
不以为耻	55803	buyiweichi
函数调用	55803	hanshudiaoyong
不以人废言	55802	buyirenfeiyan
不以语人	55801	buyiyuren
不以辞害志	55800	buyicihaizhi
不伏烧埋	55799	bufushaomai
不休	55798	buxiu
不会	55797	buhui
不伤脾胃	55796	bushangpiwei
不伦不类	55795	bulunbulei
不但	55794	budan
不住	55793	buzhu
不作声	55792	buzuosheng
不佞	55791	buning
不佳	55790	bujia
不依	55789	buyi
不依不饶	55788	buyiburao
不便	55787	bubian
不便水土	55786	bubianshuitu
不俗	55785	busu
不信	55784	buxin
不信邪	55783	buxinxie
不修	55782	buxiu
不修小节	55781	buxiuxiaojie
不修边幅	55780	buxiubianfu
不倒翁	55779	budaoweng
不倦	55778	bujuan
不值	55777	buzhi
不值一哂	55776	buzhiyishen
不值一提	55775	buzhiyiti
不值一笑	55774	buzhiyixiao
不值一钱	55773	buzhiyiqian
不值一顾	55772	buzhiyigu
不值一驳	55771	buzhiyibo
不值识者一笑	55770	buzhishizheyixiao
不假	55769	bujia
不假思索	55768	bujiasisuo
不偏不倚	55767	bupianbuyi
不偏不党	55766	bupianbudang
不做不休	55765	buzuobuxiu
不做声	55764	buzuosheng
不偢不倸	55763	buchoubucai
不像	55762	buxiang
不像话	55761	buxianghua
不僧不俗	55760	busengbusu
不光	55759	buguang
不克	55758	buke
不免	55757	bumian
不入时宜	55756	burushiyi
不公	55755	bugong
不共戴天	55754	bugongdaitian
不关	55753	buguan
不关痛痒	55752	buguantongyang
不关紧要	55751	buguanjinyao
不兴	55750	buxing
不具	55749	buju
不再	55748	buzai
不冷不热	55747	bulengbure
不冻港	55746	budonggang
不准	55745	buzhun
不凉不酸	55744	buliangbusuan
不减	55743	bujian
不凡	55742	bufan
不出所料	55741	buchusuoliao
不分	55740	bufen
不分伯仲	55739	bufenbozhong
不分彼此	55738	bufenbici
不分玉石	55737	bufenyushi
不分畛域	55736	bufenzhenyu
不分皂白	55735	bufenzaobai
不分轩轾	55734	bufenxuanzhi
不分青白	55733	bufenqingbai
不分青红皂白	55732	bufenqinghongzaobai
不切实际	55731	buqieshiji
不切题	55730	buqieti
香肠	55730	xiangchang
不刊之书	55729	bukanzhishu
不刊之典	55728	bukanzhidian
不刊之论	55727	bukanzhilun
不刊之说	55726	bukanzhishuo
不利	55725	buli
不到	55724	budao
不到位	55723	budaowei
不到长城非好汉	55722	budaochangchengfeihaohan
不到黄河心不死	55721	budaohuanghexinbusi
不力	55720	buli
不务正业	55719	buwuzhengye
不务空名	55718	buwukongming
不劣方头	55717	buliefangtou
不动产	55716	budongchan
不动声色	55715	budongshengse
不动如山	55714	budongrushan
不劳而成	55713	bulaoercheng
不劳而获	55712	bulaoerhuo
不勤而获	55711	buqinerhuo
不卑不亢	55710	bubeibukang
不单	55709	budan
不即不离	55708	bujibuli
不厌	55707	buyan
不厌其烦	55706	buyanqifan
不厌其繁	55705	buyanqifan
不厌其详	55704	buyanqixiang
不及	55703	buji
不及之法	55702	bujizhifa
不及格	55701	bujige
不受欢迎的人	55700	bushouhuanyingderen
不变	55699	bubian
不变价格	55698	bubianjiage
不变资本	55697	bubianziben
不古不今	55696	bugubujin
不只	55695	buzhi
不可	55694	buke
不可一世	55693	bukeyishi
不可乡迩	55692	bukexianger
不可企及	55691	bukeqiji
不可估量	55690	bukeguliang
不可偏废	55689	bukepianfei
不可分	55688	bukefen
不可动摇	55687	bukedongyao
不可同日而语	55686	buketongrieryu
不可名状	55685	bukemingzhuang
不可向迩	55684	bukexianger
不可告人	55683	bukegaoren
不可多得	55682	bukeduode
不可奈何	55681	bukenaihe
不可开交	55680	bukekaijiao
不可思议	55679	bukesiyi
不可抗力	55678	bukekangli
不可捉摸	55677	bukezhuomo
不可揆度	55676	bukekuiduo
不可摸捉	55675	bukemozhuo
不可收拾	55674	bukeshoushi
不可救疗	55673	bukejiuliao
不可救药	55672	bukejiuyao
不可教训	55671	bukejiaoxun
不可枚举	55670	bukemeiju
不可理喻	55669	bukeliyu
不可知论	55668	bukezhilun
不可磨灭	55667	bukemomie
不可究诘	55666	bukejiujie
不可端倪	55665	bukeduanni
不可终日	55664	bukezhongri
不可胜举	55663	bukeshengju
不可胜数	55662	bukeshengshu
不可胜算	55661	bukeshengsuan
不可胜纪	55660	bukeshengji
不可胜言	55659	bukeshengyan
不可胜计	55658	bukeshengji
不可胜记	55657	bukeshengji
不可胜道	55656	bukeshengdao
不可能事件	55655	bukenengshijian
不可言传	55654	bukeyanchuan
不可言喻	55653	bukeyanyu
不可言宣	55652	bukeyanxuan
不可言状	55651	bukeyanzhuang
不可造次	55650	bukezaoci
不可逾越	55649	bukeyuyue
不可限量	55648	bukexianliang
不吃	55647	buchi
不吃烟火食	55646	buchiyanhuoshi
不合	55645	buhe
不合时宜	55644	buheshiyi
不同	55643	butong
不同凡响	55642	butongfanxiang
不同戴天	55641	butongdaitian
不同流俗	55640	butongliusu
不名一文	55639	bumingyiwen
不名一格	55638	bumingyige
不名一钱	55637	bumingyiqian
不名誉	55636	bumingyu
不吐不茹	55635	butuburu
不吝	55634	bulin
不吝指教	55633	bulinzhijiao
不吝珠玉	55632	bulinzhuyu
不吝赐教	55631	bulincijiao
不含糊	55630	buhanhu
不听	55629	buting
不周	55628	buzhou
不周延	55627	buzhouyan
不和	55626	buhe
不咎既往	55625	bujiujiwang
不咸不淡	55624	buxianbudan
不哼不哈	55623	buhengbuha
不啻	55622	buchi
不啻天渊	55621	buchitianyuan
不善	55620	bushan
不因不由	55619	buyinbuyou
不因人热	55618	buyinrenre
不图	55617	butu
不在	55616	buzai
不在乎	55615	buzaihu
不在意	55614	buzaiyi
不在话下	55613	buzaihuaxia
不均	55612	bujun
不堪	55611	bukan
不堪一击	55610	bukanyiji
不堪入目	55609	bukanrumu
不堪入耳	55608	bukanruer
不堪其忧	55607	bukanqiyou
不堪回首	55606	bukanhuishou
不堪言状	55605	bukanyanzhuang
不堪设想	55604	bukanshexiang
不堪造就	55603	bukanzaojiu
不声不吭	55602	bushengbukeng
不声不响	55601	bushengbuxiang
不声不气	55600	bushengbuqi
不壹而三	55599	buyiersan
不壹而足	55598	buyierzu
不备	55597	bubei
不复堪命	55596	bufukanming
不外	55595	buwai
不夜城	55594	buyecheng
不够	55593	bugou
不大	55592	buda
不大方便	55591	budafangbian
不大离	55590	budali
不失圭撮	55589	bushiguicuo
不失时机	55588	bushishiji
不失毫厘	55587	bushihaoli
不失黍絫	55586	bushishulei
不夷不惠	55585	buyibuhui
不奈之何	55584	bunaizhihe
不好	55583	buhao
不好惹	55582	buhaore
不好意思	55581	buhaoyisi
不好看	55580	buhaokan
不好过	55579	buhaoguo
不如	55578	buru
不如归去	55577	buruguiqu
不如意	55576	buruyi
不妙	55575	bumiao
不妥	55574	butuo
不妨	55573	bufang
不媿下学	55572	bukuixiaxue
不孕	55571	buyun
不存不济	55570	bucunbuji
不存芥蒂	55569	bucunjiedi
不孝	55568	buxiao
不学无术	55567	buxuewushu
不学无识	55566	buxuewushi
不宁	55565	buning
不宁唯是	55564	buningweishi
不安	55563	buan
不安于位	55562	buanyuwei
不安于室	55561	buanyushi
不安其室	55560	buanqishi
不安分	55559	buanfen
不定	55558	buding
不定积分	55557	budingjifen
不宜	55556	buyi
不实	55555	bushi
不实之词	55554	bushizhici
不客气	55553	bukeqi
婴儿	55553	yinger
不宣而战	55552	buxuanerzhan
不容	55551	burong
不容分说	55550	burongfenshuo
不容置喙	55549	burongzhihui
不容置疑	55548	burongzhiyi
不容置辩	55547	burongzhibian
不寐	55546	bumei
不寒而栗	55545	buhanerli
不对	55544	budui
不对劲	55543	buduijin
不对味儿	55542	buduiweier
不对头	55541	buduitou
不对茬儿	55540	buduichaer
不少	55539	bushao
不尴不尬	55538	buganbuga
不尽	55537	bujin
不尽然	55536	bujinran
不屈	55535	buqu
不屈不挠	55534	buqubunao
不屑	55533	buxie
不屑一读	55532	buxieyidu
不屑一顾	55531	buxieyigu
不屑于	55530	buxieyu
不屑意	55529	buxieyi
不屑教诲	55528	buxiejiaohui
不屑毁誉	55527	buxiehuiyu
不巧	55526	buqiao
不差	55525	bucha
不差上下	55524	buchashangxia
不差什么	55523	buchashenme
不差毫厘	55522	buchahaoli
不差毫发	55521	buchahaofa
不差累黍	55520	buchaleishu
不已	55519	buyi
不常	55518	buchang
不干	55517	bugan
不干不净	55516	buganbujing
不干胶	55515	buganjiao
不平	55514	buping
不平则鸣	55513	bupingzeming
不平等条约	55512	bupingdengtiaoyue
不幸	55511	buxing
不幸而言中	55510	buxingeryanzhong
不废江河	55509	bufeijianghe
不开眼	55508	bukaiyan
不弃草昧	55507	buqicaomei
不归路	55506	buguilu
不当	55505	budang
不当不正	55504	budangbuzheng
不当人子	55503	budangrenzi
不待	55502	budai
不待蓍龟	55501	budaishigui
不徇私情	55500	buxunsiqing
不徐不疾	55499	buxubuji
不得	55498	bude
不得不	55497	budebu
不得不尔	55496	budebuer
不得了	55495	budele
不得人心	55494	buderenxin
不得其所	55493	budeqisuo
不得其死	55492	budeqisi
不得劲	55491	budejin
不得善终	55490	budeshanzhong
不得已	55489	budeyi
不得已而为之	55488	budeyierweizhi
不得已而用之	55487	budeyieryongzhi
不得开交	55486	budekaijiao
不得志	55485	budezhi
不得而知	55484	budeerzhi
不得要领	55483	budeyaoling
不得违误	55482	budeweiwu
不必	55481	bubi
不忍	55480	buren
不忍卒读	55479	burenzudu
不忘宿志	55478	buwangsuzhi
不忘故旧	55477	buwanggujiu
不忘沟壑	55476	buwanggouhe
不忙不暴	55475	bumangbubao
不快	55474	bukuai
不忮不求	55473	buzhibuqiu
不念僧面念佛面	55472	buniansengmiannianfomian
不念旧恶	55471	bunianjiue
不忿	55470	bufen
不怀好意	55469	buhuaihaoyi
不怎么样	55468	buzenmeyang
不怕	55467	bupa
不急之务	55466	bujizhiwu
不恤	55465	buxu
不恤人言	55464	buxurenyan
不恭	55463	bugong
不息	55462	buxi
不恶而严	55461	bueeryan
不悦	55460	buyue
不悱不发	55459	bufeibufa
不情之请	55458	buqingzhiqing
不惑	55457	buhuo
不惑之年	55456	buhuozhinian
不惜	55455	buxi
不惜一切代价	55454	buxiyiqiedaijia
不惜工本	55453	buxigongben
不惟	55452	buwei
不想	55451	buxiang
不意	55450	buyi
不愤不启	55449	bufenbuqi
不愧	55448	bukui
不愧下学	55447	bukuixiaxue
不愧不作	55446	bukuibuzuo
不愧不怍	55445	bukuibuzuo
不愧屋漏	55444	bukuiwulou
不慌不忙	55443	buhuangbumang
不慎	55442	bushen
不懂装懂	55441	budongzhuangdong
不懈	55440	buxie
不成	55439	bucheng
不成三瓦	55438	buchengsanwa
不成体统	55437	buchengtitong
不成器	55436	buchengqi
不成才	55435	buchengcai
不成文法	55434	buchengwenfa
不成方圆	55433	buchengfangyuan
不成话	55432	buchenghua
不战而胜	55431	buzhanersheng
不战而降	55430	buzhanerxiang
不才	55429	bucai
不打不相识	55428	budabuxiangshi
不打紧	55427	budajin
不打自招	55426	budazizhao
不扬	55425	buyang
不抗不卑	55424	bukangbubei
不折不扣	55423	buzhebukou
不护细行	55422	buhuxixing
不报	55421	bubao
不拔一毛	55420	bubayimao
不拔之志	55419	bubazhizhi
不拘	55418	buju
不拘一格	55417	bujuyige
不拘小节	55416	bujuxiaojie
不拘形迹	55415	bujuxingji
不拘细节	55414	bujuxijie
不拘细行	55413	bujuxixing
不择手段	55412	buzeshouduan
不择生冷	55411	buzeshengleng
不按君臣	55410	buanjunchen
不挑之祖	55409	butiaozhizu
不挠不屈	55408	bunaobuqu
不挠不折	55407	bunaobuzhe
不振	55406	buzhen
不揣冒昧	55405	buchuaimaomei
不揪不採	55404	bujiubucai
不揪不睬	55403	bujiubucai
不揪不采	55402	bujiubucai
不摸头	55401	bumotou
不擒二毛	55400	buqinermao
不支	55399	buzhi
不改其乐	55398	bugaiqile
不攻自破	55397	bugongzipo
不敌	55396	budi
不敏	55395	bumin
不教之教	55394	bujiaozhijiao
不教而杀	55393	bujiaoersha
不教而诛	55392	bujiaoerzhu
不敢	55391	bugan
不敢为天下先	55390	buganweitianxiaxian
不敢后人	55389	buganhouren
不敢告劳	55388	bugangaolao
不敢当	55387	bugandang
不敢掠美	55386	buganlvemei
不敢旁骛	55385	buganpangwu
不敢自专	55384	buganzizhuan
不敢苟同	55383	bugangoutong
不敢越雷池一步	55382	buganyueleichiyibu
不敢造次	55381	buganzaoci
不敢问津	55380	buganwenjin
不敢高攀	55379	bugangaopan
不敬	55378	bujing
不文	55377	buwen
不文不武	55376	buwenbuwu
不料	55375	buliao
不断	55374	buduan
不断如带	55373	buduanrudai
不方便	55372	bufangbian
不旋踵	55371	buxuanzhong
不无	55370	buwu
不无小补	55369	buwuxiaobu
不日	55368	buri
不日不月	55367	buribuyue
不时	55366	bushi
不时之需	55365	bushizhixu
不时之须	55364	bushizhixu
不明	55363	buming
不明不白	55362	bumingbubai
不易	55361	buyi
不易一字	55360	buyiyizi
不易之典	55359	buyizhidian
不易之论	55358	buyizhilun
不是	55357	bushi
不是冤家不聚头	55356	bushiyuanjiabujutou
不是味儿	55355	bushiweier
不晓世务	55354	buxiaoshiwu
不景气	55353	bujingqi
不智	55352	buzhi
不暇	55351	buxia
不更事	55350	bugengshi
不曾	55349	buceng
不服	55348	bufu
不服气	55347	bufuqi
不服水土	55346	bufushuitu
不期	55345	buqi
不期修古	55344	buqixiugu
不期然而然	55343	buqiranerran
不期而会	55342	buqierhui
不期而同	55341	buqiertong
不期而然	55340	buqierran
不期而遇	55339	buqieryu
不朽	55338	buxiu
不来梅	55337	bulaimei
不枉	55336	buwang
不果	55335	buguo
不染一尘	55334	buranyichen
不栉进士	55333	buzhijinshi
不根之论	55332	bugenzhilun
不根之谈	55331	bugenzhitan
不检	55330	bujian
不次之位	55329	bucizhiwei
不次之迁	55328	bucizhiqian
不欢而散	55327	buhuanersan
不欺屋漏	55326	buqiwulou
不欺暗室	55325	buqianshi
不欺闇室	55324	buqianshi
不止	55323	buzhi
不正	55322	buzheng
不正之风	55321	buzhengzhifeng
不正常	55320	buzhengchang
不正当竞争	55319	buzhengdangjingzheng
不步人脚	55318	buburenjiao
不死不活	55317	busibuhuo
不比	55316	bubi
不毛	55315	bumao
不毛之地	55314	bumaozhidi
不求甚解	55313	buqiushenjie
不求闻达	55312	buqiuwenda
不治	55311	buzhi
不治之症	55310	buzhizhizheng
不法	55309	bufa
不法之徒	55308	bufazhitu
不法古不修今	55307	bufagubuxiujin
不法常可	55306	bufachangke
不洁	55305	bujie
不测	55304	buce
不测之忧	55303	bucezhiyou
不测之祸	55302	bucezhihuo
不测之罪	55301	bucezhizui
不济	55300	buji
不济事	55299	bujishi
不消	55298	buxiao
不消说	55297	buxiaoshuo
不满	55296	buman
不灵	55295	buling
不点儿	55294	budianer
不然	55293	buran
不熟	55292	bushu
不爽	55291	bushuang
不爽毫发	55290	bushuanghaofa
不爽累黍	55289	bushuangleishu
不牧之地	55288	bumuzhidi
不犯	55287	bufan
不犯着	55286	bufanzhao
不独	55285	budu
不猧不魀	55284	buwobuga
不理	55283	buli
不甘	55282	bugan
不甘后人	55281	buganhouren
不甘寂寞	55280	buganjimo
不甘心	55279	buganxin
不甘示弱	55278	buganshiruo
不甘雌伏	55277	bugancifu
不甚	55276	bushen
不甚了了	55275	bushenliaoliao
不生不灭	55274	bushengbumie
不用	55273	buyong
不用说	55272	buyongshuo
不由	55271	buyou
不由分说	55270	buyoufenshuo
不由得	55269	buyoude
不由自主	55268	buyouzizhu
不畅	55267	buchang
不留余地	55266	buliuyudi
不疾不徐	55265	bujibuxu
不痛不痒	55264	butongbuyang
不痴不聋	55263	buchibulong
不瘟不火	55262	buwenbuhuo
不登大雅	55261	budengdaya
复杂度	55261	fuzadu
不登大雅之堂	55260	budengdayazhitang
不白之冤	55259	bubaizhiyuan
不直一文	55258	buzhiyiwen
不直一钱	55257	buzhiyiqian
不相上下	55256	buxiangshangxia
不相为谋	55255	buxiangweimou
不相干	55254	buxianggan
不相称	55253	buxiangchen
不相问闻	55252	buxiangwenwen
不相闻问	55251	buxiangwenwen
不省人事	55250	buxingrenshi
不看僧面看佛面	55249	bukansengmiankanfomian
不着疼热	55248	buzhuotengre
不着边际	55247	buzhuobianji
不瞅不睬	55246	buchoubucai
不瞽不聋	55245	bugubulong
不矜不伐	55244	bujinbufa
不矜细行	55243	bujinxixing
不知丁董	55242	buzhidingdong
血液	55242	xueye
不知不觉	55241	buzhibujue
不知世务	55240	buzhishiwu
不知人间有羞耻事	55239	buzhirenjianyouxiuchishi
不知凡几	55238	buzhifanji
不知利害	55237	buzhilihai
不知去向	55236	buzhiquxiang
不知天高地厚	55235	buzhitiangaodihou
不知头脑	55234	buzhitounao
不知好歹	55233	buzhihaodai
不知寝食	55232	buzhiqinshi
不知就里	55231	buzhijiuli
不知所云	55230	buzhisuoyun
不知所以	55229	buzhisuoyi
不知所出	55228	buzhisuochu
不知所厝	55227	buzhisuocuo
不知所可	55226	buzhisuoke
不知所措	55225	buzhisuocuo
不知所终	55224	buzhisuozhong
不知所言	55223	buzhisuoyan
不知所错	55222	buzhisuocuo
不知死活	55221	buzhisihuo
不知深浅	55220	buzhishenqian
不知甘苦	55219	buzhiganku
不知疼痒	55218	buzhitengyang
不知痛痒	55217	buzhitongyang
不知端倪	55216	buzhiduanni
不知纪极	55215	buzhijiji
不知老之将至	55214	buzhilaozhijiangzhi
不知者不罪	55213	buzhizhebuzui
不知肉味	55212	buzhirouwei
不知自爱	55211	buzhiziai
不知自量	55210	buzhiziliang
不知薡蕫	55209	buzhidingdong
不知起倒	55208	buzhiqidao
不知轻重	55207	buzhiqingzhong
不知进退	55206	buzhijintui
不知颠倒	55205	buzhidiandao
不知高下	55204	buzhigaoxia
不知高低	55203	buzhigaodi
不破不立	55202	bupobuli
不确	55201	buque
不碍	55200	buai
不磷不缁	55199	bulinbuzi
不祥	55198	buxiang
不祥之兆	55197	buxiangzhizhao
不祧之宗	55196	butiaozhizong
不祧之祖	55195	butiaozhizu
不禁	55194	bujin
不禁不由	55193	bujinbuyou
不稂不莠	55192	bulangbuyou
不稳	55191	buwen
不稼不穑	55190	bujiabuse
不立文字	55189	buliwenzi
不端	55188	buduan
不符	55187	bufu
不等	55186	budeng
不等价交换	55185	budengjiajiaohuan
不等号	55184	budenghao
不等式	55183	budengshi
不算	55182	busuan
不管	55181	buguan
不管一二	55180	buguanyier
不管三七二十一	55179	buguansanqiershiyi
不管不顾	55178	buguanbugu
不粘锅	55177	bunianguo
不紧不慢	55176	bujinbuman
不约而同	55175	buyueertong
不纯	55174	buchun
不经世故	55173	bujingshigu
不经之语	55172	bujingzhiyu
不经之说	55171	bujingzhishuo
不经之谈	55170	bujingzhitan
不经意	55169	bujingyi
不结盟国家	55168	bujiemengguojia
不结盟运动	55167	bujiemengyundong
不绝于耳	55166	bujueyuer
不绝如发	55165	bujuerufa
不绝如带	55164	bujuerudai
不绝如线	55163	bujueruxian
不绝如缕	55162	bujuerulv
不绝若线	55161	bujueruoxian
不置可否	55160	buzhikefou
不置褒贬	55159	buzhibaobian
不羁	55158	buji
不羁之才	55157	bujizhicai
不羁之民	55156	bujizhimin
不羞当面	55155	buxiudangmian
赋值	55155	fuzhi
不習水土	55154	buxishuitu
不翼而飞	55153	buyierfei
不老少	55152	bulaoshao
不耐	55151	bunai
不耐烦	55150	bunaifan
不耻	55149	buchi
不耻下问	55148	buchixiawen
不耻最后	55147	buchizuihou
不肖	55146	buxiao
不肖子	55145	buxiaozi
不肖子孙	55144	buxiaozisun
不肯	55143	buken
不育	55142	buyu
不胜	55141	busheng
不胜其任	55140	bushengqiren
不胜其烦	55139	bushengqifan
不胜其苦	55138	bushengqiku
不胜杯杓	55137	bushengbeishao
不胜枚举	55136	bushengmeiju
不胜桮杓	55135	bushengbeishao
不胫而走	55134	bujingerzou
不能	55133	buneng
不能不	55132	bunengbu
不能登大雅之堂	55131	bunengdengdayazhitang
不能自己	55130	bunengziji
不能自已	55129	bunengziyi
不能自拔	55128	bunengziba
不能赞一词	55127	bunengzanyici
不能赞一辞	55126	bunengzanyici
不脩边幅	55125	buxiubianfu
不腆之仪	55124	butianzhiyi
不臣之心	55123	buchenzhixin
不自在	55122	buzizai
不自满假	55121	buzimanjia
不自量	55120	buziliang
不自量力	55119	buziliangli
不至于	55118	buzhiyu
不致	55117	buzhi
不舍	55116	bushe
不舍昼夜	55115	bushezhouye
不舒服	55114	bushufu
不舞之鹤	55113	buwuzhihe
坚定不移	55113	jiandingbuyi
不良	55112	buliang
不苟	55111	bugou
不苟言笑	55110	bugouyanxiao
不若	55109	buruo
不茶不饭	55108	buchabufan
不药而愈	55107	buyaoeryu
不落俗套	55106	buluosutao
不落窠臼	55105	buluokejiu
不落边际	55104	buluobianji
不蔓不支	55103	bumanbuzhi
不蔓不枝	55102	bumanbuzhi
不虚此行	55101	buxucixing
不虞	55100	buyu
不虞之誉	55099	buyuzhiyu
不行	55098	buxing
不衫不履	55097	bushanbulv
不衰	55096	bushuai
不要	55095	buyao
不要怕	55094	buyaopa
不要紧	55093	buyaojin
不要脸	55092	buyaolian
不见	55091	bujian
不见不散	55090	bujianbusan
不见了	55089	bujianle
不见天日	55088	bujiantianri
不见得	55087	bujiande
不见棺材不下泪	55086	bujianguancaibuxialei
不见棺材不落泪	55085	bujianguancaibuluolei
不见经传	55084	bujianjingzhuan
不见舆薪	55083	bujianyuxin
不规则	55082	buguize
不觉	55081	bujue
不觉技痒	55080	bujuejiyang
不解	55079	bujie
不解之仇	55078	bujiezhichou
不解之缘	55077	bujiezhiyuan
不言不语	55076	buyanbuyu
不言而信	55075	buyanerxin
不言而喻	55074	buyaneryu
不言而谕	55073	buyaneryu
不计	55072	buji
不计其数	55071	bujiqishu
不计得失	55070	bujideshi
不让	55069	burang
不记前仇	55068	bujiqianchou
不记得	55067	bujide
不讳	55066	buhui
不讳之朝	55065	buhuizhichao
不讳之路	55064	buhuizhilu
不讳之门	55063	buhuizhimen
不许	55062	buxu
不论	55061	bulun
不论如何	55060	bulunruhe
不识一丁	55059	bushiyiding
不识不知	55058	bushibuzhi
不识东家	55057	bushidongjia
不识之无	55056	bushizhiwu
不识人间有羞耻事	55055	bushirenjianyouxiuchishi
不识大体	55054	bushidati
不识好歹	55053	bushihaodai
不识局面	55052	bushijumian
不识庐山真面目	55051	bushilushanzhenmianmu
不识抬举	55050	bushitaiju
不识时务	55049	bushishiwu
不识泰山	55048	bushitaishan
不识起倒	55047	bushiqidao
不识马肝	55046	bushimagan
不识高低	55045	bushigaodi
不该	55044	bugai
不详	55043	buxiang
不谋同辞	55042	bumoutongci
不谋而合	55041	bumouerhe
不谋而同	55040	bumouertong
不象	55039	buxiang
不象话	55038	buxianghua
不负众望	55037	bufuzhongwang
不负重望	55036	bufuzhongwang
不败之地	55035	bubaizhidi
不贪为宝	55034	butanweibao
不费之惠	55033	bufeizhihui
不费吹灰之力	55032	bufeichuihuizhili
不赏之功	55031	bushangzhigong
不赖	55030	bulai
不赞一词	55029	buzanyici
不起	55028	buqi
不起眼	55027	buqiyan
不起诉	55026	buqisu
不越雷池	55025	buyueleichi
不足	55024	buzu
不足为凭	55023	buzuweiping
不足为外人道	55022	buzuweiwairendao
不足为奇	55021	buzuweiqi
不足为意	55020	buzuweiyi
不足为据	55019	buzuweiju
不足为法	55018	buzuweifa
不足为训	55017	buzuweixun
不足介意	55016	buzujieyi
不足取	55015	buzuqu
不足挂齿	55014	buzuguachi
不足轻重	55013	buzuqingzhong
不足道	55012	buzudao
不足齿数	55011	buzuchishu
不轨	55010	bugui
不轨之徒	55009	buguizhitu
不轻然诺	55008	buqingrannuo
不辍	55007	buchuo
不辞	55006	buci
不辞劳苦	55005	bucilaoku
不辞而别	55004	bucierbie
不辟斧钺	55003	bubifuyue
不辨真伪	55002	bubianzhenwei
不辨菽粟	55001	bubianshusu
不辨菽麦	55000	bubianshumai
不辩菽麦	54999	bubianshumai
不辱使命	54998	burushiming
不迁之庙	54997	buqianzhimiao
不过	54996	buguo
不过如此	54995	buguoruci
不过尔尔	54994	buguoerer
不过意	54993	buguoyi
不近人情	54992	bujinrenqing
不近道理	54991	bujindaoli
不进则退	54990	bujinzetui
不远万里	54989	buyuanwanli
不远千里	54988	buyuanqianli
不违农时	54987	buweinongshi
不迭	54986	budie
不追既往	54985	buzhuijiwang
不适	54984	bushi
不适合	54983	bushihe
不逊	54982	buxun
不透明	54981	butouming
不通	54980	butong
不通水火	54979	butongshuihuo
不逞	54978	bucheng
不逞之徒	54977	buchengzhitu
不速之客	54976	busuzhike
不遂	54975	busui
不遇	54974	buyu
不遑	54973	buhuang
不遑启处	54972	buhuangqichu
不遑宁处	54971	buhuangningchu
不遑宁息	54970	buhuangningxi
不遑暇食	54969	buhuangxiashi
不遑枚举	54968	buhuangmeiju
不道德	54967	budaode
不遗余力	54966	buyiyuli
不遗寸长	54965	buyicunchang
不遗巨细	54964	buyijuxi
不避	54963	bubi
不避斧钺	54962	bubifuyue
不避水火	54961	bubishuihuo
不避汤火	54960	bubitanghuo
不避艰险	54959	bubijianxian
不郎不秀	54958	bulangbuxiu
不配	54957	bupei
不重要	54956	buzhongyao
不锈钢	54955	buxiugang
不错	54954	bucuo
不问	54953	buwen
不问不闻	54952	buwenbuwen
不问事实真相	54951	buwenshishizhenxiang
不问年龄大小	54950	buwennianlingdaxiao
不问是非曲直	54949	buwenshifeiquzhi
不问皂白	54948	buwenzaobai
不问青红皂白	54947	buwenqinghongzaobai
不间不界	54946	bujianbujie
不闻不问	54945	buwenbuwen
不阴不阳	54944	buyinbuyang
不随以止	54943	busuiyizhi
不雅	54942	buya
不露圭角	54941	buluguijiao
不露声色	54940	bulushengse
不露形色	54939	buluxingse
桔子	54939	juzi
不露神色	54938	bulushense
不露锋芒	54937	bulufengmang
不露锋铓	54936	bulufengmang
不韪	54935	buwei
不须	54934	buxu
不顾	54933	bugu
不顾一切	54932	buguyiqie
不顾前后	54931	buguqianhou
不顾大局	54930	bugudaju
不顾死活	54929	bugusihuo
不食之地	54928	bushizhidi
不食周粟	54927	bushizhousu
不食烟火	54926	bushiyanhuo
不食马肝	54925	bushimagan
不饥不寒	54924	bujibuhan
不饮盗泉	54923	buyindaoquan
不骄不躁	54922	bujiaobuzao
不齐	54921	buqi
不齿	54920	buchi
不齿于人	54919	buchiyuren
不龟手药	54918	buguishouyao
与世俯仰	54917	yushifuyang
与世偃仰	54916	yushiyanyang
与世推移	54915	yushituiyi
与世无争	54914	yushiwuzheng
与世沉浮	54913	yushichenfu
与世浮沉	54912	yushifuchen
与世长辞	54911	yushichangci
与世隔绝	54910	yushigejue
与人为善	54909	yurenweishan
与众不同	54908	yuzhongbutong
与会	54907	yuhui
与共	54906	yugong
与其	54905	yuqi
与受同科	54904	yushoutongke
与日俱增	54903	yurijuzeng
与时偕行	54902	yushixiexing
与时推移	54901	yushituiyi
与时消息	54900	yushixiaoxi
与此相反	54899	yucixiangfan
与民同乐	54898	yumintongle
与民更始	54897	yumingengshi
与民除害	54896	yuminchuhai
与物无忤	54895	yuwuwuwu
与物无竞	54894	yuwuwujing
与狐谋皮	54893	yuhumoupi
与虎添翼	54892	yuhutianyi
与虎谋皮	54891	yuhumoupi
与赛	54890	yusai
与门	54889	yumen
与闻	54888	yuwen
丑化	54887	chouhua
丑声远播	54886	choushengyuanbo
丑媳妇总得见公婆	54885	chouxifuzongdejiangongpo
丑态毕露	54884	choutaibilu
丑恶	54883	choue
丑星	54882	chouxing
丑相	54881	chouxiang
丑类恶物	54880	chouleiewu
丑行	54879	chouxing
丑角	54878	choujue
专业教育	54877	zhuanyejiaoyu
专业银行	54876	zhuanyeyinhang
专任	54875	zhuanren
专供	54874	zhuangong
专修科	54873	zhuanxiuke
专区	54872	zhuanqu
专号	54871	zhuanhao
专名号	54870	zhuanminghao
专员	54869	zhuanyuan
专员公署	54868	zhuanyuangongshu
专场	54867	zhuanchang
专家	54866	zhuanjia
专差	54865	zhuanchai
专座	54864	zhuanzuo
专心一致	54863	zhuanxinyizhi
专指	54862	zhuanzhi
专有	54861	zhuanyou
专有名词	54860	zhuanyoumingci
专柜	54859	zhuangui
专栏作家	54858	zhuanlanzuojia
专横	54857	zhuanheng
专横跋扈	54856	zhuanhengbahu
专欲难成	54855	zhuanyunancheng
专版	54854	zhuanban
专科学校	54853	zhuankexuexiao
专科生	54852	zhuankesheng
专稿	54851	zhuangao
专精覃思	54850	zhuanjingtansi
专著	54849	zhuanzhu
专论	54848	zhuanlun
专车	54847	zhuanche
专长	54846	zhuanchang
专门家	54845	zhuanmenjia
且住为佳	54844	qiezhuweijia
且慢	54843	qieman
且末	54842	qiemo
且说	54841	qieshuo
且食蛤蜊	54840	qieshihali
世上	54839	shishang
世上无难事	54838	shishangwunanshi
世亲	54837	shiqin
世仇	54836	shichou
世传	54835	shichuan
世伯	54834	shibo
世俗之见	54833	shisuzhijian
世家	54832	shijia
世态炎凉	54831	shitaiyanliang
世掌丝纶	54830	shizhangsilun
世济其美	54829	shijiqimei
世界大学生运动会	54828	shijiedaxueshengyundonghui
世界观	54827	shijieguan
世界语	54826	shijieyu
世系	54825	shixi
世纪	54824	shiji
世纪末	54823	shijimo
世间	54822	shijian
世风	54821	shifeng
世风日下	54820	shifengrixia
丙丁	54819	bingding
丙种射线	54818	bingzhongshexian
丙纶	54817	binglun
业业矜矜	54816	yeyejinjin
业余教育	54815	yeyujiaoyu
业内	54814	yenei
业大	54813	yeda
丛山峻岭	54812	congshanjunling
丛轻折轴	54811	congqingzhezhou
丛雀渊鱼	54810	congqueyuanyu
东三省	54809	dongsansheng
东京大学	54808	dongjingdaxue
东倒西歪	54807	dongdaoxiwai
东冲西决	54806	dongchongxijue
东冲西撞	54805	dongchongxizhuang
东冲西突	54804	dongchongxitu
东劳西燕	54803	donglaoxiyan
东北	54802	dongbei
东北虎	54801	dongbeihu
东区	54800	dongqu
东华	54799	donghua
东南	54798	dongnan
东南之宝	54797	dongnanzhibao
东南之秀	54796	dongnanzhixiu
东南之美	54795	dongnanzhimei
东南亚	54794	dongnanya
东南亚国家联盟	54793	dongnanyaguojialianmeng
东南半壁	54792	dongnanbanbi
东南欧	54791	dongnanou
东南竹箭	54790	dongnanzhujian
东南雀飞	54789	dongnanquefei
东印度公司	54788	dongyindugongsi
东台	54787	dongtai
东墙处子	54786	dongqiangchuzi
东头	54785	dongtou
东奔西向	54784	dongbenxixiang
东奔西撞	54783	dongbenxizhuang
东奔西窜	54782	dongbenxicuan
东奔西走	54781	dongbenxizou
东奔西跑	54780	dongbenxipao
东奔西逃	54779	dongbenxitao
东家	54778	dongjia
东家效颦	54777	dongjiaxiaopin
东家西舍	54776	dongjiaxishe
东差西误	54775	dongchaxiwu
东市朝衣	54774	dongshichaoyi
东床姣婿	54773	dongchuangjiaoxu
东床择对	54772	dongchuangzedui
东张西觑	54771	dongzhangxiqu
东扯西拉	54770	dongchexila
东扯西拽	54769	dongchexizhuai
东扶西倒	54768	dongfuxidao
东抹西涂	54767	dongmoxitu
东拉西扯	54766	donglaxiche
东挨西撞	54765	dongaixizhuang
东挪西撮	54764	dongnuoxicuo
东撙西节	54763	dongzunxijie
东支西吾	54762	dongzhixiwu
东方不亮西方亮	54761	dongfangbuliangxifangliang
东方将白	54760	dongfangjiangbai
东方文化	54759	dongfangwenhua
东望西观	54758	dongwangxiguan
东横西倒	54757	donghengxidao
东正教	54756	dongzhengjiao
东歪西倒	54755	dongwaixidao
东洋大海	54754	dongyangdahai
东洋车	54753	dongyangche
东流西上	54752	dongliuxishang
东流西落	54751	dongliuxiluo
东涂西抹	54750	dongtuximo
东渐于海	54749	dongjianyuhai
东猜西揣	54748	dongcaixichuai
东猜西疑	54747	dongcaixiyi
东窗事发	54746	dongchuangshifa
东箭南金	54745	dongjiannanjin
东莞	54744	dongguan
东萨摩亚	54743	dongsamoya
东藏西躲	54742	dongcangxiduo
东西南北	54741	dongxinanbei
东西南朔	54740	dongxinanshuo
东观之殃	54739	dongguanzhiyang
东观续史	54738	dongguanxushi
东观西望	54737	dongguanxiwang
东谈西说	54736	dongtanxishuo
东趋西步	54735	dongquxibu
东跑西颠	54734	dongpaoxidian
东踅西倒	54733	dongxuexidao
东躲西藏	54732	dongduoxicang
东躲西跑	54731	dongduoxipao
东量西折	54730	dongliangxishe
东阿	54729	donge
东零西散	54728	donglingxisan
东零西落	54727	donglingxiluo
东风	54726	dongfeng
东风人面	54725	dongfengrenmian
东风入律	54724	dongfengrulv
东风化雨	54723	dongfenghuayu
自动生成	54723	zidongshengcheng
东风压倒西风	54722	dongfengyadaoxifeng
东风吹马耳	54721	dongfengchuimaer
东风射马耳	54720	dongfengshemaer
东风浩荡	54719	dongfenghaodang
东风过耳	54718	dongfengguoer
东风马耳	54717	dongfengmaer
东飘西泊	54716	dongpiaoxibo
东食西宿	54715	dongshixisu
东鳞西爪	54714	donglinxizhao
东鸣西应	54713	dongmingxiying
丝发之功	54712	sifazhigong
丝恩发怨	54711	sienfayuan
丝棉	54710	simian
丝瓜络	54709	sigualuo
丝织	54708	sizhi
丝织品	54707	sizhipin
丞相	54706	chengxiang
丢三拉四	54705	diusanlasi
丢三落四	54704	diusanlasi
丢下耙儿弄扫帚	54703	diuxiapaernongsaozhou
皮肤	54703	pifu
丢卒保车	54702	diuzubaoju
丢面子	54701	diumianzi
丢魂丧胆	54700	diuhunsangdan
两世为人	54699	liangshiweiren
两个	54698	liangge
两侧	54697	liangce
两便	54696	liangbian
两全其美	54695	liangquanqimei
两分法	54694	liangfenfa
两口子	54693	liangkouzi
两可	54692	liangke
两叶掩目	54691	liangyeyanmu
两地	54690	liangdi
两头	54689	liangtou
两头三绪	54688	liangtousanxu
两头三面	54687	liangtousanmian
两头和番	54686	liangtouhefan
两头白面	54685	liangtoubaimian
两头蛇	54684	liangtoushe
两广	54683	liangguang
两张皮	54682	liangzhangpi
两当	54681	liangdang
两性关系	54680	liangxingguanxi
两性生殖	54679	liangxingshengzhi
两手空空	54678	liangshoukongkong
两旁	54677	liangpang
两极分化	54676	liangjifenhua
两栖	54675	liangqi
两栖动物	54674	liangqidongwu
两栖类	54673	liangqilei
两次三番	54672	liangcisanfan
两点论	54671	liangdianlun
两用人才	54670	liangyongrencai
两相情原	54669	liangxiangqingyuan
两相情愿	54668	liangxiangqingyuan
两瞽相扶	54667	liangguxiangfu
两耳塞豆	54666	liangersaidou
两肋插刀	54665	liangleichadao
两脚居间	54664	liangjiaojujian
两虎相斗	54663	lianghuxiangdou
两袖清风	54662	liangxiuqingfeng
两豆塞耳	54661	liangdousaier
两边倒	54660	liangbiandao
两重天	54659	liangchongtian
两难	54658	liangnan
两雄不并立	54657	liangxiongbubingli
两鬓	54656	liangbin
两鼠斗穴	54655	liangshudouxue
严丝合缝	54654	yansihefeng
严令	54653	yanling
严处	54652	yanchu
严家饿隶	54651	yanjiaeli
严惩不贷	54650	yanchengbudai
严查	54649	yancha
严正	54648	yanzheng
严气正性	54647	yanqizhengxing
严父	54646	yanfu
严禁	54645	yanjin
严肃音乐	54644	yansuyinyue
严苛	54643	yanke
严重	54642	yanzhong
严阵以待	54641	yanzhenyidai
严陈以待	54640	yanchenyidai
丧乱	54639	sangluan
丧事	54638	sangshi
丧亡	54637	sangwang
丧假	54636	sangjia
丧偶	54635	sangou
丧命	54634	sangming
丧天害理	54633	sangtianhaili
丧失	54632	sangshi
丧失殆尽	54631	sangshidaijin
丧家	54630	sangjia
丧家之犬	54629	sangjiazhiquan
丧家之狗	54628	sangjiazhigou
丧家犬	54627	sangjiaquan
丧尽天良	54626	sangjintianliang
丧师辱国	54625	sangshiruguo
丧心病狂	54624	sangxinbingkuang
丧志	54623	sangzhi
丧明之痛	54622	sangmingzhitong
丧服	54621	sangfu
丧权	54620	sangquan
丧权辱国	54619	sangquanruguo
丧气	54618	sangqi
丧气话	54617	sangqihua
丧生	54616	sangsheng
丧礼	54615	sangli
丧胆	54614	sangdan
丧胆亡魂	54613	sangdanwanghun
丧胆游魂	54612	sangdanyouhun
丧胆销魂	54611	sangdanxiaohun
丧葬	54610	sangzang
丧葬费	54609	sangzangfei
丧身	54608	sangshen
丧身失节	54607	sangshenshijie
丧钟	54606	sangzhong
丧门	54605	sangmen
丧门星	54604	sangmenxing
丧门神	54603	sangmenshen
丧魂失魄	54602	sanghunshipo
丧魂落魄	54601	sanghunluopo
个个	54600	gege
个中	54599	gezhong
个中妙趣	54598	gezhongmiaoqu
个中滋味	54597	gezhongziwei
个人	54596	geren
个人主义	54595	gerenzhuyi
个人财产	54594	gerencaichan
个位	54593	gewei
个体	54592	geti
个体户	54591	getihu
个体所有制	54590	getisuoyouzhi
个体经济	54589	getijingji
个儿	54588	geer
个别	54587	gebie
个头	54586	getou
个头儿	54585	getouer
个子	54584	gezi
个性	54583	gexing
个把	54582	geba
个旧	54581	gejiu
个旧市	54580	gejiushi
个案	54579	gean
丫头	54578	yatou
丫杈	54577	yacha
中上层	54576	zhongshangceng
中下旬	54575	zhongxiaxun
中下游	54574	zhongxiayou
中专生	54573	zhongzhuansheng
中东	54572	zhongdong
中产	54571	zhongchan
中产阶级	54570	zhongchanjieji
中介人	54569	zhongjieren
中伏	54568	zhongfu
中伤	54567	zhongshang
中低档	54566	zhongdidang
中保	54565	zhongbao
中共	54564	zhonggong
中共中央	54563	zhonggongzhongyang
中冓之言	54562	zhonggouzhiyan
中分	54561	zhongfen
中医师	54560	zhongyishi
中医药	54559	zhongyiyao
中医院	54558	zhongyiyuan
中华	54557	zhonghua
中华人民共和国	54556	zhonghuarenmingongheguo
中华民国	54555	zhonghuaminguo
中华民族	54554	zhonghuaminzu
中华鲟	54553	zhonghuaxun
中卷	54552	zhongjuan
中原逐鹿	54551	zhongyuanzhulu
中古	54550	zhonggu
中号	54549	zhonghao
中和	54548	zhonghe
中国	54547	zhongguo
中国人	54546	zhongguoren
中国人民解放军	54545	zhongguorenminjiefangjun
中国共产党	54544	zhongguogongchandang
中国农业银行	54543	zhongguonongyeyinhang
中国农工民主党	54542	zhongguononggongminzhudang
中国国际广播电台	54541	zhongguoguojiguangbodiantai
中国字	54540	zhongguozi
中国工人	54539	zhongguogongren
中国工农红军	54538	zhongguogongnonghongjun
中国工程院	54537	zhongguogongchengyuan
中国民主促进会	54536	zhongguominzhucujinhui
中国民主同盟	54535	zhongguominzhutongmeng
中国海	54534	zhongguohai
中国画	54533	zhongguohua
中国福利会	54532	zhongguofulihui
中国科学技术大学	54531	zhongguokexuejishudaxue
中国致公党	54530	zhongguozhigongdang
中国话	54529	zhongguohua
中国象棋	54528	zhongguoxiangqi
中国通	54527	zhongguotong
中国青年	54526	zhongguoqingnian
中场	54525	zhongchang
中外合璧	54524	zhongwaihebi
中外合资	54523	zhongwaihezi
中奖	54522	zhongjiang
中封	54521	zhongfeng
中将	54520	zhongjiang
中小型	54519	zhongxiaoxing
中层	54518	zhongceng
中层干部	54517	zhongcengganbu
中常	54516	zhongchang
中幡	54515	zhongfan
中府	54514	zhongfu
中度	54513	zhongdu
中庸之道	54512	zhongyongzhidao
中弹	54511	zhongdan
中彩	54510	zhongcai
中心摇摇	54509	zhongxinyaoyao
中技	54508	zhongji
中招	54507	zhongzhao
中文信息处理	54506	zhongwenxinxichuli
中断	54505	zhongduan
中方	54504	zhongfang
中晚期	54503	zhongwanqi
烟熏	54502	yanxun
中暑	54502	zhongshu
中服	54501	zhongfu
中极	54500	zhongji
中标	54499	zhongbiao
中档	54498	zhongdang
中楷	54497	zhongkai
中段	54496	zhongduan
中毒	54495	zhongdu
中法	54494	zhongfa
中波	54493	zhongbo
中流一壶	54492	zhongliuyihu
中流击楫	54491	zhongliujiji
中流底柱	54490	zhongliudizhu
中流砥柱	54489	zhongliudizhu
中点	54488	zhongdian
中牟	54487	zhongmu
中班	54486	zhongban
中的	54485	zhongde
中程	54484	zhongcheng
中稻	54483	zhongdao
中立不倚	54482	zhonglibuyi
中端	54481	zhongduan
中等	54480	zhongdeng
中等教育	54479	zhongdengjiaoyu
中策	54478	zhongce
中级	54477	zhongji
中缝	54476	zhongfeng
中耕	54475	zhonggeng
中耳	54474	zhonger
中耳炎	54473	zhongeryan
中草药	54472	zhongcaoyao
中药店	54471	zhongyaodian
中药房	54470	zhongyaofang
中药材	54469	zhongyaocai
中行	54468	zhonghang
中表	54467	zhongbiao
中西合璧	54466	zhongxihebi
中计	54465	zhongji
中词	54464	zhongci
中辍	54463	zhongchuo
中道	54462	zhongdao
中道而废	54461	zhongdaoerfei
中部	54460	zhongbu
中都	54459	zhongdu
中锋	54458	zhongfeng
中长	54457	zhongchang
中长期	54456	zhongchangqi
中长跑	54455	zhongchangpao
中队	54454	zhongdui
中雪	54453	zhongxue
中非	54452	zhongfei
中靶	54451	zhongba
中风	54450	zhongfeng
中风瘫痪	54449	zhongfengtanhuan
中餐	54448	zhongcan
中饭	54447	zhongfan
中饱	54446	zhongbao
中饱私囊	54445	zhongbaosinang
中馈乏人	54444	zhongkuifaren
中馈犹虚	54443	zhongkuiyouxu
中高档	54442	zhonggaodang
中黄	54441	zhonghuang
丰亨豫大	54440	fenghengyuda
丰功盛烈	54439	fenggongshenglie
丰功硕德	54438	fenggongshuode
丰取刻与	54437	fengqukeyu
丰姿冶丽	54436	fengziyeli
丰姿绰约	54435	fengzichuoyue
丰富多采	54434	fengfuduocai
丰屋之过	54433	fengwuzhiguo
丰屋蔀家	54432	fengwubujia
丰度翩翩	54431	fengdupianpian
丰标不凡	54430	fengbiaobufan
丰歉	54429	fengqian
丰盛	54428	fengsheng
丰硕	54427	fengshuo
丰神绰约	54426	fengshenchuoyue
丰肌弱骨	54425	fengjiruogu
丰肌秀骨	54424	fengjixiugu
丰草长林	54423	fengcaochanglin
丰衣足食	54422	fengyizushi
丰采	54421	fengcai
串亲戚	54420	chuanqinqi
串亲访友	54419	chuanqinfangyou
串供	54418	chuangong
串味儿	54417	chuanweier
串并联	54416	chuanbinglian
串戏	54415	chuanxi
串案	54414	chuanan
临了	54413	linliao
临别	54412	linbie
临别赠言	54411	linbiezengyan
临别赠语	54410	linbiezengyu
临危不惧	54409	linweibuju
临危不挠	54408	linweibunao
临危不顾	54407	linweibugu
临场	54406	linchang
临头	54405	lintou
临崖勒马	54404	linyalema
临帖	54403	lintie
临敌易将	54402	lindiyijiang
临文不讳	54401	linwenbuhui
临时性	54400	linshixing
临时抱佛脚	54399	linshibaofojiao
临朝	54398	linchao
临机应变	54397	linjiyingbian
临深履薄	54396	linshenlvbo
临潼斗宝	54395	lintongdoubao
临界角	54394	linjiejiao
临空	54393	linkong
临行	54392	linxing
临财不苟	54391	lincaibugou
临阵磨刀	54390	linzhenmodao
临阵磨枪	54389	linzhenmoqiang
临难	54388	linnan
临难不恐	54387	linnanbukong
临难不惧	54386	linnanbuju
临难不避	54385	linnanbubi
临难无慑	54384	linnanwushe
临难苟免	54383	linnangoumian
临难铸兵	54382	linnanzhubing
临风	54381	linfeng
临风对月	54380	linfengduiyue
丸子	54379	wanzi
丸散膏丹	54378	wansangaodan
丸泥封关	54377	wannifengguan
丹之所藏者赤	54376	danzhisuocangzhechi
丹书铁券	54375	danshutiequan
丹书铁契	54374	danshutieqi
丹凤朝阳	54373	danfengchaoyang
丹参	54372	danshen
丹心碧血	54371	danxinbixue
丹毒	54370	dandu
丹铅甲乙	54369	danqianjiayi
丹青不渝	54368	danqingbuyu
为丛驱雀	54367	weicongquque
为主	54366	weizhu
为之语塞	54365	weizhiyuse
为了	54364	weile
为五斗米折腰	54363	weiwudoumizheyao
为人	54362	weiren
为人作嫁	54361	weirenzuojia
为人师表	54360	weirenshibiao
为人说项	54359	weirenshuoxiang
为什么	54358	weishenme
为仁不富	54357	weirenbufu
为伍	54356	weiwu
为何	54355	weihe
为啥	54354	weisha
为善最乐	54353	weishanzuile
为国为民	54352	weiguoweimin
为国捐躯	54351	weiguojuanqu
为好成歉	54350	weihaochengqian
为害	54349	weihai
为富不仁	54348	weifuburen
为小失大	54347	weixiaoshida
为山止篑	54346	weishanzhikui
为德不卒	54345	weidebuzu
为德不终	54344	weidebuzhong
为恶不悛	54343	weiebuquan
为患	54342	weihuan
为所欲为	54341	weisuoyuwei
为政	54340	weizheng
为数	54339	weishu
为时	54338	weishi
为时过早	54337	weishiguozao
为期	54336	weiqi
为期不远	54335	weiqibuyuan
为止	54334	weizhi
为此	54333	weici
为民父母	54332	weiminfumu
为民请命	54331	weiminqingming
为民除害	54330	weiminchuhai
为法自弊	54329	weifazibi
为渊驱鱼	54328	weiyuanquyu
为生	54327	weisheng
为着	54326	weizhe
为虎作伥	54325	weihuzuochang
为虎傅翼	54324	weihufuyi
为虎添翼	54323	weihutianyi
为虺弗摧	54322	weihuifucui
为蛇添足	54321	weishetianzu
为蛇画足	54320	weishehuazu
为裘为箕	54319	weiqiuweiji
为限	54318	weixian
时间复杂度	54317	shijianfuzadu
为难	54317	weinan
为非作恶	54316	weifeizuoe
为非作歹	54315	weifeizuodai
为饥寒所迫	54314	weijihansuopo
为首	54313	weishou
为鬼为蜮	54312	weiguiweiyu
花生油	54311	huashengyou
主上	54311	zhushang
主产	54310	zhuchan
主人家	54309	zhurenjia
主仆	54308	zhupu
主从	54307	zhucong
主任	54306	zhuren
主体	54305	zhuti
主创	54304	zhuchuang
主创人员	54303	zhuchuangrenyuan
主动性	54302	zhudongxing
主动脉	54301	zhudongmai
主句	54300	zhuju
主婚人	54299	zhuhunren
主客观	54298	zhukeguan
主客颠倒	54297	zhukediandao
主家	54296	zhujia
主将	54295	zhujiang
主少国疑	54294	zhushaoguoyi
主席台	54293	zhuxitai
主干	54292	zhugan
主干线	54291	zhuganxian
主心骨	54290	zhuxingu
主战	54289	zhuzhan
主战场	54288	zhuzhanchang
主打	54287	zhuda
主攻手	54286	zhugongshou
主教	54285	zhujiao
主教练	54284	zhujiaolian
主旋律	54283	zhuxuanlv
主枝	54282	zhuzhi
主桥	54281	zhuqiao
主河道	54280	zhuhedao
主治医生	54279	zhuzhiyisheng
主渠道	54278	zhuqudao
主祭	54277	zhuji
主营	54276	zhuying
主要	54275	zhuyao
主要矛盾	54274	zhuyaomaodun
主见	54273	zhujian
主观	54272	zhuguan
主观世界	54271	zhuguanshijie
主观主义	54270	zhuguanzhuyi
主观唯心主义	54269	zhuguanweixinzhuyi
主观性	54268	zhuguanxing
主观能动性	54267	zhuguannengdongxing
主角	54266	zhujue
主语	54265	zhuyu
主调	54264	zhudiao
主责	54263	zhuze
主轴	54262	zhuzhou
主题词	54261	zhutici
主食	54260	zhushi
丽人	54259	liren
丽句清词	54258	lijuqingci
丽句清辞	54257	lijuqingci
丽日	54256	liri
丽水	54255	lishui
丽藻春葩	54254	lizaochunpa
丽质	54253	lizhi
丽都	54252	lidu
举不胜举	54251	jubushengju
举世混浊	54250	jushihunzhuo
举世皆知	54249	jushijiezhi
举例发凡	54248	julifafan
举十知九	54247	jushizhijiu
举发	54246	jufa
举国上下	54245	juguoshangxia
举国若狂	54244	juguoruokuang
举家	54243	jujia
举手相庆	54242	jushouxiangqing
举手礼	54241	jushouli
举措不当	54240	jucuobudang
举措失当	54239	jucuoshidang
举案齐眉	54238	juanqimei
举棋不定	54237	juqibuding
举棋若定	54236	juqiruoding
举止不凡	54235	juzhibufan
举止大方	54234	juzhidafang
复苏	54233	fusu
举止自若	54233	juzhiziruo
举步生风	54232	jubushengfeng
举目无亲	54231	jumuwuqin
举行	54230	juxing
举要	54229	juyao
举要删芜	54228	juyaoshanwu
举贤任能	54227	juxianrenneng
举贤使能	54226	juxianshineng
举足轻重	54225	juzuqingzhong
举重	54224	juzhong
举重若轻	54223	juzhongruoqing
乃心王室	54222	naixinwangshi
实现类	54222	shixianlei
乃至于	54221	naizhiyu
久久不忘	54220	jiujiubuwang
久仰	54219	jiuyang
久假不归	54218	jiujiabugui
久别	54217	jiubie
久别重逢	54216	jiubiechongfeng
久历风尘	54215	jiulifengchen
久安长治	54214	jiuanchangzhi
久悬不决	54213	jiuxuanbujue
久拖不决	54212	jiutuobujue
久旱逢甘雨	54211	jiuhanfengganyu
久经沙场	54210	jiujingshachang
应急预案	54210	yingjiyuan
久经风霜	54209	jiujingfengshuang
久要不忘	54208	jiuyaobuwang
久负盛名	54207	jiufushengming
久远	54206	jiuyuan
久长	54205	jiuchang
久闻大名	54204	jiuwendaming
义不反顾	54203	yibufangu
义不取容	54202	yibuqurong
义不容辞	54201	yiburongci
义不生财	54200	yibushengcai
义务兵	54199	yiwubing
义务工	54198	yiwugong
义务教育	54197	yiwujiaoyu
义和团	54196	yihetuan
义和拳	54195	yihequan
义女	54194	yinv
义愤填胸	54193	yifentianxiong
义愤填膺	54192	yifentianying
义无旋踵	54191	yiwuxuanzhong
义正词严	54190	yizhengciyan
义正辞严	54189	yizhengciyan
义正辞约	54188	yizhengciyue
义气相投	54187	yiqixiangtou
义浆仁粟	54186	yijiangrensu
义薄云天	54185	yiboyuntian
义行	54184	yixing
义重恩深	54183	yizhongenshen
之极	54182	zhiji
之死不渝	54181	zhisibuyu
之首	54180	zhishou
乌压压	54179	wuyaya
乌合之众	54178	wuhezhizhong
乌天黑地	54177	wutianheidi
乌头	54176	wutou
乌头白马生角	54175	wutoubaimashengjiao
乌头马角	54174	wutoumajiao
乌帽红裙	54173	wumaohongqun
乌拉	54172	wula
乌拉圭	54171	wulagui
乌拉尔山脉	54170	wulaershanmai
乌拉草	54169	wulacao
乌有	54168	wuyou
乌有先生	54167	wuyouxiansheng
乌梢蛇	54166	wushaoshe
乌溜溜	54165	wuliuliu
乌白马角	54164	wubaimajiao
乌苏里江	54163	wusulijiang
乌衣子弟	54162	wuyizidi
乌骨鸡	54161	wuguji
乌鲁木齐	54160	wulumuqi
乌龟	54159	wugui
乍暖还寒	54158	zhanuanhuanhan
乍看	54157	zhakan
乏术	54156	fashu
乏累	54155	falei
乐不可支	54154	lebukezhi
乐不可极	54153	lebukeji
乐不可言	54152	lebukeyan
乐不思蜀	54151	lebusishu
乐不极盘	54150	lebujipan
乐业	54149	leye
乐业安居	54148	leyeanju
乐事	54147	leshi
乐事劝功	54146	leshiquangong
乐于	54145	leyu
乐亭	54144	laoting
乐亭县	54143	laotingxian
乐以忘忧	54142	leyiwangyou
乐儿	54141	leer
乐句	54140	leju
乐呵呵	54139	lehehe
乐善不倦	54138	leshanbujuan
乐善好义	54137	leshanhaoyi
乐善好施	54136	leshanhaoshi
乐嗟苦咄	54135	lejiekuduo
乐器	54134	yueqi
乐团	54133	yuetuan
乐园	54132	leyuan
乐土	54131	letu
乐在其中	54130	lezaiqizhong
乐坛	54129	yuetan
乐天	54128	letian
乐天任命	54127	letianrenming
乐天安命	54126	letiananming
乐天派	54125	letianpai
乐天知命	54124	letianzhiming
乐子	54123	lezi
乐安	54122	lean
乐官	54121	yueguan
乐尽哀生	54120	lejinaisheng
乐尽悲来	54119	lejinbeilai
乐山	54118	leshan
乐山乐水	54117	leshanleshui
乐山爱水	54116	leshanaishui
乐工	54115	yuegong
乐师	54114	yueshi
乐府	54113	yuefu
乐府诗	54112	yuefushi
乐往哀来	54111	lewangailai
乐律	54110	yuelv
乐得	54109	lede
乐悠悠	54108	leyouyou
乐意	54107	leyi
乐感	54106	yuegan
乐成人美	54105	lechengrenmei
乐户	54104	yuehu
乐手	54103	yueshou
乐新厌旧	54102	lexinyanjiu
乐昌之镜	54101	lechangzhijing
乐昌分镜	54100	lechangfenjing
乐昌破镜	54099	lechangpojing
乐曲	54098	yuequ
乐极则忧	54097	lejizeyou
乐极则悲	54096	lejizebei
乐极哀来	54095	lejiailai
乐极悲来	54094	lejibeilai
乐极悲生	54093	lejibeisheng
乐极生哀	54092	lejishengai
乐极生悲	54091	lejishengbei
乐果	54090	leguo
乐歌	54089	yuege
乐此不倦	54088	lecibujuan
乐此不疲	54087	lecibupi
乐毅	54086	yueyi
乐池	54085	yuechi
乐清	54084	yueqing
乐滋滋	54083	lezizi
乐理	54082	yueli
乐祸幸灾	54081	lehuoxingzai
乐章	54080	yuezhang
乐而不厌	54079	leerbuyan
乐而不淫	54078	leerbuyin
乐而不荒	54077	leerbuhuang
乐而忘死	54076	leerwangsi
乐而忘返	54075	leerwangfan
乐舞	54074	yuewu
乐融融	54073	lerongrong
乐行忧违	54072	lexingyouwei
乐观	54071	leguan
乐观主义	54070	leguanzhuyi
乐谱	54069	yuepu
乐趣	54068	lequ
乐迷	54067	yuemi
乐退安贫	54066	letuianpin
乐道	54065	ledao
乐道好古	54064	ledaohaogu
乐道安命	54063	ledaoanming
乐道安贫	54062	ledaoanpin
乐道忘饥	54061	ledaowangji
乐道遗荣	54060	ledaoyirong
乐都	54059	ledu
乐队	54058	yuedui
乐陶陶	54057	letaotao
乐音	54056	yueyin
乐颠颠	54055	lediandian
乔其纱	54054	qiaoqisha
乔妆打扮	54053	qiaozhuangdaban
乔文假醋	54052	qiaowenjiacu
乔装打扮	54051	qiaozhuangdaban
乖僻邪谬	54050	guaipixiemiu
乖觉	54049	guaijue
乘乘	54048	chengcheng
乘云行泥	54047	chengyunxingni
乘人之危	54046	chengrenzhiwei
乘伪行诈	54045	chengweixingzha
乘便	54044	chengbian
乘兴	54043	chengxing
乘兴而来	54042	chengxingerlai
乘其不备	54041	chengqibubei
乘其不意	54040	chengqibuyi
乘凉	54039	chengliang
乘利席胜	54038	chenglixisheng
乘务员	54037	chengwuyuan
乘务长	54036	chengwuzhang
乘势	54035	chengshi
乘势使气	54034	chengshishiqi
乘号	54033	chenghao
乘员	54032	chengyuan
乘坐	54031	chengzuo
乘坚策肥	54030	chengjiancefei
乘坚驱良	54029	chengjianquliang
乘壶	54028	chenghu
乘客	54027	chengke
乘幂	54026	chengmi
乘数	54025	chengshu
乘方	54024	chengfang
乘时乘势	54023	chengshichengshi
乘机	54022	chengji
乘机打劫	54021	chengjidajie
乘法	54020	chengfa
乘热打铁	54019	chengredatie
乘积	54018	chengji
乘肥衣轻	54017	chengfeiyiqing
乘胜	54016	chengsheng
乘胜追击	54015	chengshengzhuiji
乘胜逐北	54014	chengshengzhubei
乘舆	54013	shengyu
乘舆播越	54012	chengyuboyue
乘虚	54011	chengxu
乘虚而入	54010	chengxuerru
乘虚蹈隙	54009	chengxudaoxi
乘虚迭出	54008	chengxudiechu
乘警	54007	chengjing
乘车	54006	chengche
乘车戴笠	54005	chengchedaili
乘轻驱肥	54004	chengqingqufei
乘间伺隙	54003	chengjiansixi
乘间投隙	54002	chengjiantouxi
乘间抵隙	54001	chengjiandixi
乘除	54000	chengchu
乘险抵巇	53999	chengxiandixi
乘隙	53998	chengxi
乘隙捣虚	53997	chengxidaoxu
乘隙而入	53996	chengxierru
乘顺水船	53995	chengshunshuichuan
乘风	53994	chengfeng
乘风兴浪	53993	chengfengxinglang
乘风破浪	53992	chengfengpolang
乘风转舵	53991	chengfengzhuanduo
乘马	53990	chengma
乘高决水	53989	chenggaojueshui
乘鸾跨凤	53988	chengluankuafeng
乘龙佳婿	53987	chenglongjiaxu
乘龙快婿	53986	chenglongkuaixu
乘龙配凤	53985	chenglongpeifeng
乙状结肠	53984	yizhuangjiechang
乙种射线	53983	yizhongshexian
乙种粒子	53982	yizhonglizi
乜斜	53981	miexie
乜斜缠帐	53980	niexiechanzhang
九世之仇	53979	jiushizhichou
九原可作	53978	jiuyuankezuo
九变十化	53977	jiubianshihua
九合一匡	53976	jiuheyikuang
九品中正	53975	jiupinzhongzheng
九回肠	53974	jiuhuichang
九垓八埏	53973	jiugaibayan
九大行星	53972	jiudaxingxing
九天九地	53971	jiutianjiudi
九天仙女	53970	jiutianxiannv
九头鸟	53969	jiutouniao
九尾狐	53968	jiuweihu
九折臂	53967	jiuzhebi
九故十亲	53966	jiugushiqin
九曲回肠	53965	jiuquhuichang
九朽一罢	53964	jiuxiuyiba
九死一生	53963	jiusiyisheng
九死不悔	53962	jiusibuhui
九流三教	53961	jiuliusanjiao
九流十家	53960	jiuliushijia
九流百家	53959	jiuliubaijia
九牛一毛	53958	jiuniuyimao
九牛拉不转	53957	jiuniulabuzhuan
九蒸三熯	53956	jiuzhengsanhan
九行八业	53955	jiuhangbaye
九转功成	53954	jiuzhuangongcheng
九重	53953	jiuchong
九重关	53952	jiuchongguan
九重城	53951	jiuchongcheng
九重墙	53950	jiuchongqiang
九重天	53949	jiuchongtian
九重宫	53948	jiuchonggong
九重泉	53947	jiuchongquan
九重锁	53946	jiuchongsuo
九重闺	53945	jiuchonggui
九重阁	53944	jiuchongge
九重霄	53943	jiuchongxiao
九间大殿	53942	jiujiandadian
九间朝殿	53941	jiujianchaodian
九鼎不足为重	53940	jiudingbuzuweizhong
九鼎大吕	53939	jiudingdalv
乞儿乘车	53938	qierchengche
乞和	53937	qihe
乞浆得酒	53936	qijiangdejiu
乞穷俭相	53935	qiqiongjianxiang
乞降	53934	qixiang
乞食	53933	qishi
也好	53932	yehao
也是	53931	yeshi
也罢	53930	yeba
也许	53929	yexu
习与性成	53928	xiyuxingcheng
习以为常	53927	xiyiweichang
习好	53926	xihao
习字帖	53925	xizitie
习字簿	53924	xizibu
习惯于	53923	xiguanyu
习服	53922	xifu
习焉不察	53921	xiyanbucha
习而不察	53920	xierbucha
习见	53919	xijian
乡丁	53918	xiangding
乡书难寄	53917	xiangshunanji
乡亲	53916	xiangqin
乡土气息	53915	xiangtuqixi
乡巴佬儿	53914	xiangbalaoer
乡思	53913	xiangsi
乡曲	53912	xiangqu
乡约	53911	xiangyue
乡规民约	53910	xiangguiminyue
乡长	53909	xiangchang
乡间	53908	xiangjian
书不尽意	53907	shubujinyi
书不尽言	53906	shubujinyan
书不释手	53905	shubushishou
书价	53904	shujia
书体	53903	shuti
书信	53902	shuxin
书僮	53901	shutong
书卷	53900	shujuan
书卷气	53899	shujuanqi
书号	53898	shuhao
书名号	53897	shuminghao
书吧	53896	shuba
书囊无底	53895	shunangwudi
书场	53894	shuchang
书契	53893	shuqi
书家	53892	shujia
书展	53891	shuzhan
书归正传	53890	shuguizhengzhuan
书摊儿	53889	shutaner
书柜	53888	shugui
书生之见	53887	shushengzhijian
书画展	53886	shuhuazhan
书空咄咄	53885	shukongduoduo
书缺有间	53884	shuqueyoujian
书背	53883	shubei
书记员	53882	shujiyuan
书论	53881	shulun
书读五车	53880	shuduwuche
书面语	53879	shumianyu
书香世家	53878	shuxiangshijia
书香人家	53877	shuxiangrenjia
买上告下	53876	maishanggaoxia
买上嘱下	53875	maishangzhuxia
买价	53874	maijia
买关节	53873	maiguanjie
买好	53872	maihao
买家	53871	maijia
买得起	53870	maideqi
买椟还珠	53869	maiduhuanzhu
买王得羊	53868	maiwangdeyang
买空卖空	53867	maikongmaikong
买笑追欢	53866	maixiaozhuihuan
买铁思金	53865	maitiesijin
乱七八糟	53864	luanqibazao
乱作胡为	53863	luanzuohuwei
乱发	53862	luanfa
乱哄哄	53861	luanhonghong
乱头粗服	53860	luantoucufu
乱弹	53859	luantan
乱弹琴	53858	luantanqin
乱成一团	53857	luanchengyituan
乱打	53856	luanda
乱摊子	53855	luantanzi
乱砍滥伐	53854	luankanlanfa
乱箭攒心	53853	luanjiancuanxin
乱语胡言	53852	luanyuhuyan
乱说	53851	luanshuo
乳化	53850	ruhua
乳头	53849	rutou
乳晕	53848	ruyun
乳燕	53847	ruyan
乳犊不怕虎	53846	rudubupahu
乳糜	53845	rumi
乳臭	53844	ruxiu
乳臭未干	53843	ruxiuweigan
乳臭未除	53842	ruchouweichu
乳间股脚	53841	rujiangujiao
乾乾翼翼	53840	qianqianyiyi
乾端坤倪	53839	qianduankunni
了不可见	53838	liaobukejian
了不得	53837	liaobude
了不起	53836	liaobuqi
了不长进	53835	liaobuzhangjin
了了	53834	liaoliao
了了可见	53833	liaoliaokejian
了事	53832	liaoshi
了却	53831	liaoque
了如指掌	53830	liaoruzhizhang
了局	53829	liaoju
了当	53828	liaodang
了得	53827	liaode
了悟	53826	liaowu
了断	53825	liaoduan
了无	53824	liaowu
了无惧色	53823	liaowujuse
了望台	53822	liaowangtai
了然	53821	liaoran
了然于胸	53820	liaoranyuxiong
了然无闻	53819	liaoranwuwen
了结	53818	liaojie
了若指掌	53817	liaoruozhizhang
了解	53816	liaojie
了账	53815	liaozhang
了身脱命	53814	liaoshentuoming
了身达命	53813	liaoshendaming
予人口实	53812	yurenkoushi
予以	53811	yuyi
予取予夺	53810	yuquyuduo
予取予携	53809	yuquyuxie
予取予求	53808	yuquyuqiu
予夺生杀	53807	yuduoshengsha
予智予雄	53806	yuzhiyuxiong
予齿去角	53805	yuchiqujiao
争上游	53804	zhengshangyou
争分夺秒	53803	zhengfenduomiao
争吵	53802	zhengchao
争多论少	53801	zhengduolunshao
争奇斗艳	53800	zhengqidouyan
争妍斗艳	53799	zhengyandouyan
争强	53798	zhengqiang
争强好胜	53797	zhengqianghaosheng
争强斗狠	53796	zhengqiangdouhen
争强斗胜	53795	zhengqiangdousheng
争强显胜	53794	zhengqiangxiansheng
争得	53793	zhengde
争抢	53792	zhengqiang
争斗	53791	zhengdou
争斤论两	53790	zhengjinlunliang
争猫丢牛	53789	zhengmaodiuniu
争短论长	53788	zhengduanlunchang
争论	53787	zhenglun
争长竞短	53786	zhengchangjingduan
争长论短	53785	zhengchanglunduan
争风吃醋	53784	zhengfengchicu
争鸡失羊	53783	zhengjishiyang
事不关己	53782	shibuguanji
事不宜迟	53781	shibuyichi
事不师古	53780	shibushigu
事不有余	53779	shibuyouyu
事不过三	53778	shibuguosan
事与原违	53777	shiyuyuanwei
事与心违	53776	shiyuxinwei
事与愿违	53775	shiyuyuanwei
事业单位	53774	shiyedanwei
事体	53773	shiti
事假	53772	shijia
事出有因	53771	shichuyouyin
事务员	53770	shiwuyuan
事危累卵	53769	shiweileiluan
事后诸葛亮	53768	shihouzhugeliang
事在人为	53767	shizairenwei
事在必行	53766	shizaibixing
事实上	53765	shishishang
事必躬亲	53764	shibigongqin
临床	53763	linchuang
事无三不成	53763	shiwusanbucheng
事无大小	53762	shiwudaxiao
事核言直	53761	shiheyanzhi
事过境迁	53760	shiguojingqian
事过情迁	53759	shiguoqingqian
事过景迁	53758	shiguojingqian
事齐事楚	53757	shiqishichu
二七大罢工	53756	erqidabagong
二万五千里长征	53755	erwanwuqianlichangzheng
二三其德	53754	ersanqide
二三其意	53753	ersanqiyi
二人台	53752	errentai
二人转	53751	errenzhuan
二价	53750	erjia
二传手	53749	erchuanshou
二元论	53748	eryuanlun
二分	53747	erfen
二分明月	53746	erfenmingyue
二副	53745	erfu
二化螟	53744	erhuaming
二十八宿	53743	ershibaxiu
二十四节气	53742	ershisijieqi
二地主	53741	erdizhu
二姓之好	53740	erxingzhihao
二把刀	53739	erbadao
二把手	53738	erbashou
二次曲线	53737	erciquxian
二次能源	53736	ercinengyuan
二氧化物	53735	eryanghuawu
二氧化硅	53734	eryanghuagui
二氧化硫	53733	eryanghualiu
二氧化碳	53732	eryanghuatan
二氧化锰	53731	eryanghuameng
二竖为虐	53730	ershuweinve
二者不可得兼	53729	erzhebukedejian
二茬	53728	ercha
二话不说	53727	erhuabushuo
二话没说	53726	erhuameishuo
二郎腿	53725	erlangtui
二重	53724	erchong
二重唱	53723	erchongchang
二重奏	53722	erchongzou
二重性	53721	erchongxing
二重根	53720	erchonggen
二锅头	53719	erguotou
二面角	53718	ermianjiao
二龙戏珠	53717	erlongxizhu
于今为烈	53716	yujinweilie
于安思危	53715	yuansiwei
于家为国	53714	yujiaweiguo
于心何忍	53713	yuxinheren
于思	53712	yusai
于飞之乐	53711	yufeizhile
亏待	53710	kuidai
亏得	53709	kuide
亏心短行	53708	kuixinduanxing
亏折	53707	kuizhe
亏空	53706	kuikong
亏累	53705	kuilei
云中仙鹤	53704	yunzhongxianhe
云中白鹤	53703	yunzhongbaihe
云交雨合	53702	yunjiaoyuhe
云兴霞蔚	53701	yunxingxiawei
云冈石窟	53700	yungangshiku
云净天空	53699	yunjingtiankong
云南	53698	yunnan
云合响应	53697	yunhexiangying
云合景从	53696	yunhejingcong
云合雾集	53695	yunhewuji
云和	53694	yunhe
云堦月地	53693	yunjieyuedi
云天雾地	53692	yuntianwudi
云头	53691	yuntou
云尤雨殢	53690	yunyouyuti
云屯席卷	53689	yuntunxijuan
云屯星聚	53688	yuntunxingju
云屯森立	53687	yuntunsenli
云屯蚁聚	53686	yuntunyiju
云屯雨集	53685	yuntunyuji
云屯雾散	53684	yuntunwusan
云屯雾集	53683	yuntunwuji
云屯飙散	53682	yuntunbiaosan
云屯鸟散	53681	yuntunniaosan
云山雾罩	53680	yunshanwuzhao
云岭	53679	yunling
云布雨施	53678	yunbuyushi
云布雨润	53677	yunbuyurun
云开见天	53676	yunkaijiantian
云开见日	53675	yunkaijianri
云开雾散	53674	yunkaiwusan
云悲海思	53673	yunbeihaisi
云情雨意	53672	yunqingyuyi
云愁海思	53671	yunchouhaisi
云愁雨怨	53670	yunchouyuyuan
云扰幅裂	53669	yunraofulie
云收雨散	53668	yunshouyusan
云散	53667	yunsan
云散风流	53666	yunsanfengliu
云景	53665	yunjing
云朝雨暮	53664	yunzhaoyumu
云期雨信	53663	yunqiyuxin
云期雨约	53662	yunqiyuyue
云树之思	53661	yunshuzhisi
云梢	53660	yunshao
云泥之别	53659	yunnizhibie
云泥之差	53658	yunnizhicha
云泥异路	53657	yunniyilu
云泥殊路	53656	yunnishulu
云消雨散	53655	yunxiaoyusan
云消雾散	53654	yunxiaowusan
云涌	53653	yunyong
云涌风飞	53652	yunyongfengfei
云涌飙发	53651	yunyongbiaofa
云淡风轻	53650	yundanfengqing
云烟过眼	53649	yunyanguoyan
云片糕	53648	yunpiangao
云程万里	53647	yunchengwanli
云程发轫	53646	yunchengfaren
云窗雾槛	53645	yunchuangwujian
云翻雨覆	53644	yunfanyufu
云舒霞卷	53643	yunshuxiajuan
云行雨施	53642	yunxingyushi
云行雨洽	53641	yunxingyuqia
云趋鹜赴	53640	yunquwufu
云过天空	53639	yunguotiankong
云量	53638	yunliang
云阶月地	53637	yunjieyuedi
云雀	53636	yunque
云集响应	53635	yunjixiangying
云集景从	53634	yunjijingcong
云集景附	53633	yunjijingfu
云雨	53632	yunyu
云雨巫山	53631	yunyuwushan
云雾迷蒙	53630	yunwumimeng
云飞泥沉	53629	yunfeinichen
云飞雨散	53628	yunfeiyusan
云龙风虎	53627	yunlongfenghu
互为	53626	huwei
互为因果	53625	huweiyinguo
互为表里	53624	huweibiaoli
互剥痛疮	53623	hubotongchuang
互助	53622	huzhu
互助组	53621	huzhuzu
互惠互利	53620	huhuihuli
互敬互爱	53619	hujinghuai
互派	53618	hupai
互济	53617	huji
互爱	53616	huai
互相	53615	huxiang
互相推诿	53614	huxiangtuiwei
互相标榜	53613	huxiangbiaobang
互见	53612	hujian
互谅	53611	huliang
互谅互让	53610	hulianghurang
互通有无	53609	hutongyouwu
五一国际劳动节	53608	wuyiguojilaodongjie
五一节	53607	wuyijie
五世其昌	53606	wushiqichang
五亲六眷	53605	wuqinliujuan
五体投地	53604	wutitoudi
五体投诚	53603	wutitoucheng
五侯七贵	53602	wuhouqigui
五侯蜡烛	53601	wuhoulazhu
五内	53600	wunei
五内俱崩	53599	wuneijubeng
五内如焚	53598	wuneirufen
五冬六夏	53597	wudongliuxia
五分	53596	wufen
五华	53595	wuhua
五台	53594	wutai
五台山	53593	wutaishan
五号	53592	wuhao
五合六聚	53591	wuheliuju
五四青年节	53590	wusiqingnianjie
五大三粗	53589	wudasancu
五官科	53588	wuguanke
五尺之僮	53587	wuchizhitong
五尺之童	53586	wuchizhitong
五尺竖子	53585	wuchishuzi
五尺童子	53584	wuchitongzi
五岭	53583	wuling
五心六意	53582	wuxinliuyi
五抢六夺	53581	wuqiangliuduo
五斗折腰	53580	wudouzheyao
五斗柜	53579	wudougui
五斗橱	53578	wudouchu
五方杂处	53577	wufangzachu
五星红旗	53576	wuxinghongqi
五更	53575	wugeng
五更天	53574	wugengtian
五月节	53573	wuyuejie
五服	53572	wufu
五毒	53571	wudu
五毒俱全	53570	wudujuquan
五申三令	53569	wushensanling
五男二女	53568	wunanernv
五石六鹢	53567	wushiliuyi
五积六受	53566	wujiliushou
五经扫地	53565	wujingsaodi
五羊	53564	wuyang
五羖大夫	53563	wugudafu
五胡十六国	53562	wuhushiliuguo
五脊六兽	53561	wujiliushou
五脏六腑	53560	wuzangliufu
五色相宣	53559	wusexiangxuan
五节	53558	wujie
五花大绑	53557	wuhuadabang
五蕴皆空	53556	wuyunjiekong
五藏六府	53555	wuzangliufu
五虚六耗	53554	wuxuliuhao
五行	53553	wuxing
五行俱下	53552	wuxingjuxia
五行八作	53551	wuhangbazuo
五行并下	53550	wuhangbingxia
五行生克	53549	wuxingshengke
五角六张	53548	wujiaoliuzhang
五角大楼	53547	wujiaodalou
五言绝句	53546	wuyanjueju
五言长城	53545	wuyanchangcheng
五谷不分	53544	wugubufen
五谷不升	53543	wugubusheng
五谷杂粮	53542	wuguzaliang
五车腹笥	53541	wuchefusi
五里雾中	53540	wuliwuzhong
五金行	53539	wujinhang
五陵年少	53538	wulingnianshao
五陵英少	53537	wulingyingshao
五雀六燕	53536	wuqueliuyan
五零二落	53535	wulingerluo
五零四散	53534	wulingsisan
五雷轰顶	53533	wuleihongding
五音六律	53532	wuyinliulv
五颜六色	53531	wuyanliuse
五风十雨	53530	wufengshiyu
五马分尸	53529	wumafenshi
五黄六月	53528	wuhuangliuyue
五鼎万钟	53527	wudingwanzhong
井中求火	53526	jingzhongqiuhuo
井中视星	53525	jingzhongshixing
井井有序	53524	jingjingyouxu
井井有方	53523	jingjingyoufang
井井有条	53522	jingjingyoutiao
井井有法	53521	jingjingyoufa
井井有绪	53520	jingjingyouxu
井台	53519	jingtai
井喷	53518	jingpen
井场	53517	jingchang
井底	53516	jingdi
井底之蛙	53515	jingdizhiwa
井底虾蟆	53514	jingdixiama
井底蛤蟆	53513	jingdihama
井底鸣蛙	53512	jingdimingwa
井水不犯河水	53511	jingshuibufanheshui
井渫不食	53510	jingxiebushi
随时随地	53510	suishisuidi
井渫莫食	53509	jingxiemoshi
井然有序	53508	jingranyouxu
井然有条	53507	jingranyoutiao
井管拘墟	53506	jingguanjuxu
井臼亲操	53505	jingjiuqincao
井蛙之见	53504	jingwazhijian
亘古不灭	53503	gengubumie
亘古奇闻	53502	genguqiwen
亘古未有	53501	genguweiyou
亚于	53500	yayu
亚太地区	53499	yataidiqu
亚当	53498	yadang
亚得里亚海	53497	yadeliyahai
亚肩叠背	53496	yajiandiebei
亚肩迭背	53495	yajiandiebei
亚非拉	53494	yafeila
亚马孙河	53493	yamasunhe
些个	53492	xiege
些小	53491	xiexiao
些微	53490	xiewei
些许	53489	xiexu
些须	53488	xiexu
亟亟	53487	jiji
亟疾苛察	53486	jijikecha
亟须	53485	jixu
亡不待夕	53484	wangbudaixi
亡不旋跬	53483	wangbuxuankui
亡不旋踵	53482	wangbuxuanzhong
亡佚	53481	wangyi
亡党	53480	wangdang
亡友	53479	wangyou
亡可奈何	53478	wangkenaihe
亡命	53477	wangming
亡命之徒	53476	wangmingzhitu
亡国	53475	wangguo
亡国之器	53474	wangguozhiqi
亡国之声	53473	wangguozhisheng
亡国之社	53472	wangguozhishe
亡国之音	53471	wangguozhiyin
亡国大夫	53470	wangguodafu
亡国奴	53469	wangguonu
亡国灭种	53468	wangguomiezhong
亡国破家	53467	wangguopojia
亡失	53466	wangshi
亡戟得矛	53465	wangjidemao
亡故	53464	wanggu
亡灵	53463	wangling
亡猿灾木	53462	wangyuanzaimu
亡猿祸木	53461	wangyuanhuomu
亡矢遗镞	53460	wangshiyizu
亡秦三户	53459	wangqinsanhu
亡羊之叹	53458	wangyangzhitan
亡羊得牛	53457	wangyangdeniu
亡羊补牢	53456	wangyangbulao
亡魂	53455	wanghun
亡魂丧胆	53454	wanghunsangdan
亡魂丧魄	53453	wanghunsangpo
亡魂失魄	53452	wanghunshipo
亢龙有悔	53451	kanglongyouhui
交会	53450	jiaohui
交卷	53449	jiaojuan
交叉	53448	jiaocha
交叉感染	53447	jiaochaganran
交叉点	53446	jiaochadian
交叉科学	53445	jiaochakexue
交口同声	53444	jiaokoutongsheng
交口称誉	53443	jiaokouchengyu
交口称赞	53442	jiaokouchengzan
交合	53441	jiaohe
交响乐	53440	jiaoxiangyue
交响曲	53439	jiaoxiangqu
交响诗	53438	jiaoxiangshi
交头互耳	53437	jiaotouhuer
交头接耳	53436	jiaotoujieer
交好	53435	jiaohao
交学费	53434	jiaoxuefei
交寄	53433	jiaoji
交尾	53432	jiaowei
交差	53431	jiaochai
交并	53430	jiaobing
交底	53429	jiaodi
交待	53428	jiaodai
交恶	53427	jiaowu
交换价值	53426	jiaohuanjiazhi
交换台	53425	jiaohuantai
交椅	53424	jiaoyi
交汇点	53423	jiaohuidian
交浅言深	53422	jiaoqianyanshen
交淡若水	53421	jiaodanruoshui
交电	53420	jiaodian
交白卷	53419	jiaobaijuan
交相	53418	jiaoxiang
交相辉映	53417	jiaoxianghuiying
交织	53416	jiaozhi
交结	53415	jiaojie
交给	53414	jiaogei
交能易作	53413	jiaonengyizuo
交臂	53412	jiaobi
交臂历指	53411	jiaobilizhi
交臂失之	53410	jiaobishizhi
交臂相失	53409	jiaobixiangshi
交行	53408	jiaohang
交角	53407	jiaojiao
交还	53406	jiaohuan
交迫	53405	jiaopo
交通信号	53404	jiaotongxinhao
交通员	53403	jiaotongyuan
交通梗塞	53402	jiaotonggengse
交通车	53401	jiaotongche
交通量	53400	jiaotongliang
交颈并头	53399	jiaojingbingtou
交验	53398	jiaoyan
亥豕相望	53397	haishixiangwang
亦步亦趋	53396	yibuyiqu
亦趋亦步	53395	yiquyibu
产业结构	53394	chanyejiegou
产供销	53393	changongxiao
产假	53392	chanjia
产品质量	53391	chanpinzhiliang
产地	53390	chandi
产成品	53389	chanchengpin
产期	53388	chanqi
产褥期	53387	chanruqi
产量	53386	chanliang
产需	53385	chanxu
亨嘉之会	53384	hengjiazhihui
亨通	53383	hengtong
亩产	53382	muchan
享乐	53381	xiangle
享乐主义	53380	xianglezhuyi
享有	53379	xiangyou
京华	53378	jinghua
京味儿	53377	jingweier
京广铁路	53376	jingguangtielu
京戏	53375	jingxi
京片子	53374	jingpianzi
京都	53373	jingdu
京韵大鼓	53372	jingyundagu
亭台楼阁	53371	tingtailouge
亭子	53370	tingzi
亭子间	53369	tingzijian
亭长	53368	tingzhang
亮分	53367	liangfen
亮底	53366	liangdi
亮度	53365	liangdu
亮相	53364	liangxiang
亲丁	53363	qinding
亲上做亲	53362	qinshangzuoqin
亲上成亲	53361	qinshangchengqin
亲临	53360	qinlin
亲临其境	53359	qinlinqijing
亲为	53358	qinwei
亲事	53357	qinshi
亲亲	53356	qinqin
亲人	53355	qinren
亲仁善邻	53354	qinrenshanlin
亲代	53353	qindai
亲信	53352	qinxin
亲兄弟	53351	qinxiongdi
亲兵	53350	qinbing
亲冒矢石	53349	qinmaoshishi
亲切	53348	qinqie
亲切感	53347	qinqiegan
亲历	53346	qinli
亲友	53345	qinyou
亲口	53344	qinkou
亲吻	53343	qinwen
亲和	53342	qinhe
亲和力	53341	qinheli
亲善	53340	qinshan
亲嘴	53339	qinzui
亲如手足	53338	qinrushouzu
亲如骨肉	53337	qinrugurou
亲娘	53336	qinniang
亲子	53335	qinzi
亲家	53334	qingjia
亲家公	53333	qingjiagong
亲家母	53332	qingjiamu
亲密	53331	qinmi
亲密无间	53330	qinmiwujian
亲属	53329	qinshu
亲当矢石	53328	qindangshishi
亲征	53327	qinzheng
亲情	53326	qinqing
亲戚	53325	qinqi
亲手	53324	qinshou
亲操井臼	53323	qincaojingjiu
亲政	53322	qinzheng
亲故	53321	qingu
亲族	53320	qinzu
亲昵	53319	qinni
亲朋	53318	qinpeng
亲本	53317	qinben
亲热	53316	qinre
亲爱	53315	qinai
亲王	53314	qinwang
亲生	53313	qinsheng
亲疏	53312	qinshu
亲疏贵贱	53311	qinshuguijian
亲痛仇快	53310	qintongchoukuai
亲眷	53309	qinjuan
亲眼	53308	qinyan
亲睦	53307	qinmu
亲睹	53306	qindu
亲知	53305	qinzhi
亲离众叛	53304	qinlizhongpan
亲笔	53303	qinbi
亲缘	53302	qinyuan
亲聆	53301	qinling
亲自	53300	qinzi
亲贤远佞	53299	qinxianyuanning
亲身	53298	qinshen
亲迎	53297	qinying
亲近	53296	qinjin
亲随	53295	qinsui
亲骨肉	53294	qingurou
亵渎	53293	xiedu
亹亹不倦	53292	weiweibujuan
人丁	53291	rending
人丁兴旺	53290	rendingxingwang
人不可以貌相	53289	renbukeyimaoxiang
人不可貌相	53288	renbukemaoxiang
人不知鬼不觉	53287	renbuzhiguibujue
人不聊生	53286	renbuliaosheng
人不自安	53285	renbuzian
人世间	53284	renshijian
人中	53283	renzhong
人中之龙	53282	renzhongzhilong
人中狮子	53281	renzhongshizi
人中骐骥	53280	renzhongqiji
人中龙虎	53279	renzhonglonghu
人为	53278	renwei
人为刀俎	53277	renweidaozu
人事不省	53276	renshibuxing
人事不知	53275	renshibuzhi
人事不醒	53274	renshibuxing
人亡家破	53273	renwangjiapo
人亡政息	53272	renwangzhengxi
人亡物在	53271	renwangwuzai
人亡邦瘁	53270	renwangbangcui
人人得而诛之	53269	renrendeerzhuzhi
人人皆知	53268	renrenjiezhi
人以群分	53267	renyiqunfen
人们	53266	renmen
人仰马翻	53265	renyangmafan
人体炸弹	53263	rentizhadan
人前人后	53262	renqianrenhou
人力车	53261	renliche
人千人万	53260	renqianrenwan
人单势孤	53259	rendanshigu
人去楼空	53258	renquloukong
人参	53257	renshen
人参果	53256	renshenguo
人取我与	53255	renquwoyu
人口密度	53254	renkoumidu
人口总数	53253	renkouzongshu
人各有志	53252	rengeyouzhi
人员	53251	renyuan
人味儿	53250	renweier
人命危浅	53249	renmingweiqian
人和	53248	renhe
人地生疏	53247	rendishengshu
人多阙少	53246	renduoqueshao
人大	53245	renda
人夫	53244	renfu
康师傅	53243	kangshifu
人头	53243	rentou
人头畜鸣	53242	rentouchuming
人头税	53241	rentoushui
人家	53240	renjia
人小鬼大	53239	renxiaoguida
人尽其才	53238	renjinqicai
人工合成	53237	rengonghecheng
人工降雨	53236	rengongjiangyu
人强胜天	53235	renqiangshengtian
人强马壮	53234	renqiangmazhuang
人心不古	53233	renxinbugu
人心不足蛇吞象	53232	renxinbuzushetunxiang
人心丧尽	53231	renxinsangjin
人心向背	53230	renxinxiangbei
人心大快	53229	renxindakuai
人心涣散	53228	renxinhuansan
人心莫测	53227	renxinmoce
人心隔肚皮	53226	renxingedupi
扩张	53225	kuozhang
人心难测	53225	renxinnance
人急偎亲	53224	renjiweiqin
人性论	53223	renxinglun
人所不齿	53222	rensuobuchi
人所共知	53221	rensuogongzhi
人才市场	53220	rencaishichang
人才济济	53219	rencaijiji
人才难得	53218	rencainande
人数	53217	renshu
人数众多	53216	renshuzhongduo
人机对话	53215	renjiduihua
人杰地灵	53214	renjiediling
人样儿	53213	renyanger
人格化	53212	rengehua
人模狗样	53211	renmugouyang
人欲横流	53210	renyuhengliu
人氏	53209	renshi
人民代表大会	53208	renmindaibiaodahui
人民内部矛盾	53207	renminneibumaodun
人民团体	53206	renmintuanti
人民大会堂	53205	renmindahuitang
人民教师	53204	renminjiaoshi
人民英雄纪念碑	53203	renminyingxiongjinianbei
人浮于食	53202	renfuyushi
人海战术	53201	renhaizhanshu
人涉卬否	53200	rensheangfou
人满为患	53199	renmanweihuan
人物肖像	53198	renwuxiaoxiang
人琴两亡	53197	renqinliangwang
人琴俱亡	53196	renqinjuwang
人生何处不相逢	53195	renshenghechubuxiangfeng
乐骋	53194	lecheng
人生如朝露	53194	renshengruzhaolu
人生朝露	53193	renshengchaolu
人生自古谁无死	53192	renshengzigusheiwusi
人生若寄	53191	renshengruoji
人生观	53190	renshengguan
人生路不熟	53189	renshenglubushu
人生面不熟	53188	renshengmianbushu
人百其身	53187	renbaiqishen
人神共嫉	53186	renshengongji
人神共愤	53185	renshengongfen
人神同嫉	53184	renshentongji
人种	53183	renzhong
人称	53182	rencheng
人约黄昏	53181	renyuehuanghun
人给家足	53180	renjijiazu
人自为战	53179	renziweizhan
人自为政	53178	renziweizheng
人莫予毒	53177	renmoyudu
人行横道	53176	renxinghengdao
人行道	53175	renxingdao
人言可畏	53174	renyankewei
人言藉藉	53173	renyanjiji
人语马嘶	53172	renyumasi
人财两空	53171	rencailiangkong
人足家给	53170	renzujiaji
人轧人	53169	rengaren
人造地球卫星	53168	renzaodiqiuweixing
人造纤维	53167	renzaoxianwei
人造行星	53166	renzaoxingxing
人间	53165	renjian
人间地狱	53164	renjiandiyu
人间天上	53163	renjiantianshang
人间天堂	53162	renjiantiantang
人间重晚晴	53161	renjianzhongwanqing
人防工程	53160	renfanggongcheng
人际关系	53159	renjiguanxi
人非木石	53158	renfeimushi
亿万	53157	yiwan
亿万斯年	53156	yiwansinian
亿辛万苦	53155	yixinwanku
什么	53154	shenme
什么事	53153	shenmeshi
什么时候	53152	shenmeshihou
什么的	53151	shenmede
什件儿	53150	shijianer
什伍东西	53149	shiwudongxi
什围伍攻	53148	shiweiwugong
什物	53147	shiwu
什袭以藏	53146	shixiyicang
什袭珍藏	53145	shixizhencang
什袭而藏	53144	shixiercang
什锦	53143	shijin
仁儿	53142	rener
仁化	53141	renhua
仁同一视	53140	rentongyishi
仁弟	53139	rendi
仁心仁术	53138	renxinrenshu
仁术	53137	renshu
仁浆义粟	53136	renjiangyisu
仁者能仁	53135	renzhenengren
仁至义尽	53134	renzhiyijin
仅仅	53133	jinjin
仅以身免	53132	jinyishenmian
仅只	53131	jinzhi
仅够	53130	jingou
仅容旋马	53129	jinrongxuanma
仅有	53128	jinyou
仅次于	53127	jinciyu
仅此	53126	jinci
仅此而已	53125	jincieryi
仅见	53124	jinjian
仆人	53123	puren
仆仆亟拜	53122	pupujibai
仆仆道途	53121	pupudaotu
仆仆风尘	53120	pupufengchen
仆从	53119	pucong
仆妇	53118	pufu
仆役	53117	puyi
仇人	53116	chouren
仇外	53115	chouwai
仇姓	53114	qiuxing
仇家	53113	choujia
仇怨	53112	chouyuan
仇恨	53111	chouhen
仇敌	53110	choudi
仇杀	53109	chousha
仇视	53108	choushi
仇隙	53107	chouxi
今不如昔	53106	jinburuxi
今儿个	53105	jinerge
今夕何夕	53104	jinxihexi
今日有酒今日醉	53103	jinriyoujiujinrizui
今朝	53102	jinzhao
今朝有酒今朝醉	53101	jinzhaoyoujiujinzhaozui
今番	53100	jinfan
今蝉蜕壳	53099	jinchantuike
今雨新知	53098	jinyuxinzhi
介绍信	53097	jieshaoxin
从一而终	53096	congyierzhong
从不	53095	congbu
从业	53094	congye
从中	53093	congzhong
从中作梗	53092	congzhongzuogeng
从中渔利	53091	congzhongyuli
从事	53090	congshi
从井救人	53089	congjingjiuren
从今	53088	congjin
从从容容	53087	congcongrongrong
从令如流	53086	conglingruliu
从众	53085	congzhong
从优	53084	congyou
从俗	53083	congsu
从俗就简	53082	congsujiujian
从俗浮沉	53081	congsufuchen
从先	53080	congxian
从军	53079	congjun
从刑	53078	congxing
从前	53077	congqian
从动	53076	congdong
从化	53075	conghua
从医	53074	congyi
从句	53073	congju
从命	53072	congming
从商	53071	congshang
从善如流	53070	congshanruliu
从善如登	53069	congshanrudeng
从善若流	53068	congshanruoliu
从壁上观	53067	congbishangguan
从天而下	53066	congtianerxia
从天而降	53065	congtianerjiang
从头	53064	congtou
从头到尾	53063	congtoudaowei
从头彻尾	53062	congtouchewei
从头至尾	53061	congtouzhiwei
从实	53060	congshi
从容	53059	congrong
从容不迫	53058	congrongbupo
从容就义	53057	congrongjiuyi
从容应对	53056	congrongyingdui
从容自在	53055	congrongzizai
从容自如	53054	congrongziru
从容自若	53053	congrongziruo
从宽发落	53052	congkuanfaluo
从小	53051	congxiao
从属	53050	congshu
从师	53049	congshi
从征	53048	congzheng
从心所欲	53047	congxinsuoyu
从恶如崩	53046	congerubeng
从恶是崩	53045	congeshibeng
从恶若崩	53044	congeruobeng
从戎	53043	congrong
从政	53042	congzheng
从教	53041	congjiao
从新	53040	congxin
从权	53039	congquan
从来	53038	conglai
从此	53037	congci
从流忘反	53036	congliuwangfan
从犯	53035	congfan
从略	53034	conglve
从简	53033	congjian
从而	53032	conger
从良	53031	congliang
从艺	53030	congyi
从谏如流	53029	congjianruliu
从轻发落	53028	congqingfaluo
从速	53027	congsu
从重	53026	congzhong
从长商议	53025	congchangshangyi
从长计议	53024	congchangjiyi
从长计较	53023	congchangjijiao
从难	53022	congnan
从风而服	53021	congfengerfu
从风而靡	53020	congfengermi
仓储超市	53019	cangchuchaoshi
仓卒	53018	cangcu
仓卒主人	53017	cangcuzhuren
仓卒之际	53016	cangcuzhiji
仓容	53015	cangrong
仓颉	53014	cangjie
仔密	53013	zimi
仔猪	53012	zizhu
仔畜	53011	zichu
仔细	53010	zixi
仔肩	53009	zijian
仔鱼	53008	ziyu
仔鸡	53007	ziji
仕女	53006	shinv
仕女图	53005	shinvtu
他乡异县	53004	taxiangyixian
他乡故知	53003	taxiangguzhi
他乡遇故知	53002	taxiangyuguzhi
他们	53001	tamen
他们俩	53000	tamenlia
他们的	52999	tamende
他们自己	52998	tamenziji
他们自己的	52997	tamenzijide
他处	52996	tachu
他家	52995	tajia
他山之石	52994	tashanzhishi
他指	52993	tazhi
仗节死义	52992	zhangjiesiyi
付与	52991	fuyu
付之一炬	52990	fuzhiyiju
付之丙丁	52989	fuzhibingding
付之度外	52988	fuzhiduwai
付酬	52987	fuchou
健力宝	52986	jianlibao
仙乐	52986	xianle
仙台	52985	xiantai
仙女	52984	xiannv
仙姿佚貌	52983	xianziyimao
仙术	52982	xianshu
仙液琼浆	52981	xianyeqiongjiang
仙露明珠	52980	xianlumingzhu
仙风道格	52979	xianfengdaoge
仙风道气	52978	xianfengdaoqi
仙风道骨	52977	xianfengdaogu
仡佬族	52976	gelaozu
代为	52975	daiwei
代为说项	52974	daiweishuoxiang
代人受过	52973	dairenshouguo
代人说项	52972	dairenshuoxiang
代代相传	52971	daidaixiangchuan
代价	52970	daijia
代办处	52969	daibanchu
代号	52968	daihao
代数	52967	daishu
代数和	52966	daishuhe
代数学	52965	daishuxue
代数式	52964	daishushi
代数数	52963	daishushu
代数方程	52962	daishufangcheng
代称	52961	daicheng
代行	52960	daixing
代金	52959	daijin
代食品	52958	daishipin
代马依风	52957	daimayifeng
代马望北	52956	daimawangbei
令不虚行	52955	lingbuxuxing
令亲	52954	lingqin
令人	52953	lingren
令人作呕	52952	lingrenzuoou
令人切齿	52951	lingrenqiechi
令人发指	52950	lingrenfazhi
令人喷饭	52949	lingrenpenfan
令人捧腹	52948	lingrenpengfu
令人注目	52947	lingrenzhumu
令人瞩目	52946	lingrenzhumu
令人神往	52945	lingrenshenwang
令人莫测	52944	lingrenmoce
令人起敬	52943	lingrenqijing
令人齿冷	52942	lingrenchileng
令兄	52941	lingxiong
令原之戚	52940	lingyuanzhiqi
令堂	52939	lingtang
令妹	52938	lingmei
令媛	52937	lingyuan
令嫒	52936	lingai
令尊	52935	lingzun
令弟	52934	lingdi
令旗	52933	lingqi
令爱	52932	lingai
令牌	52931	lingpai
令状	52930	lingzhuang
令狐	52929	linghu
令箭	52928	lingjian
令箭荷花	52927	lingjianhehua
令节	52926	lingjie
令行如流	52925	lingxingruliu
令行禁止	52924	lingxingjinzhi
令誉	52923	lingyu
令郎	52922	linglang
以一当十	52921	yiyidangshi
以一持万	52920	yiyichiwan
以一知万	52919	yiyizhiwan
以上	52918	yishang
以不济可	52917	yifoujike
以为	52916	yiwei
以为后图	52915	yiweihoutu
以书为御	52914	yishuweiyu
以人为鉴	52913	yirenweijian
以人为镜	52912	yirenweijing
以人择官	52911	yirenzeguan
以众暴寡	52910	yizhongbaogua
以佚待劳	52909	yiyidailao
以便	52908	yibian
以假乱真	52907	yijialuanzhen
以内	52906	yinei
以冠补履	52905	yiguanbulv
以利累形	52904	yilileixing
以力服人	52903	yilifuren
以功补过	52902	yigongbuguo
以升量石	52901	yishengliangdan
以卵击石	52900	yiluanjishi
以卵投石	52899	yiluantoushi
以卵敌石	52898	yiluandishi
以古为鉴	52897	yiguweijian
以古为镜	52896	yiguweijing
以售其奸	52895	yishouqijian
以夜继朝	52894	yiyejizhao
以大恶细	52893	yidawuxi
以天下为己任	52892	yitianxiaweijiren
以守为攻	52891	yishouweigong
以宫笑角	52890	yigongxiaojue
以小见大	52889	yixiaojianda
以工代干	52888	yigongdaigan
以己度人	52887	yijiduoren
以弱制强	52886	yiruozhiqiang
以弱胜强	52885	yiruoshengqiang
以强凌弱	52884	yiqianglingruo
以强胜弱	52883	yiqiangshengruo
以微知着	52882	yiweizhizhuo
以微知著	52881	yiweizhizhu
以德服人	52880	yidefuren
以德追祸	52879	yidezhuihuo
以心传心	52878	yixinchuanxin
以忍为阍	52877	yirenweihun
以恶报恶	52876	yiebaoe
以意为之	52875	yiyiweizhi
以慎为键	52874	yishenweijian
以攻为守	52873	yigongweishou
以文会友	52872	yiwenhuiyou
以日为年	52871	yiriweinian
以暴易暴	52870	yibaoyibao
以期	52869	yiqi
以正视听	52868	yizhengshiting
以毁为罚	52867	yihuiweifa
以毒攻毒	52866	yidugongdu
以毛相马	52865	yimaoxiangma
以水投石	52864	yishuitoushi
以水洗血	52863	yishuixixue
以水济水	52862	yishuijishui
以汤止沸	52861	yitangzhifei
以汤沃沸	52860	yitangwofei
以汤沃雪	52859	yitangwoxue
以沫相濡	52858	yimoxiangru
以法为教	52857	yifaweijiao
以泽量尸	52856	yizeliangshi
以渴服马	52855	yikefuma
以火去蛾	52854	yihuoque
以牙还牙	52853	yiyahuanya
以珠弹雀	52852	yizhutanque
以理服人	52851	yilifuren
以疏间亲	52850	yishujianqin
以疑决疑	52849	yiyijueyi
以白为黑	52848	yibaiweihei
以眼还眼	52847	yiyanhuanyan
以石投卵	52846	yishitouluan
以石投水	52845	yishitoushui
以礼相待	52844	yilixiangdai
以筌为鱼	52843	yiquanweiyu
以简御繁	52842	yijianyufan
以简驭繁	52841	yijianyufan
以类相从	52840	yileixiangcong
以紫为朱	52839	yiziweizhu
以紫乱朱	52838	yiziluanzhu
以羊易牛	52837	yiyangyiniu
以耳为目	52836	yierweimu
以茶当酒	52835	yichadangjiu
以螳当车	52834	yitangdangche
以蠡测海	52833	yilicehai
以血洗血	52832	yixuexixue
以观后效	52831	yiguanhouxiao
以规为瑱	52830	yiguiweitian
以言为讳	52829	yiyanweihui
以誉为赏	52828	yiyuweishang
以誉进能	52827	yiyujinneng
以讹传讹	52826	yiechuane
以诚相待	52825	yichengxiangdai
香菜	52824	xiangcai
以资鼓励	52824	yiziguli
以身许国	52823	yishenxuguo
以近	52822	yijin
以还	52821	yihuan
以远	52820	yiyuan
以退为进	52819	yituiweijin
以逸待劳	52818	yiyidailao
以邻为壑	52817	yilinweihe
以郄视文	52816	yixishiwen
以酒解酲	52815	yijiujiecheng
以铢称镒	52814	yizhuchengyi
以锥刺地	52813	yizhuicidi
以镒称铢	52812	yiyichengzhu
以防万一	52811	yifangwanyi
以防不测	52810	yifangbuce
以骨去蚁	52809	yiguquyi
以鹿为马	52808	yiluweima
以黑为白	52807	yiheiweibai
仪态万千	52806	yitaiwanqian
仪态万方	52805	yitaiwanfang
仪节	52804	yijie
仪静体闲	52803	yijingtixian
仰不愧天	52802	yangbukuitian
仰之弥高	52801	yangzhimigao
仰事俛畜	52800	yangshifuchu
仰事俯畜	52799	yangshifuxu
仰事俯育	52798	yangshifuyu
仰人眉睫	52797	yangrenmeijie
仰人鼻息	52796	yangrenbixi
仰仗	52795	yangzhang
仰光	52794	yangguang
仰八叉	52793	yangbacha
仰卧	52792	yangwo
仰卧起坐	52791	yangwoqizuo
仰取俯拾	52790	yangqufushi
仰天	52789	yangtian
仰屋着书	52788	yangwuzhuoshu
仰屋窃叹	52787	yangwuqietan
仰屋著书	52786	yangwuzhushu
仰慕	52785	yangmu
仰承	52784	yangcheng
仰拾俯取	52783	yangshifuqu
仰望	52782	yangwang
仰泳	52781	yangyong
仰给	52780	yangji
仰脖	52779	yangbo
仰观俯察	52778	yangguanfucha
仰视	52777	yangshi
仰角	52776	yangjiao
仰赖	52775	yanglai
仰靠	52774	yangkao
仰面	52773	yangmian
仰面唾天	52772	yangmiantuotian
仰面朝天	52771	yangmianchaotian
仰韶文化	52770	yangshaowenhua
仰首	52769	yangshou
仰首伸眉	52768	yangshoushenmei
仲孙	52767	zhongsun
仲家	52766	zhongjia
仳离	52765	pili
件头	52764	jiantou
件数	52763	jianshu
价值	52762	jiazhi
价值规律	52761	jiazhiguilv
价值连城	52760	jiazhiliancheng
价增一顾	52759	jiazengyigu
价廉物美	52758	jialianwumei
价格	52757	jiage
价目	52756	jiamu
价目表	52755	jiamubiao
价码	52754	jiama
价等连城	52753	jiadengliancheng
价签	52752	jiaqian
价钱	52751	jiaqian
任丘	52750	renqiu
任人唯亲	52749	renrenweiqin
任人唯贤	52748	renrenweixian
任人摆布	52747	renrenbaibu
任从	52746	rencong
任何	52745	renhe
任便	52744	renbian
任免	52743	renmian
任其自流	52742	renqiziliu
任其自然	52741	renqiziran
任内	52740	rennei
任凭	52739	renping
任务	52738	renwu
任劳任怨	52737	renlaorenyuan
任命	52736	renming
任姓	52735	renxing
任性	52734	renxing
任怨任劳	52733	renyuanrenlao
任情	52732	renqing
任意	52731	renyi
任意球	52730	renyiqiu
任教	52729	renjiao
任期	52728	renqi
任用	52727	renyong
任职	52726	renzhi
任脉	52725	renmai
任课	52724	renke
任贤使能	52723	renxianshineng
任达不拘	52722	rendabuju
任选	52721	renxuan
任重才轻	52720	renzhongcaiqing
任重至远	52719	renzhongzhiyuan
任重致远	52718	renzhongzhiyuan
任重道悠	52717	renzhongdaoyou
任重道远	52716	renzhongdaoyuan
任随	52715	rensui
份儿	52714	fener
份儿菜	52713	fenercai
份儿饭	52712	fenerfan
份地	52711	fendi
份子	52710	fenzi
份量	52709	fenliang
份额	52708	fene
仿佛	52707	fangfu
仿冒	52706	fangmao
仿单	52705	fangdan
仿宋体	52704	fangsongti
仿建	52703	fangjian
仿徨失措	52702	panghuangshicuo
仿生	52701	fangsheng
仿行	52700	fangxing
企业化	52699	qiyehua
企业家	52698	qiyejia
企业界	52697	qiyejie
企事业	52696	qishiye
企划	52695	qihua
企待	52694	qidai
企管	52693	qiguan
企足而待	52692	qizuerdai
企踵可待	52691	qizhongkedai
伊于胡底	52690	yiyuhudi
伊何底止	52689	yihedizhi
伊吾	52688	yiwu
伊斯兰教	52687	yisilanjiao
伊甸园	52686	yidianyuan
伎俩	52685	jiliang
伏地	52684	fudi
伏地圣人	52683	fudishengren
伏帖	52682	futie
伏瘕	52681	fujia
伏而咶天	52680	fuershitian
伏虎降龙	52679	fuhuxianglong
伐冰之家	52678	fabingzhijia
伐功矜能	52677	fagongjinneng
伐区	52676	faqu
伐异党同	52675	fayidangtong
伐毛洗髓	52674	famaoxisui
休业	52673	xiuye
休书	52672	xiushu
休休有容	52671	xiuxiuyourong
休会	52670	xiuhui
休假	52669	xiujia
休克	52668	xiuke
休兵	52667	xiubing
休兵罢战	52666	xiubingbazhan
休养	52665	xiuyang
休养所	52664	xiuyangsuo
休养生息	52663	xiuyangshengxi
休刊	52662	xiukan
休声美誉	52661	xiushengmeiyu
休学	52660	xiuxue
休宁	52659	xiuning
休息	52658	xiuxi
休想	52657	xiuxiang
休憩	52656	xiuqi
休战	52655	xiuzhan
休戚	52654	xiuqi
休戚与共	52653	xiuqiyugong
休戚相关	52652	xiuqixiangguan
休整	52651	xiuzheng
休明盛世	52650	xiumingshengshi
休止	52649	xiuzhi
休止符	52648	xiuzhifu
休渔	52647	xiuyu
休牛归马	52646	xiuniuguima
休牛散马	52645	xiuniusanma
休班	52644	xiuban
休眠	52643	xiumian
休耕	52642	xiugeng
休耕地	52641	xiugengdi
休闲	52640	xiuxian
众人广坐	52639	zhongrenguangzuo
众人拾柴火焰高	52638	zhongrenshichaihuoyangao
众叛亲离	52637	zhongpanqinli
众口交传	52636	zhongkoujiaochuan
众口同声	52635	zhongkoutongsheng
众口熏天	52634	zhongkouxuntian
众口相传	52633	zhongkouxiangchuan
众口难调	52632	zhongkounantiao
众啄同音	52631	zhongzhuotongyin
众喣漂山	52630	zhongxupiaoshan
众好众恶	52629	zhonghaozhongwu
众寡不敌	52628	zhongguabudi
众少成多	52627	zhongshaochengduo
众怒难任	52626	zhongnunanren
众怒难犯	52625	zhongnunanfan
众所共知	52624	zhongsuogongzhi
众所周知	52623	zhongsuozhouzhi
众数	52622	zhongshu
众星拱北	52621	zhongxinggongbei
众星攒月	52620	zhongxingcuanyue
众毁销骨	52619	zhonghuixiaogu
众毛攒裘	52618	zhongmaocuanqiu
众毛飞骨	52617	zhongmaofeigu
众生相	52616	zhongshengxiang
众目共睹	52615	zhongmugongdu
众目共视	52614	zhongmugongshi
众矢之的	52613	zhongshizhidi
众虎同心	52612	zhonghutongxin
众说	52611	zhongshuo
众说纷揉	52610	zhongshuofenrou
众说纷纭	52609	zhongshuofenyun
众难群疑	52608	zhongnanqunyi
众难群移	52607	zhongnanqunyi
优价	52606	youjia
优化	52605	youhua
优孟衣冠	52604	youmengyiguan
优待	52603	youdai
优待券	52602	youdaiquan
优惠券	52601	youhuiquan
优惠待遇	52600	youhuidaiyu
优抚金	52599	youfujin
优游不断	52598	youyoubuduan
优游卒岁	52597	youyouzusui
优游自得	52596	youyouzide
优游自若	52595	youyouziruo
优缺点	52594	youquedian
伙伴关系	52593	huobanguanxi
伙同	52592	huotong
伙夫	52591	huofu
伙食	52590	huoshi
会上	52589	huishang
会众	52588	huizhong
会儿	52587	huier
会元	52586	huiyuan
会党	52585	huidang
会典	52584	huidian
会刊	52583	huikan
会剿	52582	huijiao
会务	52581	huiwu
会厌	52580	huiyan
会友	52579	huiyou
会合	52578	huihe
会同	52577	huitong
会员	52576	huiyuan
会员国	52575	huiyuanguo
会员证	52574	huiyuanzheng
会商	52573	huishang
会场	52572	huichang
会址	52571	huizhi
会堂	52570	huitang
会宁	52569	huining
会审	52568	huishen
会客	52567	huike
会客室	52566	huikeshi
会家不忙	52565	huijiabumang
会少离多	52564	huishaoliduo
会师	52563	huishi
会徽	52562	huihui
会心	52561	huixin
会意	52560	huiyi
会战	52559	huizhan
会所	52558	huisuo
会报	52557	huibao
会操	52556	huicao
会昌	52555	huichang
会晤	52554	huiwu
会期	52553	huiqi
会标	52552	huibiao
会水	52551	huishui
会演	52550	huiyan
会理	52549	huili
会社	52548	huishe
会章	52547	huizhang
会签	52546	huiqian
会籍	52545	huiji
会考	52544	huikao
会者不忙	52543	huizhebumang
会聚	52542	huiju
会见	52541	huijian
会计	52540	kuaiji
会计制度	52539	kuaijizhidu
会计师	52538	kuaijishi
会议	52537	huiyi
会议室	52536	huiyishi
会诊	52535	huizhen
会试	52534	huishi
会话	52533	huihua
会谈	52532	huitan
会账	52531	huizhang
会费	52530	huifei
会车	52529	huiche
会通	52528	huitong
会逢其适	52527	huifengqishi
会道能说	52526	huidaonengshuo
会道门	52525	huidaomen
会钞	52524	huichao
会长	52523	huizhang
会阴	52522	huiyin
会集	52521	huiji
会面	52520	huimian
会风	52519	huifeng
会餐	52518	huican
会馆	52517	huiguan
会首	52516	huishou
会齐	52515	huiqi
伛偻	52514	yulv
伞盖	52513	sangai
伞骨	52512	sangu
伟大	52511	weida
伟论	52510	weilun
传世	52509	chuanshi
传为佳话	52508	chuanweijiahua
传为笑柄	52507	chuanweixiaobing
传为笑谈	52506	chuanweixiaotan
传为美谈	52505	chuanweimeitan
传习	52504	chuanxi
传人	52503	chuanren
传代	52502	chuandai
传令	52501	chuanling
传令兵	52500	chuanlingbing
传入	52499	chuanru
传动	52498	chuandong
传动带	52497	chuandongdai
传单	52496	chuandan
传单炸弹	52495	chuandanzhadan
传名	52494	chuanming
传告	52493	chuangao
传呼	52492	chuanhu
传呼电话	52491	chuanhudianhua
传唤	52490	chuanhuan
传唱	52489	chuanchang
传圭袭组	52488	chuanguixizu
传声	52487	chuansheng
传声器	52486	chuanshengqi
传声筒	52485	chuanshengtong
传奇	52484	chuanqi
传媒	52483	chuanmei
传宗接代	52482	chuanzongjiedai
传家	52481	chuanjia
传家宝	52480	chuanjiabao
传导	52479	chuandao
传布	52478	chuanbu
传帮带	52477	chuanbangdai
传情	52476	chuanqing
传感	52475	chuangan
传感器	52474	chuanganqi
传扬	52473	chuanyang
传承	52472	chuancheng
传技	52471	chuanji
传抄	52470	chuanchao
传授	52469	chuanshou
传播	52468	chuanbo
传教	52467	chuanjiao
传教士	52466	chuanjiaoshi
传旨	52465	chuanzhi
传本	52464	chuanben
传杯弄盏	52463	chuanbeinongzhan
传杯换盏	52462	chuanbeihuanzhan
传柄移藉	52461	chuanbingyijie
传染	52460	chuanran
传染病	52459	chuanranbing
传檄而定	52458	chuanxierding
传热	52457	chuanre
传爵袭紫	52456	chuanjuexizi
传球	52455	chuanqiu
传略	52454	zhuanlve
传真	52453	chuanzhen
传真电报	52452	chuanzhendianbao
传神	52451	chuanshen
传神阿堵	52450	chuanshenedu
传票	52449	chuanpiao
传种	52448	chuanzhong
传粉	52447	chuanfen
传纸条	52446	chuanzhitiao
传经	52445	chuanjing
传经送宝	52444	chuanjingsongbao
传统	52443	chuantong
传言	52442	chuanyan
传讯	52441	chuanxun
传记	52440	zhuanji
传记片	52439	zhuanjipian
传译	52438	chuanyi
传话	52437	chuanhua
传说	52436	chuanshuo
传诵	52435	chuansong
传诵一时	52434	chuansongyishi
传质	52433	chuanzhi
传输	52432	chuanshu
传达	52431	chuanda
传达室	52430	chuandashi
传送	52429	chuansong
传送带	52428	chuansongdai
传递	52427	chuandi
传道	52426	chuandao
传道受业	52425	chuandaoshouye
传问	52424	chuanwen
传闻	52423	chuanwen
传闻不如亲见	52422	chuanwenburuqinjian
传闻异辞	52421	chuanwenyici
传阅	52420	chuanyue
传颂	52419	chuansong
传风扇火	52418	chuanfengshanhuo
传风搧火	52417	chuanfengshanhuo
传龟袭紫	52416	chuanguixizi
伤亡	52415	shangwang
伤亡事故	52414	shangwangshigu
伤化败俗	52413	shanghuabaisu
伤号	52412	shanghao
伤员	52411	shangyuan
伤教败俗	52410	shangjiaobaisu
伤残人	52409	shangcanren
伤病员	52408	shangbingyuan
伤痕文学	52407	shanghenwenxue
伤筋动骨	52406	shangjindonggu
伤言扎语	52405	shangyanzhayu
伤财	52404	shangcai
伤风	52403	shangfeng
伤风败俗	52402	shangfengbaisu
伤风败化	52401	shangfengbaihua
伦敦	52400	lundun
伦敦大学	52399	lundundaxue
伧俗	52398	cangsu
伪君子	52397	weijunzi
伪政权	52396	weizhengquan
伪称	52395	weicheng
伯乐	52394	bole
伯乐一顾	52393	boleyigu
伯乐相马	52392	bolexiangma
伯仲	52391	bozhong
伯仲之间	52390	bozhongzhijian
伯仲叔季	52389	bozhongshuji
伯伯	52388	bobo
伯公	52387	bogong
伯利兹	52386	bolizi
伯劳	52385	bolao
伯劳飞燕	52384	bolaofeiyan
伯埙仲篪	52383	boxunzhongchi
伯婆	52382	bopo
伯尔尼	52381	boerni
伯德	52380	bode
伯歌季舞	52379	bogejiwu
伯母	52378	bomu
伯爵	52377	bojue
伯父	52376	bofu
伯玉知非	52375	boyuzhifei
伯祖	52374	bozu
伯祖母	52373	bozumu
伯道无儿	52372	bodaowuer
估产	52371	guchan
估价	52370	gujia
估堆儿	52369	guduier
估摸	52368	gumo
估算	52367	gusuan
估衣	52366	guyi
估计	52365	guji
估量	52364	guliang
伴同	52363	bantong
伴读	52362	bandu
伴郎	52361	banlang
伴食中书	52360	banshizhongshu
伴食宰相	52359	banshizaixiang
伸头	52358	shentou
伸头探脑	52357	shentoutannao
伸头缩颈	52356	shentousuojing
伸手不见五指	52355	shenshoubujianwuzhi
伸曲	52354	shenqu
伸缩	52353	shensuo
伸缩性	52352	shensuoxing
伸舌头	52351	shenshetou
伸长	52350	shenchang
伺侯	52349	cihou
伺候	52348	cihou
伺弄	52347	sinong
伺机	52346	siji
伺瑕导蠙	52345	sixiadaopin
伺瑕导隙	52344	sixiadaoxi
伺瑕抵蠙	52343	sixiadipin
伺瑕抵隙	52342	sixiadixi
伺隙	52341	sixi
似乎	52340	sihu
似懂非懂	52339	sidongfeidong
似是而非	52338	sishierfei
似曾	52337	siceng
似曾相识	52336	sicengxiangshi
似有如无	52335	siyouruwu
似水如鱼	52334	sishuiruyu
似水流年	52333	sishuiliunian
似漆如胶	52332	siqirujiao
似的	52331	shide
似笑非笑	52330	sixiaofeixiao
似箭在弦	52329	sijianzaixian
似醉如痴	52328	sizuiruchi
似非而是	52327	sifeiershi
伽利略	52326	jialilve
伽蓝	52325	qielan
伽马	52324	gama
伽马刀	52323	gamadao
伽马射线	52322	gamashexian
佃农	52321	diannong
佃客	52320	dianke
佃户	52319	dianhu
佃租	52318	dianzu
但见	52317	danjian
位不期骄	52316	weibuqijiao
位卑	52315	weibei
位能	52314	weineng
低估	52313	digu
低凹	52312	diao
低压	52311	diya
低吟浅唱	52310	diyinqianchang
低哑	52309	diya
低唱浅斟	52308	dichangqianzhen
低唱浅酌	52307	dichangqianzhuo
低回不已	52306	dihuibuyi
低地	52305	didi
低声哑气	52304	dishengyaqi
低声细语	52303	dishengxiyu
低处	52302	dichu
低头	52301	ditou
低头丧气	52300	ditousangqi
堆栈	52300	duizhan
低头哈腰	52299	ditouhayao
低头搭脑	52298	ditoudanao
低头耷脑	52297	ditoudanao
低平	52296	diping
低年级	52295	dinianji
低幼	52294	diyou
低度	52293	didu
低情曲意	52292	diqingquyi
低智	52291	dizhi
低盐	52290	diyan
低眉折腰	52289	dimeizheyao
低空	52288	dikong
低糖	52287	ditang
低级趣味	52286	dijiquwei
低纬度	52285	diweidu
低能	52284	dineng
低能儿	52283	dinenger
低落	52282	diluo
低血压	52281	dixueya
低血糖	52280	dixuetang
低语	52279	diyu
低调	52278	didiao
低质	52277	dizhi
低限	52276	dixian
低频	52275	dipin
住一宿	52274	zhuyixiu
住地	52273	zhudi
住处	52272	zhuchu
住宅区	52271	zhuzhaiqu
住家	52270	zhujia
住宿	52269	zhusu
住校	52268	zhuxiao
住读	52267	zhudu
佐雍得尝	52266	zuoyongdechang
佐饔得尝	52265	zuoyongdechang
佑助	52264	youzhu
体会	52263	tihui
体位	52262	tiwei
体例	52261	tili
体内	52260	tinei
体制	52259	tizhi
体制改革	52258	tizhigaige
体力	52257	tili
体力劳动	52256	tililaodong
体味	52255	tiwei
体国经野	52254	tiguojingye
体坛	52253	titan
体型	52252	tixing
体外受精	52251	tiwaishoujing
体外循环	52250	tiwaixunhuan
体大思精	52249	tidasijing
体察	52248	ticha
体尝	52247	tichang
体己	52246	tiji
体式	52245	tishi
体弱	52244	tiruo
体形	52243	tixing
体念	52242	tinian
体态	52241	titai
体态语	52240	titaiyu
体性	52239	tixing
体恤	52238	tixu
体恤入微	52237	tixuruwei
体悟	52236	tiwu
体惜	52235	tixi
体操	52234	ticao
体改	52233	tigai
体无完皮	52232	tiwuwanpi
体无完肤	52231	tiwuwanfu
体校	52230	tixiao
体格	52229	tige
体检	52228	tijian
体检表	52227	tijianbiao
体液	52226	tiye
体温	52225	tiwen
体温表	52224	tiwenbiao
体温计	52223	tiwenji
体物缘情	52222	tiwuyuanqing
体现	52221	tixian
体用	52220	tiyong
体癣	52219	tixuan
体积	52218	tiji
体系	52217	tixi
体统	52216	titong
体罚	52215	tifa
体肤	52214	tifu
体育	52213	tiyu
体育场	52212	tiyuchang
体育运动	52211	tiyuyundong
体育道德	52210	tiyudaode
体育馆	52209	tiyuguan
体胀系数	52208	tizhangxishu
体能	52207	tineng
体腔	52206	tiqiang
体表	52205	tibiao
体裁	52204	ticai
体规画圆	52203	tiguihuayuan
体认	52202	tiren
体谅	52201	tiliang
体貌	52200	timao
体质	52199	tizhi
体贴	52198	titie
体贴入妙	52197	titierumiao
体贴入微	52196	titieruwei
体重	52195	tizhong
体量	52194	tiliang
体面	52193	timian
体验	52192	tiyan
体魄	52191	tipo
何不	52190	hebu
何乐不为	52189	helebuwei
何乐而不为	52188	heleerbuwei
何事	52187	heshi
何仙姑	52186	hexiangu
何以	52185	heyi
何其	52184	heqi
何其毒也	52183	heqiduye
何其相似乃尔	52182	heqixiangsinaier
何况	52181	hekuang
何去何从	52180	hequhecong
何在	52179	hezai
何处	52178	hechu
何如	52177	heru
何妨	52176	hefang
何尝	52175	hechang
何干	52174	hegan
何必	52173	hebi
何必当初	52172	hebidangchu
何患无辞	52171	hehuanwuci
何所不为	52170	hesuobuwei
何所不有	52169	hesuobuyou
何所不至	52168	hesuobuzhi
何故	52167	hegu
何日	52166	heri
何时	52165	heshi
何曾	52164	hezeng
何止	52163	hezhi
何物	52162	hewu
何用	52161	heyong
何等	52160	hedeng
何罪之有	52159	hezuizhiyou
何者	52158	hezhe
何苦	52157	heku
何许	52156	hexu
何许人	52155	hexuren
何谓	52154	hewei
何足为奇	52153	hezuweiqi
何足介意	52152	hezujieyi
何足挂齿	52151	hezuguachi
何足道哉	52150	hezudaozai
何须	52149	hexu
何首乌	52148	heshouwu
余光分人	52147	yuguangfenren
余兴	52146	yuxing
余切	52145	yuqie
余勇可贾	52144	yuyongkegu
余地	52143	yudi
余头	52142	yutou
余子碌碌	52141	yuzilulu
余数	52140	yushu
余毒	52139	yudu
余膏剩馥	52138	yugaoshengfu
斯巴鲁	52137	sibalu
余角	52137	yujiao
余量	52136	yuliang
余霞散绮	52135	yuxiasanqi
余韵流风	52134	yuyunliufeng
余风	52133	yufeng
余风遗文	52132	yufengyiwen
余食赘行	52131	yushizhuixing
佚失	52130	yishi
佚文	52129	yiwen
佛事	52128	foshi
佛会	52127	fohui
佛像	52126	foxiang
佛光	52125	foguang
佛光寺	52124	foguangsi
佛典	52123	fodian
佛口蛇心	52122	fokoushexin
佛号	52121	fohao
佛堂	52120	fotang
佛塔	52119	fota
佛头加秽	52118	fotoujiahui
佛头着粪	52117	fotouzhuofen
佛头著粪	52116	fotouzhuofen
佛学	52115	foxue
佛家	52114	fojia
佛寺	52113	fosi
佛山	52112	foshan
佛山市	52111	foshanshi
佛徒	52110	futu
佛心蛇口	52109	foxinshekou
佛性	52108	foxing
佛性禅心	52107	foxingchanxin
佛手	52106	foshou
佛手柑	52105	foshougan
佛教	52104	fojiao
佛教徒	52103	fojiaotu
佛殿	52102	fodian
佛法	52101	fofa
佛爷	52100	foye
佛牙	52099	foya
佛珠	52098	fozhu
佛甲草	52097	fojiacao
佛眼佛心	52096	foyanfoxin
佛眼相看	52095	foyanxiangkan
佛祖	52094	fozu
佛系	52093	foxi
佛经	52092	fojing
佛罗伦萨	52091	foluolunsa
佛门	52090	fomen
佛门弟子	52089	fomendizi
佛陀	52088	fotuo
佛龛	52087	fokan
作为	52086	zuowei
作乐	52085	zuole
作价	52084	zuojia
作作有芒	52083	zuozuoyoumang
作假	52082	zuojia
作兴	52081	zuoxing
作别	52080	zuobie
作古正经	52079	zuoguzhengjing
作呕	52078	zuoou
作善降祥	52077	zuoshanjiangxiang
作困兽斗	52076	zuokunshoudou
作坊	52075	zuofang
作壁上观	52074	zuobishangguan
作好作歹	52073	zuohaozuodai
作如是观	52072	zuorushiguan
作嫁衣裳	52071	zuojiayishang
作家	52070	zuojia
作家协会	52069	zuojiaxiehui
作小服低	52068	zuoxiaofudi
作弄	52067	zuonong
作恶	52066	zuoe
作恶多端	52065	zuoeduoduan
作数	52064	zuoshu
作曲	52063	zuoqu
作歹为非	52062	zuodaiweifei
作浪兴风	52061	zuolangxingfeng
作答	52060	zuoda
作罢	52059	zuoba
作舍道旁	52058	zuoshedaopang
作言造语	52057	zuoyanzaoyu
作词	52056	zuoci
作金石声	52055	zuojinshisheng
作难	52054	zuonan
作风	52053	zuofeng
佝偻	52052	goulou
佝偻病	52051	gouloubing
佝偻着腰	52050	goulouzheyao
你们	52049	nimen
你们俩	52048	nimenlia
你们的	52047	nimende
你们自己	52046	nimenziji
你们自己的	52045	nimenzijide
你唱我和	52044	nichangwohe
你好	52043	nihao
你来我往	52042	nilaiwowang
你追我赶	52041	nizhuiwogan
佣中佼佼	52040	yongzhongjiaojiao
佣人	52039	yongren
佣工	52038	yonggong
佣金	52037	yongjin
佣钱	52036	yongqian
佩服	52035	peifu
佯作	52034	yangzuo
新凯	52033	xinkai
佯称	52033	yangcheng
佯风诈冒	52032	yangfengzhamao
佳丽	52031	jiali
佳人薄命	52030	jiarenboming
佳兵不祥	52029	jiabingbuxiang
佳句	52028	jiaju
佳期	52027	jiaqi
佳节	52026	jiajie
佹形僪状	52025	guixingyuzhuang
佹得佹失	52024	guideguishi
佻薄	52023	tiaobo
使不得	52022	shibude
使乖弄巧	52021	shiguainongqiao
使令	52020	shiling
使假	52019	shijia
使出浑身解数	52018	shichuhunshenxieshu
使功不如使过	52017	shigongburushiguo
使劲	52016	shijin
使坏	52015	shihuai
使女	52014	shinv
使得	52013	shide
使心别气	52012	shixinbieqi
使性子	52011	shixingzi
使愚使过	52010	shiyushiguo
使用价值	52009	shiyongjiazhi
使羊将狼	52008	shiyangjianglang
使臂使指	52007	shibishizhi
使节	52006	shijie
使贤任能	52005	shixianrenneng
侃大山	52004	kandashan
侄儿	52003	zhier
侄女	52002	zhinv
侄女儿	52001	zhinver
侄女婿	52000	zhinvxu
侄子	51999	zhizi
侄孙	51998	zhisun
侄孙女	51997	zhisunnv
侈丽闳衍	51996	chilihongyan
侈人观听	51995	chirenguanting
侈侈不休	51994	chichibuxiu
侈纵偷苟	51993	chizongtougou
侈衣美食	51992	chiyimeishi
侉子	51991	kuazi
例会	51990	lihui
保健	51989	baojian
例假	51989	lijia
例句	51988	liju
例子	51987	lizi
例直禁简	51986	lizhijinjian
例行	51985	lixing
例行公事	51984	lixinggongshi
例行差事	51983	lixingchaishi
侍从	51982	shicong
侍女	51981	shinv
侍应生	51980	shiyingsheng
侍弄	51979	shinong
侍执巾节	51978	shizhijinjie
侍郎	51977	shilang
侏儒一节	51976	zhuruyijie
侏儒症	51975	zhuruzheng
侏儒观戏	51974	zhuruguanxi
侔色揣称	51973	mousechuaichen
侗族	51972	dongzu
供不应求	51971	gongbuyingqiu
供事	51970	gongshi
供人	51969	gongren
供佛	51968	gongfo
供养	51967	gongyang
供品	51966	gongpin
供奉	51965	gongfeng
供孩子上学	51964	gonghaizishangxue
供应	51963	gongying
供应点	51962	gongyingdian
供应站	51961	gongyingzhan
供料	51960	gongliao
供旅客休息	51959	gonglvkexiuxi
供暖	51958	gongnuan
供果	51957	gongguo
供案	51956	gongan
供桌	51955	gongzhuo
供欣赏	51954	gongxinshang
供气	51953	gongqi
供水	51952	gongshui
供求	51951	gongqiu
供求关系	51950	gongqiuguanxi
供状	51949	gongzhuang
供献	51948	gongxian
供电	51947	gongdian
供称	51946	gongcheng
供稿	51945	gonggao
供给	51944	gongji
供给制	51943	gongjizhi
供职	51942	gongzhi
供认	51941	gongren
供认不讳	51940	gongrenbuhui
供词	51939	gongci
供读者参考	51938	gongduzhecankao
供过于求	51937	gongguoyuqiu
供销	51936	gongxiao
供销合作社	51935	gongxiaohezuoshe
供销社	51934	gongxiaoshe
供需	51933	gongxu
侜张为幻	51932	zhouzhangweihuan
依丱附木	51931	yikuangfumu
依从	51930	yicong
依依不舍	51929	yiyibushe
依依惜别	51928	yiyixibie
依头缕当	51927	yitoulvdang
依头顺尾	51926	yitoushunwei
依据	51925	yiju
依此类推	51924	yicileitui
依法炮制	51923	yifapaozhi
依约	51922	yiyue
依翠偎红	51921	yicuiweihong
依违两可	51920	yiweiliangke
依阿取容	51919	yiequrong
侠女	51918	xianv
侠骨	51917	xiagu
侥幸	51916	jiaoxing
侦察员	51915	zhenchayuan
侦探小说	51914	zhentanxiaoshuo
侦探片	51913	zhentanpian
侦查	51912	zhencha
侦缉	51911	zhenji
侧击	51910	ceji
侧卧	51909	cewo
侧向	51908	cexiang
侧室	51907	ceshi
侧影	51906	ceying
侧枝	51905	cezhi
侧柏	51904	cebai
侧根	51903	cegen
侧歪	51902	zhaiwai
侧泳	51901	ceyong
侧目	51900	cemu
侧目而视	51899	cemuershi
侧翼	51898	ceyi
侧耳	51897	ceer
侧芽	51896	ceya
侧视	51895	ceshi
侧记	51894	ceji
侧足而立	51893	cezuerli
侧身	51892	ceshen
侧边	51891	cebian
侧近	51890	cejin
侧重	51889	cezhong
侧门	51888	cemen
侧面	51887	cemian
侨商	51886	qiaoshang
侨属	51885	qiaoshu
侨领	51884	qiaoling
侭多侭少	51883	jinduojinshao
侯服玉食	51882	houfuyushi
侯爵	51881	houjue
侯门	51880	houmen
侯门似海	51879	houmensihai
侯门如海	51878	houmenruhai
侯门深似海	51877	houmenshensihai
侵占	51876	qinzhan
便中	51875	bianzhong
便了	51874	bianliao
便于	51873	bianyu
便人	51872	bianren
便佞	51871	pianning
便函	51870	bianhan
便利	51869	bianli
便士	51868	bianshi
便壶	51867	bianhu
便嬖	51866	pianbi
便安	51865	bianan
便官	51864	bianguan
便宜	51863	pianyi
便宜从事	51862	bianyicongshi
便宜施行	51861	bianyishixing
便宜行事	51860	bianyixingshi
便宜货	51859	pianyihuo
便宴	51858	bianyan
便帽	51857	bianmao
便当	51856	biandang
便所	51855	biansuo
便捷	51854	bianjie
便携式	51853	bianxieshi
便是	51852	bianshi
便服	51851	bianfu
便条	51850	biantiao
便桥	51849	bianqiao
便桶	51848	biantong
便步	51847	bianbu
便步走	51846	bianbuzou
便民	51845	bianmin
便池	51844	bianchi
便溺	51843	bianniao
便盆	51842	bianpen
便秘	51841	bianmi
便笺	51840	bianjian
便签	51839	bianqian
便血	51838	bianxie
便衣	51837	bianyi
便装	51836	bianzhuang
便览	51835	bianlan
便路	51834	bianlu
便车	51833	bianche
便辞巧说	51832	bianciqiaoshuo
便道	51831	biandao
便门	51830	bianmen
便鞋	51829	bianxie
便餐	51828	biancan
便饭	51827	bianfan
促进派	51826	cujinpai
俄语	51825	eyu
俊俏	51824	junqiao
俎上肉	51823	zushangrou
俎樽折冲	51822	zuzunzhechong
俏丽	51821	qiaoli
俏头	51820	qiaotou
俏成俏败	51819	qiaochengqiaobai
俏皮	51818	qiaopi
俏皮话	51817	qiaopihua
俏脸	51816	qiaolian
俏货	51815	qiaohuo
俐落	51814	liluo
俗不可医	51813	subukeyi
俗不可耐	51812	subukenai
俗体	51811	suti
俗体字	51810	sutizi
俗家	51809	sujia
俗曲	51808	suqu
俗称	51807	sucheng
俗语	51806	suyu
俘敌	51805	fudi
俚曲	51804	liqu
俚语	51803	liyu
俛拾仰取	51802	fushiyangqu
俛拾地芥	51801	fushidijie
俛首帖耳	51800	fushoutieer
保不住	51799	baobuzhu
保不定	51798	baobuding
保不齐	51797	baobuqi
保价	51796	baojia
保健品	51795	baojianpin
保单	51794	baodan
保外执行	51793	baowaizhixing
保家卫国	51792	baojiaweiguo
保底	51791	baodi
保得住	51790	baodezhu
保护价	51789	baohujia
保收	51788	baoshou
保有	51787	baoyou
保真度	51786	baozhendu
保票	51785	baopiao
保种	51784	baozhong
保税仓库	51783	baoshuicangku
保税区	51782	baoshuiqu
保管员	51781	baoguanyuan
保育员	51780	baoyuyuan
保藏	51779	baocang
保质保量	51778	baozhibaoliang
保重	51777	baozhong
保长	51776	baozhang
保险带	51775	baoxiandai
保险期	51774	baoxianqi
保险柜	51773	baoxiangui
保险系数	51772	baoxianxishu
保鲜	51771	baoxian
保鲜剂	51770	baoxianji
保鲜袋	51769	baoxiandai
俞允	51768	yuyun
俟河之清	51767	sihezhiqing
信义	51766	xinyi
信从	51765	xincong
信以为真	51764	xinyiweizhen
信仰	51763	xinyang
信件	51762	xinjian
信任	51761	xinren
信任感	51760	xinrengan
信任投票	51759	xinrentoupiao
信使	51758	xinshi
信函	51757	xinhan
信及豚鱼	51756	xinjitunyu
信口	51755	xinkou
信口开合	51754	xinkoukaihe
信口开呵	51753	xinkoukaihe
信口开喝	51752	xinkoukaihe
信口开河	51751	xinkoukaihe
信口胡言	51750	xinkouhuyan
信口雌黄	51749	xinkoucihuang
信史	51748	xinshi
信号	51747	xinhao
信号弹	51746	xinhaodan
信号旗	51745	xinhaoqi
信号枪	51744	xinhaoqiang
信号灯	51743	xinhaodeng
信士	51742	xinshi
信天游	51741	xintianyou
信天翁	51740	xintianweng
信奉	51739	xinfeng
信女	51738	xinnv
信守	51737	xinshou
信守不渝	51736	xinshoubuyu
信实	51735	xinshi
信封	51734	xinfeng
信差	51733	xinchai
信徒	51732	xintu
信得过	51731	xindeguo
信心	51730	xinxin
信念	51729	xinnian
信息	51728	xinxi
信息库	51727	xinxiku
信息战	51726	xinxizhan
信息社会	51725	xinxishehui
信息论	51724	xinxilun
信手	51723	xinshou
信手拈来	51722	xinshounianlai
信托	51721	xintuo
信据	51720	xinju
信教	51719	xinjiao
信服	51718	xinfu
信札	51717	xinzha
信条	51716	xintiao
信标	51715	xinbiao
信步	51714	xinbu
信步而行	51713	xinbuerxing
信汇	51712	xinhui
信物	51711	xinwu
信用	51710	xinyong
信用合作社	51709	xinyonghezuoshe
信用社	51708	xinyongshe
信皮儿	51707	xinpier
信石	51706	xinshi
信笔	51705	xinbi
信笔涂鸦	51704	xinbituya
信笺	51703	xinjian
信筒	51702	xintong
信箱	51701	xinxiang
信纸	51700	xinzhi
信而好古	51699	xinerhaogu
信而有征	51698	xineryouzheng
信而有证	51697	xineryouzheng
信言不美	51696	xinyanbumei
信誉	51695	xinyu
信誓旦旦	51694	xinshidandan
信访	51693	xinfang
信贷	51692	xindai
信贷员	51691	xindaiyuan
信赏必罚	51690	xinshangbifa
信赖	51689	xinlai
信道	51688	xindao
信邪	51687	xinxie
信风	51686	xinfeng
信马由缰	51685	xinmayoujiang
俨乎其然	51683	yanhuqiran
俩人	51682	liaren
俭不中礼	51681	jianbuzhongli
俭可养廉	51680	jiankeyanglian
俭故能广	51679	jiangunengguang
俭朴	51678	jianpu
俭省	51677	jiansheng
俭约	51676	jianyue
修女	51675	xiunv
修好	51674	xiuhao
修枝	51673	xiuzhi
修正	51672	xiuzheng
修正主义	51671	xiuzhengzhuyi
修盖	51670	xiugai
修短随化	51669	xiuduansuihua
修筑	51668	xiuzhu
修行	51667	xiuxing
修读	51666	xiudu
修身养性	51665	xiushenyangxing
修身洁行	51664	xiushenjiexing
修长	51663	xiuchang
修鳞养爪	51662	xiulinyangzhao
修齐治平	51661	xiuqizhiping
俯仰	51660	fuyang
俯仰之间	51659	fuyangzhijian
金牛座	51659	jinniuzuo
俯仰唯唯	51658	fuyangweiwei
俯仰无愧	51657	fuyangwukui
俯仰由人	51656	fuyangyouren
俯仰随人	51655	fuyangsuiren
俯冲	51654	fuchong
俯拾仰取	51653	fushiyangqu
俯拾即是	51652	fushijishi
俯拾地芥	51651	fushidijie
俯拾皆是	51650	fushijieshi
俯角	51649	fujiao
俯首帖耳	51648	fushoutieer
俱乐部	51647	julebu
俱收并蓄	51646	jushoubingxu
俳句	51645	paiju
俺们	51644	anmen
俺家	51643	anjia
倍受	51642	beishou
倍数	51641	beishu
倍日并行	51640	beiribingxing
倍率	51639	beilv
倍道兼行	51638	beidaojianxing
倍道而行	51637	beidaoerxing
倍频	51636	beipin
倏地	51635	shudi
倏忽之间	51634	shuhuzhijian
倒三颠四	51633	daosandiansi
倒下	51632	daoxia
倒不	51631	daobu
倒不是	51630	daobushi
倒不错	51629	daobucuo
倒也	51628	daoye
倒买倒卖	51627	daomaidaomai
倒产	51626	daochan
倒仓	51625	daocang
倒伏	51624	daofu
倒休	51623	daoxiu
倒像	51622	daoxiang
倒儿爷	51621	daoerye
倒冠落佩	51620	daoguanluopei
倒冠落珮	51619	daoguanluopei
倒凤颠鸾	51618	daofengdianluan
倒出	51617	daochu
倒出去	51616	daochuqu
倒出来	51615	daochulai
倒刺	51614	daoci
倒剪	51613	daojian
倒包	51612	daobao
倒卖	51611	daomai
倒卖违禁品	51610	daomaiweijinpin
倒卵形	51609	daoluanxing
倒卷	51608	daojuan
倒反	51607	daofan
倒叙	51606	daoxu
倒台	51605	daotai
倒吊	51604	daodiao
倒向	51603	daoxiang
倒嗓	51602	daosang
倒嚼	51601	daojiao
倒因为果	51600	daoyinweiguo
倒圈	51599	daojuan
倒在地上	51598	daozaidishang
倒地	51597	daodi
倒坍	51596	daotan
倒垂	51595	daochui
倒垃圾	51594	daolaji
倒塌	51593	daota
倒头	51592	daotou
倒头便睡	51591	daotoubianshui
倒好	51590	daohao
倒好儿	51589	daohaoer
倒屣相迎	51588	daoxixiangying
倒山倾海	51587	daoshanqinghai
倒峡泻河	51586	daoxiaxiehe
倒带	51585	daodai
倒带键	51584	daodaijian
倒序	51583	daoxu
倒序词典	51582	daoxucidian
倒座	51581	daozuo
倒廪倾囷	51580	daolinqingqun
倒弄	51579	daonong
倒彩	51578	daocai
倒影	51577	daoying
倒悬	51576	daoxuan
倒悬之急	51575	daoxuanzhiji
倒悬之苦	51574	daoxuanzhiku
倒憋气	51573	daobieqi
倒戈	51572	daoge
倒戈卸甲	51571	daogexiejia
倒戢干戈	51570	daojigange
倒手	51569	daoshou
倒打一瓦	51568	daodayiwa
倒打一耙	51567	daodayipa
倒扣	51566	daokou
倒执手版	51565	daozhishouban
倒找	51564	daozhao
倒把	51563	daoba
倒抽一口冷气	51562	daochouyikoulengqi
倒持太阿	51561	daochitaia
倒持干戈	51560	daochigange
倒持戈矛	51559	daochigemao
倒持手板	51558	daochishouban
倒持泰阿	51557	daochitaie
倒挂	51556	daogua
倒挂金钟	51555	daoguajinzhong
倒换	51554	daohuan
倒接	51553	daojie
倒插	51552	daocha
倒插笔	51551	daochabi
倒插门	51550	daochamen
倒收付息	51549	daoshoufuxi
倒放	51548	daofang
倒数	51547	daoshu
倒数式	51546	daoshushi
倒数比	51545	daoshubi
倒数计时	51544	daoshujishi
倒映	51543	daoying
倒春寒	51542	daochunhan
倒是	51541	daoshi
倒替	51540	daoti
倒板	51539	daoban
倒果为因	51538	daoguoweiyin
倒栽葱	51537	daozaicong
倒档	51536	daodang
倒欠	51535	daoqian
倒毙	51534	daobi
倒水	51533	daoshui
倒汇	51532	daohui
倒流	51531	daoliu
倒海翻江	51530	daohaifanjiang
倒灌	51529	daoguan
倒灶	51528	daozao
倒爷	51527	daoye
倒片	51526	daopian
倒片机	51525	daopianji
倒牌子	51524	daopaizi
倒牙	51523	daoya
倒班	51522	daoban
倒睫	51521	daojie
倒票	51520	daopiao
倒空	51519	daokong
倒立	51518	daoli
倒算	51517	daosuan
倒箧倾囊	51516	daoqieqingnang
倒箧倾筐	51515	daoqieqingkuang
倒粪	51514	daofen
倒绷孩儿	51513	daobenghaier
倒置	51512	daozhi
倒置干戈	51511	daozhigange
倒胃口	51510	daoweikou
倒背如流	51509	daobeiruliu
倒背手	51508	daobeishou
倒脉冲	51507	daomaichong
倒腾	51506	daoteng
倒苦水	51505	daokushui
倒茬	51504	daocha
倒茶	51503	daocha
倒虹吸管	51502	daohongxiguan
倒血霉	51501	daoxuemei
倒行逆施	51500	daoxingnishi
倒街卧巷	51499	daojiewoxiang
倒装	51498	daozhuang
倒装句	51497	daozhuangju
倒装词序	51496	daozhuangcixu
倒裳索领	51495	daochangsuoling
倒许	51494	daoxu
倒读数	51493	daodushu
倒账	51492	daozhang
倒账卷逃	51491	daozhangjuantao
倒贴	51490	daotie
倒赔	51489	daopei
倒踏门	51488	daotamen
倒车	51487	daoche
倒转	51486	daozhuan
倒转来说	51485	daozhuanlaishuo
倒轮闸	51484	daolunzha
倒载干戈	51483	daozaigange
倒过儿	51482	daoguoer
倒过去	51481	daoguoqu
倒过来	51480	daoguolai
倒运	51479	daoyun
倒退	51478	daotui
倒退一步	51477	daotuiyibu
倒酒	51476	daojiu
鸡尾酒	51476	jiweijiu
倒金字塔	51475	daojinzita
倒锁	51474	daosuo
倒锁上门	51473	daosuoshangmen
倒错	51472	daocuo
倒闭	51471	daobi
倒阁	51470	daoge
倒霉	51469	daomei
倒风	51468	daofeng
倒飞	51467	daofei
倔头倔脑	51466	juetoujuenao
倔头强脑	51465	juetoujiangnao
倔強	51464	juejiang
倔强	51463	juejiang
倔强倨傲	51462	juejiangjuao
倔犟	51461	juejiang
倘佯	51460	changyang
倘使	51459	tangshi
倘或	51458	tanghuo
倘来之物	51457	tanglaizhiwu
倘然	51456	tangran
倘若	51455	tangruo
候场	51454	houchang
候教	51453	houjiao
候机	51452	houji
候车	51451	houche
候车室	51450	houcheshi
候风地动仪	51449	houfengdidongyi
倚天拔地	51448	yitianbadi
倚姣作媚	51447	yijiaozuomei
倚官挟势	51446	yiguanxieshi
倚强凌弱	51445	yiqianglingruo
倚翠偎红	51444	yicuiweihong
倚重	51443	yizhong
倚门卖俏	51442	yimenmaiqiao
倚闾望切	51441	yilvwangqie
倚马可待	51440	yimakedai
倜傥不羁	51439	titangbuji
倜傥不群	51438	titangbuqun
借东风	51437	jiedongfeng
借交报仇	51436	jiejiaobaochou
基类	51436	jilei
借公行私	51435	jiegongxingsi
借助	51434	jiezhu
借客报仇	51433	jiekebaochou
借宿	51432	jiesu
借尸还阳	51431	jieshihuanyang
借尸还魂	51430	jieshihuanhun
借据	51429	jieju
借景	51428	jiejing
借景生情	51427	jiejingshengqing
借条	51426	jietiao
借水行舟	51425	jieshuixingzhou
借篷使风	51424	jiepengshifeng
借花献佛	51423	jiehuaxianfo
借读	51422	jiedu
借调	51421	jiediao
借身报仇	51420	jieshenbaochou
借重	51419	jiezhong
借镜观形	51418	jiejingguanxing
借面吊丧	51417	jiemiandiaosang
借题发挥	51416	jietifahui
借风使船	51415	jiefengshichuan
借鸡生蛋	51414	jiejishengdan
倡优	51413	changyou
倡办	51412	changban
倡导	51411	changdao
倡情冶思	51410	changqingyesi
倡条冶叶	51409	changtiaoyeye
倡而不和	51408	changerbuhe
倡言	51407	changyan
倡议	51406	changyi
倡议书	51405	changyishu
倥侗	51404	kongtong
倦尾赤色	51403	juanweichise
倦鸟知还	51402	juanniaozhihuan
倩女离魂	51401	qiannvlihun
倭寇	51400	wokou
倭瓜	51399	wogua
债券	51398	zhaiquan
债务重组	51397	zhaiwuchongzu
债台高筑	51396	zhaitaigaozhu
债多不愁	51395	zhaiduobuchou
值当	51394	zhidang
值得	51393	zhide
值得一提	51392	zhideyiti
值班室	51391	zhibanshi
倾侧	51390	qingce
倾倒	51389	qingdao
倾吐	51388	qingtu
倾囊	51387	qingnang
倾家	51386	qingjia
倾家破产	51385	qingjiapochan
倾家竭产	51384	qingjiajiechan
倾家荡产	51383	qingjiadangchan
倾家败产	51382	qingjiabaichan
倾心吐胆	51381	qingxintudan
倾斜度	51380	qingxiedu
残疾	51379	canji
倾泄	51379	qingxie
倾洒	51378	qingsa
倾盆大雨	51377	qingpendayu
倾盖	51376	qinggai
倾盖如故	51375	qinggairugu
倾筐倒庋	51374	qingkuangdaogui
倾筐倒箧	51373	qingkuangdaoqie
倾箱倒箧	51372	qingxiangdaoqie
倾肠倒肚	51371	qingchangdaodu
倾角	51370	qingjiao
偃旗仆鼓	51369	yanqipugu
偃武休兵	51368	yanwuxiubing
偃武兴文	51367	yanwuxingwen
偃武行文	51366	yanwuxingwen
偃革为轩	51365	yangeweixuan
偃革倒戈	51364	yangedaoge
假人假义	51363	jiarenjiayi
假人辞色	51362	jiarencise
假仁假义	51361	jiarenjiayi
假仁假意	51360	jiarenjiayi
假以辞色	51359	jiayicise
假公济私	51358	jiagongjisi
假公营私	51357	jiagongyingsi
假分数	51356	jiafenshu
假力于人	51355	jialiyuren
假名托姓	51354	jiamingtuoxing
假币	51353	jiabi
假惺惺	51352	jiaxingxing
假慈悲	51351	jiacibei
假戏真做	51350	jiaxizhenzuo
假手于人	51349	jiashouyuren
假日	51348	jiari
假日经济	51347	jiarijingji
假期	51346	jiaqi
假条	51345	jiatiao
假植	51344	jiazhi
假模假式	51343	jiamojiashi
假洋鬼子	51342	jiayangguizi
假球	51341	jiaqiu
假痴不癫	51340	jiachibudian
假痴假呆	51339	jiachijiadai
假眉三道	51338	jiameisandao
假虎张威	51337	jiahuzhangwei
假言	51336	jiayan
假誉驰声	51335	jiayuchisheng
假话	51334	jiahua
假途灭虢	51333	jiatumieguo
假道	51332	jiadao
假道灭虢	51331	jiadaomieguo
假门假事	51330	jiamenjiashi
假门假氏	51329	jiamenjiashi
整型	51329	zhengxing
假面	51328	jiamian
假髻	51327	jiaji
偈语	51326	jiyu
偌大	51325	ruoda
偎干就湿	51324	weiganjiushi
偎慵堕懒	51323	weiyongduolan
偎红倚翠	51322	weihongyicui
偏于	51321	pianyu
偏信	51320	pianxin
偏信则暗	51319	pianxinzean
偏听偏信	51318	piantingpianxin
偏好	51317	pianhao
偏差	51316	piancha
偏心眼儿	51315	pianxinyaner
偏裨	51314	pianpi
偏要	51313	pianyao
偏重	51312	pianzhong
偏食	51311	pianshi
偏饭	51310	pianfan
偕行	51309	xiexing
做一天和尚撞一天钟	51308	zuoyitianheshangzhuangyitianzhong
做一日和尚撞一天钟	51307	zuoyiriheshangzhuangyitianzhong
做一日和尚撞一日钟	51306	zuoyiriheshangzhuangyirizhong
做亲	51305	zuoqin
做假	51304	zuojia
做好事	51303	zuohaoshi
做好做恶	51302	zuohaozuoe
做好做歹	51301	zuohaozuodai
做衣服	51300	zuoyifu
做证	51299	zuozheng
做诗	51298	zuoshi
做贼	51297	zuozei
停云落月	51296	tingyunluoyue
停发	51295	tingfa
停妻再娶	51294	tingqizaiqu
停建	51293	tingjian
停当	51292	tingdang
停播	51291	tingbo
停泊	51290	tingbo
停滞不前	51289	tingzhibuqian
停留长智	51288	tingliuzhangzhi
停赛	51287	tingsai
停车	51286	tingche
停食	51285	tingshi
停驶	51284	tingshi
健将	51283	jianjiang
健身器	51282	jianshenqi
偶一为之	51281	ouyiweizhi
偶函数	51280	ouhanshu
偶发	51279	oufa
偶合	51278	ouhe
函数返回	51277	hanshufanhui
偶感	51277	ougan
偷合取容	51276	touhequrong
偷合苟从	51275	touhegoucong
偷合苟容	51274	touhegourong
偷狗戏鸡	51273	tougouxiji
偷空	51272	toukong
偷鸡不着蚀把米	51271	toujibuzheshibami
偿其大欲	51270	changqidayu
偿还	51269	changhuan
傀儡	51268	kuilei
傅立叶	51267	fuliye
傅粉何郎	51266	fufenhelang
傅粉施朱	51265	fufenshizhu
傍人篱落	51264	bangrenliluo
傍若无人	51263	pangruowuren
傍观冷眼	51262	bangguanlengyan
傍观者清	51261	bangguanzheqing
傧相	51260	binxiang
储备	51259	chubei
储存	51258	chucun
储油罐	51257	chuyouguan
储蓄	51256	chuxu
储蓄所	51255	chuxusuo
储蓄银行	51254	chuxuyinhang
储藏	51253	chucang
储量	51252	chuliang
储金	51251	chujin
傫如丧狗	51250	leirusanggou
催办	51249	cuiban
催化	51248	cuihua
催化剂	51247	cuihuaji
催化裂化	51246	cuihualiehua
催发	51245	cuifa
催吐剂	51244	cuituji
催款	51243	cuikuan
催泪弹	51242	cuileidan
催泪炸弹	51241	cuileizhadan
催眠曲	51240	cuimianqu
催眠术	51239	cuimianshu
催迫	51238	cuipo
傲不可长	51237	aobukezhang
傲头傲脑	51236	aotouaonao
傲慢不逊	51235	aomanbuxun
傲慢少礼	51234	aomanshaoli
傲睨一切	51233	aoniyiqie
傲睨万物	51232	aoniwanwu
傲睨得志	51231	aonidezhi
傲睨自若	51230	aoniziruo
傲霜斗雪	51229	aoshuangdouxue
傲骨	51228	aogu
傲骨嶙嶙	51227	aogulinlin
傻乐	51226	shale
傻劲儿	51225	shajiner
傻呵呵	51224	shahehe
傻大黑粗	51223	shadaheicu
傻头傻脑	51222	shatoushanao
像心称意	51221	xiangxinchengyi
像模像样	51220	xiangmuxiangyang
像煞有介事	51219	xiangshayoujieshi
像片	51218	xiangpian
僚属	51217	liaoshu
僧多粥少	51216	sengduozhoushao
僧帽	51215	sengmao
僬侥	51214	jiaoyao
僮仆	51213	tongpu
僵冷	51212	jiangleng
僵化	51211	jianghua
僵死	51210	jiangsi
僵蚕	51209	jiangcan
僻壤	51208	pirang
僻字涩句	51207	piziseju
僻巷	51206	pixiang
僻远	51205	piyuan
儋石之储	51204	danshizhichu
儒商	51203	rushang
儒家	51202	rujia
儒将	51201	rujiang
儒教	51200	rujiao
儒术	51199	rushu
儒林	51198	rulin
儒释道	51197	rushidao
儒雅风流	51196	ruyafengliu
儗不于伦	51195	nibuyulun
儗非其伦	51194	nifeiqilun
儿化	51193	erhua
儿女	51192	ernv
儿女之情	51191	ernvzhiqing
儿女亲家	51190	ernvqingjia
儿女债	51189	ernvzhai
儿女心肠	51188	ernvxinchang
儿女情长	51187	ernvqingchang
儿女成行	51186	ernvchenghang
儿媳妇儿	51185	erxifuer
儿子	51184	erzi
儿孙	51183	ersun
儿戏	51182	erxi
儿童乐园	51181	ertongleyuan
儿童村	51180	ertongcun
儿童节	51179	ertongjie
儿郎	51178	erlang
兀秃	51177	wutu
允当	51176	yundang
允执其中	51175	yunzhiqizhong
允执厥中	51174	yunzhijuezhong
允许	51173	yunxu
元奸巨恶	51172	yuanjianjue
元恶大奸	51171	yuanedajian
元恶大憝	51170	yuanedadui
元戎启行	51169	yuanrongqixing
元曲	51168	yuanqu
元朝	51167	yuanchao
元经秘旨	51166	yuanjingmizhi
兄弟	51165	xiongdi
兄弟怡怡	51164	xiongdiyiyi
兄弟阋墙	51163	xiongdixiqiang
兄死弟及	51162	xiongsidiji
兄肥弟瘦	51161	xiongfeidishou
兄长	51160	xiongzhang
充任	51159	chongren
充其量	51158	chongqiliang
充分	51157	chongfen
充塞	51156	chongse
充填	51155	chongtian
充天塞地	51154	chongtiansaidi
充当	51153	chongdang
充数	51152	chongshu
充栋汗牛	51151	chongdonghanniu
充栋盈车	51150	chongdongyingche
充类至尽	51149	chongleizhijin
充耳不闻	51148	chongerbuwen
充血	51147	chongxue
兆头	51146	zhaotou
兆载永劫	51145	zhaozaiyongjie
先下手为强	51144	xianxiashouweiqiang
先令	51143	xianling
先入为主	51142	xianruweizhu
先入之见	51141	xianruzhijian
先发制人	51140	xianfazhiren
先号后庆	51139	xianhaohouqing
先号后笑	51138	xianhaohouxiao
先天不足	51137	xiantianbuzu
先夫	51136	xianfu
先头	51135	xiantou
先得我心	51134	xiandewoxin
先忧后乐	51133	xianyouhoule
先我着鞭	51132	xianwozhuobian
先期	51131	xianqi
先父	51130	xianfu
先王	51129	xianwang
先睹为快	51128	xianduweikuai
先知	51127	xianzhi
先知先觉	51126	xianzhixianjue
先笑后号	51125	xianxiaohouhao
先自隗始	51124	xianziweishi
先行	51123	xianxing
先行后闻	51122	xianxinghouwen
先行官	51121	xianxingguan
先行者	51120	xianxingzhe
先见	51119	xianjian
先见之明	51118	xianjianzhiming
先觉	51117	xianjue
先难后获	51116	xiannanhouhuo
先验论	51115	xianyanlun
光化	51114	guanghua
光华	51113	guanghua
光华夺目	51112	guanghuaduomu
光压	51111	guangya
光可鉴人	51110	guangkejianren
光合作用	51109	guanghezuoyong
光圈	51108	guangquan
光大	51107	guangda
光天化日	51106	guangtianhuari
光头	51105	guangtou
光导纤维	51104	guangdaoxianwei
光度	51103	guangdu
光彩照人	51102	guangcaizhaoren
光控	51101	guangkong
光明正大	51100	guangmingzhengda
光明磊落	51099	guangmingleiluo
光晕	51098	guangyun
光景	51097	guangjing
光杆	51096	guanggan
光杆儿	51095	guangganer
光栅	51094	guangshan
光棍	51093	guanggun
光棍儿	51092	guangguner
光污染	51091	guangwuran
光泽	51090	guangze
光洁度	51089	guangjiedu
光溜	51088	guangliu
光溜溜	51087	guangliuliu
光焰万丈	51086	guangyanwanzhang
光纤	51085	guangxian
光纤通信	51084	guangxiantongxin
光能	51083	guangneng
光腚	51082	guangding
光芒万丈	51081	guangmangwanzhang
光荣感	51080	guangronggan
光荣榜	51079	guangrongbang
光解	51078	guangjie
光车骏马	51077	guangchejunma
光通信	51076	guangtongxin
光采夺目	51075	guangcaiduomu
光阴似箭	51074	guangyinsijian
光风霁月	51073	guangfengjiyue
光鲜	51072	guangxian
克丁克卯	51071	kedingkemao
克什米尔	51070	keshimier
克传弓冶	51069	kechuangongye
克分子	51068	kefenzi
克尽厥职	51067	kejinjuezhi
克尽职守	51066	kejinzhishou
克己慎行	51065	kejishenxing
克拉	51064	kela
克服	51063	kefu
克期	51062	keqi
克格勃	51061	kegebo
克食	51060	keshi
免不了	51059	mianbuliao
免不得	51058	mianbude
免予	51057	mianyu
免冠	51056	mianguan
免得	51055	miande
免收	51054	mianshou
免服	51053	mianfu
免检	51052	mianjian
免票	51051	mianpiao
免税店	51050	mianshuidian
免袒	51049	miantan
免麻	51048	wenma
兑付	51047	duifu
兑取	51046	duiqu
兑奖	51045	duijiang
兑换	51044	duihuan
兑换券	51043	duihuanquan
兑款	51042	duikuan
兑现	51041	duixian
兔丝燕麦	51040	tusiyanmai
兔头麞脑	51039	tutouzhangnao
兔子	51038	tuzi
兔子不吃窝边草	51037	tuzibuchiwobiancao
兔葵燕麦	51036	tukuiyanmai
兔角牛翼	51035	tujiaoniuyi
兔角龟毛	51034	tujiaoguimao
兔走鹘落	51033	tuzouguluo
兔起鹘落	51032	tuqihuluo
党参	51031	dangshen
党同伐异	51030	dangtongfayi
党同妒异	51029	dangtongduyi
党员	51028	dangyuan
全聚德	51028	quanjude
党团员	51027	dangtuanyuan
党坚势盛	51026	dangjianshisheng
党委	51025	dangwei
党建	51024	dangjian
党心	51023	dangxin
党总支	51022	dangzongzhi
党恶佑奸	51021	dangeyoujian
党支部	51020	dangzhibu
党政工团	51019	dangzhenggongtuan
党校	51018	dangxiao
党棍	51017	danggun
党票	51016	dangpiao
党禁	51015	dangjin
党纪	51014	dangji
党组织	51013	dangzuzhi
党规	51012	danggui
党豺为虐	51011	dangchaiweinve
党邪丑正	51010	dangxiechouzheng
党邪陷正	51009	dangxiexianzheng
党风	51008	dangfeng
兜头盖脸	51007	doutougailian
兜生意	51006	doushengyi
兜肚	51005	doudu
兜肚连肠	51004	doudulianchang
兜风	51003	doufeng
兢兢乾乾	51002	jingjingqianqian
兢兢干干	51001	jingjinggangan
入不敷出	51000	rubufuchu
入仓	50999	rucang
入会	50998	ruhui
入保	50997	rubao
入内	50996	runei
入口处	50995	rukouchu
入吾彀中	50994	ruwugouzhong
入味儿	50993	ruweier
入国问禁	50992	ruguowenjin
入土为安	50991	rutuweian
入地无门	50990	rudiwumen
入场	50989	ruchang
入场券	50988	ruchangquan
入境问禁	50987	rujingwenjin
入孝出弟	50986	ruxiaochuti
入宝山而空回	50985	rubaoshanerkonghui
入射	50984	rushe
入戏	50983	ruxi
入木三分	50982	rumusanfen
入档	50981	rudang
入汛	50980	ruxun
入海算沙	50979	ruhaisuansha
入港	50978	rugang
入火赴汤	50977	ruhuofutang
入理切情	50976	ruliqieqing
入竟问禁	50975	rujingwenjin
入网	50974	ruwang
入行	50973	ruhang
入邪	50972	ruxie
入铁主簿	50971	rutiezhubu
入镜	50970	rujing
入骨	50969	rugu
入骨相思	50968	ruguxiangsi
全价	50967	quanjia
全份	50966	quanfen
全休	50965	quanxiu
全会	50964	quanhui
全体	50963	quanti
全军覆没	50962	quanjunfumo
全副	50961	quanfu
全功尽弃	50960	quangongjinqi
全名	50959	quanming
全员	50958	quanyuan
全国人大	50957	quanguorenda
全国人民代表大会	50956	quanguorenmindaibiaodahui
全场	50955	quanchang
全境	50954	quanjing
全家	50953	quanjia
全家福	50952	quanjiafu
全数	50951	quanshu
全日	50950	quanri
全景	50949	quanjing
全智全能	50948	quanzhiquanneng
全校	50947	quanxiao
全民所有制	50946	quanminsuoyouzhi
全球定位系统	50945	quanqiudingweixitong
全盛	50944	quansheng
全知全能	50943	quanzhiquanneng
全票	50942	quanpiao
全称	50941	quancheng
全能	50940	quanneng
全能全智	50939	quannengquanzhi
全能冠军	50938	quannengguanjun
全能运动	50937	quannengyundong
全自动	50936	quanzidong
全责	50935	quanze
全身远害	50934	quanshenyuanhai
全运会	50933	quanyunhui
全都	50932	quandou
全食	50931	quanshi
八一	50930	bayi
八一建军节	50929	bayijianjunjie
八万四千	50928	bawansiqian
八九不离十	50927	bajiubulishi
八仙过海	50926	baxianguohai
八千里路云和月	50925	baqianliluyunheyue
八卦教	50924	baguajiao
八大山人	50923	badashanren
八大胡同	50922	badahutong
八大行星	50921	badaxingxing
八字打开	50920	bazidakai
八字没一撇	50919	bazimeiyipie
八字没见一撇	50918	bazimeijianyipie
八字还没有一撇	50917	bazihaimeiyouyipie
八抬大轿	50916	bataidajiao
八斗之才	50915	badouzhicai
八斗才	50914	badoucai
八方呼应	50913	bafanghuying
八方风雨	50912	bafangfengyu
八旗子弟	50911	baqizidi
八月节	50910	bayuejie
八珍玉食	50909	bazhenyushi
八竿子打不着	50908	baganzidabuzhao
八纮同轨	50907	bahongtonggui
八节	50906	bajie
八行书	50905	bahangshu
八角	50904	bajiao
八角帽	50903	bajiaomao
八角茴香	50902	bajiaohuixiang
八达岭	50901	badaling
八邪	50900	baxie
表单	50900	biaodan
八难三灾	50899	banansanzai
八面威风	50898	bamianweifeng
八面见光	50897	bamianjianguang
八面驶风	50896	bamianshifeng
八风	50895	bafeng
公了	50894	gongliao
公仆	50893	gongpu
公休	50892	gongxiu
公休日	50891	gongxiuri
公会	50890	gonghui
公侯	50889	gonghou
公倍数	50888	gongbeishu
公债券	50887	gongzhaiquan
公假	50886	gongjia
公共	50885	gonggong
公共事业	50884	gonggongshiye
公共交通	50883	gonggongjiaotong
公共关系	50882	gonggongguanxi
公共卫生	50881	gonggongweisheng
公共厕所	50880	gonggongcesuo
公共场所	50879	gonggongchangsuo
公共建筑	50878	gonggongjianzhu
公共汽车	50877	gonggongqiche
公共秩序	50876	gonggongzhixu
公共积累	50875	gonggongjilei
公共课	50874	gonggongke
公分	50873	gongfen
公分子	50872	gongfenzi
公切线	50871	gongqiexian
公务员	50870	gongwuyuan
公助	50869	gongzhu
公司债券	50868	gongsizhaiquan
公听并观	50867	gongtingbingguan
公地	50866	gongdi
公子王孙	50865	gongziwangsun
公孙	50864	gongsun
公家	50863	gongjia
公尺	50862	gongchi
公差	50861	gongchai
公帑	50860	gongtang
公干	50859	gonggan
公平合理	50858	gongpingheli
公开信	50857	gongkaixin
公式化	50856	gongshihua
公忠体国	50855	gongzhongtiguo
公报私仇	50854	gongbaosichou
公担	50853	gongdan
公教人员	50852	gongjiaorenyuan
公文旅行	50851	gongwenlvxing
公明正大	50850	gongmingzhengda
公有	50849	gongyou
公有制	50848	gongyouzhi
公正	50847	gongzheng
公正不阿	50846	gongzhengbue
公正廉明	50845	gongzhenglianming
公正廉洁	50844	gongzhenglianjie
公正无私	50843	gongzhengwusi
公民投票	50842	gongmintoupiao
公猫	50841	gongmao
公畜	50840	gongchu
公祭	50839	gongji
公私两便	50838	gongsiliangbian
公私两济	50837	gongsiliangji
公私合营	50836	gongsiheying
公称	50835	gongcheng
公立学校	50834	gonglixuexiao
公约	50833	gongyue
公约数	50832	gongyueshu
公羊	50831	gongyang
公职人员	50830	gongzhirenyuan
公论	50829	gonglun
公诸	50828	gongzhu
公诸同好	50827	gongzhutonghao
公车	50826	gongche
公转	50825	gongzhuan
公道合理	50824	gongdaoheli
六一	50823	liuyi
六一儿童节	50822	liuyiertongjie
六一国际儿童节	50821	liuyiguojiertongjie
六世	50820	liushi
六书	50819	liushu
六亲	50818	liuqin
六亲不认	50817	liuqinburen
六亲无靠	50816	liuqinwukao
六六六	50815	liuliuliu
六出奇计	50814	liuchuqiji
六出纷飞	50813	liuchufenfei
六号	50812	liuhao
六合	50811	liuhe
六合之内	50810	liuhezhinei
六大	50809	liuda
六安	50808	luan
六尘不染	50807	liuchenburan
六尺之孤	50806	liuchizhigu
六尺之讬	50805	liuchizhituo
六师	50804	liushi
六弦琴	50803	liuxianqin
六指	50802	liuzhi
六指儿	50801	liuzhier
六月	50800	liuyue
六月雪	50799	liuyuexue
六月飞霜	50798	liuyuefeishuang
六朝	50797	liuchao
六朝金粉	50796	liuchaojinfen
六根	50795	liugen
六根清净	50794	liugenqingjing
六根清静	50793	liugenqingjing
六欲	50792	liuyu
六甲	50791	liujia
六畜	50790	liuchu
六畜不安	50789	liuchubuan
六畜兴旺	50788	liuchuxingwang
六盘山	50787	liupanshan
六礼	50786	liuli
六祖	50785	liuzu
六神	50784	liushen
六神不安	50783	liushenbuan
六神无主	50782	liushenwuzhu
六经	50781	liujing
六耳不同谋	50780	liuerbutongmou
六腑	50779	liufu
六臂三头	50778	liubisantou
六艺	50777	liuyi
六街三市	50776	liujiesanshi
六街三陌	50775	liujiesanmo
六角	50774	liujiao
六趣轮回	50773	liuqulunhui
六边形	50772	liubianxing
六通四辟	50771	liutongsipi
六通四达	50770	liutongsida
六道轮回	50769	liudaolunhui
六问三推	50768	liuwensantui
六韬三略	50767	liutaosanlve
运算符	50767	yunsuanfu
六马仰秣	50766	liumayangmo
兰州大学	50765	lanzhoudaxue
兰摧玉折	50764	lancuiyuzhe
兰桂齐芳	50763	languiqifang
兰熏桂馥	50762	lanxunguifu
兰艾同焚	50761	lanaitongfen
兰艾难分	50760	lanainanfen
兰若	50759	lanre
兰草	50758	lancao
兰质熏心	50757	lanzhixunxin
兰陵王	50756	lanlingwang
共为唇齿	50755	gongweichunchi
共事	50754	gongshi
共产主义	50753	gongchanzhuyi
共产主义社会	50752	gongchanzhuyishehui
共产主义道德	50751	gongchanzhuyidaode
共产主义青年团	50750	gongchanzhuyiqingniantuan
共产党	50749	gongchandang
共产党宣言	50748	gongchandangxuanyan
共享	50747	gongxiang
共价	50746	gongjia
共价键	50745	gongjiajian
共勉	50744	gongmian
共同	50743	gongtong
共同体	50742	gongtongti
共同富裕	50741	gongtongfuyu
共同市场	50740	gongtongshichang
共同性	50739	gongtongxing
共同犯罪	50738	gongtongfanzui
共同社	50737	gongtongshe
共同纲领	50736	gongtonggangling
共同语	50735	gongtongyu
共同语言	50734	gongtongyuyan
共和	50733	gonghe
咖啡因	50733	kafeiyin
共和党	50732	gonghedang
共和制	50731	gonghezhi
共和国	50730	gongheguo
共商国是	50729	gongshangguoshi
共处	50728	gongchu
共存	50727	gongcun
共存亡	50726	gongcunwang
共居	50725	gongju
共度	50724	gongdu
共建	50723	gongjian
共性	50722	gongxing
共总	50721	gongzong
共振	50720	gongzhen
共振器	50719	gongzhenqi
共挽鹿车	50718	gongwanluche
普京	50718	pujing
共有	50717	gongyou
共枝别干	50716	gongzhibiegan
共栖	50715	gongqi
共济	50714	gongji
共犯	50713	gongfan
共生	50712	gongsheng
共生矿	50711	gongshengkuang
共用	50710	gongyong
共相	50709	gongxiang
共管	50708	gongguan
共线	50707	gongxian
共聚	50706	gongju
共聚物	50705	gongjuwu
共荣	50704	gongrong
共计	50703	gongji
共议	50702	gongyi
共识	50701	gongshi
共话	50700	gonghua
共谋	50699	gongmou
共贯同条	50698	gongguantongtiao
共进会	50697	gongjinhui
共通	50696	gongtong
共青团	50695	gongqingtuan
共青团员	50694	gongqingtuanyuan
共餐	50693	gongcan
共鸣	50692	gongming
共鸣器	50691	gongmingqi
关上	50690	guanshang
关中	50689	guanzhong
关停并转	50688	guantingbingzhuan
关内	50687	guannei
关切	50686	guanqie
关卡	50685	guanqia
关塞	50684	guansai
关头	50683	guantou
关情脉脉	50682	guanqingmaimai
关系	50681	guanxi
关系学	50680	guanxixue
关系户	50679	guanxihu
关系网	50678	guanxiwang
关节	50677	guanjie
关节炎	50676	guanjieyan
关节点	50675	guanjiedian
关节痛	50674	guanjietong
关键期	50673	guanjianqi
关门大吉	50672	guanmendaji
关门打狗	50671	guanmendagou
关门落闩	50670	guanmenluoshuan
关门闭户	50669	guanmenbihu
兴业	50668	xingye
兴中会	50667	xingzhonghui
兴义	50666	xingyi
兴云致雨	50665	xingyunzhiyu
兴亡	50664	xingwang
兴亡祸福	50663	xingwanghuofu
兴亡继绝	50662	xingwangjijue
兴会	50661	xinghui
兴会淋漓	50660	xinghuilinli
兴修	50659	xingxiu
兴兵	50658	xingbing
兴兵动众	50657	xingbingdongzhong
兴冲冲	50656	xingchongchong
兴利除弊	50655	xinglichubi
兴办	50654	xingban
兴化	50653	xinghua
兴叹	50652	xingtan
兴味	50651	xingwei
兴味索然	50650	xingweisuoran
兴国	50649	xingguo
兴城	50648	xingcheng
兴头	50647	xingtou
兴头儿上	50646	xingtouershang
兴奋	50645	xingfen
兴奋剂	50644	xingfenji
兴如嚼蜡	50643	xingrujiaola
兴妖作乱	50642	xingyaozuoluan
兴妖作孽	50641	xingyaozuonie
兴妖作怪	50640	xingyaozuoguai
兴学	50639	xingxue
兴安	50638	xingan
兴家立业	50637	xingjialiye
兴工	50636	xinggong
兴师	50635	xingshi
兴师动众	50634	xingshidongzhong
兴师问罪	50633	xingshiwenzui
兴平	50632	xingping
兴废	50631	xingfei
兴废继绝	50630	xingfeijijue
兴建	50629	xingjian
兴微继绝	50628	xingweijijue
兴文	50627	xingwen
兴文匽武	50626	xingwenyanwu
兴旺	50625	xingwang
兴替	50624	xingti
兴灭继绝	50623	xingmiejijue
兴盛	50622	xingsheng
兴筑	50621	xingzhu
兴致	50620	xingzhi
兴致勃勃	50619	xingzhibobo
兴致淋漓	50618	xingzhilinli
兴致索然	50617	xingzhisuoran
兴衰	50616	xingshuai
兴观群怨	50615	xingguanqunyuan
兴许	50614	xingxu
兴讹造讪	50613	xingezaoshan
兴词构讼	50612	xingcigousong
兴起	50611	xingqi
兴趣	50610	xingqu
兴趣盎然	50609	xingquangran
兴邦	50608	xingbang
兴邦立国	50607	xingbangliguo
兴隆	50606	xinglong
兴革	50605	xingge
兴风作浪	50604	xingfengzuolang
兴高彩烈	50603	xinggaocailie
兴高采烈	50602	xinggaocailie
兵丁	50601	bingding
兵不厌权	50600	bingbuyanquan
兵不厌诈	50599	bingbuyanzha
兵不接刃	50598	bingbujieren
兵不污刃	50597	bingbuwuren
兵不由将	50596	bingbuyoujiang
兵不血刃	50595	bingbuxueren
兵不雪刃	50594	bingbuxueren
兵卒	50593	bingzu
兵员	50592	bingyuan
兵在其颈	50591	bingzaiqijing
兵在精而不在多	50590	bingzaijingerbuzaiduo
兵多将广	50589	bingduojiangguang
兵家	50588	bingjia
兵工厂	50587	binggongchang
兵差	50586	bingchai
兵强则灭	50585	bingqiangzemie
兵强将勇	50584	bingqiangjiangyong
兵强马壮	50583	bingqiangmazhuang
兵役制度	50582	bingyizhidu
兵微将寡	50581	bingweijianggua
兵戎相见	50580	bingrongxiangjian
兵拏祸结	50579	bingnahuojie
兵无血刃	50578	bingwuxueren
兵未血刃	50577	bingweixueren
兵种	50576	bingzhong
兵行诡道	50575	bingxingguidao
兵败如山倒	50574	bingbairushandao
兵车	50573	bingche
兵车之会	50572	bingchezhihui
兵连祸结	50571	binglianhuojie
其中	50570	qizhong
其乐不穷	50569	qilebuqiong
其乐无穷	50568	qilewuqiong
其人	50567	qiren
其他	50566	qita
其余	50565	qiyu
其先	50564	qixian
其内	50563	qinei
其势汹汹	50562	qishixiongxiong
其后	50561	qihou
其味无穷	50560	qiweiwuqiong
其它	50559	qita
其实	50558	qishi
其应如响	50557	qiyingruxiang
其应若响	50556	qiyingruoxiang
其时	50555	qishi
其次	50554	qici
其貌不扬	50553	qimaobuyang
其道亡繇	50552	qidaowangyao
其道无由	50551	qidaowuyou
其间	50550	qijian
具体	50549	juti
具体劳动	50548	jutilaodong
具体而微	50547	jutierwei
具有	50546	juyou
具结	50545	jujie
典型化	50544	dianxinghua
典妻鬻子	50543	dianqiyuzi
典当	50542	diandang
兹事体大	50541	zishitida
养分	50540	yangfen
养女	50539	yangnv
养家	50538	yangjia
养家活口	50537	yangjiahuokou
养家糊口	50536	yangjiahukou
养尊处优	50535	yangzunchuyou
养殖	50534	yangzhi
养殖场	50533	yangzhichang
养父	50532	yangfu
养父母	50531	yangfumu
养生丧死	50530	yangshengsangsi
养畜	50529	yangchu
养精畜锐	50528	yangjingxurui
养虎为患	50527	yanghuweihuan
养虺成蛇	50526	yanghuichengshe
养路工	50525	yanglugong
养音九皋	50524	yangyinjiugao
兼任	50523	jianren
兼包并容	50522	jianbaobingrong
兼包并畜	50521	jianbaobingchu
兼听则明	50520	jiantingzeming
兼官重绂	50519	jianguanzhongfu
兼容并包	50518	jianrongbingbao
兼容并蓄	50517	jianrongbingxu
兼差	50516	jianchai
兼并	50515	jianbing
兼收博采	50514	jianshoubocai
兼收并录	50513	jianshoubinglu
兼收并畜	50512	jianshoubingchu
兼收并蓄	50511	jianshoubingxu
兼收并采	50510	jianshoubingcai
兼朱重紫	50509	jianzhuzhongzi
兼程并进	50508	jianchengbingjin
兼管	50507	jianguan
兼而有之	50506	jianeryouzhi
兽聚鸟散	50505	shoujuniaosan
内中	50504	neizhong
内乡	50503	neixiang
内乱	50502	neiluan
内争	50501	neizheng
内亲	50500	neiqin
内人	50499	neiren
内传	50498	neizhuan
内伤	50497	neishang
内侄	50496	neizhi
内侄女	50495	neizhinv
内侍	50494	neishi
内侵	50493	neiqin
内修外攘	50492	neixiuwairang
内债	50491	neizhai
内倾	50490	neiqing
内兄	50489	neixiong
内关	50488	neiguan
内出血	50487	neichuxue
内分泌	50486	neifenmi
内切圆	50485	neiqieyuan
内力	50484	neili
内功	50483	neigong
内务	50482	neiwu
内助	50481	neizhu
内助之贤	50480	neizhuzhixian
内勤	50479	neiqin
内化	50478	neihua
内参	50477	neican
内向	50476	neixiang
内向型	50475	neixiangxing
内含	50474	neihan
内因	50473	neiyin
内圣外王	50472	neishengwaiwang
内在	50471	neizai
内地	50470	neidi
内外	50469	neiwai
内外交困	50468	neiwaijiaokun
内外夹攻	50467	neiwaijiagong
内奸	50466	neijian
内子	50465	neizi
内宅	50464	neizhai
内定	50463	neiding
内室	50462	neishi
内容	50461	neirong
内容提要	50460	neirongtiyao
内宾	50459	neibin
内层	50458	neiceng
内屋	50457	neiwu
内峻外和	50456	neijunwaihe
内幕	50455	neimu
内应	50454	neiying
内府	50453	neifu
内庭	50452	neiting
内廷	50451	neiting
内弟	50450	neidi
内当家	50449	neidangjia
内径	50448	neijing
内心	50447	neixin
内心世界	50446	neixinshijie
内心里	50445	neixinli
内忧	50444	neiyou
内忧外侮	50443	neiyouwaiwu
内忧外患	50442	neiyouwaihuan
内急	50441	neiji
内情	50440	neiqing
内愧	50439	neikui
内战	50438	neizhan
内掌柜	50437	neizhanggui
内控	50436	neikong
内政	50435	neizheng
内斜视	50434	neixieshi
内景	50433	neijing
内服	50432	neifu
内果皮	50431	neiguopi
内柔外刚	50430	neirouwaigang
内查外调	50429	neichawaidiao
内核	50428	neihe
内河	50427	neihe
内海	50426	neihai
内涝	50425	neilao
内涵	50424	neihan
内港	50423	neigang
内热	50422	neire
内焰	50421	neiyan
内燃机	50420	neiranji
内犯	50419	neifan
内瓤	50418	neirang
内画	50417	neihua
内疚	50416	neijiu
内痔	50415	neizhi
内省	50414	neixing
内省不疚	50413	neixingbujiu
内眷	50412	neijuan
内秀	50411	neixiu
内科	50410	neike
内紧外松	50409	neijinwaisong
内线	50408	neixian
内耗	50407	neihao
内耳	50406	neier
内聚力	50405	neijuli
内胎	50404	neitai
内脏	50403	neizang
内臣	50402	neichen
内蕴	50401	neiyun
内藏	50400	neicang
内行	50399	neihang
内衣	50398	neiyi
内装修	50397	neizhuangxiu
内视反听	50396	neishifanting
内讧	50395	neihong
内详	50394	neixiang
内贸	50393	neimao
内资	50392	neizi
内迁	50391	neiqian
内退	50390	neitui
内道	50389	neidao
内部	50388	neibu
内部矛盾	50387	neibumaodun
内里	50386	neili
内销	50385	neixiao
内阁	50384	neige
内陆	50383	neilu
内陆国	50382	neiluguo
内陆河	50381	neiluhe
内陆海	50380	neiluhai
内陆湖	50379	neiluhu
内院	50378	neiyuan
内陷	50377	neixian
内障	50376	neizhang
只读	50376	zhidu
内难	50375	neinan
内面	50374	neimian
内顾之忧	50373	neiguzhiyou
册子	50372	cezi
再一次	50371	zaiyici
再不	50370	zaibu
再不其然	50369	zaibuqiran
再不然	50368	zaiburan
再会	50367	zaihui
再作冯妇	50366	zaizuofengfu
再分	50365	zaifen
再别康桥	50364	zaibiekangqiao
再娶	50363	zaiqu
再就业	50362	zaijiuye
再度	50361	zaidu
再教育	50360	zaijiaoyu
再有	50359	zaiyou
再植	50358	zaizhi
再生父母	50357	zaishengfumu
再行	50356	zaixing
再衰三涸	50355	zaishuaisanhe
再衰三竭	50354	zaishuaisanjie
再见	50353	zaijian
再认识	50352	zairenshi
再议	50351	zaiyi
再说	50350	zaishuo
冒充	50349	maochong
冒冒失失	50348	maomaoshishi
冒功	50347	maogong
冒号	50346	maohao
冒名	50345	maoming
冒名接脚	50344	maomingjiejiao
冒名顶替	50343	maomingdingti
冒大不韪	50342	maodabuwei
冒天下之大不韪	50341	maotianxiazhidabuwei
冒失	50340	maoshi
冒失鬼	50339	maoshigui
冒头	50338	maotou
冒尖	50337	maojian
冒尖户	50336	maojianhu
冒昧	50335	maomei
冒死	50334	maosi
冒汗	50333	maohan
冒泡	50332	maopao
冒渎	50331	maodu
冒火	50330	maohuo
冒烟	50329	maoyan
冒牌	50328	maopai
冒牌货	50327	maopaihuo
冒犯	50326	maofan
冒着	50325	maozhe
冒起火苗	50324	maoqihuomiao
冒进	50323	maojin
冒险	50322	maoxian
冒险家	50321	maoxianjia
冒雨	50320	maoyu
冒顶	50319	maoding
冒顿	50318	modu
冒领	50317	maoling
冒风险	50316	maofengxian
冗员	50315	rongyuan
冗繁	50314	rongfan
冗词赘句	50313	rongcizhuiju
冗长	50312	rongchang
写信	50311	xiexin
写字台	50310	xiezitai
写字间	50309	xiezijian
写家	50308	xiejia
写景	50307	xiejing
军不血刃	50306	junbuxueren
军中无戏言	50305	junzhongwuxiyan
军乐	50304	junyue
军乐团	50303	junyuetuan
军乐队	50302	junyuedui
军事体育	50301	junshitiyu
军事基地	50300	junshijidi
军代表	50299	jundaibiao
军令	50298	junling
军令如山	50297	junlingrushan
军令状	50296	junlingzhuang
军兵种	50295	junbingzhong
军分区	50294	junfenqu
军区	50293	junqu
军史	50292	junshi
军号	50291	junhao
军品	50290	junpin
军地	50289	jundi
军大衣	50288	jundayi
军委	50287	junwei
军姿	50286	junzi
军属	50285	junshu
军工厂	50284	jungongchang
军帖	50283	juntie
军控	50282	junkong
军服	50281	junfu
军机处	50280	junjichu
军校	50279	junxiao
军法从事	50278	junfacongshi
军港	50277	jungang
军火商	50276	junhuoshang
军烈属	50275	junlieshu
军种	50274	junzhong
军管会	50273	junguanhui
军纪	50272	junji
军车	50271	junche
军转民	50270	junzhuanmin
军长	50269	junzhang
军风	50268	junfeng
农业化	50267	nongyehua
农业社	50266	nongyeshe
农会	50265	nonghui
农副业	50264	nongfuye
农副产品	50263	nongfuchanpin
农场	50262	nongchang
农夫	50261	nongfu
农家	50260	nongjia
农家肥	50259	nongjiafei
农工商	50258	nonggongshang
农机具	50257	nongjiju
农机站	50256	nongjizhan
农林牧副渔	50255	nonglinmufuyu
农校	50254	nongxiao
农民协会	50253	nongminxiehui
农民战争	50252	nongminzhanzheng
农活儿	50251	nonghuoer
农畜	50250	nongchu
农舍	50249	nongshe
农艺师	50248	nongyishi
农行	50247	nonghang
农贸市场	50246	nongmaoshichang
农转非	50245	nongzhuanfei
农轻重	50244	nongqingzhong
冠上加冠	50243	guanshangjiaguan
冠上履下	50242	guanshanglvxia
冠冕	50241	guanmian
冠冕堂皇	50240	guanmiantanghuang
冠军	50239	guanjun
冠名	50238	guanming
冠子	50237	guanzi
冠履倒易	50236	guanlvdaoyi
冠履倒置	50235	guanlvdaozhi
冠屦倒施	50234	guanjudaoshi
冠山戴粒	50233	guanshandaili
冠心病	50232	guanxinbing
冠状动脉	50231	guanzhuangdongmai
冠状动脉硬化	50230	guanzhuangdongmaiyinghua
冠状动脉血栓形成	50229	guanzhuangdongmaixueshuanxingcheng
冠状动脉阻塞	50228	guanzhuangdongmaizuse
冠状静脉	50227	guanzhuangjingmai
冠玉	50226	guanyu
冠盖	50225	guangai
冠盖云集	50224	guangaiyunji
冠盖如云	50223	guangairuyun
冠盖相属	50222	guangaixiangzhu
冠盖相望	50221	guangaixiangwang
冠礼	50220	guanli
冠绝一时	50219	guanjueyishi
冠袍带履	50218	guanpaodailv
冢中枯骨	50217	zhongzhongkugu
冤仇	50216	yuanchou
冤假错案	50215	yuanjiacuoan
冤冤相报	50214	yuanyuanxiangbao
冤大头	50213	yuandatou
冤天屈地	50212	yuantianqudi
冤头	50211	yuantou
冤家	50210	yuanjia
冤家对头	50209	yuanjiaduitou
冤家路狭	50208	yuanjialuxia
冤家路窄	50207	yuanjialuzhai
冤沉海底	50206	yuanchenhaidi
冥思	50205	mingsi
冥思苦想	50204	mingsikuxiang
冥思苦索	50203	mingsikusuo
冥昭瞢闇	50202	mingzhaomengan
冥漠之都	50201	mingmozhidou
冥王星	50200	mingwangxing
冥行擿埴	50199	mingxingzhizhi
冥行盲索	50198	mingxingmangsuo
冥顽不化	50197	mingwanbuhua
冥顽不灵	50196	mingwanbuling
冬不拉	50195	dongbula
冬令	50194	dongling
冬令营	50193	donglingying
冬扇夏炉	50192	dongshanxialu
冬日可爱	50191	dongrikeai
冬烘头脑	50190	donghongtounao
冬种	50189	dongzhong
冬练	50188	donglian
冬节	50187	dongjie
冬藏	50186	dongcang
冬裘夏葛	50185	dongqiuxiage
冬贮	50184	dongzhu
冯唐头白	50183	fengtangtoubai
冯唐已老	50182	fengtangyilao
冯唐易老	50181	fengtangyilao
冯唐白首	50180	fengtangbaishou
冯河	50179	pinghe
冯河暴虎	50178	fenghebaohu
冯生弹铗	50177	fengshengdanjia
冯驩弹铗	50176	fenghuandanjia
冰上运动	50175	bingshangyundong
冰凉	50174	bingliang
冰场	50173	bingchang
冰坨	50172	bingtuo
冰天雪地	50171	bingtianxuedi
冰山易倒	50170	bingshanyidao
冰山难靠	50169	bingshannankao
冰川期	50168	bingchuanqi
冰心一片	50167	bingxinyipian
冰排	50166	bingpai
冰散瓦解	50165	bingsanwajie
冰斗	50164	bingdou
冰期	50163	bingqi
冰棍	50162	binggun
冰棍儿	50161	bingguner
冰河期	50160	bingheqi
冰消云散	50159	bingxiaoyunsan
冰消冻解	50158	bingxiaodongjie
冰消瓦解	50157	bingxiaowajie
冰消雾散	50156	bingxiaowusan
冰淇淋	50155	bingqilin
冰溜	50154	bingliu
冰炭不同器	50153	bingtanbutongqi
冰炭不同炉	50152	bingtanbutonglu
冰炭不投	50151	bingtanbutou
冰片	50150	bingpian
冰碴儿	50149	bingchaer
冰肌玉骨	50148	bingjiyugu
冰解云散	50147	bingjieyunsan
冰解冻释	50146	bingjiedongshi
冰解壤分	50145	bingjierangfen
冰解的破	50144	bingjiedipo
冰车	50143	bingche
冰道	50142	bingdao
冰销叶散	50141	bingxiaoyesan
冰销雾散	50140	bingxiaowusan
冰雪节	50139	bingxuejie
冲云破雾	50138	chongyunpowu
冲克	50137	chongke
冲冠发怒	50136	chongguanfanu
冲冠怒发	50135	chongguannufa
冲冠眦裂	50134	chongguanzilie
冲冲	50133	chongchong
冲决	50132	chongjue
冲凉	50131	chongliang
冲击	50130	chongji
冲击波	50129	chongjibo
冲刷	50128	chongshua
劲风	50128	jinfeng
冲刺	50127	chongci
冲剂	50126	chongji
冲力	50125	chongli
冲动	50124	chongdong
冲劲	50123	chongjin
冲劲儿	50122	chongjiner
冲压	50121	chongya
冲口	50120	chongkou
冲口而出	50119	chongkouerchu
冲喜	50118	chongxi
冲坚毁锐	50117	chongjianhuirui
冲塌	50116	chongta
冲天	50115	chongtian
冲天炮	50114	chongtianpao
冲子	50113	chongzi
冲孔	50112	chongkong
冲州撞府	50111	chongzhouzhuangfu
冲州过府	50110	chongzhouguofu
冲帐	50109	chongzhang
冲床	50108	chongchuang
冲扩	50107	chongkuo
冲抵	50106	chongdi
冲撞	50105	chongzhuang
冲散	50104	chongsan
冲昏头脑	50103	chonghuntounao
冲服	50102	chongfu
冲杀	50101	chongsha
冲模	50100	chongmu
冲毁	50099	chonghui
冲水	50098	chongshui
冲洗	50097	chongxi
冲浪	50096	chonglang
冲浪板	50095	chonglangban
冲淡	50094	chongdan
冲激	50093	chongji
冲犯	50092	chongfan
冲盹儿	50091	chongduner
冲破	50090	chongpo
冲积	50089	chongji
冲突	50088	chongtu
冲脉	50087	chongmai
冲腾	50086	chongteng
冲要	50085	chongyao
冲账	50084	chongzhang
冲量	50083	chongliang
冲销	50082	chongxiao
冲锋	50081	chongfeng
冲锋号	50080	chongfenghao
冲锋枪	50079	chongfengqiang
冲锋队	50078	chongfengdui
冲锋陷坚	50077	chongfengxianjian
冲锋陷锐	50076	chongfengxianrui
冲锋陷阵	50075	chongfengxianzhen
冲阳	50074	chongyang
冲顶	50073	chongding
冲风冒雨	50072	chongfengmaoyu
冲风破浪	50071	chongfengpolang
决不	50070	juebu
决不待时	50069	juebudaishi
决别	50068	juebie
决定权	50067	juedingquan
决定论	50066	juedinglun
决斗	50065	juedou
决疣溃痈	50064	jueyoukuiyong
决裂	50063	juelie
决非	50062	juefei
况且	50061	kuangqie
冶叶倡条	50060	yeyechangtiao
错误信息	50059	cuowuxinxi
冷不丁	50059	lengbuding
冷不防	50058	lengbufang
冷凝器	50057	lengningqi
冷嘲	50056	lengchao
冷嘲热讽	50055	lengchaorefeng
冷嘲热骂	50054	lengchaorema
冷场	50053	lengchang
冷处理	50052	lengchuli
冷暖自知	50051	lengnuanzizhi
冷杉	50050	lengshan
冷柜	50049	lenggui
冷水浇头	50048	lengshuijiaotou
冷水浇背	50047	lengshuijiaobei
冷水澡	50046	lengshuizao
冷汗	50045	lenghan
冷眼旁观	50044	lengyanpangguan
冷眼相待	50043	lengyanxiangdai
冷眼静看	50042	lengyanjingkan
冷色	50041	lengse
冷若冰霜	50040	lengruobingshuang
冷落	50039	lengluo
冷藏	50038	lengcang
冷藏室	50037	lengcangshi
冷藏库	50036	lengcangku
冷血	50035	lengxue
冷血动物	50034	lengxuedongwu
冷言冷语	50033	lengyanlengyu
冷言热语	50032	lengyanreyu
冷语	50031	lengyu
冷语冰人	50030	lengyubingren
冷颤	50029	lengzhan
冷风	50028	lengfeng
冷食	50027	lengshi
冻儿	50026	donger
冻结	50025	dongjie
冻裂	50024	donglie
冻解冰释	50023	dongjiebingshi
冻雨	50022	dongyu
净产值	50021	jingchanzhi
净价	50020	jingjia
净余	50019	jingyu
净利	50018	jingli
净化	50017	jinghua
净口	50016	jingkou
净土	50015	jingtu
净增	50014	jingzeng
净室	50013	jingshi
净尽	50012	jingjin
净得	50011	jingde
净心	50010	jingxin
净手	50009	jingshou
净是	50008	jingshi
净桶	50007	jingtong
净水	50006	jingshui
净空	50005	jingkong
净胜	50004	jingsheng
净菜	50003	jingcai
净赚	50002	jingzhuan
净身	50001	jingshen
安全	50000	anquan
北京	50000	beijing
标准	50000	biaozhun
部署	50000	bushu
餐厅	50000	canting
操作系统	50000	caozuoxitong
测试	50000	ceshi
茶	50000	cha
产品	50000	chanpin
程序	50000	chengxu
处理	50000	chuli
春节	50000	chunjie
春天	50000	chuntian
登录	50000	denglu
电脑	50000	diannao
地理	50000	dili
订单	50000	dingdan
冬天	50000	dongtian
法律	50000	falv
方法	50000	fangfa
方式	50000	fangshi
发展	50000	fazhan
粉丝	50000	fensi
分析	50000	fenxi
分享	50000	fenxiang
分钟	50000	fenzhong
父母	50000	fumu
服务器	50000	fuwuqi
公司	50000	gongsi
工作	50000	gongzuo
管理	50000	guanli
关注	50000	guanzhu
规则	50000	guize
过程	50000	guocheng
国家	50000	guojia
国庆	50000	guoqing
孩子	50000	haizi
行业	50000	hangye
豪	50000	hao
号	50000	hao
环境	50000	huanjing
化学	50000	huaxue
健康	50000	jiankang
交通	50000	jiaotong
教育	50000	jiaoyu
家人	50000	jiaren
结果	50000	jieguo
节日	50000	jieri
计划	50000	jihua
经济	50000	jingji
净重	50000	jingzhong
今天	50000	jintian
机器学习	50000	jiqixuexi
技术	50000	jishu
酒店	50000	jiudian
咖啡	50000	kafei
开发	50000	kaifa
客户	50000	kehu
科学	50000	kexue
老师	50000	laoshi
凌晨	50000	lingchen
领导	50000	lingdao
历史	50000	lishi
浏览器	50000	liulanqi
礼物	50000	liwu
旅游	50000	lvyou
美食	50000	meishi
秒钟	50000	miaozhong
密码	50000	mima
明天	50000	mingtian
目标	50000	mubiao
能源	50000	nengyuan
尼	50000	ni
泥	50000	ni
年份	50000	nianfen
你好啊	50000	nihaoa
你好吗	50000	nihaoma
朋友	50000	pengyou
评论	50000	pinglun
情况	50000	qingkuang
晴天	50000	qingtian
秋天	50000	qiutian
企业	50000	qiye
人工智能	50000	rengongzhineng
人民	50000	renmin
日期	50000	riqi
软件	50000	ruanjian
商品	50000	shangpin
社会	50000	shehui
设计	50000	sheji
深度学习	50000	shenduxuexi
生活	50000	shenghuo
生日	50000	shengri
市场	50000	shichang
时间	50000	shijian
世界	50000	shijie
视频	50000	shipin
收藏	50000	shoucang
手机	50000	shouji
蔬菜	50000	shucai
水果	50000	shuiguo
数据库	50000	shujuku
输入	50000	shuru
输入法	50000	shurufa
数学	50000	shuxue
天气	50000	tianqi
条件	50000	tiaojian
同事	50000	tongshi
同学	50000	tongxue
团队	50000	tuandui
网络	50000	wangluo
晚上	50000	wanshang
维护	50000	weihu
温度	50000	wendu
文化	50000	wenhua
问题	50000	wenti
文学	50000	wenxue
我们	50000	women
物理	50000	wuli
项目	50000	xiangmu
小时	50000	xiaoshi
夏天	50000	xiatian
谢谢	50000	xiexie
性能	50000	xingneng
星期	50000	xingqi
系统	50000	xitong
学生	50000	xuesheng
学习	50000	xuexi
要求	50000	yaoqiu
硬件	50000	yingjian
隐私	50000	yinsi
音乐	50000	yinyue
一人	50000	yiren
艺术	50000	yishu
用户	50000	yonghu
优惠	50000	youhui
游戏	50000	youxi
元旦	50000	yuandan
原因	50000	yuanyin
月份	50000	yuefen
运动	50000	yundong
早上	50000	zaoshang
账户	50000	zhanghu
政策	50000	zhengce
政府	50000	zhengfu
哲学	50000	zhexue
支付	50000	zhifu
中秋	50000	zhongqiu
中午	50000	zhongwu
周末	50000	zhoumo
注册	50000	zhuce
自然语言	50000	ziranyuyan
组织	50000	zuzhi
净高	49999	jinggao
凄凉	49998	qiliang
凄切	49997	qiqie
凄风冷雨	49996	qifenglengyu
凄风寒雨	49995	qifenghanyu
凄风楚雨	49994	qifengchuyu
凄风苦雨	49993	qifengkuyu
准予	49992	zhunyu
准信	49991	zhunxin
准信儿	49990	zhunxiner
准假	49989	zhunjia
准噶尔盆地	49988	zhungaerpendi
准头	49987	zhuntou
准将	49986	zhunjiang
准尉	49985	zhunwei
准据	49984	zhunju
准数	49983	zhunshu
准是	49982	zhunshi
准许	49981	zhunxu
准高速	49980	zhungaosu
凉一凉	49979	liangyiliang
凉丝丝	49978	liangsisi
凉了半截	49977	lianglebanjie
凉亭	49976	liangting
凉冰冰	49975	liangbingbing
凉台	49974	liangtai
凉席	49973	liangxi
凉帽	49972	liangmao
凉快	49971	liangkuai
凉意	49970	liangyi
凉拌	49969	liangban
凉棚	49968	liangpeng
凉气	49967	liangqi
凉水	49966	liangshui
凉爽	49965	liangshuang
凉白开	49964	liangbaikai
凉粉	49963	liangfen
凉药	49962	liangyao
凉菜	49961	liangcai
凉面	49960	liangmian
凉鞋	49959	liangxie
凉风	49958	liangfeng
凉飕飕	49957	liangsousou
凋落	49956	diaoluo
凌上虐下	49955	lingshangnvexia
凌云壮志	49954	lingyunzhuangzhi
凌弱暴寡	49953	lingruobaogua
凌空	49952	lingkong
减亏	49951	jiankui
减亏增盈	49950	jiankuizengying
减价	49949	jianjia
减压阀	49948	jianyafa
减征	49947	jianzheng
减收	49946	jianshou
减数	49945	jianshu
减省	49944	jiansheng
凑乎	49943	couhu
凑份子	49942	coufenzi
凑数	49941	coushu
凑趣	49940	couqu
凛若冰霜	49939	linruobingshuang
凛若秋霜	49938	linruoqiushuang
凝华	49937	ninghua
凝合	49936	ninghe
凝思	49935	ningsi
凝瞩不转	49934	ningzhubuzhuan
凝结	49933	ningjie
凝血酶	49932	ningxuemei
凝重	49931	ningzhong
几不欲生	49930	jibuyusheng
几个	49929	jige
几乎	49928	jihu
几乎不	49927	jihubu
几何	49926	jihe
几何学	49925	jihexue
几儿	49924	jier
几分	49923	jifen
几十年如一日	49922	jishinianruyiri
几只	49921	jizhi
几多	49920	jiduo
几希	49919	jixi
几度	49918	jidu
几微	49917	jiwei
几时	49916	jishi
几曾	49915	jizeng
几样	49914	jiyang
几案	49913	jian
几次三番	49912	jicisanfan
几率	49911	jilv
几经	49910	jijing
几至	49909	jizhi
几许	49908	jixu
几起几落	49907	jiqijiluo
凡夫	49906	fanfu
凡夫俗子	49905	fanfusuzi
凡夫肉眼	49904	fanfurouyan
凡尔丁	49903	fanerding
凡才浅识	49902	fancaiqianshi
凡胎浊体	49901	fantaizhuoti
凡胎浊骨	49900	fantaizhuogu
凡间	49899	fanjian
凤冠	49898	fengguan
凤冠霞帔	49897	fengguanxiapei
凤协鸾和	49896	fengxieluanhe
凤只鸾孤	49895	fengzhiluangu
凤台	49894	fengtai
凤子龙孙	49893	fengzilongsun
凤尾	49892	fengwei
凤尾竹	49891	fengweizhu
凤尾草	49890	fengweicao
凤尾鱼	49889	fengweiyu
凤枭同巢	49888	fengxiaotongchao
凤楼龙阙	49887	fengloulongque
凤毛济美	49886	fengmaojimei
凤毛麟角	49885	fengmaolinjiao
凤泊鸾漂	49884	fengboluanpiao
凤泊鸾飘	49883	fengboluanpiao
凤爪	49882	fengzhao
凤采鸾章	49881	fengcailuanzhang
凤靡鸾吪	49880	fengmiluane
凤食鸾栖	49879	fengshiluanqi
凤骨龙姿	49878	fenggulongzi
凤鸣朝阳	49877	fengmingzhaoyang
凫短鹤长	49876	fuduanhechang
凫趋雀跃	49875	fuququeyue
凫鹤从方	49874	fuhecongfang
凭一己之力	49873	pingyijizhili
凭信	49872	pingxin
凭几之诏	49871	pingjizhizhao
凭几据杖	49870	pingjijuzhang
凭单	49869	pingdan
凭据	49868	pingju
凭空	49867	pingkong
凭空捏造	49866	pingkongniezao
凭藉	49865	pingjie
凭轼旁观	49864	pingshipangguan
凭轼结辙	49863	pingshijiezhe
凯旋	49862	kaixuan
凯旋门	49861	kaixuanmen
凳子	49860	dengzi
凶信	49859	xiongxin
凶喘肤汗	49858	xiongchuanfuhan
凶多吉少	49857	xiongduojishao
凶恶	49856	xionge
凶暴	49855	xiongbao
凶案	49854	xiongan
凶横	49853	xiongheng
凶煞	49852	xiongsha
凶相	49851	xiongxiang
凶相毕露	49850	xiongxiangbilu
凶神恶煞	49849	xiongshenesha
凸凹	49848	tuao
凸版印刷	49847	tubanyinshua
凹凸	49846	aotu
凹度	49845	aodu
凹洞	49844	aodong
凹洼	49843	aowa
凹版	49842	aoban
凹版印刷	49841	aobanyinshua
凹透镜	49840	aotoujing
凹镜	49839	aojing
凹陷	49838	aoxian
凹面	49837	aomian
凹面镜	49836	aomianjing
出一头地	49835	chuyitoudi
出丧	49834	chusang
出乖弄丑	49833	chuguainongchou
出乖露丑	49832	chuguailouchou
出乘	49831	chucheng
出云入泥	49830	chuyunruni
出亡	49829	chuwang
出人头地	49828	churentoudi
出价	49827	chujia
出任	49826	churen
出份子	49825	chufenzi
出何典记	49824	chuhedianji
出何经典	49823	chuhejingdian
出入境	49822	churujing
出入将相	49821	churujiangxiang
出入无间	49820	churuwujian
出入证	49819	churuzheng
出其不备	49818	chuqibubei
出其不意	49817	chuqibuyi
出其不虞	49816	chuqibuyu
出内之吝	49815	chuneizhilin
出勤率	49814	chuqinlv
出厂	49813	chuchang
出厂价格	49812	chuchangjiage
出发	49811	chufa
出发点	49810	chufadian
出口加工区	49809	chukoujiagongqu
出台	49808	chutai
出圃	49807	chupu
出圈	49806	chuquan
出圈儿	49805	chuquaner
出场	49804	chuchang
出塞	49803	chusai
出处	49802	chuchu
出处殊涂	49801	chuchushutu
出处殊途	49800	chuchushutu
出处语默	49799	chuchuyumo
出处进退	49798	chuchujintui
出头	49797	chutou
出头之日	49796	chutouzhiri
出头露面	49795	chutouloumian
出奇	49794	chuqi
出奇不穷	49793	chuqibuqiong
出奇划策	49792	chuqihuace
出奇制胜	49791	chuqizhisheng
出奇取胜	49790	chuqiqusheng
出奇无穷	49789	chuqiwuqiong
出奇致胜	49788	chuqizhisheng
出奔	49787	chuben
出家	49786	chujia
出家人	49785	chujiaren
出将入相	49784	chujiangruxiang
出尘不染	49783	chuchenburan
出展	49782	chuzhan
出岔子	49781	chuchazi
出差	49780	chuchai
出差错	49779	chuchacuo
出师不利	49778	chushibuli
出师有名	49777	chushiyouming
出手得卢	49776	chushoudelu
出掌	49775	chuzhang
出摊儿	49774	chutaner
出敌不意	49773	chudibuyi
出有入无	49772	chuyouruwu
出栏	49771	chulan
出栏率	49770	chulanlv
出榜	49769	chubang
出死断亡	49768	chusiduanwang
出汗	49767	chuhan
出污泥而不染	49766	chuwunierburan
出没	49765	chumo
出没不常	49764	chumobuchang
出没无常	49763	chumowuchang
出洋相	49762	chuyangxiang
出活儿	49761	chuhuoer
出浅入深	49760	chuqianrushen
出淤泥而不染	49759	chuyunierburan
出港	49758	chugang
出溜	49757	chuliu
出生率	49756	chushenglv
出神入化	49755	chushenruhua
出租汽车	49754	chuzuqiche
出笼	49753	chulong
出落	49752	chula
出血	49751	chuxie
出行	49750	chuxing
出言不逊	49749	chuyanbuxun
出言吐气	49748	chuyantuqi
出言吐词	49747	chuyantuci
出言吐语	49746	chuyantuyu
出言有章	49745	chuyanyouzhang
出词吐气	49744	chucituqi
出语成章	49743	chuyuchengzhang
出谋划策	49742	chumouhuace
出车	49741	chuche
出远门	49740	chuyuanmen
出门合辙	49739	chumenhezhe
出门应辙	49738	chumenyingzhe
出风头	49737	chufengtou
击中	49736	jizhong
击中要害	49735	jizhongyaohai
击其不意	49734	jiqibuyi
击发	49733	jifa
击打	49732	jida
击排冒没	49731	jipaimaomo
击搏挽裂	49730	jibowanlie
击楫中流	49729	jijizhongliu
击毂摩肩	49728	jigumojian
击溃	49727	jikui
击电奔星	49726	jidianbenxing
击石弹丝	49725	jishitansi
击筑悲歌	49724	jizhubeige
击节	49723	jijie
击节叹赏	49722	jijietanshang
击节称赏	49721	jijiechengshang
击落	49720	jiluo
击钟鼎食	49719	jizhongdingshi
函大	49718	handa
函授大学	49717	hanshoudaxue
函授学校	49716	hanshouxuexiao
函授班	49715	hanshouban
函数	49714	hanshu
函盖乾坤	49713	hangaiqiankun
函盖充周	49712	hangaichongzhou
函矢相攻	49711	hanshixianggong
凿凿可据	49710	zaozaokeju
凿凿有据	49709	zaozaoyouju
凿坏以遁	49708	zaopiyidun
凿坏而遁	49707	zaopierdun
凿空之论	49706	zaokongzhilun
凿空取办	49705	zaokongquban
凿空投隙	49704	zaokongtouxi
凿饮耕食	49703	zaoyingengshi
凿骨捣髓	49702	zaogudaosui
凿龟数策	49701	zaoguishuce
刀光血影	49700	daoguangxueying
刀刀见血	49699	daodaojianxie
刀削	49698	daoxiao
刀削面	49697	daoxiaomian
刀叉	49696	daocha
刀头	49695	daotou
刀头剑首	49694	daotoujianshou
刀头燕尾	49693	daotouyanwei
刀头舔蜜	49692	daotoutianmi
刀把	49691	daoba
刀把儿	49690	daobaer
刀把子	49689	daobazi
刀枪不入	49688	daoqiangburu
刀架	49687	daojia
刀片	49686	daopian
刀耕火种	49685	daogenghuozhong
刀背	49684	daobei
刀过竹解	49683	daoguozhujie
刀鞘	49682	daoqiao
刁天决地	49681	diaotianjuedi
刁斗森严	49680	diaodousenyan
刁横	49679	diaoheng
刁钻	49678	diaozuan
刁钻促搯	49677	diaozuancutao
刁钻促狭	49676	diaozuancuxia
刁钻刻薄	49675	diaozuankebo
刁钻古怪	49674	diaozuanguguai
刁难	49673	diaonan
刃迎缕解	49672	renyinglvjie
分三别两	49671	fensanbieliang
分丝析缕	49670	fensixilv
分为	49669	fenwei
分会	49667	fenhui
分体	49666	fenti
分值	49665	fenzhi
分光	49664	fenguang
分兵	49663	fenbing
分内	49662	fennei
分内之事	49661	fenneizhishi
分册	49660	fence
分分	49659	fenfen
分列	49658	fenlie
分列式	49657	fenlieshi
分利	49656	fenli
分别	49655	fenbie
分别部居	49654	fenbiebuju
分别门户	49653	fenbiemenhu
分割	49652	fenge
分力	49651	fenli
分劳赴功	49650	fenlaofugong
分化	49649	fenhua
分化瓦解	49648	fenhuawajie
分区	49647	fenqu
分厂	49646	fenchang
分厘	49645	fenli
救护车	49645	jiuhuche
分厘毫丝	49644	fenlihaosi
分叉	49643	fencha
分发	49642	fenfa
分号	49641	fenhao
分合	49640	fenhe
分地	49639	fendi
分外	49638	fenwai
分外妖娆	49637	fenwaiyaorao
分头	49636	fentou
分娩	49635	fenmian
分子	49634	fenzi
分子力	49633	fenzili
分子和分母	49632	fenzihefenmu
分子式	49631	fenzishi
毛毛虫	49631	maomaochong
分子晶体	49630	fenzijingti
分子晶體	49629	fenzijingti
分子物理学	49628	fenziwulixue
分子生物学	49627	fenzishengwuxue
分子生物學	49626	fenzishengwuxue
分子筛	49625	fenzishai
分子結構	49624	fenzijiegou
分子结构	49623	fenzijiegou
分子运动论	49622	fenziyundonglun
分子量	49621	fenziliang
分子钟	49620	fenzizhong